kind,eiin,year,field,old_value,new_value
ssc,108019,2011,science_avg_gpa,3.99,3.92
ssc,108019,2011,nonscience_examinee_total,75,98
ssc,108019,2011,nonscience_examinee_passed,71,92
ssc,108019,2011,nonscience_avg_gpa,3.85,3.77
ssc,108019,2020,nonscience_examinee_total,50,99
ssc,108019,2020,nonscience_examinee_passed,49,92
ssc,108023,2011,science_examinee_total,,55
ssc,108023,2011,science_examinee_passed,,51
ssc,108023,2011,nonscience_examinee_total,,88
ssc,108023,2011,nonscience_examinee_passed,,74
ssc,108023,2012,nonscience_examinee_total,,125
ssc,108023,2012,nonscience_examinee_passed,,105
ssc,108023,2012,nonscience_avg_gpa,2.73,2.69
ssc,108023,2013,nonscience_examinee_total,,133
ssc,108023,2013,nonscience_examinee_passed,,106
ssc,108023,2013,nonscience_avg_gpa,2.51,2.49
ssc,108023,2014,nonscience_examinee_total,107,122
ssc,108023,2014,nonscience_examinee_passed,97,110
ssc,108023,2015,nonscience_examinee_total,,79
ssc,108023,2015,nonscience_examinee_passed,,42
ssc,108023,2015,nonscience_avg_gpa,1.63,1.61
ssc,108023,2016,nonscience_examinee_total,102,108
ssc,108023,2016,nonscience_examinee_passed,81,85
ssc,108023,2016,nonscience_avg_gpa,2.63,2.61
ssc,108023,2017,nonscience_examinee_total,,88
ssc,108023,2017,nonscience_examinee_passed,,78
ssc,108023,2018,nonscience_examinee_total,,81
ssc,108023,2018,nonscience_examinee_passed,,36
ssc,108023,2018,nonscience_avg_gpa,1.46,1.43
ssc,108023,2019,nonscience_examinee_total,,103
ssc,108023,2019,nonscience_examinee_passed,,56
ssc,108023,2020,nonscience_examinee_total,,123
ssc,108023,2020,nonscience_examinee_passed,,112
ssc,108023,2021,nonscience_examinee_total,,151
ssc,108023,2021,nonscience_examinee_passed,,126
ssc,108023,2021,nonscience_avg_gpa,2.54,2.51
ssc,108023,2022,nonscience_examinee_total,,147
ssc,108023,2022,nonscience_examinee_passed,,113
ssc,108023,2022,nonscience_avg_gpa,2.52,2.5
ssc,108023,2023,science_avg_gpa,3.43,3.37
ssc,108023,2023,nonscience_examinee_total,,90
ssc,108023,2023,nonscience_examinee_passed,,51
ssc,108023,2024,science_examinee_total,,53
ssc,108023,2024,science_examinee_passed,,50
ssc,108023,2024,nonscience_examinee_total,,83
ssc,108023,2024,nonscience_examinee_passed,,49
ssc,108023,2025,nonscience_examinee_total,,64
ssc,108023,2025,nonscience_examinee_passed,,28
ssc,108023,2026,science_examinee_total,,40
ssc,108023,2026,science_examinee_passed,,38
ssc,108023,2026,nonscience_examinee_total,,58
ssc,108023,2026,nonscience_examinee_passed,,42
ssc,108026,2011,science_examinee_total,,12
ssc,108026,2011,science_examinee_passed,,11
ssc,108026,2011,nonscience_examinee_total,,34
ssc,108026,2011,nonscience_examinee_passed,,21
ssc,108026,2012,science_examinee_total,,13
ssc,108026,2012,science_examinee_passed,,11
ssc,108026,2012,nonscience_examinee_total,,30
ssc,108026,2012,nonscience_examinee_passed,,24
ssc,108026,2013,science_examinee_total,,8
ssc,108026,2013,science_examinee_passed,,8
ssc,108026,2013,nonscience_examinee_total,,27
ssc,108026,2013,nonscience_examinee_passed,,20
ssc,108026,2014,science_examinee_total,,8
ssc,108026,2014,science_examinee_passed,,8
ssc,108026,2014,nonscience_examinee_total,,27
ssc,108026,2014,nonscience_examinee_passed,,22
ssc,108026,2015,science_examinee_total,,5
ssc,108026,2015,science_examinee_passed,,5
ssc,108026,2015,nonscience_examinee_total,,15
ssc,108026,2015,nonscience_examinee_passed,,14
ssc,108026,2016,nonscience_examinee_total,,21
ssc,108026,2016,nonscience_examinee_passed,,16
ssc,108026,2017,nonscience_examinee_total,,28
ssc,108026,2017,nonscience_examinee_passed,,25
ssc,108026,2018,nonscience_examinee_total,,22
ssc,108026,2018,nonscience_examinee_passed,,19
ssc,108026,2019,science_examinee_total,,21
ssc,108026,2019,science_examinee_passed,,20
ssc,108026,2019,nonscience_examinee_total,,16
ssc,108026,2019,nonscience_examinee_passed,,15
ssc,108026,2020,science_examinee_total,,23
ssc,108026,2020,science_examinee_passed,,19
ssc,108026,2020,nonscience_examinee_total,,28
ssc,108026,2020,nonscience_examinee_passed,,18
ssc,108026,2021,science_examinee_total,,15
ssc,108026,2021,science_examinee_passed,,14
ssc,108026,2021,science_avg_gpa,3.76,3.51
ssc,108026,2021,nonscience_examinee_total,,36
ssc,108026,2021,nonscience_examinee_passed,,34
ssc,108026,2022,science_examinee_total,,16
ssc,108026,2022,science_examinee_passed,,16
ssc,108026,2022,nonscience_examinee_total,,27
ssc,108026,2022,nonscience_examinee_passed,,25
ssc,108026,2023,nonscience_examinee_total,,27
ssc,108026,2023,nonscience_examinee_passed,,23
ssc,108026,2024,nonscience_examinee_total,,14
ssc,108026,2024,nonscience_examinee_passed,,14
ssc,108026,2025,science_examinee_total,,10
ssc,108026,2025,science_examinee_passed,,10
ssc,108026,2025,nonscience_examinee_total,,12
ssc,108026,2025,nonscience_examinee_passed,,8
ssc,108026,2026,science_examinee_total,,11
ssc,108026,2026,science_examinee_passed,,6
ssc,108026,2026,nonscience_examinee_total,,17
ssc,108026,2026,nonscience_examinee_passed,,13
ssc,108543,2011,nonscience_avg_gpa,3.64,3.61
ssc,108543,2012,nonscience_avg_gpa,4,3.98
ssc,108543,2013,nonscience_examinee_total,176,190
ssc,108543,2013,nonscience_examinee_passed,157,168
ssc,108543,2013,nonscience_avg_gpa,3.39,3.33
ssc,108543,2014,science_avg_gpa,4.38,4.35
ssc,108543,2014,nonscience_examinee_total,212,234
ssc,108543,2014,nonscience_examinee_passed,211,233
ssc,108543,2015,nonscience_examinee_total,156,166
ssc,108543,2015,nonscience_examinee_passed,143,151
ssc,108543,2016,nonscience_examinee_total,171,183
ssc,108543,2016,nonscience_examinee_passed,166,178
ssc,108543,2017,nonscience_examinee_total,159,177
ssc,108543,2017,nonscience_examinee_passed,147,163
ssc,108543,2018,nonscience_examinee_total,143,166
ssc,108543,2018,nonscience_examinee_passed,112,129
ssc,108543,2018,nonscience_avg_gpa,2.98,2.96
ssc,108543,2019,nonscience_examinee_total,112,126
ssc,108543,2019,nonscience_examinee_passed,86,97
ssc,108543,2019,nonscience_avg_gpa,2.8,2.77
ssc,108543,2021,nonscience_avg_gpa,3.63,3.58
ssc,108543,2022,nonscience_examinee_total,123,149
ssc,108543,2022,nonscience_examinee_passed,118,140
ssc,108543,2024,science_avg_gpa,4.88,4.84
ssc,108543,2025,nonscience_examinee_total,74,90
ssc,108543,2025,nonscience_examinee_passed,74,88
ssc,108543,2026,science_avg_gpa,4.85,4.8
ssc,108543,2026,nonscience_examinee_total,45,70
ssc,108543,2026,nonscience_examinee_passed,45,70
ssc,135273,2015,nonscience_examinee_total,,7
ssc,135273,2015,nonscience_examinee_passed,,7
ssc,135273,2016,nonscience_examinee_total,,9
ssc,135273,2016,nonscience_examinee_passed,,9
ssc,135273,2017,nonscience_examinee_total,,20
ssc,135273,2017,nonscience_examinee_passed,,20
ssc,135273,2018,nonscience_examinee_total,,14
ssc,135273,2018,nonscience_examinee_passed,,14
ssc,135273,2019,nonscience_examinee_total,,24
ssc,135273,2019,nonscience_examinee_passed,,24
ssc,135273,2020,nonscience_examinee_total,,20
ssc,135273,2020,nonscience_examinee_passed,,20
ssc,135273,2021,nonscience_examinee_total,,28
ssc,135273,2021,nonscience_examinee_passed,,28
ssc,135273,2022,nonscience_examinee_total,,30
ssc,135273,2022,nonscience_examinee_passed,,30
ssc,135273,2023,nonscience_examinee_total,,35
ssc,135273,2023,nonscience_examinee_passed,,35
ssc,135273,2024,nonscience_examinee_total,,37
ssc,135273,2024,nonscience_examinee_passed,,37
ssc,135273,2025,nonscience_examinee_total,,39
ssc,135273,2025,nonscience_examinee_passed,,39
ssc,135273,2026,nonscience_examinee_total,,31
ssc,135273,2026,nonscience_examinee_passed,,31
ssc,108171,2012,nonscience_examinee_total,57,63
ssc,108171,2012,nonscience_examinee_passed,55,59
ssc,108171,2013,nonscience_examinee_total,45,47
ssc,108171,2013,nonscience_examinee_passed,45,47
ssc,108171,2015,nonscience_examinee_total,,74
ssc,108171,2015,nonscience_examinee_passed,,69
ssc,108171,2016,nonscience_examinee_total,,66
ssc,108171,2016,nonscience_examinee_passed,,63
ssc,108171,2017,nonscience_examinee_total,,69
ssc,108171,2017,nonscience_examinee_passed,,64
ssc,108171,2019,nonscience_examinee_total,42,62
ssc,108171,2019,nonscience_examinee_passed,42,59
ssc,108171,2020,nonscience_examinee_total,48,64
ssc,108171,2020,nonscience_examinee_passed,46,59
ssc,108171,2021,nonscience_examinee_total,17,78
ssc,108171,2021,nonscience_examinee_passed,15,72
ssc,108171,2021,nonscience_avg_gpa,3.35,3.3
ssc,108171,2023,nonscience_examinee_total,,45
ssc,108171,2023,nonscience_examinee_passed,,39
ssc,108171,2024,nonscience_examinee_total,,25
ssc,108171,2024,nonscience_examinee_passed,,25
ssc,108171,2025,nonscience_examinee_total,,41
ssc,108171,2025,nonscience_examinee_passed,,29
ssc,108171,2025,nonscience_avg_gpa,2.6,2.47
ssc,108171,2026,nonscience_examinee_total,32,43
ssc,108171,2026,nonscience_examinee_passed,29,40
ssc,107861,2018,science_avg_gpa,4.63,4.55
ssc,107861,2019,nonscience_examinee_total,,38
ssc,107861,2019,nonscience_examinee_passed,,37
ssc,107861,2022,nonscience_examinee_total,36,41
ssc,107861,2022,nonscience_examinee_passed,36,40
ssc,107861,2023,nonscience_examinee_total,33,34
ssc,107861,2024,nonscience_examinee_total,33,34
ssc,107861,2024,nonscience_examinee_passed,33,34
ssc,107887,2011,nonscience_examinee_total,39,47
ssc,107887,2011,nonscience_examinee_passed,39,47
ssc,107887,2012,nonscience_examinee_total,,36
ssc,107887,2012,nonscience_examinee_passed,,36
ssc,107887,2013,nonscience_examinee_total,25,32
ssc,107887,2013,nonscience_examinee_passed,25,32
ssc,107887,2014,nonscience_examinee_total,31,35
ssc,107887,2014,nonscience_examinee_passed,31,35
ssc,107887,2015,nonscience_examinee_total,,38
ssc,107887,2015,nonscience_examinee_passed,,38
ssc,107887,2018,nonscience_examinee_total,20,22
ssc,107887,2018,nonscience_examinee_passed,20,22
ssc,107887,2019,nonscience_examinee_total,,33
ssc,107887,2019,nonscience_examinee_passed,,32
ssc,107887,2020,nonscience_examinee_total,30,38
ssc,107887,2020,nonscience_examinee_passed,30,37
ssc,107887,2021,nonscience_examinee_total,,43
ssc,107887,2021,nonscience_examinee_passed,,43
ssc,107887,2022,nonscience_examinee_total,28,37
ssc,107887,2022,nonscience_examinee_passed,27,36
ssc,107887,2023,nonscience_examinee_total,8,39
ssc,107887,2023,nonscience_examinee_passed,7,38
ssc,107887,2023,nonscience_avg_gpa,4.37,4.25
ssc,107887,2024,nonscience_examinee_total,25,35
ssc,107887,2024,nonscience_examinee_passed,25,35
ssc,107887,2025,nonscience_examinee_total,,42
ssc,107887,2025,nonscience_examinee_passed,,35
ssc,132127,2012,nonscience_avg_gpa,4.41,4.35
ssc,132127,2013,nonscience_avg_gpa,4.74,4.63
ssc,132127,2016,nonscience_avg_gpa,4.54,4.47
ssc,132127,2018,nonscience_avg_gpa,4.21,4.19
ssc,132127,2019,nonscience_avg_gpa,4.21,4.12
ssc,132127,2020,science_avg_gpa,4.77,4.75
ssc,132127,2023,nonscience_avg_gpa,4.28,4.22
ssc,132127,2024,science_avg_gpa,4.81,4.76
ssc,108146,2019,science_avg_gpa,4.6,4.5
ssc,108146,2019,nonscience_examinee_total,,38
ssc,108146,2019,nonscience_examinee_passed,,31
ssc,108146,2021,science_avg_gpa,4.83,4.74
ssc,108146,2022,nonscience_examinee_total,42,62
ssc,108146,2022,nonscience_examinee_passed,41,57
ssc,108146,2022,nonscience_avg_gpa,4.04,3.98
ssc,108146,2026,nonscience_examinee_total,38,57
ssc,108146,2026,nonscience_examinee_passed,38,56
ssc,108258,2012,science_avg_gpa,4.99,4.97
ssc,108258,2012,nonscience_examinee_total,52,75
ssc,108258,2012,nonscience_examinee_passed,52,75
ssc,108258,2013,science_avg_gpa,4.97,4.95
ssc,108258,2015,nonscience_examinee_total,50,71
ssc,108258,2015,nonscience_examinee_passed,49,69
ssc,108258,2022,nonscience_avg_gpa,4.69,4.62
ssc,108576,2018,nonscience_examinee_total,,72
ssc,108576,2018,nonscience_examinee_passed,,69
ssc,108576,2019,nonscience_examinee_total,,52
ssc,108576,2019,nonscience_examinee_passed,,40
ssc,108576,2020,nonscience_examinee_total,,79
ssc,108576,2020,nonscience_examinee_passed,,78
ssc,108576,2022,nonscience_examinee_total,60,72
ssc,108576,2022,nonscience_examinee_passed,60,72
ssc,108576,2023,nonscience_examinee_total,,29
ssc,108576,2023,nonscience_examinee_passed,,28
ssc,108576,2024,science_avg_gpa,4.64,4.55
ssc,108576,2024,nonscience_examinee_total,,38
ssc,108576,2024,nonscience_examinee_passed,,38
ssc,108576,2025,nonscience_examinee_total,,31
ssc,108576,2025,nonscience_examinee_passed,,28
ssc,108576,2026,nonscience_examinee_total,,29
ssc,108576,2026,nonscience_examinee_passed,,27
ssc,108579,2011,science_examinee_total,,7
ssc,108579,2011,science_examinee_passed,,4
ssc,108579,2011,nonscience_examinee_total,,61
ssc,108579,2011,nonscience_examinee_passed,,43
ssc,108579,2012,science_examinee_total,,12
ssc,108579,2012,science_examinee_passed,,12
ssc,108579,2012,nonscience_examinee_total,,90
ssc,108579,2012,nonscience_examinee_passed,,83
ssc,108579,2012,nonscience_avg_gpa,3.52,3.44
ssc,108579,2013,nonscience_examinee_total,,80
ssc,108579,2013,nonscience_examinee_passed,,75
ssc,108579,2013,nonscience_avg_gpa,3.27,3.23
ssc,108579,2014,nonscience_examinee_total,56,58
ssc,108579,2014,nonscience_examinee_passed,56,58
ssc,108579,2015,nonscience_examinee_total,139,144
ssc,108579,2015,nonscience_examinee_passed,139,144
ssc,108579,2016,nonscience_examinee_total,126,130
ssc,108579,2016,nonscience_examinee_passed,126,130
ssc,108579,2017,nonscience_examinee_total,261,268
ssc,108579,2017,nonscience_examinee_passed,259,266
ssc,108579,2017,nonscience_avg_gpa,4.21,4.19
ssc,108579,2018,science_examinee_total,,20
ssc,108579,2018,science_examinee_passed,,18
ssc,108579,2018,nonscience_examinee_total,,196
ssc,108579,2018,nonscience_examinee_passed,,133
ssc,108579,2018,nonscience_avg_gpa,2.23,2.2
ssc,108579,2019,science_examinee_total,,10
ssc,108579,2019,science_examinee_passed,,6
ssc,108579,2019,science_avg_gpa,2.18,1.96
ssc,108579,2019,nonscience_examinee_total,,92
ssc,108579,2019,nonscience_examinee_passed,,54
ssc,108579,2019,nonscience_avg_gpa,1.8,1.74
ssc,108579,2020,science_examinee_total,,8
ssc,108579,2020,science_examinee_passed,,6
ssc,108579,2020,nonscience_examinee_total,,148
ssc,108579,2020,nonscience_examinee_passed,,101
ssc,108579,2021,science_examinee_total,,10
ssc,108579,2021,science_examinee_passed,,5
ssc,108579,2021,nonscience_examinee_total,,113
ssc,108579,2021,nonscience_examinee_passed,,100
ssc,108579,2022,science_examinee_total,,10
ssc,108579,2022,science_examinee_passed,,9
ssc,108579,2022,nonscience_examinee_total,,52
ssc,108579,2022,nonscience_examinee_passed,,50
ssc,108579,2022,nonscience_avg_gpa,3.24,3.18
ssc,108579,2023,science_examinee_total,,4
ssc,108579,2023,science_examinee_passed,,4
ssc,108579,2023,nonscience_examinee_total,,38
ssc,108579,2023,nonscience_examinee_passed,,18
ssc,108579,2023,nonscience_avg_gpa,1.51,1.47
ssc,108579,2024,science_examinee_total,,3
ssc,108579,2024,science_examinee_passed,,3
ssc,108579,2024,nonscience_examinee_total,,61
ssc,108579,2024,nonscience_examinee_passed,,51
ssc,108579,2024,nonscience_avg_gpa,2.48,2.44
ssc,108579,2025,science_examinee_total,,20
ssc,108579,2025,science_examinee_passed,,11
ssc,108579,2025,science_avg_gpa,2.13,2.02
ssc,108579,2025,nonscience_examinee_total,,57
ssc,108579,2025,nonscience_examinee_passed,,27
ssc,108579,2026,science_examinee_total,,13
ssc,108579,2026,science_examinee_passed,,9
ssc,108579,2026,nonscience_examinee_total,,44
ssc,108579,2026,nonscience_examinee_passed,,33
ssc,108269,2011,nonscience_examinee_total,84,92
ssc,108269,2011,nonscience_examinee_passed,72,80
ssc,108269,2012,nonscience_examinee_total,,94
ssc,108269,2012,nonscience_examinee_passed,,90
ssc,108269,2013,science_examinee_total,,36
ssc,108269,2013,science_examinee_passed,,31
ssc,108269,2013,nonscience_examinee_total,78,82
ssc,108269,2013,nonscience_examinee_passed,74,78
ssc,108269,2014,nonscience_avg_gpa,4.47,4.41
ssc,108269,2015,nonscience_avg_gpa,4.08,4.04
ssc,108269,2016,nonscience_examinee_total,,114
ssc,108269,2016,nonscience_examinee_passed,,82
ssc,108269,2016,nonscience_avg_gpa,2.95,2.88
ssc,108269,2018,nonscience_examinee_total,,100
ssc,108269,2018,nonscience_examinee_passed,,69
ssc,108269,2018,nonscience_avg_gpa,2.33,2.29
ssc,108269,2020,nonscience_examinee_total,,110
ssc,108269,2020,nonscience_examinee_passed,,76
ssc,108269,2021,nonscience_examinee_total,,142
ssc,108269,2021,nonscience_examinee_passed,,132
ssc,108269,2021,nonscience_avg_gpa,3.09,3.05
ssc,108269,2022,science_avg_gpa,2.94,2.89
ssc,108269,2022,nonscience_examinee_total,158,182
ssc,108269,2022,nonscience_examinee_passed,126,148
ssc,108269,2023,nonscience_examinee_total,,107
ssc,108269,2023,nonscience_examinee_passed,,57
ssc,108269,2023,nonscience_avg_gpa,1.81,1.78
ssc,108269,2024,nonscience_examinee_total,,151
ssc,108269,2024,nonscience_examinee_passed,,129
ssc,108269,2024,nonscience_avg_gpa,3.06,3.04
ssc,108269,2025,nonscience_examinee_total,,104
ssc,108269,2025,nonscience_examinee_passed,,82
ssc,108269,2026,nonscience_examinee_total,,71
ssc,108269,2026,nonscience_examinee_passed,,56
ssc,108575,2011,nonscience_examinee_total,,55
ssc,108575,2011,nonscience_examinee_passed,,55
ssc,108575,2014,nonscience_avg_gpa,4.37,4.3
ssc,108575,2015,science_examinee_total,,21
ssc,108575,2015,science_examinee_passed,,21
ssc,108575,2015,nonscience_examinee_total,,55
ssc,108575,2015,nonscience_examinee_passed,,52
ssc,108575,2016,nonscience_examinee_total,,63
ssc,108575,2016,nonscience_examinee_passed,,58
ssc,108575,2018,nonscience_examinee_total,,44
ssc,108575,2018,nonscience_examinee_passed,,20
ssc,108575,2018,nonscience_avg_gpa,1.7,1.66
ssc,108575,2019,nonscience_examinee_total,,48
ssc,108575,2019,nonscience_examinee_passed,,39
ssc,108575,2020,nonscience_examinee_total,,40
ssc,108575,2020,nonscience_examinee_passed,,21
ssc,108575,2021,science_examinee_total,,3
ssc,108575,2021,science_examinee_passed,,3
ssc,108575,2021,nonscience_examinee_total,46,52
ssc,108575,2021,nonscience_examinee_passed,41,46
ssc,108575,2022,nonscience_examinee_total,,33
ssc,108575,2022,nonscience_examinee_passed,,25
ssc,108575,2023,nonscience_examinee_total,,19
ssc,108575,2023,nonscience_examinee_passed,,5
ssc,108575,2024,nonscience_examinee_total,,36
ssc,108575,2024,nonscience_examinee_passed,,22
ssc,108575,2025,nonscience_examinee_total,,24
ssc,108575,2025,nonscience_examinee_passed,,6
ssc,108575,2026,science_examinee_total,,11
ssc,108575,2026,science_examinee_passed,,10
ssc,108575,2026,science_avg_gpa,3.89,3.53
ssc,108575,2026,nonscience_examinee_total,,42
ssc,108575,2026,nonscience_examinee_passed,,24
ssc,107961,2014,nonscience_examinee_total,100,101
ssc,107961,2014,nonscience_examinee_passed,99,100
ssc,107961,2014,nonscience_avg_gpa,4.44,4.4
ssc,107961,2015,nonscience_examinee_total,,79
ssc,107961,2015,nonscience_examinee_passed,,74
ssc,107961,2020,nonscience_examinee_total,,88
ssc,107961,2020,nonscience_examinee_passed,,79
ssc,107961,2020,nonscience_avg_gpa,3.46,3.42
ssc,107961,2021,nonscience_examinee_total,127,128
ssc,107961,2021,nonscience_examinee_passed,120,121
ssc,107961,2022,nonscience_examinee_total,121,134
ssc,107961,2022,nonscience_examinee_passed,116,129
ssc,107961,2023,nonscience_examinee_total,84,109
ssc,107961,2023,nonscience_examinee_passed,65,83
ssc,107961,2024,nonscience_examinee_total,92,125
ssc,107961,2024,nonscience_examinee_passed,79,105
ssc,107961,2026,science_avg_gpa,4.12,4.09
ssc,107961,2026,nonscience_examinee_total,72,123
ssc,107961,2026,nonscience_examinee_passed,68,109
ssc,108279,2011,nonscience_examinee_total,93,95
ssc,108279,2011,nonscience_avg_gpa,3.85,3.81
ssc,108279,2012,nonscience_examinee_total,74,76
ssc,108279,2012,nonscience_examinee_passed,73,75
ssc,108279,2020,nonscience_examinee_total,,68
ssc,108279,2020,nonscience_examinee_passed,,60
ssc,108279,2021,nonscience_avg_gpa,4,3.96
ssc,108279,2023,nonscience_examinee_total,,56
ssc,108279,2023,nonscience_examinee_passed,,47
ssc,108279,2024,science_avg_gpa,4.54,4.45
ssc,108279,2024,nonscience_examinee_total,,41
ssc,108279,2024,nonscience_examinee_passed,,39
ssc,132367,2013,science_avg_gpa,4.94,4.78
ssc,132367,2013,nonscience_avg_gpa,4.76,4.56
ssc,132367,2014,science_avg_gpa,4.81,4.76
ssc,132367,2015,nonscience_examinee_total,,11
ssc,132367,2015,nonscience_examinee_passed,,11
ssc,132367,2016,nonscience_examinee_total,,14
ssc,132367,2016,nonscience_examinee_passed,,13
ssc,132367,2018,nonscience_examinee_total,,26
ssc,132367,2018,nonscience_examinee_passed,,26
ssc,132367,2019,nonscience_examinee_total,,24
ssc,132367,2019,nonscience_examinee_passed,,24
ssc,132367,2024,science_avg_gpa,4.82,4.6
ssc,132367,2024,nonscience_avg_gpa,3.87,3.06
ssc,108338,2012,nonscience_examinee_total,,28
ssc,108338,2012,nonscience_examinee_passed,,27
ssc,108338,2015,nonscience_examinee_total,,37
ssc,108338,2015,nonscience_examinee_passed,,36
ssc,108338,2016,nonscience_examinee_total,,40
ssc,108338,2016,nonscience_examinee_passed,,40
ssc,108338,2017,nonscience_examinee_total,,45
ssc,108338,2017,nonscience_examinee_passed,,44
ssc,108338,2018,nonscience_examinee_total,,45
ssc,108338,2018,nonscience_examinee_passed,,45
ssc,108338,2020,nonscience_examinee_total,,45
ssc,108338,2020,nonscience_examinee_passed,,45
ssc,108338,2024,science_avg_gpa,4.73,4.66
ssc,108338,2025,nonscience_examinee_total,,80
ssc,108338,2025,nonscience_examinee_passed,,79
ssc,108222,2015,nonscience_examinee_total,,81
ssc,108222,2015,nonscience_examinee_passed,,81
ssc,108222,2017,science_avg_gpa,4.89,4.85
ssc,108222,2018,nonscience_examinee_total,,87
ssc,108222,2018,nonscience_examinee_passed,,85
ssc,108222,2022,nonscience_examinee_total,81,83
ssc,108222,2022,nonscience_examinee_passed,77,78
ssc,108222,2023,nonscience_examinee_total,54,55
ssc,108222,2024,nonscience_examinee_total,63,64
ssc,108222,2024,nonscience_examinee_passed,55,56
ssc,108222,2025,nonscience_avg_gpa,4.19,4.14
ssc,108223,2015,nonscience_examinee_total,52,74
ssc,108223,2015,nonscience_examinee_passed,52,74
ssc,108223,2017,nonscience_examinee_total,,54
ssc,108223,2017,nonscience_examinee_passed,,54
ssc,108223,2019,nonscience_examinee_total,44,65
ssc,108223,2019,nonscience_examinee_passed,44,65
ssc,108223,2020,nonscience_examinee_total,38,67
ssc,108223,2020,nonscience_examinee_passed,38,66
ssc,108223,2021,nonscience_examinee_total,64,81
ssc,108223,2021,nonscience_examinee_passed,64,81
ssc,108223,2022,science_avg_gpa,4.98,4.91
ssc,108223,2023,nonscience_examinee_total,58,71
ssc,108223,2023,nonscience_examinee_passed,58,70
ssc,108223,2024,nonscience_examinee_total,53,71
ssc,108223,2024,nonscience_examinee_passed,53,71
ssc,108358,2015,nonscience_examinee_total,,8
ssc,108358,2015,nonscience_examinee_passed,,8
ssc,108358,2016,nonscience_examinee_total,,6
ssc,108358,2016,nonscience_examinee_passed,,6
ssc,108358,2019,nonscience_examinee_total,,1
ssc,108358,2019,nonscience_examinee_passed,,1
ssc,108358,2023,nonscience_examinee_total,,3
ssc,108358,2023,nonscience_examinee_passed,,3
ssc,108355,2020,nonscience_examinee_total,,34
ssc,108355,2020,nonscience_examinee_passed,,32
ssc,108355,2020,nonscience_avg_gpa,4.29,4.17
ssc,108355,2024,science_avg_gpa,4.91,4.89
ssc,108355,2025,nonscience_avg_gpa,4.41,4.32
ssc,108362,2011,nonscience_examinee_total,49,57
ssc,108362,2011,nonscience_examinee_passed,49,57
ssc,108362,2012,nonscience_examinee_total,48,49
ssc,108362,2012,nonscience_examinee_passed,47,48
ssc,108362,2013,nonscience_examinee_total,35,37
ssc,108362,2013,nonscience_examinee_passed,35,37
ssc,108362,2015,nonscience_examinee_total,,54
ssc,108362,2015,nonscience_examinee_passed,,54
ssc,108362,2016,nonscience_examinee_total,35,42
ssc,108362,2016,nonscience_examinee_passed,35,42
ssc,108362,2017,nonscience_examinee_total,30,47
ssc,108362,2017,nonscience_examinee_passed,28,43
ssc,108362,2019,nonscience_examinee_total,,38
ssc,108362,2019,nonscience_examinee_passed,,38
ssc,108362,2020,nonscience_examinee_total,,36
ssc,108362,2020,nonscience_examinee_passed,,36
ssc,108362,2024,nonscience_examinee_total,44,62
ssc,108362,2024,nonscience_examinee_passed,42,60
ssc,108362,2025,nonscience_examinee_total,37,65
ssc,108362,2025,nonscience_examinee_passed,34,56
ssc,108467,2011,nonscience_examinee_total,207,228
ssc,108467,2011,nonscience_examinee_passed,193,213
ssc,108467,2012,nonscience_examinee_total,178,184
ssc,108467,2012,nonscience_examinee_passed,177,183
ssc,108467,2013,nonscience_examinee_total,148,160
ssc,108467,2013,nonscience_examinee_passed,147,159
ssc,108467,2014,nonscience_examinee_total,193,227
ssc,108467,2014,nonscience_examinee_passed,192,222
ssc,108467,2014,nonscience_avg_gpa,4.16,4.14
ssc,108467,2016,nonscience_examinee_total,214,222
ssc,108467,2016,nonscience_examinee_passed,203,209
ssc,108467,2017,nonscience_examinee_total,178,187
ssc,108467,2017,nonscience_examinee_passed,177,186
ssc,108467,2018,nonscience_examinee_total,194,214
ssc,108467,2018,nonscience_examinee_passed,179,196
ssc,108467,2020,nonscience_examinee_total,171,196
ssc,108467,2020,nonscience_examinee_passed,158,178
ssc,108467,2021,science_avg_gpa,4.61,4.57
ssc,108467,2021,nonscience_examinee_total,210,238
ssc,108467,2021,nonscience_examinee_passed,206,232
ssc,108467,2021,nonscience_avg_gpa,3.73,3.71
ssc,108467,2025,science_avg_gpa,4.5,4.42
ssc,108467,2026,science_avg_gpa,4.53,4.48
ssc,108467,2026,nonscience_avg_gpa,3.6,3.58
ssc,108466,2011,nonscience_examinee_total,,93
ssc,108466,2011,nonscience_examinee_passed,,71
ssc,108466,2012,science_examinee_total,,11
ssc,108466,2012,science_examinee_passed,,11
ssc,108466,2012,nonscience_examinee_total,113,133
ssc,108466,2012,nonscience_examinee_passed,106,124
ssc,108466,2013,nonscience_examinee_total,79,88
ssc,108466,2013,nonscience_examinee_passed,78,87
ssc,108466,2013,nonscience_avg_gpa,3.76,3.72
ssc,108466,2014,nonscience_examinee_total,92,107
ssc,108466,2014,nonscience_examinee_passed,89,103
ssc,108466,2015,science_examinee_total,,25
ssc,108466,2015,science_examinee_passed,,22
ssc,108466,2015,nonscience_examinee_total,,100
ssc,108466,2015,nonscience_examinee_passed,,79
ssc,108466,2016,nonscience_examinee_total,74,107
ssc,108466,2016,nonscience_examinee_passed,62,91
ssc,108466,2017,nonscience_examinee_total,70,91
ssc,108466,2017,nonscience_examinee_passed,70,87
ssc,108466,2018,nonscience_examinee_total,,81
ssc,108466,2018,nonscience_examinee_passed,,66
ssc,108466,2019,science_examinee_total,,33
ssc,108466,2019,science_examinee_passed,,32
ssc,108466,2019,nonscience_examinee_total,,121
ssc,108466,2019,nonscience_examinee_passed,,112
ssc,108466,2020,nonscience_examinee_total,,99
ssc,108466,2020,nonscience_examinee_passed,,77
ssc,108466,2021,science_examinee_total,,17
ssc,108466,2021,science_examinee_passed,,17
ssc,108466,2021,nonscience_examinee_total,,127
ssc,108466,2021,nonscience_examinee_passed,,120
ssc,108466,2021,nonscience_avg_gpa,2.98,2.93
ssc,108466,2022,nonscience_examinee_total,50,96
ssc,108466,2022,nonscience_examinee_passed,36,77
ssc,108466,2022,nonscience_avg_gpa,2.82,2.73
ssc,108466,2023,nonscience_examinee_total,,105
ssc,108466,2023,nonscience_examinee_passed,,80
ssc,108466,2023,nonscience_avg_gpa,2.6,2.52
ssc,108466,2024,nonscience_examinee_total,,133
ssc,108466,2024,nonscience_examinee_passed,,96
ssc,108466,2024,nonscience_avg_gpa,2.6,2.48
ssc,108466,2025,nonscience_examinee_total,,103
ssc,108466,2025,nonscience_examinee_passed,,61
ssc,108466,2025,nonscience_avg_gpa,1.78,1.76
ssc,108466,2026,science_avg_gpa,3.77,3.64
ssc,108466,2026,nonscience_examinee_total,63,97
ssc,108466,2026,nonscience_examinee_passed,43,67
ssc,108466,2026,nonscience_avg_gpa,2.22,2.2
ssc,108525,2011,science_examinee_total,,10
ssc,108525,2011,science_examinee_passed,,9
ssc,108525,2011,nonscience_examinee_total,,77
ssc,108525,2011,nonscience_examinee_passed,,61
ssc,108525,2011,nonscience_avg_gpa,2.86,2.83
ssc,108525,2012,science_examinee_total,,8
ssc,108525,2012,science_examinee_passed,,4
ssc,108525,2012,nonscience_examinee_total,,78
ssc,108525,2012,nonscience_examinee_passed,,59
ssc,108525,2013,science_examinee_total,,9
ssc,108525,2013,science_examinee_passed,,8
ssc,108525,2013,nonscience_examinee_total,,57
ssc,108525,2013,nonscience_examinee_passed,,41
ssc,108525,2014,science_examinee_total,,6
ssc,108525,2014,science_examinee_passed,,4
ssc,108525,2014,nonscience_examinee_total,,82
ssc,108525,2014,nonscience_examinee_passed,,68
ssc,108525,2014,nonscience_avg_gpa,2.74,2.64
ssc,108525,2015,science_examinee_total,,20
ssc,108525,2015,science_examinee_passed,,17
ssc,108525,2015,nonscience_examinee_total,,64
ssc,108525,2015,nonscience_examinee_passed,,37
ssc,108525,2016,science_examinee_total,,23
ssc,108525,2016,science_examinee_passed,,20
ssc,108525,2016,nonscience_examinee_total,,67
ssc,108525,2016,nonscience_examinee_passed,,52
ssc,108525,2016,nonscience_avg_gpa,2.52,2.45
ssc,108525,2017,science_examinee_total,,13
ssc,108525,2017,science_examinee_passed,,13
ssc,108525,2017,nonscience_examinee_total,,84
ssc,108525,2017,nonscience_examinee_passed,,62
ssc,108525,2018,science_examinee_total,,26
ssc,108525,2018,science_examinee_passed,,21
ssc,108525,2018,science_avg_gpa,3.28,3.15
ssc,108525,2018,nonscience_examinee_total,,99
ssc,108525,2018,nonscience_examinee_passed,,74
ssc,108525,2018,nonscience_avg_gpa,2.5,2.47
ssc,108525,2019,science_examinee_total,,31
ssc,108525,2019,science_examinee_passed,,24
ssc,108525,2019,nonscience_examinee_total,,103
ssc,108525,2019,nonscience_examinee_passed,,68
ssc,108525,2020,science_examinee_total,,32
ssc,108525,2020,science_examinee_passed,,25
ssc,108525,2020,nonscience_examinee_total,,122
ssc,108525,2020,nonscience_examinee_passed,,94
ssc,108525,2020,nonscience_avg_gpa,2.31,2.27
ssc,108525,2021,science_examinee_total,,55
ssc,108525,2021,science_examinee_passed,,53
ssc,108525,2021,science_avg_gpa,3.52,3.46
ssc,108525,2021,nonscience_examinee_total,,110
ssc,108525,2021,nonscience_examinee_passed,,96
ssc,108525,2021,nonscience_avg_gpa,2.59,2.54
ssc,108525,2022,nonscience_examinee_total,,106
ssc,108525,2022,nonscience_examinee_passed,,77
ssc,108525,2022,nonscience_avg_gpa,2.42,2.4
ssc,108525,2023,nonscience_examinee_total,,120
ssc,108525,2023,nonscience_examinee_passed,,75
ssc,108525,2024,nonscience_examinee_total,,88
ssc,108525,2024,nonscience_examinee_passed,,75
ssc,108525,2025,science_examinee_total,,11
ssc,108525,2025,science_examinee_passed,,9
ssc,108525,2025,nonscience_examinee_total,,54
ssc,108525,2025,nonscience_examinee_passed,,25
ssc,108525,2025,nonscience_avg_gpa,1.54,1.51
ssc,108525,2026,science_examinee_total,,17
ssc,108525,2026,science_examinee_passed,,16
ssc,108525,2026,nonscience_examinee_total,,35
ssc,108525,2026,nonscience_examinee_passed,,20
ssc,108542,2011,nonscience_examinee_total,,21
ssc,108542,2011,nonscience_examinee_passed,,21
ssc,108542,2012,nonscience_examinee_total,,69
ssc,108542,2012,nonscience_examinee_passed,,58
ssc,108542,2012,nonscience_avg_gpa,3.19,3.14
ssc,108542,2013,science_avg_gpa,4.44,4.25
ssc,108542,2013,nonscience_examinee_total,,38
ssc,108542,2013,nonscience_examinee_passed,,33
ssc,108542,2014,nonscience_examinee_total,38,39
ssc,108542,2014,nonscience_examinee_passed,36,37
ssc,108542,2014,nonscience_avg_gpa,4.07,3.96
ssc,108542,2015,science_examinee_total,,8
ssc,108542,2015,science_examinee_passed,,8
ssc,108542,2016,nonscience_examinee_total,,23
ssc,108542,2016,nonscience_examinee_passed,,21
ssc,108542,2017,nonscience_examinee_total,,11
ssc,108542,2017,nonscience_examinee_passed,,11
ssc,108542,2018,nonscience_examinee_total,,15
ssc,108542,2018,nonscience_examinee_passed,,15
ssc,108542,2019,nonscience_examinee_total,,10
ssc,108542,2019,nonscience_examinee_passed,,10
ssc,108542,2020,nonscience_examinee_total,,5
ssc,108542,2020,nonscience_examinee_passed,,5
ssc,108542,2022,nonscience_examinee_total,,7
ssc,108542,2022,nonscience_examinee_passed,,7
ssc,108542,2023,nonscience_examinee_total,,15
ssc,108542,2023,nonscience_examinee_passed,,15
ssc,108541,2011,nonscience_examinee_total,34,43
ssc,108541,2011,nonscience_examinee_passed,33,42
ssc,108541,2012,nonscience_examinee_total,24,33
ssc,108541,2012,nonscience_examinee_passed,24,31
ssc,108541,2013,nonscience_examinee_total,99,106
ssc,108541,2013,nonscience_examinee_passed,92,98
ssc,108541,2013,nonscience_avg_gpa,3.48,3.44
ssc,108541,2014,nonscience_examinee_total,85,87
ssc,108541,2014,nonscience_examinee_passed,75,77
ssc,108541,2015,science_avg_gpa,4.67,4.6
ssc,108541,2016,science_avg_gpa,4.5,4.13
ssc,108541,2016,nonscience_examinee_total,,109
ssc,108541,2016,nonscience_examinee_passed,,100
ssc,108541,2016,nonscience_avg_gpa,3.75,3.57
ssc,108541,2017,nonscience_avg_gpa,3.86,3.73
ssc,108541,2018,science_avg_gpa,4,3.9
ssc,108541,2018,nonscience_examinee_total,,79
ssc,108541,2018,nonscience_examinee_passed,,60
ssc,108541,2019,science_examinee_total,,57
ssc,108541,2019,science_examinee_passed,,46
ssc,108541,2019,science_avg_gpa,3.08,3.03
ssc,108541,2019,nonscience_examinee_total,,114
ssc,108541,2019,nonscience_examinee_passed,,79
ssc,108541,2019,nonscience_avg_gpa,2.22,2.17
ssc,108541,2020,science_avg_gpa,4.1,4.02
ssc,108541,2020,nonscience_examinee_total,,142
ssc,108541,2020,nonscience_examinee_passed,,102
ssc,108541,2020,nonscience_avg_gpa,2.31,2.24
ssc,108541,2021,science_avg_gpa,3.5,3.45
ssc,108541,2021,nonscience_examinee_total,148,162
ssc,108541,2021,nonscience_examinee_passed,123,136
ssc,108541,2021,nonscience_avg_gpa,2.76,2.69
ssc,108541,2022,science_avg_gpa,4.38,4.21
ssc,108541,2022,nonscience_examinee_total,73,76
ssc,108541,2022,nonscience_examinee_passed,64,67
ssc,108541,2022,nonscience_avg_gpa,3.32,3.19
ssc,108541,2023,nonscience_examinee_total,,51
ssc,108541,2023,nonscience_examinee_passed,,36
ssc,108541,2024,science_avg_gpa,3.98,3.9
ssc,108541,2024,nonscience_examinee_total,43,44
ssc,108541,2024,nonscience_examinee_passed,31,32
ssc,108541,2024,nonscience_avg_gpa,2.77,2.7
ssc,108541,2025,nonscience_examinee_total,,38
ssc,108541,2025,nonscience_examinee_passed,,15
ssc,108541,2025,nonscience_avg_gpa,1.21,1.18
ssc,108541,2026,nonscience_examinee_total,,30
ssc,108541,2026,nonscience_examinee_passed,,17
ssc,108129,2014,nonscience_examinee_total,124,135
ssc,108129,2014,nonscience_examinee_passed,124,134
ssc,108129,2015,nonscience_examinee_total,106,107
ssc,108129,2015,nonscience_examinee_passed,103,104
ssc,108129,2020,nonscience_examinee_total,106,111
ssc,108129,2020,nonscience_examinee_passed,103,108
ssc,108129,2022,nonscience_avg_gpa,4.47,4.43
ssc,108129,2023,science_avg_gpa,4.81,4.78
ssc,108129,2025,nonscience_avg_gpa,3.74,3.71
ssc,108130,2011,nonscience_examinee_total,,46
ssc,108130,2011,nonscience_examinee_passed,,45
ssc,108130,2012,nonscience_examinee_total,23,36
ssc,108130,2012,nonscience_examinee_passed,23,36
ssc,108130,2014,nonscience_examinee_total,55,67
ssc,108130,2014,nonscience_examinee_passed,54,66
ssc,108130,2015,nonscience_examinee_total,59,73
ssc,108130,2015,nonscience_examinee_passed,54,66
ssc,108130,2016,nonscience_examinee_total,65,78
ssc,108130,2016,nonscience_examinee_passed,64,75
ssc,108130,2017,nonscience_examinee_total,60,86
ssc,108130,2017,nonscience_examinee_passed,59,84
ssc,108130,2019,nonscience_examinee_total,,78
ssc,108130,2019,nonscience_examinee_passed,,70
ssc,108130,2019,nonscience_avg_gpa,3.45,3.41
ssc,108130,2021,nonscience_avg_gpa,3.79,3.7
ssc,108130,2022,nonscience_examinee_total,60,84
ssc,108130,2022,nonscience_examinee_passed,57,80
ssc,108130,2023,nonscience_examinee_total,53,73
ssc,108130,2023,nonscience_examinee_passed,50,68
ssc,108130,2023,nonscience_avg_gpa,3.81,3.76
ssc,108130,2024,nonscience_examinee_total,51,52
ssc,108130,2024,nonscience_examinee_passed,46,47
ssc,108130,2024,nonscience_avg_gpa,3.7,3.63
ssc,108130,2025,nonscience_examinee_total,,61
ssc,108130,2025,nonscience_examinee_passed,,56
ssc,108130,2025,nonscience_avg_gpa,3.62,3.56
ssc,136572,2016,nonscience_examinee_total,12,13
ssc,136572,2016,nonscience_examinee_passed,12,13
ssc,136572,2019,nonscience_examinee_total,,18
ssc,136572,2019,nonscience_examinee_passed,,18
ssc,136572,2022,nonscience_avg_gpa,4.65,4.46
ssc,136572,2025,nonscience_examinee_total,18,23
ssc,136572,2025,nonscience_examinee_passed,18,23
ssc,136572,2026,nonscience_examinee_total,6,24
ssc,136572,2026,nonscience_examinee_passed,5,22
ssc,136572,2026,nonscience_avg_gpa,3.94,3.77
ssc,108571,2011,nonscience_examinee_total,143,156
ssc,108571,2011,nonscience_examinee_passed,139,149
ssc,108571,2011,nonscience_avg_gpa,4.17,4.14
ssc,108571,2012,science_avg_gpa,4.82,4.69
ssc,108571,2012,nonscience_examinee_total,147,151
ssc,108571,2012,nonscience_examinee_passed,145,149
ssc,108571,2013,science_avg_gpa,4.35,4.3
ssc,108571,2013,nonscience_examinee_total,225,227
ssc,108571,2013,nonscience_examinee_passed,203,205
ssc,108571,2013,nonscience_avg_gpa,3.48,3.43
ssc,108571,2014,science_avg_gpa,4.73,4.69
ssc,108571,2014,nonscience_examinee_total,156,158
ssc,108571,2014,nonscience_examinee_passed,153,154
ssc,108571,2014,nonscience_avg_gpa,4.2,4.17
ssc,108571,2015,nonscience_examinee_total,165,170
ssc,108571,2015,nonscience_examinee_passed,159,164
ssc,108571,2015,nonscience_avg_gpa,4,3.98
ssc,108571,2016,nonscience_examinee_total,180,189
ssc,108571,2016,nonscience_examinee_passed,179,187
ssc,108571,2016,nonscience_avg_gpa,4.03,4.01
ssc,108571,2017,nonscience_examinee_total,,175
ssc,108571,2017,nonscience_examinee_passed,,151
ssc,108571,2018,nonscience_examinee_total,,194
ssc,108571,2018,nonscience_examinee_passed,,119
ssc,108571,2019,nonscience_examinee_total,,225
ssc,108571,2019,nonscience_examinee_passed,,139
ssc,108571,2019,nonscience_avg_gpa,2.07,2.04
ssc,108571,2020,nonscience_examinee_total,181,207
ssc,108571,2020,nonscience_examinee_passed,123,139
ssc,108571,2021,science_avg_gpa,4.11,4.07
ssc,108571,2021,nonscience_examinee_total,,202
ssc,108571,2021,nonscience_examinee_passed,,193
ssc,108571,2022,science_avg_gpa,4.16,4.12
ssc,108571,2022,nonscience_examinee_total,202,275
ssc,108571,2022,nonscience_examinee_passed,177,235
ssc,108571,2023,science_avg_gpa,3.71,3.65
ssc,108571,2023,nonscience_examinee_total,189,246
ssc,108571,2023,nonscience_examinee_passed,118,146
ssc,108571,2024,nonscience_examinee_total,200,241
ssc,108571,2024,nonscience_examinee_passed,193,231
ssc,108571,2025,science_avg_gpa,3.9,3.87
ssc,108571,2025,nonscience_examinee_total,,160
ssc,108571,2025,nonscience_examinee_passed,,81
ssc,108571,2026,nonscience_examinee_total,,183
ssc,108571,2026,nonscience_examinee_passed,,106
ssc,136992,2017,nonscience_examinee_total,,21
ssc,136992,2017,nonscience_examinee_passed,,21
ssc,136992,2018,science_avg_gpa,4.7,4.63
ssc,136992,2018,nonscience_examinee_total,,42
ssc,136992,2018,nonscience_examinee_passed,,39
ssc,136992,2022,science_avg_gpa,4.93,4.87
ssc,136992,2025,nonscience_examinee_total,,34
ssc,136992,2025,nonscience_examinee_passed,,33
ssc,107865,2015,nonscience_examinee_total,,50
ssc,107865,2015,nonscience_examinee_passed,,50
ssc,107865,2017,nonscience_examinee_total,,37
ssc,107865,2017,nonscience_examinee_passed,,37
ssc,107865,2018,nonscience_examinee_total,,34
ssc,107865,2018,nonscience_examinee_passed,,34
ssc,107865,2019,nonscience_examinee_total,,42
ssc,107865,2019,nonscience_examinee_passed,,33
ssc,107865,2020,nonscience_examinee_total,,35
ssc,107865,2020,nonscience_examinee_passed,,34
ssc,107865,2022,nonscience_examinee_total,,28
ssc,107865,2022,nonscience_examinee_passed,,25
ssc,107865,2023,nonscience_examinee_total,,25
ssc,107865,2023,nonscience_examinee_passed,,22
ssc,107865,2024,nonscience_examinee_total,,19
ssc,107865,2024,nonscience_examinee_passed,,19
ssc,107865,2025,nonscience_examinee_total,,18
ssc,107865,2025,nonscience_examinee_passed,,15
ssc,107865,2026,nonscience_examinee_total,,26
ssc,107865,2026,nonscience_examinee_passed,,24
ssc,136582,2017,nonscience_examinee_total,,40
ssc,136582,2017,nonscience_examinee_passed,,37
ssc,136582,2018,nonscience_examinee_total,,37
ssc,136582,2018,nonscience_examinee_passed,,35
ssc,136582,2019,nonscience_examinee_total,,48
ssc,136582,2019,nonscience_examinee_passed,,31
ssc,136582,2020,nonscience_examinee_total,,60
ssc,136582,2020,nonscience_examinee_passed,,60
ssc,136582,2022,nonscience_avg_gpa,3.46,3.25
ssc,136582,2023,nonscience_examinee_total,,47
ssc,136582,2023,nonscience_examinee_passed,,38
ssc,136582,2024,nonscience_examinee_total,,62
ssc,136582,2024,nonscience_examinee_passed,,61
ssc,136582,2025,nonscience_examinee_total,,52
ssc,136582,2025,nonscience_examinee_passed,,31
ssc,136582,2026,science_avg_gpa,3.84,3.73
ssc,136582,2026,nonscience_examinee_total,,37
ssc,136582,2026,nonscience_examinee_passed,,32
ssc,107964,2011,science_avg_gpa,4.68,4.63
ssc,107964,2017,nonscience_avg_gpa,4.27,4.21
ssc,107964,2018,science_avg_gpa,4.41,4.38
ssc,107964,2019,nonscience_examinee_total,,77
ssc,107964,2019,nonscience_examinee_passed,,71
ssc,107964,2020,nonscience_examinee_total,,68
ssc,107964,2020,nonscience_examinee_passed,,66
ssc,107964,2022,nonscience_avg_gpa,4.05,4.0
ssc,107964,2023,science_avg_gpa,4.45,4.41
ssc,107964,2026,nonscience_examinee_total,30,37
ssc,107964,2026,nonscience_examinee_passed,27,31
ssc,107965,2012,nonscience_avg_gpa,3.95,3.9
ssc,107965,2014,nonscience_examinee_total,60,76
ssc,107965,2014,nonscience_examinee_passed,60,76
ssc,107965,2015,nonscience_examinee_total,47,62
ssc,107965,2015,nonscience_examinee_passed,46,59
ssc,107965,2016,nonscience_examinee_total,57,59
ssc,107965,2016,nonscience_examinee_passed,54,55
ssc,107965,2016,nonscience_avg_gpa,3.77,3.71
ssc,107965,2017,nonscience_examinee_total,48,49
ssc,107965,2017,nonscience_examinee_passed,45,46
ssc,107965,2018,nonscience_avg_gpa,3.77,3.71
ssc,107965,2020,nonscience_examinee_total,,55
ssc,107965,2020,nonscience_examinee_passed,,54
ssc,107965,2025,nonscience_examinee_total,,62
ssc,107965,2025,nonscience_examinee_passed,,57
ssc,108485,2015,science_avg_gpa,4.49,4.43
ssc,108485,2015,nonscience_examinee_total,,113
ssc,108485,2015,nonscience_examinee_passed,,108
ssc,108485,2016,nonscience_examinee_total,,149
ssc,108485,2016,nonscience_examinee_passed,,147
ssc,108485,2019,nonscience_examinee_total,,115
ssc,108485,2019,nonscience_examinee_passed,,112
ssc,108485,2020,science_avg_gpa,4.76,4.72
ssc,108485,2020,nonscience_avg_gpa,3.84,3.81
ssc,108485,2021,science_avg_gpa,4.5,4.45
ssc,108485,2026,nonscience_examinee_total,125,126
ssc,108038,2011,nonscience_examinee_total,117,152
ssc,108038,2011,nonscience_examinee_passed,114,147
ssc,108038,2012,science_avg_gpa,4.55,4.49
ssc,108038,2012,nonscience_examinee_total,167,226
ssc,108038,2012,nonscience_examinee_passed,162,214
ssc,108038,2013,nonscience_examinee_total,143,176
ssc,108038,2013,nonscience_examinee_passed,137,167
ssc,108038,2013,nonscience_avg_gpa,3.86,3.75
ssc,108038,2014,science_avg_gpa,4.71,4.66
ssc,108038,2014,nonscience_examinee_total,255,306
ssc,108038,2014,nonscience_examinee_passed,250,300
ssc,108038,2016,science_avg_gpa,3.92,3.78
ssc,108038,2016,nonscience_examinee_total,218,263
ssc,108038,2016,nonscience_examinee_passed,170,192
ssc,108038,2016,nonscience_avg_gpa,2.73,2.54
ssc,108038,2017,science_avg_gpa,4.41,4.36
ssc,108038,2017,nonscience_examinee_total,52,294
ssc,108038,2017,nonscience_examinee_passed,31,239
ssc,108038,2017,nonscience_avg_gpa,3.02,2.94
ssc,108038,2018,nonscience_examinee_total,,268
ssc,108038,2018,nonscience_examinee_passed,,202
ssc,108038,2018,nonscience_avg_gpa,2.48,2.46
ssc,108038,2019,nonscience_examinee_total,,279
ssc,108038,2019,nonscience_examinee_passed,,206
ssc,108038,2019,nonscience_avg_gpa,2.51,2.49
ssc,108038,2020,nonscience_examinee_total,164,273
ssc,108038,2020,nonscience_examinee_passed,142,237
ssc,108038,2021,nonscience_examinee_total,151,273
ssc,108038,2021,nonscience_examinee_passed,141,254
ssc,108038,2021,nonscience_avg_gpa,3.23,3.19
ssc,108038,2022,science_avg_gpa,4.6,4.46
ssc,108038,2022,nonscience_avg_gpa,3.35,3.33
ssc,108038,2023,science_avg_gpa,4.09,4.06
ssc,108038,2023,nonscience_examinee_total,143,263
ssc,108038,2023,nonscience_examinee_passed,115,177
ssc,108038,2023,nonscience_avg_gpa,2.42,2.38
ssc,108038,2024,science_avg_gpa,4.25,4.22
ssc,108038,2024,nonscience_examinee_total,,277
ssc,108038,2024,nonscience_examinee_passed,,209
ssc,108038,2025,nonscience_examinee_total,,295
ssc,108038,2025,nonscience_examinee_passed,,177
ssc,108038,2025,nonscience_avg_gpa,2.02,2.0
ssc,108038,2026,nonscience_examinee_total,,219
ssc,108038,2026,nonscience_examinee_passed,,134
ssc,108038,2026,nonscience_avg_gpa,2.06,2.04
ssc,136503,2018,nonscience_examinee_total,,62
ssc,136503,2018,nonscience_examinee_passed,,59
ssc,136503,2018,nonscience_avg_gpa,3.74,3.68
ssc,136503,2019,nonscience_examinee_total,,69
ssc,136503,2019,nonscience_examinee_passed,,61
ssc,136503,2021,nonscience_avg_gpa,4.09,4.02
ssc,136503,2022,science_avg_gpa,4.6,4.54
ssc,136503,2022,nonscience_avg_gpa,4,3.93
ssc,136503,2024,science_avg_gpa,4.29,4.16
ssc,136503,2024,nonscience_examinee_total,,56
ssc,136503,2024,nonscience_examinee_passed,,53
ssc,136503,2026,science_avg_gpa,2.54,2.5
ssc,136503,2026,nonscience_examinee_total,,54
ssc,136503,2026,nonscience_examinee_passed,,37
ssc,132066,2012,nonscience_examinee_total,,59
ssc,132066,2012,nonscience_examinee_passed,,55
ssc,132066,2013,nonscience_avg_gpa,4.53,4.48
ssc,132066,2015,nonscience_examinee_total,,69
ssc,132066,2015,nonscience_examinee_passed,,67
ssc,132066,2016,nonscience_examinee_total,56,67
ssc,132066,2016,nonscience_examinee_passed,56,65
ssc,132066,2016,nonscience_avg_gpa,4.48,4.41
ssc,132066,2017,nonscience_examinee_total,52,62
ssc,132066,2017,nonscience_examinee_passed,37,42
ssc,132066,2018,nonscience_examinee_total,,83
ssc,132066,2018,nonscience_examinee_passed,,79
ssc,132066,2018,nonscience_avg_gpa,3.48,3.39
ssc,132066,2019,nonscience_examinee_total,,79
ssc,132066,2019,nonscience_examinee_passed,,70
ssc,132066,2020,nonscience_examinee_total,,101
ssc,132066,2020,nonscience_examinee_passed,,79
ssc,132066,2020,nonscience_avg_gpa,2.49,2.47
ssc,132066,2021,science_avg_gpa,4.23,4.15
ssc,132066,2021,nonscience_examinee_total,48,105
ssc,132066,2021,nonscience_examinee_passed,47,99
ssc,132066,2021,nonscience_avg_gpa,3.43,3.4
ssc,132066,2024,nonscience_examinee_total,42,103
ssc,132066,2024,nonscience_examinee_passed,15,58
ssc,132066,2025,nonscience_examinee_total,,107
ssc,132066,2025,nonscience_examinee_passed,,81
ssc,132066,2025,nonscience_avg_gpa,2.54,2.52
ssc,132066,2026,nonscience_examinee_total,33,62
ssc,132066,2026,nonscience_examinee_passed,31,50
ssc,136991,2017,science_examinee_total,,10
ssc,136991,2017,science_examinee_passed,,10
ssc,136991,2017,nonscience_examinee_total,,38
ssc,136991,2017,nonscience_examinee_passed,,35
ssc,136991,2018,nonscience_examinee_total,,29
ssc,136991,2018,nonscience_examinee_passed,,28
ssc,136991,2019,nonscience_examinee_total,,41
ssc,136991,2019,nonscience_examinee_passed,,37
ssc,136991,2020,nonscience_examinee_total,,51
ssc,136991,2020,nonscience_examinee_passed,,47
ssc,136991,2021,science_avg_gpa,4.46,4.37
ssc,136991,2021,nonscience_examinee_total,50,85
ssc,136991,2021,nonscience_examinee_passed,47,81
ssc,136991,2021,nonscience_avg_gpa,3.59,3.5
ssc,136991,2022,nonscience_examinee_total,53,104
ssc,136991,2022,nonscience_examinee_passed,49,90
ssc,136991,2022,nonscience_avg_gpa,3.36,3.23
ssc,136991,2023,nonscience_examinee_total,,96
ssc,136991,2023,nonscience_examinee_passed,,76
ssc,136991,2023,nonscience_avg_gpa,2.77,2.72
ssc,136991,2024,nonscience_examinee_total,,64
ssc,136991,2024,nonscience_examinee_passed,,51
ssc,136991,2025,nonscience_examinee_total,,101
ssc,136991,2025,nonscience_examinee_passed,,73
ssc,136991,2026,nonscience_examinee_total,,67
ssc,136991,2026,nonscience_examinee_passed,,54
ssc,137730,2019,nonscience_examinee_total,,65
ssc,137730,2019,nonscience_examinee_passed,,61
ssc,137730,2020,nonscience_examinee_total,42,76
ssc,137730,2020,nonscience_examinee_passed,41,75
ssc,137730,2022,nonscience_examinee_total,27,80
ssc,137730,2022,nonscience_examinee_passed,27,75
ssc,137730,2023,nonscience_examinee_total,36,80
ssc,137730,2023,nonscience_examinee_passed,36,75
ssc,137730,2025,science_avg_gpa,3.55,3.48
ssc,137730,2025,nonscience_examinee_total,49,94
ssc,137730,2025,nonscience_examinee_passed,42,70
ssc,108376,2011,nonscience_examinee_total,109,134
ssc,108376,2011,nonscience_examinee_passed,109,134
ssc,108376,2012,nonscience_avg_gpa,4.39,4.36
ssc,108376,2013,nonscience_examinee_total,129,161
ssc,108376,2013,nonscience_examinee_passed,127,156
ssc,108376,2013,nonscience_avg_gpa,4.1,4.08
ssc,108376,2014,nonscience_examinee_total,188,190
ssc,108376,2014,nonscience_examinee_passed,188,190
ssc,108376,2015,nonscience_examinee_total,124,145
ssc,108376,2015,nonscience_examinee_passed,124,145
ssc,108376,2016,nonscience_examinee_total,103,104
ssc,108376,2016,nonscience_examinee_passed,103,104
ssc,108376,2022,nonscience_avg_gpa,4.41,4.31
ssc,108376,2023,nonscience_avg_gpa,3.6,3.54
ssc,108376,2025,science_avg_gpa,4.17,4.14
ssc,108376,2026,science_avg_gpa,4.14,4.12
ssc,108488,2011,nonscience_avg_gpa,4.18,4.14
ssc,108488,2012,science_avg_gpa,4.48,4.42
ssc,108488,2012,nonscience_examinee_total,105,137
ssc,108488,2012,nonscience_examinee_passed,103,134
ssc,108488,2012,nonscience_avg_gpa,3.88,3.85
ssc,108488,2013,nonscience_examinee_total,119,139
ssc,108488,2013,nonscience_examinee_passed,119,139
ssc,108488,2014,nonscience_examinee_total,146,165
ssc,108488,2014,nonscience_examinee_passed,145,162
ssc,108488,2016,nonscience_examinee_total,118,136
ssc,108488,2016,nonscience_examinee_passed,108,123
ssc,108488,2017,nonscience_avg_gpa,4.23,4.2
ssc,108488,2018,nonscience_examinee_total,116,139
ssc,108488,2018,nonscience_examinee_passed,113,132
ssc,108488,2018,nonscience_avg_gpa,3.93,3.91
ssc,108488,2021,science_avg_gpa,4.82,4.78
ssc,108488,2024,nonscience_avg_gpa,3.94,3.91
ssc,108488,2025,nonscience_avg_gpa,3.41,3.38
ssc,108488,2026,nonscience_avg_gpa,3.76,3.73
ssc,108124,2015,nonscience_avg_gpa,4.15,4.11
ssc,108124,2016,nonscience_avg_gpa,4.16,4.12
ssc,108124,2024,nonscience_avg_gpa,4.26,4.23
ssc,108124,2026,nonscience_avg_gpa,3.93,3.9
ssc,108163,2011,nonscience_examinee_total,140,239
ssc,108163,2011,nonscience_examinee_passed,125,192
ssc,108163,2012,nonscience_examinee_total,135,249
ssc,108163,2012,nonscience_examinee_passed,127,222
ssc,108163,2014,science_avg_gpa,4.14,4.09
ssc,108163,2014,nonscience_examinee_total,163,240
ssc,108163,2014,nonscience_examinee_passed,163,236
ssc,108163,2015,nonscience_examinee_total,,256
ssc,108163,2015,nonscience_examinee_passed,,234
ssc,108163,2016,nonscience_examinee_total,187,247
ssc,108163,2016,nonscience_examinee_passed,152,205
ssc,108163,2017,nonscience_examinee_total,,232
ssc,108163,2017,nonscience_examinee_passed,,215
ssc,108163,2018,science_avg_gpa,3.87,3.81
ssc,108163,2019,nonscience_examinee_total,134,243
ssc,108163,2019,nonscience_examinee_passed,109,193
ssc,108163,2019,nonscience_avg_gpa,2.71,2.68
ssc,108163,2020,nonscience_examinee_total,135,258
ssc,108163,2020,nonscience_examinee_passed,117,215
ssc,108163,2020,nonscience_avg_gpa,2.98,2.96
ssc,108163,2021,nonscience_avg_gpa,3.51,3.44
ssc,108163,2022,science_avg_gpa,4.27,4.24
ssc,108163,2024,nonscience_examinee_total,147,310
ssc,108163,2024,nonscience_examinee_passed,129,250
ssc,108163,2025,science_avg_gpa,2.83,2.81
ssc,108163,2025,nonscience_avg_gpa,1.75,1.73
ssc,108163,2026,nonscience_examinee_total,146,305
ssc,108163,2026,nonscience_examinee_passed,120,222
ssc,108163,2026,nonscience_avg_gpa,2.47,2.45
ssc,132081,2011,nonscience_examinee_total,66,92
ssc,132081,2011,nonscience_examinee_passed,62,76
ssc,132081,2012,science_avg_gpa,4.21,4.11
ssc,132081,2012,nonscience_examinee_total,,104
ssc,132081,2012,nonscience_examinee_passed,,99
ssc,132081,2013,nonscience_examinee_total,72,110
ssc,132081,2013,nonscience_examinee_passed,72,110
ssc,132081,2015,nonscience_examinee_total,,88
ssc,132081,2015,nonscience_examinee_passed,,83
ssc,132081,2016,nonscience_examinee_total,,77
ssc,132081,2016,nonscience_examinee_passed,,76
ssc,132081,2017,nonscience_examinee_total,,52
ssc,132081,2017,nonscience_examinee_passed,,51
ssc,132081,2018,nonscience_examinee_total,,103
ssc,132081,2018,nonscience_examinee_passed,,93
ssc,132081,2019,nonscience_examinee_total,68,135
ssc,132081,2019,nonscience_examinee_passed,56,91
ssc,132081,2020,nonscience_examinee_total,88,190
ssc,132081,2020,nonscience_examinee_passed,87,180
ssc,132081,2021,science_avg_gpa,4.22,4.17
ssc,132081,2021,nonscience_examinee_total,88,198
ssc,132081,2021,nonscience_examinee_passed,87,185
ssc,132081,2021,nonscience_avg_gpa,3.29,3.22
ssc,132081,2023,nonscience_examinee_total,92,161
ssc,132081,2023,nonscience_examinee_passed,75,122
ssc,132081,2023,nonscience_avg_gpa,2.66,2.64
ssc,132081,2024,science_avg_gpa,4.41,4.36
ssc,132081,2024,nonscience_examinee_total,,178
ssc,132081,2024,nonscience_examinee_passed,,158
ssc,132081,2025,nonscience_examinee_total,,175
ssc,132081,2025,nonscience_examinee_passed,,117
ssc,132081,2025,nonscience_avg_gpa,2.36,2.34
ssc,132081,2026,nonscience_examinee_total,87,162
ssc,132081,2026,nonscience_examinee_passed,39,100
ssc,108264,2017,science_avg_gpa,4.9,4.84
ssc,108264,2019,nonscience_examinee_total,,72
ssc,108264,2019,nonscience_examinee_passed,,72
ssc,108264,2021,science_avg_gpa,4.94,4.89
ssc,108264,2021,nonscience_examinee_total,135,168
ssc,108264,2021,nonscience_examinee_passed,135,168
ssc,108264,2023,science_avg_gpa,4.68,4.66
ssc,108264,2023,nonscience_avg_gpa,3.9,3.83
ssc,108264,2024,science_avg_gpa,4.69,4.67
ssc,108264,2024,nonscience_examinee_total,104,116
ssc,108264,2024,nonscience_examinee_passed,93,104
ssc,108264,2025,science_avg_gpa,4.71,4.68
ssc,108264,2025,nonscience_examinee_total,108,145
ssc,108264,2025,nonscience_examinee_passed,96,125
ssc,108264,2026,nonscience_avg_gpa,3.62,3.59
ssc,108239,2011,science_examinee_total,,10
ssc,108239,2011,science_examinee_passed,,10
ssc,108239,2011,nonscience_examinee_total,,18
ssc,108239,2011,nonscience_examinee_passed,,15
ssc,108239,2012,nonscience_examinee_total,,27
ssc,108239,2012,nonscience_examinee_passed,,26
ssc,108239,2013,nonscience_examinee_total,,10
ssc,108239,2013,nonscience_examinee_passed,,9
ssc,108239,2014,science_examinee_total,,10
ssc,108239,2014,science_examinee_passed,,10
ssc,108239,2014,nonscience_examinee_total,,24
ssc,108239,2014,nonscience_examinee_passed,,24
ssc,108239,2015,nonscience_examinee_total,,28
ssc,108239,2015,nonscience_examinee_passed,,24
ssc,108239,2016,nonscience_examinee_total,,21
ssc,108239,2016,nonscience_examinee_passed,,16
ssc,108239,2016,nonscience_avg_gpa,2.69,2.57
ssc,108239,2017,nonscience_examinee_total,,26
ssc,108239,2017,nonscience_examinee_passed,,23
ssc,108239,2018,nonscience_examinee_total,29,31
ssc,108239,2018,nonscience_examinee_passed,28,30
ssc,108239,2019,nonscience_examinee_total,,39
ssc,108239,2019,nonscience_examinee_passed,,29
ssc,108239,2020,nonscience_examinee_total,,35
ssc,108239,2020,nonscience_examinee_passed,,24
ssc,108239,2020,nonscience_avg_gpa,2.18,2.12
ssc,108239,2021,nonscience_examinee_total,,40
ssc,108239,2021,nonscience_examinee_passed,,36
ssc,108239,2021,nonscience_avg_gpa,2.99,2.92
ssc,108239,2022,science_examinee_total,,13
ssc,108239,2022,science_examinee_passed,,13
ssc,108239,2022,nonscience_examinee_total,,35
ssc,108239,2022,nonscience_examinee_passed,,24
ssc,108239,2023,nonscience_examinee_total,,36
ssc,108239,2023,nonscience_examinee_passed,,28
ssc,108239,2024,nonscience_examinee_total,,36
ssc,108239,2024,nonscience_examinee_passed,,30
ssc,108239,2025,nonscience_examinee_total,,31
ssc,108239,2025,nonscience_examinee_passed,,30
ssc,108239,2026,nonscience_examinee_total,,27
ssc,108239,2026,nonscience_examinee_passed,,27
ssc,108261,2011,nonscience_examinee_total,,59
ssc,108261,2011,nonscience_examinee_passed,,43
ssc,108261,2012,science_examinee_total,,25
ssc,108261,2012,science_examinee_passed,,22
ssc,108261,2012,nonscience_examinee_total,,44
ssc,108261,2012,nonscience_examinee_passed,,35
ssc,108261,2012,nonscience_avg_gpa,2.47,2.42
ssc,108261,2013,science_examinee_total,,9
ssc,108261,2013,science_examinee_passed,,6
ssc,108261,2013,nonscience_examinee_total,,28
ssc,108261,2013,nonscience_examinee_passed,,28
ssc,108261,2014,science_examinee_total,,24
ssc,108261,2014,science_examinee_passed,,23
ssc,108261,2014,nonscience_examinee_total,52,53
ssc,108261,2014,nonscience_examinee_passed,51,52
ssc,108261,2015,science_examinee_total,,13
ssc,108261,2015,science_examinee_passed,,13
ssc,108261,2015,nonscience_examinee_total,,22
ssc,108261,2015,nonscience_examinee_passed,,17
ssc,108261,2016,science_examinee_total,,17
ssc,108261,2016,science_examinee_passed,,16
ssc,108261,2016,science_avg_gpa,4.03,3.79
ssc,108261,2016,nonscience_examinee_total,,30
ssc,108261,2016,nonscience_examinee_passed,,9
ssc,108261,2016,nonscience_avg_gpa,0.97,0.9
ssc,108261,2017,nonscience_examinee_total,,47
ssc,108261,2017,nonscience_examinee_passed,,40
ssc,108261,2017,nonscience_avg_gpa,2.95,2.89
ssc,108261,2018,science_examinee_total,,16
ssc,108261,2018,science_examinee_passed,,16
ssc,108261,2018,nonscience_examinee_total,,29
ssc,108261,2018,nonscience_examinee_passed,,23
ssc,108261,2019,science_examinee_total,,21
ssc,108261,2019,science_examinee_passed,,19
ssc,108261,2019,nonscience_examinee_total,,39
ssc,108261,2019,nonscience_examinee_passed,,26
ssc,108261,2019,nonscience_avg_gpa,2.24,2.19
ssc,108261,2020,science_avg_gpa,4.09,3.75
ssc,108261,2020,nonscience_examinee_total,,20
ssc,108261,2020,nonscience_examinee_passed,,18
ssc,108261,2021,nonscience_examinee_total,,59
ssc,108261,2021,nonscience_examinee_passed,,52
ssc,108261,2022,nonscience_examinee_total,,45
ssc,108261,2022,nonscience_examinee_passed,,34
ssc,108261,2023,science_avg_gpa,3.33,3.18
ssc,108261,2023,nonscience_examinee_total,,41
ssc,108261,2023,nonscience_examinee_passed,,29
ssc,108261,2024,nonscience_examinee_total,25,29
ssc,108261,2024,nonscience_examinee_passed,17,19
ssc,108261,2025,science_examinee_total,,32
ssc,108261,2025,science_examinee_passed,,23
ssc,108261,2025,nonscience_examinee_total,,55
ssc,108261,2025,nonscience_examinee_passed,,29
ssc,108261,2026,science_examinee_total,,23
ssc,108261,2026,science_examinee_passed,,21
ssc,108261,2026,nonscience_examinee_total,,30
ssc,108261,2026,nonscience_examinee_passed,,21
ssc,136993,2017,nonscience_examinee_total,,45
ssc,136993,2017,nonscience_examinee_passed,,35
ssc,136993,2018,nonscience_examinee_total,,40
ssc,136993,2018,nonscience_examinee_passed,,39
ssc,136993,2019,nonscience_examinee_total,,47
ssc,136993,2019,nonscience_examinee_passed,,41
ssc,136993,2020,nonscience_avg_gpa,3.92,3.86
ssc,136993,2021,nonscience_avg_gpa,4.28,4.16
ssc,136993,2023,nonscience_examinee_total,80,124
ssc,136993,2023,nonscience_examinee_passed,68,106
ssc,136993,2024,nonscience_examinee_total,69,127
ssc,136993,2024,nonscience_examinee_passed,62,115
ssc,136993,2024,nonscience_avg_gpa,3.57,3.54
ssc,136993,2025,science_avg_gpa,4.51,4.43
ssc,136993,2025,nonscience_examinee_total,,140
ssc,136993,2025,nonscience_examinee_passed,,119
ssc,136993,2025,nonscience_avg_gpa,3.11,3.08
ssc,136993,2026,nonscience_examinee_total,56,95
ssc,136993,2026,nonscience_examinee_passed,53,78
ssc,108232,2015,science_avg_gpa,4.59,4.56
ssc,108232,2016,science_avg_gpa,4.38,4.36
ssc,108232,2017,science_avg_gpa,4.55,4.51
ssc,108232,2019,nonscience_examinee_total,,109
ssc,108232,2019,nonscience_examinee_passed,,99
ssc,108232,2020,science_avg_gpa,4.47,4.45
ssc,108232,2020,nonscience_examinee_total,,77
ssc,108232,2020,nonscience_examinee_passed,,71
ssc,108232,2021,nonscience_avg_gpa,3.71,3.65
ssc,108232,2022,science_avg_gpa,4.59,4.55
ssc,108232,2024,science_avg_gpa,4.57,4.55
ssc,108232,2024,nonscience_avg_gpa,3.41,3.37
ssc,108232,2026,science_avg_gpa,3.96,3.94
ssc,108232,2026,nonscience_examinee_total,,149
ssc,108232,2026,nonscience_examinee_passed,,99
ssc,108580,2012,nonscience_avg_gpa,4.76,4.71
ssc,108580,2014,nonscience_avg_gpa,4.96,4.9
ssc,108580,2019,science_avg_gpa,4.84,4.82
ssc,108580,2025,science_avg_gpa,4.76,4.74
ssc,132088,2014,science_avg_gpa,5,4.98
ssc,132088,2019,science_avg_gpa,4.79,4.77
ssc,132088,2019,nonscience_examinee_total,,60
ssc,132088,2019,nonscience_examinee_passed,,60
ssc,132088,2021,science_avg_gpa,4.9,4.87
ssc,132088,2023,nonscience_avg_gpa,3.77,3.71
ssc,132088,2026,science_avg_gpa,4.33,4.31
ssc,132088,2026,nonscience_avg_gpa,3.68,3.52
ssc,107962,2013,nonscience_examinee_total,,9
ssc,107962,2013,nonscience_examinee_passed,,8
ssc,107962,2015,nonscience_examinee_total,,14
ssc,107962,2015,nonscience_examinee_passed,,14
ssc,107962,2017,nonscience_examinee_total,,21
ssc,107962,2017,nonscience_examinee_passed,,13
ssc,107962,2018,nonscience_examinee_total,,8
ssc,107962,2018,nonscience_examinee_passed,,8
ssc,107962,2019,nonscience_examinee_total,,7
ssc,107962,2019,nonscience_examinee_passed,,5
ssc,107962,2023,science_avg_gpa,4.75,4.71
ssc,107962,2024,science_avg_gpa,4.72,4.68
ssc,107962,2025,science_avg_gpa,4.61,4.57
ssc,107962,2025,nonscience_examinee_total,,31
ssc,107962,2025,nonscience_examinee_passed,,27
ssc,107962,2026,science_avg_gpa,4.5,4.47
ssc,108168,2011,nonscience_examinee_total,178,188
ssc,108168,2011,nonscience_examinee_passed,153,162
ssc,108168,2012,nonscience_examinee_total,175,189
ssc,108168,2012,nonscience_examinee_passed,142,153
ssc,108168,2013,science_avg_gpa,3.89,3.76
ssc,108168,2013,nonscience_examinee_total,,198
ssc,108168,2013,nonscience_examinee_passed,,174
ssc,108168,2013,nonscience_avg_gpa,3.14,3.12
ssc,108168,2014,nonscience_examinee_total,179,191
ssc,108168,2014,nonscience_examinee_passed,158,168
ssc,108168,2015,nonscience_examinee_total,,144
ssc,108168,2015,nonscience_examinee_passed,,114
ssc,108168,2016,nonscience_examinee_total,200,221
ssc,108168,2016,nonscience_examinee_passed,180,193
ssc,108168,2017,nonscience_examinee_total,211,239
ssc,108168,2017,nonscience_examinee_passed,178,193
ssc,108168,2018,nonscience_examinee_total,237,290
ssc,108168,2018,nonscience_examinee_passed,207,253
ssc,108168,2019,nonscience_examinee_total,,275
ssc,108168,2019,nonscience_examinee_passed,,165
ssc,108168,2020,nonscience_examinee_total,,275
ssc,108168,2020,nonscience_examinee_passed,,198
ssc,108168,2022,nonscience_examinee_total,128,163
ssc,108168,2022,nonscience_examinee_passed,109,130
ssc,108168,2023,nonscience_examinee_total,,112
ssc,108168,2023,nonscience_examinee_passed,,82
ssc,108168,2024,nonscience_examinee_total,113,141
ssc,108168,2024,nonscience_examinee_passed,79,93
ssc,108168,2025,nonscience_examinee_total,103,137
ssc,108168,2025,nonscience_examinee_passed,77,80
ssc,108168,2026,nonscience_examinee_total,51,91
ssc,108168,2026,nonscience_examinee_passed,43,68
ssc,108168,2026,nonscience_avg_gpa,2.52,2.49
ssc,136583,2016,nonscience_examinee_total,,22
ssc,136583,2016,nonscience_examinee_passed,,22
ssc,136583,2017,nonscience_examinee_total,,55
ssc,136583,2017,nonscience_examinee_passed,,55
ssc,136583,2019,nonscience_examinee_total,,61
ssc,136583,2019,nonscience_examinee_passed,,54
ssc,136583,2021,nonscience_avg_gpa,4.05,3.99
ssc,136583,2023,nonscience_avg_gpa,4.08,4.02
ssc,136583,2024,science_avg_gpa,4.5,4.43
ssc,136583,2024,nonscience_examinee_total,,54
ssc,136583,2024,nonscience_examinee_passed,,46
ssc,136583,2026,nonscience_examinee_total,,39
ssc,136583,2026,nonscience_examinee_passed,,35
ssc,108268,2011,nonscience_examinee_total,,32
ssc,108268,2011,nonscience_examinee_passed,,12
ssc,108268,2012,nonscience_examinee_total,,46
ssc,108268,2012,nonscience_examinee_passed,,45
ssc,108268,2013,nonscience_examinee_total,,23
ssc,108268,2013,nonscience_examinee_passed,,21
ssc,108268,2013,nonscience_avg_gpa,3.09,2.95
ssc,108268,2014,nonscience_examinee_total,,21
ssc,108268,2014,nonscience_examinee_passed,,21
ssc,108268,2015,nonscience_examinee_total,,15
ssc,108268,2015,nonscience_examinee_passed,,15
ssc,108268,2016,nonscience_examinee_total,,20
ssc,108268,2016,nonscience_examinee_passed,,18
ssc,108268,2016,nonscience_avg_gpa,4.65,4.19
ssc,108268,2018,nonscience_examinee_total,,30
ssc,108268,2018,nonscience_examinee_passed,,30
ssc,108268,2019,nonscience_examinee_total,,23
ssc,108268,2019,nonscience_examinee_passed,,22
ssc,108268,2020,nonscience_examinee_total,,30
ssc,108268,2020,nonscience_examinee_passed,,29
ssc,108268,2020,nonscience_avg_gpa,3.47,3.35
ssc,108268,2021,nonscience_examinee_total,,44
ssc,108268,2021,nonscience_examinee_passed,,41
ssc,108268,2021,nonscience_avg_gpa,3.6,3.35
ssc,108268,2022,nonscience_examinee_total,,37
ssc,108268,2022,nonscience_examinee_passed,,29
ssc,108268,2022,nonscience_avg_gpa,2.93,2.85
ssc,108268,2023,nonscience_examinee_total,,42
ssc,108268,2023,nonscience_examinee_passed,,42
ssc,108268,2024,nonscience_examinee_total,,42
ssc,108268,2024,nonscience_examinee_passed,,42
ssc,108268,2025,nonscience_examinee_total,,24
ssc,108268,2025,nonscience_examinee_passed,,23
ssc,108268,2025,nonscience_avg_gpa,3.93,3.77
ssc,108268,2026,nonscience_examinee_total,,39
ssc,108268,2026,nonscience_examinee_passed,,39
ssc,132200,2012,nonscience_examinee_total,69,104
ssc,132200,2012,nonscience_examinee_passed,66,100
ssc,132200,2013,nonscience_examinee_total,55,60
ssc,132200,2013,nonscience_examinee_passed,55,59
ssc,132200,2014,nonscience_examinee_total,69,88
ssc,132200,2014,nonscience_examinee_passed,68,87
ssc,132200,2015,nonscience_examinee_total,,68
ssc,132200,2015,nonscience_examinee_passed,,49
ssc,132200,2016,nonscience_examinee_total,,105
ssc,132200,2016,nonscience_examinee_passed,,86
ssc,132200,2017,nonscience_examinee_total,,113
ssc,132200,2017,nonscience_examinee_passed,,108
ssc,132200,2018,nonscience_examinee_total,,112
ssc,132200,2018,nonscience_examinee_passed,,65
ssc,132200,2019,nonscience_examinee_total,,118
ssc,132200,2019,nonscience_examinee_passed,,106
ssc,132200,2020,nonscience_examinee_total,,118
ssc,132200,2020,nonscience_examinee_passed,,76
ssc,132200,2020,nonscience_avg_gpa,2.14,2.12
ssc,132200,2021,science_avg_gpa,4.52,4.47
ssc,132200,2021,nonscience_examinee_total,39,163
ssc,132200,2021,nonscience_examinee_passed,37,157
ssc,132200,2021,nonscience_avg_gpa,3.34,3.32
ssc,132200,2023,science_avg_gpa,4.3,4.2
ssc,132200,2023,nonscience_examinee_total,19,75
ssc,132200,2023,nonscience_examinee_passed,13,58
ssc,132200,2024,science_avg_gpa,3.21,3.18
ssc,132200,2024,nonscience_examinee_total,100,136
ssc,132200,2024,nonscience_examinee_passed,79,104
ssc,132200,2025,science_avg_gpa,2.73,2.68
ssc,132200,2025,nonscience_examinee_total,,185
ssc,132200,2025,nonscience_examinee_passed,,82
ssc,132200,2026,nonscience_examinee_total,114,153
ssc,132200,2026,nonscience_examinee_passed,69,82
ssc,132200,2026,nonscience_avg_gpa,1.77,1.73
ssc,138578,2023,science_avg_gpa,4.91,4.83
ssc,138578,2024,nonscience_examinee_total,,4
ssc,138578,2024,nonscience_examinee_passed,,4
ssc,138578,2025,nonscience_avg_gpa,3.73,3.67
ssc,138578,2026,science_avg_gpa,4.38,4.33
ssc,138578,2026,nonscience_examinee_total,,32
ssc,138578,2026,nonscience_examinee_passed,,22
ssc,108185,2012,science_avg_gpa,4.71,4.67
ssc,108185,2018,nonscience_avg_gpa,3.99,3.97
ssc,108185,2020,science_avg_gpa,4.39,4.36
ssc,108185,2021,science_avg_gpa,4.6,4.57
ssc,108185,2022,science_avg_gpa,4.9,4.82
ssc,108185,2022,nonscience_avg_gpa,4.01,3.98
ssc,108185,2023,nonscience_examinee_total,126,175
ssc,108185,2023,nonscience_examinee_passed,122,169
ssc,108185,2023,nonscience_avg_gpa,4.01,3.99
ssc,108185,2025,nonscience_avg_gpa,3.2,3.18
ssc,108185,2026,science_avg_gpa,4.09,4.05
ssc,107960,2015,science_avg_gpa,4.88,4.86
ssc,107960,2018,nonscience_examinee_total,,22
ssc,107960,2018,nonscience_examinee_passed,,22
ssc,107960,2019,nonscience_examinee_total,,24
ssc,107960,2019,nonscience_examinee_passed,,20
ssc,107960,2020,nonscience_examinee_total,,20
ssc,107960,2020,nonscience_examinee_passed,,19
ssc,107960,2021,science_avg_gpa,4.78,4.76
ssc,107960,2024,science_avg_gpa,4.48,4.46
ssc,107960,2024,nonscience_avg_gpa,3.54,3.46
ssc,107960,2025,nonscience_examinee_total,,58
ssc,107960,2025,nonscience_examinee_passed,,40
ssc,107960,2025,nonscience_avg_gpa,2.42,2.38
ssc,107960,2026,science_avg_gpa,4.15,4.1
ssc,107960,2026,nonscience_avg_gpa,2.85,2.78
ssc,108519,2011,nonscience_examinee_total,118,123
ssc,108519,2011,nonscience_examinee_passed,106,110
ssc,108519,2012,nonscience_examinee_total,151,152
ssc,108519,2012,nonscience_examinee_passed,140,141
ssc,108519,2013,science_avg_gpa,4.32,4.22
ssc,108519,2014,nonscience_examinee_total,,155
ssc,108519,2014,nonscience_examinee_passed,,145
ssc,108519,2014,nonscience_avg_gpa,3.48,3.46
ssc,108519,2015,nonscience_examinee_total,,131
ssc,108519,2015,nonscience_examinee_passed,,118
ssc,108519,2016,nonscience_examinee_total,,160
ssc,108519,2016,nonscience_examinee_passed,,112
ssc,108519,2016,nonscience_avg_gpa,2.59,2.57
ssc,108519,2017,nonscience_examinee_total,148,171
ssc,108519,2017,nonscience_examinee_passed,120,140
ssc,108519,2018,nonscience_examinee_total,,151
ssc,108519,2018,nonscience_examinee_passed,,138
ssc,108519,2018,nonscience_avg_gpa,3.25,3.23
ssc,108519,2019,nonscience_examinee_total,,118
ssc,108519,2019,nonscience_examinee_passed,,104
ssc,108519,2020,nonscience_examinee_total,,114
ssc,108519,2020,nonscience_examinee_passed,,79
ssc,108519,2021,science_avg_gpa,3.97,3.93
ssc,108519,2021,nonscience_examinee_total,13,170
ssc,108519,2021,nonscience_examinee_passed,13,161
ssc,108519,2022,science_avg_gpa,4.1,4.05
ssc,108519,2022,nonscience_examinee_total,134,156
ssc,108519,2022,nonscience_examinee_passed,116,136
ssc,108519,2022,nonscience_avg_gpa,3.3,3.28
ssc,108519,2023,nonscience_examinee_total,,118
ssc,108519,2023,nonscience_examinee_passed,,78
ssc,108519,2023,nonscience_avg_gpa,2.24,2.22
ssc,108519,2024,science_avg_gpa,3.66,3.63
ssc,108519,2025,nonscience_examinee_total,,127
ssc,108519,2025,nonscience_examinee_passed,,63
ssc,108519,2026,nonscience_examinee_total,,142
ssc,108519,2026,nonscience_examinee_passed,,105
ssc,108241,2013,nonscience_avg_gpa,4.25,4.18
ssc,108241,2014,science_avg_gpa,4.87,4.83
ssc,108241,2014,nonscience_examinee_total,106,113
ssc,108241,2014,nonscience_examinee_passed,102,109
ssc,108241,2014,nonscience_avg_gpa,4.22,4.18
ssc,108241,2019,nonscience_examinee_total,,41
ssc,108241,2019,nonscience_examinee_passed,,34
ssc,108241,2020,nonscience_examinee_total,,64
ssc,108241,2020,nonscience_examinee_passed,,59
ssc,108241,2021,science_avg_gpa,4.85,4.77
ssc,108241,2021,nonscience_avg_gpa,3.9,3.86
ssc,108241,2022,science_avg_gpa,4.91,4.87
ssc,108241,2022,nonscience_avg_gpa,4.17,4.1
ssc,108241,2023,science_avg_gpa,4.33,4.31
ssc,108241,2024,science_avg_gpa,4.64,4.61
ssc,108518,2011,nonscience_avg_gpa,4.65,4.56
ssc,108518,2012,nonscience_examinee_total,118,126
ssc,108518,2012,nonscience_examinee_passed,117,124
ssc,108518,2014,nonscience_examinee_total,91,107
ssc,108518,2014,nonscience_examinee_passed,90,106
ssc,108518,2014,nonscience_avg_gpa,4.58,4.54
ssc,108518,2018,nonscience_examinee_total,71,86
ssc,108518,2018,nonscience_examinee_passed,70,85
ssc,108518,2021,nonscience_examinee_total,48,62
ssc,108518,2021,nonscience_examinee_passed,47,61
ssc,108518,2021,nonscience_avg_gpa,4.25,4.18
ssc,108518,2022,science_avg_gpa,4.74,4.71
ssc,108518,2022,nonscience_examinee_total,69,77
ssc,108518,2022,nonscience_examinee_passed,63,70
ssc,108518,2022,nonscience_avg_gpa,4.03,3.98
ssc,108518,2025,nonscience_examinee_total,67,87
ssc,108518,2025,nonscience_examinee_passed,62,79
ssc,108518,2025,nonscience_avg_gpa,3.63,3.59
ssc,108518,2026,nonscience_avg_gpa,3.43,3.36
ssc,137000,2017,nonscience_examinee_total,,28
ssc,137000,2017,nonscience_examinee_passed,,28
ssc,137000,2018,nonscience_examinee_total,,50
ssc,137000,2018,nonscience_examinee_passed,,43
ssc,137000,2023,science_avg_gpa,4.92,4.87
ssc,137000,2026,nonscience_avg_gpa,3.44,3.36
ssc,108492,2015,nonscience_examinee_total,,60
ssc,108492,2015,nonscience_examinee_passed,,56
ssc,108492,2017,nonscience_examinee_total,,64
ssc,108492,2017,nonscience_examinee_passed,,62
ssc,108492,2018,nonscience_examinee_total,,54
ssc,108492,2018,nonscience_examinee_passed,,54
ssc,108492,2019,nonscience_examinee_total,,49
ssc,108492,2019,nonscience_examinee_passed,,43
ssc,108492,2020,nonscience_examinee_total,,62
ssc,108492,2020,nonscience_examinee_passed,,60
ssc,108492,2025,nonscience_examinee_total,,80
ssc,108492,2025,nonscience_examinee_passed,,70
ssc,108486,2011,science_examinee_total,,18
ssc,108486,2011,science_examinee_passed,,14
ssc,108486,2011,nonscience_examinee_total,,52
ssc,108486,2011,nonscience_examinee_passed,,30
ssc,108486,2012,science_examinee_total,,16
ssc,108486,2012,science_examinee_passed,,15
ssc,108486,2012,nonscience_examinee_total,,65
ssc,108486,2012,nonscience_examinee_passed,,46
ssc,108486,2012,nonscience_avg_gpa,2.32,2.28
ssc,108486,2014,nonscience_examinee_total,41,46
ssc,108486,2014,nonscience_examinee_passed,38,43
ssc,108486,2014,nonscience_avg_gpa,3.53,3.38
ssc,108486,2015,nonscience_examinee_total,,55
ssc,108486,2015,nonscience_examinee_passed,,38
ssc,108486,2016,nonscience_examinee_total,,54
ssc,108486,2016,nonscience_examinee_passed,,49
ssc,108486,2016,nonscience_avg_gpa,2.93,2.87
ssc,108486,2018,nonscience_examinee_total,,46
ssc,108486,2018,nonscience_examinee_passed,,40
ssc,108486,2019,science_examinee_total,,22
ssc,108486,2019,science_examinee_passed,,22
ssc,108486,2019,nonscience_examinee_total,,50
ssc,108486,2019,nonscience_examinee_passed,,48
ssc,108486,2021,science_examinee_total,,27
ssc,108486,2021,science_examinee_passed,,27
ssc,108486,2021,nonscience_examinee_total,,43
ssc,108486,2021,nonscience_examinee_passed,,43
ssc,108486,2022,nonscience_examinee_total,24,36
ssc,108486,2022,nonscience_examinee_passed,23,32
ssc,108486,2022,nonscience_avg_gpa,3.89,3.67
ssc,108486,2023,nonscience_examinee_total,,45
ssc,108486,2023,nonscience_examinee_passed,,38
ssc,108486,2023,nonscience_avg_gpa,3.34,3.12
ssc,108486,2024,nonscience_examinee_total,33,48
ssc,108486,2024,nonscience_examinee_passed,30,43
ssc,108486,2025,science_avg_gpa,3.87,3.73
ssc,108486,2025,nonscience_examinee_total,,45
ssc,108486,2025,nonscience_examinee_passed,,39
ssc,108486,2026,nonscience_examinee_total,,59
ssc,108486,2026,nonscience_examinee_passed,,42
ssc,108504,2011,nonscience_avg_gpa,4.33,4.3
ssc,108504,2013,nonscience_examinee_total,118,121
ssc,108504,2013,nonscience_examinee_passed,118,121
ssc,108504,2014,science_avg_gpa,4.83,4.79
ssc,108504,2015,science_avg_gpa,4.92,4.89
ssc,108504,2017,nonscience_examinee_total,122,130
ssc,108504,2017,nonscience_examinee_passed,119,126
ssc,108504,2018,nonscience_examinee_total,100,108
ssc,108504,2018,nonscience_examinee_passed,99,105
ssc,108504,2019,nonscience_examinee_total,123,134
ssc,108504,2019,nonscience_examinee_passed,121,132
ssc,108504,2021,science_avg_gpa,4.82,4.77
ssc,108504,2021,nonscience_avg_gpa,4.44,4.4
ssc,108504,2022,science_avg_gpa,4.88,4.86
ssc,108504,2022,nonscience_avg_gpa,4.49,4.43
ssc,108504,2023,nonscience_examinee_total,74,88
ssc,108504,2023,nonscience_examinee_passed,70,84
ssc,108504,2026,science_avg_gpa,4.6,4.57
ssc,108516,2014,science_avg_gpa,4.54,4.52
ssc,108516,2015,nonscience_examinee_total,,2
ssc,108516,2015,nonscience_examinee_passed,,2
ssc,108516,2017,science_avg_gpa,4.66,4.64
ssc,108520,2011,nonscience_examinee_total,71,82
ssc,108520,2011,nonscience_examinee_passed,71,82
ssc,108520,2012,nonscience_examinee_total,85,99
ssc,108520,2012,nonscience_examinee_passed,85,99
ssc,108520,2014,science_avg_gpa,4.88,4.83
ssc,108520,2014,nonscience_examinee_total,96,104
ssc,108520,2014,nonscience_examinee_passed,96,104
ssc,108520,2017,nonscience_examinee_total,92,111
ssc,108520,2017,nonscience_examinee_passed,91,109
ssc,108520,2018,nonscience_examinee_total,83,95
ssc,108520,2018,nonscience_examinee_passed,79,90
ssc,108520,2019,nonscience_examinee_total,82,105
ssc,108520,2019,nonscience_examinee_passed,77,98
ssc,108520,2019,nonscience_avg_gpa,3.86,3.78
ssc,108520,2020,nonscience_examinee_total,102,104
ssc,108520,2020,nonscience_examinee_passed,100,102
ssc,108520,2022,science_avg_gpa,4.98,4.9
ssc,108520,2024,nonscience_avg_gpa,3.79,3.76
ssc,108520,2026,science_avg_gpa,4.46,4.43
ssc,108522,2013,nonscience_avg_gpa,3.73,3.67
ssc,108522,2014,science_avg_gpa,4.46,4.41
ssc,108522,2017,nonscience_examinee_total,95,103
ssc,108522,2017,nonscience_examinee_passed,95,103
ssc,108522,2018,nonscience_examinee_total,99,115
ssc,108522,2018,nonscience_examinee_passed,95,110
ssc,108522,2019,nonscience_examinee_total,,141
ssc,108522,2019,nonscience_examinee_passed,,138
ssc,108522,2020,nonscience_examinee_total,,112
ssc,108522,2020,nonscience_examinee_passed,,111
ssc,108522,2023,nonscience_examinee_total,107,124
ssc,108522,2023,nonscience_examinee_passed,106,121
ssc,108522,2023,nonscience_avg_gpa,3.85,3.82
ssc,108522,2024,nonscience_examinee_total,89,119
ssc,108522,2024,nonscience_examinee_passed,88,116
ssc,108522,2025,nonscience_examinee_total,109,143
ssc,108522,2025,nonscience_examinee_passed,87,114
ssc,108522,2026,nonscience_avg_gpa,3.61,3.57
ssc,108526,2011,science_examinee_total,,11
ssc,108526,2011,science_examinee_passed,,4
ssc,108526,2011,nonscience_examinee_total,39,94
ssc,108526,2011,nonscience_examinee_passed,36,82
ssc,108526,2011,nonscience_avg_gpa,3.27,3.24
ssc,108526,2012,nonscience_examinee_total,31,97
ssc,108526,2012,nonscience_examinee_passed,27,80
ssc,108526,2013,science_examinee_total,,8
ssc,108526,2013,science_examinee_passed,,6
ssc,108526,2013,nonscience_examinee_total,,57
ssc,108526,2013,nonscience_examinee_passed,,46
ssc,108526,2013,nonscience_avg_gpa,2.76,2.71
ssc,108526,2014,science_examinee_total,,6
ssc,108526,2014,science_examinee_passed,,4
ssc,108526,2014,nonscience_examinee_total,,49
ssc,108526,2014,nonscience_examinee_passed,,45
ssc,108526,2014,nonscience_avg_gpa,3.06,3.0
ssc,108526,2015,science_examinee_total,,8
ssc,108526,2015,science_examinee_passed,,8
ssc,108526,2015,nonscience_examinee_total,,61
ssc,108526,2015,nonscience_examinee_passed,,29
ssc,108526,2015,nonscience_avg_gpa,1.57,1.55
ssc,108526,2016,science_examinee_total,,26
ssc,108526,2016,science_examinee_passed,,24
ssc,108526,2016,nonscience_examinee_total,,94
ssc,108526,2016,nonscience_examinee_passed,,79
ssc,108526,2016,nonscience_avg_gpa,2.94,2.91
ssc,108526,2017,science_avg_gpa,3.61,3.39
ssc,108526,2017,nonscience_examinee_total,44,79
ssc,108526,2017,nonscience_examinee_passed,32,55
ssc,108526,2018,science_examinee_total,,24
ssc,108526,2018,science_examinee_passed,,15
ssc,108526,2018,nonscience_examinee_total,,106
ssc,108526,2018,nonscience_examinee_passed,,61
ssc,108526,2018,nonscience_avg_gpa,1.86,1.84
ssc,108526,2019,science_examinee_total,,34
ssc,108526,2019,science_examinee_passed,,27
ssc,108526,2019,nonscience_examinee_total,,118
ssc,108526,2019,nonscience_examinee_passed,,89
ssc,108526,2019,nonscience_avg_gpa,2.32,2.28
ssc,108526,2020,science_examinee_total,,20
ssc,108526,2020,science_examinee_passed,,14
ssc,108526,2020,nonscience_examinee_total,,60
ssc,108526,2020,nonscience_examinee_passed,,44
ssc,108526,2021,nonscience_examinee_total,,48
ssc,108526,2021,nonscience_examinee_passed,,43
ssc,108526,2021,nonscience_avg_gpa,2.71,2.66
ssc,108526,2022,science_examinee_total,,7
ssc,108526,2022,science_examinee_passed,,7
ssc,108526,2022,nonscience_examinee_total,,47
ssc,108526,2022,nonscience_examinee_passed,,43
ssc,108526,2023,science_examinee_total,,10
ssc,108526,2023,science_examinee_passed,,8
ssc,108526,2023,nonscience_examinee_total,,49
ssc,108526,2023,nonscience_examinee_passed,,30
ssc,108526,2024,nonscience_examinee_total,,49
ssc,108526,2024,nonscience_examinee_passed,,29
ssc,108526,2025,nonscience_examinee_total,,48
ssc,108526,2025,nonscience_examinee_passed,,14
ssc,108526,2026,nonscience_examinee_total,,69
ssc,108526,2026,nonscience_examinee_passed,,26
ssc,137729,2019,nonscience_examinee_total,,35
ssc,137729,2019,nonscience_examinee_passed,,34
ssc,137729,2020,science_avg_gpa,4.83,4.79
ssc,137729,2021,nonscience_examinee_total,,50
ssc,137729,2021,nonscience_examinee_passed,,50
ssc,137729,2026,nonscience_examinee_total,,21
ssc,137729,2026,nonscience_examinee_passed,,19
ssc,108487,2011,nonscience_examinee_total,67,76
ssc,108487,2011,nonscience_examinee_passed,66,74
ssc,108487,2012,science_avg_gpa,4.43,4.27
ssc,108487,2012,nonscience_examinee_total,85,86
ssc,108487,2012,nonscience_avg_gpa,3.84,3.75
ssc,108487,2013,nonscience_avg_gpa,3.38,3.35
ssc,108487,2014,nonscience_examinee_total,128,138
ssc,108487,2014,nonscience_examinee_passed,124,134
ssc,108487,2015,nonscience_avg_gpa,3.44,3.41
ssc,108487,2017,nonscience_examinee_total,,119
ssc,108487,2017,nonscience_examinee_passed,,115
ssc,108487,2017,nonscience_avg_gpa,3.81,3.78
ssc,108487,2018,nonscience_examinee_total,122,131
ssc,108487,2018,nonscience_examinee_passed,114,119
ssc,108487,2019,science_avg_gpa,4.35,4.27
ssc,108487,2019,nonscience_examinee_total,,150
ssc,108487,2019,nonscience_examinee_passed,,132
ssc,108487,2019,nonscience_avg_gpa,3,2.98
ssc,108487,2021,nonscience_avg_gpa,3.26,3.18
ssc,108487,2023,nonscience_examinee_total,,154
ssc,108487,2023,nonscience_examinee_passed,,139
ssc,108487,2024,science_avg_gpa,4.33,4.29
ssc,108487,2025,science_avg_gpa,3.84,3.8
ssc,108487,2025,nonscience_examinee_total,,129
ssc,108487,2025,nonscience_examinee_passed,,107
ssc,108487,2025,nonscience_avg_gpa,3.03,2.98
ssc,108487,2026,nonscience_avg_gpa,2.83,2.78
ssc,107843,2011,science_avg_gpa,4.97,4.94
ssc,107843,2015,nonscience_avg_gpa,4.53,4.48
ssc,107843,2016,science_avg_gpa,4.97,4.95
ssc,107849,2011,nonscience_examinee_total,91,100
ssc,107849,2011,nonscience_examinee_passed,91,100
ssc,107849,2012,nonscience_examinee_total,85,101
ssc,107849,2012,nonscience_examinee_passed,84,100
ssc,107849,2013,nonscience_examinee_total,123,130
ssc,107849,2013,nonscience_examinee_passed,122,129
ssc,107849,2014,science_avg_gpa,4.9,4.83
ssc,107849,2015,nonscience_examinee_total,116,117
ssc,107849,2015,nonscience_examinee_passed,114,115
ssc,107849,2019,nonscience_examinee_total,,125
ssc,107849,2019,nonscience_examinee_passed,,117
ssc,107849,2020,nonscience_examinee_total,,158
ssc,107849,2020,nonscience_examinee_passed,,146
ssc,107849,2021,nonscience_examinee_total,101,142
ssc,107849,2021,nonscience_examinee_passed,99,140
ssc,107849,2021,nonscience_avg_gpa,4.12,4.09
ssc,107849,2022,nonscience_examinee_total,94,162
ssc,107849,2022,nonscience_examinee_passed,91,158
ssc,107849,2023,nonscience_examinee_total,,137
ssc,107849,2023,nonscience_examinee_passed,,125
ssc,107849,2023,nonscience_avg_gpa,3.49,3.42
ssc,107849,2024,nonscience_examinee_total,57,89
ssc,107849,2024,nonscience_examinee_passed,56,87
ssc,107849,2026,nonscience_examinee_total,66,100
ssc,107849,2026,nonscience_examinee_passed,66,99
ssc,107859,2011,nonscience_examinee_total,108,153
ssc,107859,2011,nonscience_examinee_passed,108,153
ssc,107859,2012,nonscience_examinee_total,116,163
ssc,107859,2012,nonscience_examinee_passed,116,163
ssc,107859,2013,nonscience_examinee_total,105,159
ssc,107859,2013,nonscience_examinee_passed,105,158
ssc,107859,2015,nonscience_examinee_total,113,160
ssc,107859,2015,nonscience_examinee_passed,113,158
ssc,107859,2018,nonscience_avg_gpa,4.75,4.7
ssc,107859,2019,nonscience_examinee_total,47,59
ssc,107859,2019,nonscience_examinee_passed,47,59
ssc,107859,2020,nonscience_examinee_total,73,77
ssc,107859,2020,nonscience_examinee_passed,73,77
ssc,107860,2011,science_examinee_total,,21
ssc,107860,2011,science_examinee_passed,,19
ssc,107860,2011,nonscience_examinee_total,123,159
ssc,107860,2011,nonscience_examinee_passed,107,141
ssc,107860,2012,nonscience_examinee_total,111,140
ssc,107860,2012,nonscience_examinee_passed,98,120
ssc,107860,2012,nonscience_avg_gpa,3.22,3.19
ssc,107860,2013,nonscience_examinee_total,,104
ssc,107860,2013,nonscience_examinee_passed,,88
ssc,107860,2013,nonscience_avg_gpa,3,2.97
ssc,107860,2014,nonscience_examinee_total,,87
ssc,107860,2014,nonscience_examinee_passed,,77
ssc,107860,2015,nonscience_examinee_total,,50
ssc,107860,2015,nonscience_examinee_passed,,43
ssc,107860,2016,nonscience_examinee_total,,96
ssc,107860,2016,nonscience_examinee_passed,,86
ssc,107860,2016,nonscience_avg_gpa,3.24,3.2
ssc,107860,2017,science_avg_gpa,4.78,4.64
ssc,107860,2017,nonscience_examinee_total,,75
ssc,107860,2017,nonscience_examinee_passed,,66
ssc,107860,2018,nonscience_examinee_total,,44
ssc,107860,2018,nonscience_examinee_passed,,41
ssc,107860,2018,nonscience_avg_gpa,3.8,3.63
ssc,107860,2019,nonscience_examinee_total,,39
ssc,107860,2019,nonscience_examinee_passed,,38
ssc,107860,2020,nonscience_examinee_total,,46
ssc,107860,2020,nonscience_examinee_passed,,42
ssc,107860,2021,nonscience_examinee_total,,82
ssc,107860,2021,nonscience_examinee_passed,,79
ssc,107860,2021,nonscience_avg_gpa,3.61,3.56
ssc,107860,2023,nonscience_examinee_total,21,34
ssc,107860,2023,nonscience_examinee_passed,21,32
ssc,107860,2024,nonscience_examinee_total,,52
ssc,107860,2024,nonscience_examinee_passed,,51
ssc,107860,2025,nonscience_examinee_total,,57
ssc,107860,2025,nonscience_examinee_passed,,41
ssc,107860,2026,nonscience_examinee_total,,75
ssc,107860,2026,nonscience_examinee_passed,,74
ssc,138186,2021,science_avg_gpa,4.97,4.82
ssc,138186,2026,science_avg_gpa,4.97,4.92
ssc,133937,2022,science_avg_gpa,4.97,4.91
ssc,133988,2016,nonscience_examinee_total,,1
ssc,133988,2016,nonscience_examinee_passed,,1
ssc,133988,2017,nonscience_examinee_total,,8
ssc,133988,2017,nonscience_examinee_passed,,8
ssc,133988,2019,nonscience_examinee_total,,8
ssc,133988,2019,nonscience_examinee_passed,,8
ssc,133988,2020,nonscience_examinee_total,,15
ssc,133988,2020,nonscience_examinee_passed,,15
ssc,133988,2023,nonscience_examinee_total,,7
ssc,133988,2023,nonscience_examinee_passed,,7
ssc,132090,2012,science_avg_gpa,4.94,4.82
ssc,107848,2011,nonscience_examinee_total,110,121
ssc,107848,2011,nonscience_examinee_passed,110,121
ssc,107848,2012,nonscience_examinee_total,107,123
ssc,107848,2012,nonscience_examinee_passed,105,121
ssc,107848,2013,nonscience_avg_gpa,4.11,4.08
ssc,107848,2015,science_avg_gpa,4.92,4.86
ssc,107848,2015,nonscience_examinee_total,108,124
ssc,107848,2015,nonscience_examinee_passed,107,123
ssc,107848,2016,nonscience_examinee_total,114,124
ssc,107848,2016,nonscience_examinee_passed,114,124
ssc,107848,2017,nonscience_examinee_total,77,94
ssc,107848,2017,nonscience_examinee_passed,76,92
ssc,107848,2018,nonscience_examinee_total,111,129
ssc,107848,2018,nonscience_examinee_passed,109,125
ssc,107848,2019,nonscience_examinee_total,104,143
ssc,107848,2019,nonscience_examinee_passed,98,136
ssc,107848,2020,nonscience_avg_gpa,3.85,3.83
ssc,107848,2021,nonscience_avg_gpa,3.96,3.92
ssc,107848,2022,nonscience_avg_gpa,3.99,3.96
ssc,107848,2023,nonscience_examinee_total,70,109
ssc,107848,2023,nonscience_examinee_passed,70,108
ssc,107848,2026,nonscience_examinee_total,39,70
ssc,107848,2026,nonscience_examinee_passed,39,69
ssc,138185,2020,nonscience_examinee_total,,17
ssc,138185,2020,nonscience_examinee_passed,,17
ssc,107854,2012,nonscience_examinee_total,82,93
ssc,107854,2012,nonscience_examinee_passed,81,91
ssc,107854,2013,nonscience_examinee_total,62,77
ssc,107854,2013,nonscience_examinee_passed,62,77
ssc,107854,2014,nonscience_examinee_total,68,74
ssc,107854,2014,nonscience_examinee_passed,68,74
ssc,107854,2016,nonscience_examinee_total,44,58
ssc,107854,2016,nonscience_examinee_passed,44,58
ssc,107854,2017,nonscience_examinee_total,1,46
ssc,107854,2017,nonscience_examinee_passed,1,44
ssc,107854,2018,nonscience_examinee_total,63,69
ssc,107854,2018,nonscience_examinee_passed,63,68
ssc,107854,2020,nonscience_examinee_total,,66
ssc,107854,2020,nonscience_examinee_passed,,65
ssc,107854,2023,nonscience_examinee_total,52,61
ssc,107854,2023,nonscience_examinee_passed,52,61
ssc,107854,2025,nonscience_examinee_total,48,74
ssc,107854,2025,nonscience_examinee_passed,48,73
ssc,132143,2016,science_avg_gpa,4.99,4.97
ssc,132143,2022,science_avg_gpa,5,4.95
ssc,132143,2023,science_avg_gpa,4.95,4.92
ssc,132143,2023,nonscience_avg_gpa,4.62,4.53
ssc,132143,2024,science_avg_gpa,4.95,4.93
ssc,132143,2024,nonscience_avg_gpa,4.58,4.54
ssc,107850,2011,nonscience_examinee_total,89,106
ssc,107850,2011,nonscience_examinee_passed,89,105
ssc,107850,2014,nonscience_examinee_total,111,129
ssc,107850,2014,nonscience_examinee_passed,110,128
ssc,107850,2014,nonscience_avg_gpa,4.33,4.3
ssc,107850,2015,nonscience_examinee_total,91,106
ssc,107850,2015,nonscience_examinee_passed,84,99
ssc,107850,2016,nonscience_examinee_total,95,109
ssc,107850,2016,nonscience_examinee_passed,94,108
ssc,107850,2017,nonscience_examinee_total,101,129
ssc,107850,2017,nonscience_examinee_passed,98,125
ssc,107850,2017,nonscience_avg_gpa,4.18,4.15
ssc,107850,2018,nonscience_examinee_total,64,95
ssc,107850,2018,nonscience_examinee_passed,63,93
ssc,107850,2019,nonscience_examinee_total,,121
ssc,107850,2019,nonscience_examinee_passed,,119
ssc,107850,2020,nonscience_examinee_total,37,70
ssc,107850,2020,nonscience_examinee_passed,37,70
ssc,107850,2023,science_avg_gpa,4.72,4.66
ssc,107850,2024,nonscience_examinee_total,42,79
ssc,107850,2024,nonscience_examinee_passed,42,77
ssc,107850,2025,nonscience_avg_gpa,4.23,4.15
ssc,107858,2011,nonscience_examinee_total,97,129
ssc,107858,2011,nonscience_examinee_passed,97,129
ssc,107858,2012,nonscience_examinee_total,89,112
ssc,107858,2012,nonscience_examinee_passed,89,111
ssc,107858,2014,nonscience_examinee_total,95,112
ssc,107858,2014,nonscience_examinee_passed,95,112
ssc,107858,2015,nonscience_examinee_total,88,109
ssc,107858,2015,nonscience_examinee_passed,88,107
ssc,107858,2016,science_avg_gpa,4.89,4.87
ssc,107858,2018,nonscience_examinee_total,90,121
ssc,107858,2018,nonscience_examinee_passed,89,120
ssc,107858,2018,nonscience_avg_gpa,4.33,4.3
ssc,107858,2019,nonscience_examinee_total,56,79
ssc,107858,2019,nonscience_examinee_passed,55,77
ssc,107858,2024,science_avg_gpa,4.88,4.86
ssc,107858,2024,nonscience_examinee_total,69,95
ssc,107858,2024,nonscience_examinee_passed,65,90
ssc,107858,2025,nonscience_avg_gpa,3.86,3.83
ssc,108046,2011,nonscience_examinee_total,,117
ssc,108046,2011,nonscience_examinee_passed,,103
ssc,108046,2012,nonscience_examinee_total,109,151
ssc,108046,2012,nonscience_examinee_passed,102,137
ssc,108046,2013,nonscience_examinee_total,126,147
ssc,108046,2013,nonscience_examinee_passed,111,129
ssc,108046,2014,nonscience_examinee_total,116,142
ssc,108046,2014,nonscience_examinee_passed,102,119
ssc,108046,2014,nonscience_avg_gpa,3.31,3.29
ssc,108046,2015,nonscience_examinee_total,,117
ssc,108046,2015,nonscience_examinee_passed,,104
ssc,108046,2016,nonscience_examinee_total,,143
ssc,108046,2016,nonscience_examinee_passed,,137
ssc,108046,2016,nonscience_avg_gpa,3.41,3.39
ssc,108046,2018,science_avg_gpa,3.49,3.46
ssc,108046,2018,nonscience_examinee_total,,156
ssc,108046,2018,nonscience_examinee_passed,,120
ssc,108046,2019,science_avg_gpa,3.52,3.44
ssc,108046,2019,nonscience_examinee_total,,172
ssc,108046,2019,nonscience_examinee_passed,,113
ssc,108046,2019,nonscience_avg_gpa,2.16,2.12
ssc,108046,2020,nonscience_examinee_total,112,152
ssc,108046,2020,nonscience_examinee_passed,104,141
ssc,108046,2021,nonscience_examinee_total,,234
ssc,108046,2021,nonscience_examinee_passed,,211
ssc,108046,2021,nonscience_avg_gpa,2.99,2.9
ssc,108046,2022,nonscience_examinee_total,,159
ssc,108046,2022,nonscience_examinee_passed,,130
ssc,108046,2022,nonscience_avg_gpa,2.86,2.84
ssc,108046,2023,nonscience_examinee_total,,134
ssc,108046,2023,nonscience_examinee_passed,,75
ssc,108046,2025,science_avg_gpa,4.02,3.95
ssc,108046,2025,nonscience_examinee_total,,106
ssc,108046,2025,nonscience_examinee_passed,,89
ssc,108046,2025,nonscience_avg_gpa,3.04,2.98
ssc,108046,2026,science_avg_gpa,4.29,4.2
ssc,108046,2026,nonscience_examinee_total,,52
ssc,108046,2026,nonscience_examinee_passed,,45
ssc,107846,2011,nonscience_examinee_total,44,46
ssc,107846,2011,nonscience_examinee_passed,44,46
ssc,107846,2012,nonscience_examinee_total,58,64
ssc,107846,2012,nonscience_examinee_passed,57,63
ssc,107846,2014,nonscience_examinee_total,59,72
ssc,107846,2014,nonscience_examinee_passed,59,72
ssc,107846,2016,nonscience_examinee_total,,51
ssc,107846,2016,nonscience_examinee_passed,,51
ssc,107846,2017,nonscience_examinee_total,51,56
ssc,107846,2017,nonscience_examinee_passed,51,56
ssc,107846,2018,nonscience_examinee_total,45,60
ssc,107846,2018,nonscience_examinee_passed,45,59
ssc,107846,2019,nonscience_examinee_total,,77
ssc,107846,2019,nonscience_examinee_passed,,76
ssc,107846,2020,nonscience_examinee_total,69,78
ssc,107846,2020,nonscience_examinee_passed,69,78
ssc,107846,2021,nonscience_examinee_total,96,120
ssc,107846,2021,nonscience_examinee_passed,91,114
ssc,107846,2021,nonscience_avg_gpa,3.72,3.69
ssc,107846,2022,nonscience_examinee_total,99,121
ssc,107846,2022,nonscience_examinee_passed,96,116
ssc,107846,2022,nonscience_avg_gpa,4.11,4.07
ssc,107846,2024,nonscience_examinee_total,66,85
ssc,107846,2024,nonscience_examinee_passed,66,84
ssc,107846,2025,nonscience_examinee_total,69,104
ssc,107846,2025,nonscience_examinee_passed,69,104
ssc,135574,2021,science_avg_gpa,5,4.87
ssc,135574,2022,science_avg_gpa,5,4.91
ssc,108161,2011,science_avg_gpa,4.94,4.91
ssc,108161,2011,nonscience_examinee_total,41,42
ssc,108161,2011,nonscience_examinee_passed,41,42
ssc,108161,2022,science_avg_gpa,4.95,4.91
ssc,108161,2022,nonscience_avg_gpa,4.72,4.69
ssc,108161,2023,science_avg_gpa,4.83,4.81
ssc,108161,2023,nonscience_avg_gpa,4.23,4.2
ssc,108161,2024,science_avg_gpa,4.8,4.77
ssc,108161,2024,nonscience_avg_gpa,4.2,4.17
ssc,108161,2025,science_avg_gpa,4.85,4.83
ssc,108161,2026,science_avg_gpa,4.77,4.75
ssc,108161,2026,nonscience_avg_gpa,4.38,4.36
ssc,136788,2019,nonscience_examinee_total,,31
ssc,136788,2019,nonscience_examinee_passed,,29
ssc,136788,2019,nonscience_avg_gpa,4.27,3.99
ssc,108162,2013,nonscience_examinee_total,164,185
ssc,108162,2013,nonscience_examinee_passed,160,181
ssc,108162,2018,nonscience_examinee_total,176,245
ssc,108162,2018,nonscience_examinee_passed,171,238
ssc,108162,2018,nonscience_avg_gpa,4.22,4.2
ssc,108162,2020,nonscience_examinee_total,138,206
ssc,108162,2020,nonscience_examinee_passed,137,202
ssc,108162,2021,nonscience_avg_gpa,4.37,4.35
ssc,108162,2025,nonscience_avg_gpa,4.18,4.15
ssc,108332,2011,science_examinee_total,,2
ssc,108332,2011,science_examinee_passed,,1
ssc,108332,2011,nonscience_examinee_total,,3
ssc,108332,2011,nonscience_examinee_passed,,3
ssc,108332,2012,science_examinee_total,,2
ssc,108332,2012,science_examinee_passed,,2
ssc,108332,2012,nonscience_examinee_total,,10
ssc,108332,2012,nonscience_examinee_passed,,10
ssc,108332,2013,nonscience_examinee_total,,14
ssc,108332,2013,nonscience_examinee_passed,,14
ssc,108332,2014,nonscience_examinee_total,12,27
ssc,108332,2014,nonscience_examinee_passed,12,27
ssc,108332,2015,nonscience_examinee_total,8,17
ssc,108332,2015,nonscience_examinee_passed,8,13
ssc,108332,2016,nonscience_examinee_total,,22
ssc,108332,2016,nonscience_examinee_passed,,22
ssc,108332,2017,nonscience_examinee_total,,26
ssc,108332,2017,nonscience_examinee_passed,,24
ssc,108332,2018,nonscience_examinee_total,,26
ssc,108332,2018,nonscience_examinee_passed,,26
ssc,108332,2019,nonscience_examinee_total,,24
ssc,108332,2019,nonscience_examinee_passed,,24
ssc,108332,2020,nonscience_examinee_total,,31
ssc,108332,2020,nonscience_examinee_passed,,31
ssc,108332,2021,nonscience_examinee_total,22,32
ssc,108332,2021,nonscience_examinee_passed,21,31
ssc,108332,2022,nonscience_examinee_total,18,36
ssc,108332,2022,nonscience_examinee_passed,18,34
ssc,108332,2023,nonscience_examinee_total,,21
ssc,108332,2023,nonscience_examinee_passed,,14
ssc,108332,2024,nonscience_examinee_total,,44
ssc,108332,2024,nonscience_examinee_passed,,43
ssc,108332,2025,nonscience_examinee_total,,30
ssc,108332,2025,nonscience_examinee_passed,,30
ssc,108332,2026,nonscience_examinee_total,23,27
ssc,108332,2026,nonscience_examinee_passed,23,26
ssc,107984,2011,science_avg_gpa,5,4.95
ssc,107984,2016,nonscience_avg_gpa,4.37,4.23
ssc,107984,2018,science_avg_gpa,4.9,4.88
ssc,107984,2020,science_avg_gpa,4.9,4.87
ssc,107984,2020,nonscience_avg_gpa,4.51,4.43
ssc,107984,2022,science_avg_gpa,4.96,4.89
ssc,107984,2025,science_avg_gpa,4.76,4.7
ssc,108215,2016,science_avg_gpa,4.99,4.93
ssc,108215,2021,science_avg_gpa,4.96,4.9
ssc,108215,2023,science_avg_gpa,4.83,4.71
ssc,108215,2025,nonscience_examinee_total,,30
ssc,108215,2025,nonscience_examinee_passed,,29
ssc,108215,2026,nonscience_examinee_total,,8
ssc,108215,2026,nonscience_examinee_passed,,8
ssc,108259,2015,nonscience_examinee_total,,7
ssc,108259,2015,nonscience_examinee_passed,,7
ssc,108259,2017,nonscience_examinee_total,,5
ssc,108259,2017,nonscience_examinee_passed,,5
ssc,108259,2020,nonscience_examinee_total,,5
ssc,108259,2020,nonscience_examinee_passed,,5
ssc,108259,2021,science_avg_gpa,4.99,4.96
ssc,108259,2022,science_avg_gpa,4.95,4.91
ssc,108259,2023,science_avg_gpa,4.96,4.84
ssc,108259,2023,nonscience_avg_gpa,4.4,3.96
ssc,108259,2024,nonscience_examinee_total,,11
ssc,108259,2024,nonscience_examinee_passed,,11
ssc,108259,2025,nonscience_examinee_total,,2
ssc,108259,2025,nonscience_examinee_passed,,2
ssc,108497,2012,science_avg_gpa,4.99,4.96
ssc,108497,2014,science_avg_gpa,4.95,4.91
ssc,108497,2021,science_avg_gpa,4.98,4.91
ssc,108497,2022,nonscience_avg_gpa,4.89,4.82
ssc,108489,2012,nonscience_examinee_total,91,109
ssc,108489,2012,nonscience_examinee_passed,90,107
ssc,108489,2013,science_avg_gpa,4.84,4.79
ssc,108489,2013,nonscience_examinee_total,108,127
ssc,108489,2013,nonscience_examinee_passed,107,126
ssc,108489,2014,nonscience_examinee_total,137,151
ssc,108489,2014,nonscience_examinee_passed,137,151
ssc,108489,2015,nonscience_examinee_total,101,109
ssc,108489,2015,nonscience_examinee_passed,99,105
ssc,108489,2017,nonscience_examinee_total,98,115
ssc,108489,2017,nonscience_examinee_passed,98,115
ssc,108489,2018,nonscience_examinee_total,95,114
ssc,108489,2018,nonscience_examinee_passed,93,112
ssc,108489,2019,nonscience_examinee_total,94,103
ssc,108489,2019,nonscience_examinee_passed,93,101
ssc,108489,2022,nonscience_avg_gpa,4.82,4.79
ssc,108489,2024,nonscience_avg_gpa,4.46,4.42
ssc,108489,2025,science_avg_gpa,4.7,4.67
ssc,130757,2017,nonscience_avg_gpa,4.88,4.82
ssc,130757,2022,science_avg_gpa,5,4.97
ssc,130757,2023,nonscience_avg_gpa,4.86,4.81
ssc,108240,2011,science_examinee_total,,7
ssc,108240,2011,science_examinee_passed,,6
ssc,108240,2011,nonscience_examinee_total,,15
ssc,108240,2011,nonscience_examinee_passed,,14
ssc,108240,2012,science_examinee_total,,5
ssc,108240,2012,science_examinee_passed,,5
ssc,108240,2012,nonscience_examinee_total,,17
ssc,108240,2012,nonscience_examinee_passed,,17
ssc,108240,2013,science_examinee_total,,2
ssc,108240,2013,science_examinee_passed,,2
ssc,108240,2013,nonscience_examinee_total,,20
ssc,108240,2013,nonscience_examinee_passed,,19
ssc,108240,2014,science_examinee_total,,5
ssc,108240,2014,science_examinee_passed,,5
ssc,108240,2014,nonscience_examinee_total,3,42
ssc,108240,2014,nonscience_examinee_passed,3,34
ssc,108240,2015,nonscience_examinee_total,35,43
ssc,108240,2015,nonscience_examinee_passed,30,38
ssc,108240,2016,science_examinee_total,,9
ssc,108240,2016,science_examinee_passed,,9
ssc,108240,2016,nonscience_examinee_total,,33
ssc,108240,2016,nonscience_examinee_passed,,28
ssc,108240,2017,nonscience_examinee_total,38,48
ssc,108240,2017,nonscience_examinee_passed,30,39
ssc,108240,2018,nonscience_examinee_total,,48
ssc,108240,2018,nonscience_examinee_passed,,28
ssc,108240,2019,nonscience_examinee_total,,32
ssc,108240,2019,nonscience_examinee_passed,,26
ssc,108240,2019,nonscience_avg_gpa,2.68,2.6
ssc,108240,2020,nonscience_examinee_total,,37
ssc,108240,2020,nonscience_examinee_passed,,31
ssc,108240,2021,nonscience_examinee_total,49,88
ssc,108240,2021,nonscience_examinee_passed,44,81
ssc,108240,2021,nonscience_avg_gpa,3.06,3.02
ssc,108240,2022,science_examinee_total,,8
ssc,108240,2022,science_examinee_passed,,7
ssc,108240,2022,nonscience_examinee_total,,81
ssc,108240,2022,nonscience_examinee_passed,,63
ssc,108240,2022,nonscience_avg_gpa,2.7,2.63
ssc,108240,2023,nonscience_examinee_total,,54
ssc,108240,2023,nonscience_examinee_passed,,42
ssc,108240,2024,nonscience_examinee_total,,57
ssc,108240,2024,nonscience_examinee_passed,,44
ssc,108240,2024,nonscience_avg_gpa,2.81,2.71
ssc,108240,2025,science_examinee_total,,23
ssc,108240,2025,science_examinee_passed,,19
ssc,108240,2025,nonscience_examinee_total,,46
ssc,108240,2025,nonscience_examinee_passed,,41
ssc,108240,2026,nonscience_examinee_total,,39
ssc,108240,2026,nonscience_examinee_passed,,36
ssc,108041,2011,nonscience_examinee_total,,38
ssc,108041,2011,nonscience_examinee_passed,,32
ssc,108041,2012,science_examinee_total,,15
ssc,108041,2012,science_examinee_passed,,14
ssc,108041,2012,nonscience_examinee_total,,132
ssc,108041,2012,nonscience_examinee_passed,,111
ssc,108041,2012,nonscience_avg_gpa,2.91,2.89
ssc,108041,2013,nonscience_examinee_total,,150
ssc,108041,2013,nonscience_examinee_passed,,125
ssc,108041,2014,nonscience_examinee_total,138,141
ssc,108041,2014,nonscience_examinee_passed,134,137
ssc,108041,2014,nonscience_avg_gpa,3.79,3.74
ssc,108041,2015,science_examinee_total,,6
ssc,108041,2015,science_examinee_passed,,4
ssc,108041,2015,nonscience_examinee_total,,94
ssc,108041,2015,nonscience_examinee_passed,,66
ssc,108041,2016,nonscience_examinee_total,,143
ssc,108041,2016,nonscience_examinee_passed,,114
ssc,108041,2017,nonscience_examinee_total,,84
ssc,108041,2017,nonscience_examinee_passed,,64
ssc,108041,2018,science_examinee_total,,14
ssc,108041,2018,science_examinee_passed,,14
ssc,108041,2018,nonscience_examinee_total,,75
ssc,108041,2018,nonscience_examinee_passed,,70
ssc,108041,2019,nonscience_examinee_total,,55
ssc,108041,2019,nonscience_examinee_passed,,50
ssc,108041,2020,science_examinee_total,,15
ssc,108041,2020,science_examinee_passed,,13
ssc,108041,2020,nonscience_examinee_total,,82
ssc,108041,2020,nonscience_examinee_passed,,66
ssc,108041,2021,nonscience_examinee_total,,110
ssc,108041,2021,nonscience_examinee_passed,,104
ssc,108041,2021,nonscience_avg_gpa,3.12,3.1
ssc,108041,2022,nonscience_examinee_total,,61
ssc,108041,2022,nonscience_examinee_passed,,51
ssc,108041,2023,nonscience_examinee_total,,81
ssc,108041,2023,nonscience_examinee_passed,,47
ssc,108041,2024,nonscience_examinee_total,42,84
ssc,108041,2024,nonscience_examinee_passed,35,64
ssc,108041,2025,science_avg_gpa,3.91,3.76
ssc,108041,2025,nonscience_examinee_total,54,80
ssc,108041,2025,nonscience_examinee_passed,31,45
ssc,108041,2026,science_avg_gpa,3.68,3.57
ssc,108041,2026,nonscience_examinee_total,,57
ssc,108041,2026,nonscience_examinee_passed,,40
ssc,108229,2015,nonscience_examinee_total,,18
ssc,108229,2015,nonscience_examinee_passed,,18
ssc,108229,2016,science_examinee_total,,8
ssc,108229,2016,science_examinee_passed,,8
ssc,108229,2016,nonscience_examinee_total,,40
ssc,108229,2016,nonscience_examinee_passed,,37
ssc,108229,2017,nonscience_examinee_total,,96
ssc,108229,2017,nonscience_examinee_passed,,63
ssc,108229,2018,science_examinee_total,,5
ssc,108229,2018,science_examinee_passed,,5
ssc,108229,2018,nonscience_examinee_total,,102
ssc,108229,2018,nonscience_examinee_passed,,83
ssc,108229,2018,nonscience_avg_gpa,2.86,2.81
ssc,108229,2019,science_examinee_total,,7
ssc,108229,2019,science_examinee_passed,,7
ssc,108229,2019,nonscience_examinee_total,,67
ssc,108229,2019,nonscience_examinee_passed,,51
ssc,108229,2019,nonscience_avg_gpa,2.32,2.29
ssc,108229,2020,science_examinee_total,,9
ssc,108229,2020,science_examinee_passed,,9
ssc,108229,2020,nonscience_examinee_total,,70
ssc,108229,2020,nonscience_examinee_passed,,58
ssc,108229,2021,science_examinee_total,,14
ssc,108229,2021,science_examinee_passed,,13
ssc,108229,2021,nonscience_examinee_total,,84
ssc,108229,2021,nonscience_examinee_passed,,72
ssc,108229,2021,nonscience_avg_gpa,2.91,2.84
ssc,108229,2022,science_examinee_total,,13
ssc,108229,2022,science_examinee_passed,,12
ssc,108229,2022,nonscience_examinee_total,,58
ssc,108229,2022,nonscience_examinee_passed,,53
ssc,108229,2023,science_examinee_total,,6
ssc,108229,2023,science_examinee_passed,,4
ssc,108229,2023,nonscience_examinee_total,,31
ssc,108229,2023,nonscience_examinee_passed,,24
ssc,108229,2024,nonscience_examinee_total,,50
ssc,108229,2024,nonscience_examinee_passed,,45
ssc,108229,2025,science_examinee_total,,6
ssc,108229,2025,science_examinee_passed,,2
ssc,108229,2025,nonscience_examinee_total,47,59
ssc,108229,2025,nonscience_examinee_passed,18,23
ssc,108229,2026,science_examinee_total,,10
ssc,108229,2026,science_examinee_passed,,10
ssc,108229,2026,nonscience_examinee_total,,53
ssc,108229,2026,nonscience_examinee_passed,,37
ssc,134550,2016,science_examinee_total,,11
ssc,134550,2016,science_examinee_passed,,5
ssc,134550,2016,nonscience_examinee_total,,66
ssc,134550,2016,nonscience_examinee_passed,,57
ssc,134550,2017,science_examinee_total,,9
ssc,134550,2017,science_examinee_passed,,9
ssc,134550,2017,nonscience_examinee_total,,60
ssc,134550,2017,nonscience_examinee_passed,,46
ssc,134550,2018,science_examinee_total,,8
ssc,134550,2018,science_examinee_passed,,1
ssc,134550,2018,nonscience_examinee_total,79,81
ssc,134550,2019,science_examinee_total,,14
ssc,134550,2019,science_examinee_passed,,12
ssc,134550,2019,nonscience_examinee_total,83,104
ssc,134550,2019,nonscience_examinee_passed,71,90
ssc,134550,2020,science_examinee_total,,13
ssc,134550,2020,science_examinee_passed,,9
ssc,134550,2020,nonscience_examinee_total,92,101
ssc,134550,2020,nonscience_examinee_passed,71,75
ssc,134550,2021,science_examinee_total,,4
ssc,134550,2021,science_examinee_passed,,3
ssc,134550,2021,science_avg_gpa,3.44,2.58
ssc,134550,2021,nonscience_examinee_total,,106
ssc,134550,2021,nonscience_examinee_passed,,85
ssc,134550,2021,nonscience_avg_gpa,2.57,2.53
ssc,134550,2022,nonscience_examinee_total,,46
ssc,134550,2022,nonscience_examinee_passed,,41
ssc,134550,2023,science_examinee_total,,7
ssc,134550,2023,science_examinee_passed,,6
ssc,134550,2023,nonscience_examinee_total,,38
ssc,134550,2023,nonscience_examinee_passed,,26
ssc,134550,2023,nonscience_avg_gpa,2.22,2.16
ssc,134550,2024,nonscience_examinee_total,68,84
ssc,134550,2024,nonscience_examinee_passed,50,58
ssc,134550,2024,nonscience_avg_gpa,2.49,2.43
ssc,134550,2025,science_examinee_total,,11
ssc,134550,2025,science_examinee_passed,,7
ssc,134550,2025,science_avg_gpa,2.67,2.18
ssc,134550,2025,nonscience_examinee_total,,108
ssc,134550,2025,nonscience_examinee_passed,,65
ssc,134550,2026,nonscience_examinee_total,,149
ssc,134550,2026,nonscience_examinee_passed,,80
ssc,134550,2026,nonscience_avg_gpa,1.84,1.8
ssc,130560,2016,nonscience_examinee_total,,44
ssc,130560,2016,nonscience_examinee_passed,,32
ssc,130560,2017,nonscience_examinee_total,,43
ssc,130560,2017,nonscience_examinee_passed,,40
ssc,130560,2018,nonscience_examinee_total,,28
ssc,130560,2018,nonscience_examinee_passed,,25
ssc,130560,2019,science_examinee_total,,20
ssc,130560,2019,science_examinee_passed,,19
ssc,130560,2019,nonscience_examinee_total,,25
ssc,130560,2019,nonscience_examinee_passed,,15
ssc,130560,2020,nonscience_examinee_total,,29
ssc,130560,2020,nonscience_examinee_passed,,19
ssc,130560,2021,science_avg_gpa,4,3.47
ssc,130560,2021,nonscience_examinee_total,,46
ssc,130560,2021,nonscience_examinee_passed,,42
ssc,130560,2021,nonscience_avg_gpa,3.28,3.14
ssc,130560,2022,nonscience_examinee_total,,29
ssc,130560,2022,nonscience_examinee_passed,,26
ssc,130560,2023,nonscience_examinee_total,,27
ssc,130560,2023,nonscience_examinee_passed,,22
ssc,130560,2024,nonscience_examinee_total,,23
ssc,130560,2024,nonscience_examinee_passed,,14
ssc,130560,2025,science_examinee_total,,21
ssc,130560,2025,science_examinee_passed,,14
ssc,130560,2025,nonscience_examinee_total,,27
ssc,130560,2025,nonscience_examinee_passed,,18
ssc,130560,2026,science_examinee_total,,13
ssc,130560,2026,science_examinee_passed,,10
ssc,130560,2026,nonscience_examinee_total,,34
ssc,130560,2026,nonscience_examinee_passed,,23
ssc,108015,2011,science_examinee_total,,11
ssc,108015,2011,science_examinee_passed,,7
ssc,108015,2011,nonscience_examinee_total,130,140
ssc,108015,2011,nonscience_examinee_passed,123,132
ssc,108015,2011,nonscience_avg_gpa,3.45,3.4
ssc,108015,2012,science_examinee_total,,8
ssc,108015,2012,science_examinee_passed,,7
ssc,108015,2012,science_avg_gpa,3.96,3.46
ssc,108015,2012,nonscience_examinee_total,,79
ssc,108015,2012,nonscience_examinee_passed,,63
ssc,108015,2013,science_examinee_total,,12
ssc,108015,2013,science_examinee_passed,,12
ssc,108015,2013,nonscience_examinee_total,75,85
ssc,108015,2013,nonscience_examinee_passed,74,84
ssc,108015,2014,nonscience_examinee_total,58,76
ssc,108015,2014,nonscience_examinee_passed,57,71
ssc,108015,2015,science_examinee_total,,5
ssc,108015,2015,science_examinee_passed,,5
ssc,108015,2015,nonscience_examinee_total,,40
ssc,108015,2015,nonscience_examinee_passed,,40
ssc,108015,2016,science_examinee_total,,12
ssc,108015,2016,science_examinee_passed,,12
ssc,108015,2016,nonscience_examinee_total,,47
ssc,108015,2016,nonscience_examinee_passed,,37
ssc,108015,2017,science_examinee_total,,9
ssc,108015,2017,science_examinee_passed,,9
ssc,108015,2017,nonscience_examinee_total,,32
ssc,108015,2017,nonscience_examinee_passed,,32
ssc,108015,2018,science_examinee_total,,17
ssc,108015,2018,science_examinee_passed,,15
ssc,108015,2018,nonscience_examinee_total,,64
ssc,108015,2018,nonscience_examinee_passed,,41
ssc,108015,2019,science_examinee_total,,9
ssc,108015,2019,science_examinee_passed,,9
ssc,108015,2019,nonscience_examinee_total,,60
ssc,108015,2019,nonscience_examinee_passed,,53
ssc,108015,2020,science_examinee_total,,7
ssc,108015,2020,science_examinee_passed,,7
ssc,108015,2020,nonscience_examinee_total,,48
ssc,108015,2020,nonscience_examinee_passed,,39
ssc,108015,2021,science_examinee_total,,5
ssc,108015,2021,science_examinee_passed,,4
ssc,108015,2021,nonscience_examinee_total,,36
ssc,108015,2021,nonscience_examinee_passed,,32
ssc,108015,2021,nonscience_avg_gpa,2.91,2.75
ssc,108015,2022,science_examinee_total,,7
ssc,108015,2022,science_examinee_passed,,6
ssc,108015,2022,nonscience_examinee_total,,26
ssc,108015,2022,nonscience_examinee_passed,,13
ssc,108015,2022,nonscience_avg_gpa,1.83,1.76
ssc,108015,2023,nonscience_examinee_total,,34
ssc,108015,2023,nonscience_examinee_passed,,27
ssc,108015,2024,science_examinee_total,,7
ssc,108015,2024,science_examinee_passed,,7
ssc,108015,2024,nonscience_examinee_total,,13
ssc,108015,2024,nonscience_examinee_passed,,8
ssc,108015,2025,nonscience_examinee_total,,16
ssc,108015,2025,nonscience_examinee_passed,,10
ssc,108015,2026,science_examinee_total,,6
ssc,108015,2026,science_examinee_passed,,6
ssc,108015,2026,nonscience_examinee_total,,23
ssc,108015,2026,nonscience_examinee_passed,,15
ssc,136733,2025,science_examinee_total,,10
ssc,136733,2025,science_examinee_passed,,7
ssc,136733,2025,nonscience_examinee_total,,19
ssc,136733,2025,nonscience_examinee_passed,,19
ssc,136733,2026,science_avg_gpa,3.13,2.94
ssc,108022,2011,science_examinee_total,,13
ssc,108022,2011,science_examinee_passed,,13
ssc,108022,2011,nonscience_examinee_total,101,115
ssc,108022,2011,nonscience_examinee_passed,100,114
ssc,108022,2012,science_examinee_total,,8
ssc,108022,2012,science_examinee_passed,,7
ssc,108022,2012,nonscience_examinee_total,,104
ssc,108022,2012,nonscience_examinee_passed,,90
ssc,108022,2013,science_examinee_total,,10
ssc,108022,2013,science_examinee_passed,,9
ssc,108022,2013,nonscience_avg_gpa,3.43,3.38
ssc,108022,2014,nonscience_examinee_total,,69
ssc,108022,2014,nonscience_examinee_passed,,53
ssc,108022,2015,nonscience_examinee_total,,76
ssc,108022,2015,nonscience_examinee_passed,,67
ssc,108022,2015,nonscience_avg_gpa,3.27,3.18
ssc,108022,2016,nonscience_examinee_total,,84
ssc,108022,2016,nonscience_examinee_passed,,72
ssc,108022,2017,nonscience_avg_gpa,3.69,3.65
ssc,108022,2018,science_avg_gpa,4.31,4.27
ssc,108022,2018,nonscience_examinee_total,,174
ssc,108022,2018,nonscience_examinee_passed,,149
ssc,108022,2019,nonscience_examinee_total,,163
ssc,108022,2019,nonscience_examinee_passed,,99
ssc,108022,2020,nonscience_examinee_total,,129
ssc,108022,2020,nonscience_examinee_passed,,124
ssc,108022,2021,nonscience_examinee_total,,117
ssc,108022,2021,nonscience_examinee_passed,,100
ssc,108022,2021,nonscience_avg_gpa,2.95,2.82
ssc,108022,2022,science_avg_gpa,3.73,3.62
ssc,108022,2022,nonscience_examinee_total,132,133
ssc,108022,2022,nonscience_examinee_passed,121,122
ssc,108022,2024,nonscience_examinee_total,,92
ssc,108022,2024,nonscience_examinee_passed,,81
ssc,108022,2024,nonscience_avg_gpa,3.16,3.13
ssc,108022,2025,nonscience_examinee_total,,106
ssc,108022,2025,nonscience_examinee_passed,,75
ssc,108022,2025,nonscience_avg_gpa,2.34,2.29
ssc,108022,2026,science_avg_gpa,2.82,2.77
ssc,108022,2026,nonscience_examinee_total,,88
ssc,108022,2026,nonscience_examinee_passed,,71
ssc,107841,2011,nonscience_examinee_total,458,482
ssc,107841,2011,nonscience_examinee_passed,454,478
ssc,107841,2013,nonscience_examinee_total,480,550
ssc,107841,2013,nonscience_examinee_passed,469,537
ssc,107841,2013,nonscience_avg_gpa,3.88,3.86
ssc,107841,2014,nonscience_examinee_total,365,378
ssc,107841,2014,nonscience_examinee_passed,362,375
ssc,107841,2015,nonscience_examinee_total,569,640
ssc,107841,2015,nonscience_examinee_passed,561,627
ssc,107841,2016,nonscience_examinee_total,449,483
ssc,107841,2016,nonscience_examinee_passed,442,472
ssc,107841,2017,nonscience_avg_gpa,4.07,4.05
ssc,107841,2018,science_avg_gpa,4.81,4.78
ssc,107841,2019,science_avg_gpa,4.59,4.57
ssc,107841,2019,nonscience_examinee_total,450,493
ssc,107841,2019,nonscience_examinee_passed,389,418
ssc,107841,2019,nonscience_avg_gpa,3.12,3.08
ssc,107841,2020,science_avg_gpa,4.76,4.72
ssc,107841,2020,nonscience_examinee_total,450,532
ssc,107841,2020,nonscience_examinee_passed,425,498
ssc,107841,2021,nonscience_avg_gpa,3.53,3.51
ssc,107841,2024,science_avg_gpa,4.35,4.33
ssc,107841,2025,nonscience_examinee_total,264,326
ssc,107841,2025,nonscience_examinee_passed,168,199
ssc,107825,2011,science_examinee_total,,4
ssc,107825,2011,science_examinee_passed,,4
ssc,107825,2011,nonscience_examinee_total,,89
ssc,107825,2011,nonscience_examinee_passed,,78
ssc,107825,2012,nonscience_examinee_total,58,65
ssc,107825,2012,nonscience_examinee_passed,42,47
ssc,107825,2013,science_examinee_total,,9
ssc,107825,2013,science_examinee_passed,,8
ssc,107825,2013,nonscience_examinee_total,68,77
ssc,107825,2013,nonscience_examinee_passed,54,63
ssc,107825,2014,nonscience_examinee_total,70,74
ssc,107825,2014,nonscience_examinee_passed,69,73
ssc,107825,2015,science_examinee_total,,18
ssc,107825,2015,science_examinee_passed,,16
ssc,107825,2015,science_avg_gpa,4.05,3.82
ssc,107825,2015,nonscience_examinee_total,,51
ssc,107825,2015,nonscience_examinee_passed,,50
ssc,107825,2017,nonscience_examinee_total,43,68
ssc,107825,2017,nonscience_examinee_passed,43,68
ssc,107825,2018,nonscience_examinee_total,,84
ssc,107825,2018,nonscience_examinee_passed,,83
ssc,107825,2019,nonscience_examinee_total,49,69
ssc,107825,2019,nonscience_examinee_passed,49,66
ssc,107825,2020,nonscience_examinee_total,,47
ssc,107825,2020,nonscience_examinee_passed,,44
ssc,107825,2023,nonscience_examinee_total,,39
ssc,107825,2023,nonscience_examinee_passed,,38
ssc,107825,2024,nonscience_examinee_total,,36
ssc,107825,2024,nonscience_examinee_passed,,34
ssc,107825,2025,nonscience_examinee_total,18,33
ssc,107825,2025,nonscience_examinee_passed,18,26
ssc,107825,2026,nonscience_examinee_total,,35
ssc,107825,2026,nonscience_examinee_passed,,21
ssc,107822,2011,science_examinee_total,,20
ssc,107822,2011,science_examinee_passed,,17
ssc,107822,2011,nonscience_examinee_total,143,150
ssc,107822,2011,nonscience_examinee_passed,117,124
ssc,107822,2012,science_examinee_total,,35
ssc,107822,2012,science_examinee_passed,,31
ssc,107822,2012,nonscience_examinee_total,130,151
ssc,107822,2012,nonscience_examinee_passed,118,134
ssc,107822,2013,science_examinee_total,,27
ssc,107822,2013,science_examinee_passed,,20
ssc,107822,2013,nonscience_examinee_total,,106
ssc,107822,2013,nonscience_examinee_passed,,101
ssc,107822,2013,nonscience_avg_gpa,3.26,3.23
ssc,107822,2014,science_examinee_total,,30
ssc,107822,2014,science_examinee_passed,,28
ssc,107822,2014,nonscience_examinee_total,94,104
ssc,107822,2014,nonscience_examinee_passed,82,92
ssc,107822,2015,nonscience_examinee_total,,89
ssc,107822,2015,nonscience_examinee_passed,,82
ssc,107822,2016,nonscience_examinee_total,,73
ssc,107822,2016,nonscience_examinee_passed,,64
ssc,107822,2017,nonscience_examinee_total,97,108
ssc,107822,2017,nonscience_examinee_passed,90,100
ssc,107822,2018,science_examinee_total,,34
ssc,107822,2018,science_examinee_passed,,32
ssc,107822,2018,nonscience_examinee_total,,100
ssc,107822,2018,nonscience_examinee_passed,,77
ssc,107822,2019,science_examinee_total,,31
ssc,107822,2019,science_examinee_passed,,30
ssc,107822,2019,nonscience_examinee_total,,82
ssc,107822,2019,nonscience_examinee_passed,,72
ssc,107822,2019,nonscience_avg_gpa,2.91,2.88
ssc,107822,2020,nonscience_examinee_total,,72
ssc,107822,2020,nonscience_examinee_passed,,60
ssc,107822,2020,nonscience_avg_gpa,2.88,2.84
ssc,107822,2021,nonscience_examinee_total,63,89
ssc,107822,2021,nonscience_examinee_passed,57,83
ssc,107822,2021,nonscience_avg_gpa,3.44,3.29
ssc,107822,2022,science_examinee_total,,9
ssc,107822,2022,science_examinee_passed,,9
ssc,107822,2022,nonscience_examinee_total,,46
ssc,107822,2022,nonscience_examinee_passed,,44
ssc,107822,2022,nonscience_avg_gpa,3.37,3.29
ssc,107822,2023,science_avg_gpa,3.36,3.19
ssc,107822,2023,nonscience_examinee_total,,40
ssc,107822,2023,nonscience_examinee_passed,,28
ssc,107822,2024,nonscience_examinee_total,,68
ssc,107822,2024,nonscience_examinee_passed,,67
ssc,107822,2025,science_avg_gpa,3.48,3.35
ssc,137003,2023,nonscience_examinee_total,25,83
ssc,137003,2023,nonscience_examinee_passed,24,77
ssc,137003,2024,science_avg_gpa,3.81,3.52
ssc,137003,2024,nonscience_examinee_total,,101
ssc,137003,2024,nonscience_examinee_passed,,83
ssc,137003,2024,nonscience_avg_gpa,3.11,3.05
ssc,137003,2025,science_avg_gpa,3.46,3.33
ssc,137003,2025,nonscience_examinee_total,,135
ssc,137003,2025,nonscience_examinee_passed,,105
ssc,137003,2025,nonscience_avg_gpa,2.56,2.52
ssc,137003,2026,science_avg_gpa,3.28,3.21
ssc,137003,2026,nonscience_examinee_total,,171
ssc,137003,2026,nonscience_examinee_passed,,123
ssc,137003,2026,nonscience_avg_gpa,2.32,2.3
ssc,107826,2011,nonscience_examinee_total,,96
ssc,107826,2011,nonscience_examinee_passed,,95
ssc,107826,2012,nonscience_examinee_total,,89
ssc,107826,2012,nonscience_examinee_passed,,88
ssc,107826,2013,nonscience_examinee_total,50,74
ssc,107826,2013,nonscience_examinee_passed,49,72
ssc,107826,2014,nonscience_examinee_total,74,85
ssc,107826,2014,nonscience_examinee_passed,74,84
ssc,107826,2015,nonscience_examinee_total,,95
ssc,107826,2015,nonscience_examinee_passed,,90
ssc,107826,2016,nonscience_examinee_total,,67
ssc,107826,2016,nonscience_examinee_passed,,67
ssc,107826,2017,nonscience_examinee_total,,51
ssc,107826,2017,nonscience_examinee_passed,,44
ssc,107826,2018,science_examinee_total,,41
ssc,107826,2018,science_examinee_passed,,41
ssc,107826,2018,nonscience_examinee_total,,84
ssc,107826,2018,nonscience_examinee_passed,,78
ssc,107826,2018,nonscience_avg_gpa,3.31,3.27
ssc,107826,2019,nonscience_examinee_total,,60
ssc,107826,2019,nonscience_examinee_passed,,54
ssc,107826,2020,nonscience_examinee_total,,62
ssc,107826,2020,nonscience_examinee_passed,,61
ssc,107826,2021,nonscience_examinee_total,,65
ssc,107826,2021,nonscience_examinee_passed,,61
ssc,107826,2022,nonscience_examinee_total,,96
ssc,107826,2022,nonscience_examinee_passed,,92
ssc,107826,2023,nonscience_examinee_total,,61
ssc,107826,2023,nonscience_examinee_passed,,58
ssc,107826,2024,nonscience_examinee_total,,60
ssc,107826,2024,nonscience_examinee_passed,,51
ssc,107826,2025,nonscience_examinee_total,,102
ssc,107826,2025,nonscience_examinee_passed,,55
ssc,107826,2025,nonscience_avg_gpa,1.55,1.53
ssc,107826,2026,nonscience_examinee_total,,58
ssc,107826,2026,nonscience_examinee_passed,,43
ssc,132140,2014,nonscience_avg_gpa,4.65,4.6
ssc,132140,2016,science_avg_gpa,4.62,4.6
ssc,132140,2018,nonscience_examinee_total,,111
ssc,132140,2018,nonscience_examinee_passed,,111
ssc,132140,2019,nonscience_examinee_total,,73
ssc,132140,2019,nonscience_examinee_passed,,70
ssc,132140,2020,nonscience_avg_gpa,3.79,3.74
ssc,132140,2021,science_avg_gpa,4.58,4.53
ssc,132140,2022,nonscience_avg_gpa,4.05,4.02
ssc,132140,2025,nonscience_avg_gpa,2.99,2.96
ssc,132140,2026,science_avg_gpa,4.11,4.08
ssc,108017,2011,nonscience_examinee_total,78,103
ssc,108017,2011,nonscience_examinee_passed,78,99
ssc,108017,2012,nonscience_examinee_total,97,122
ssc,108017,2012,nonscience_examinee_passed,89,111
ssc,108017,2013,nonscience_examinee_total,122,137
ssc,108017,2013,nonscience_examinee_passed,119,131
ssc,108017,2014,nonscience_examinee_total,142,175
ssc,108017,2014,nonscience_examinee_passed,140,170
ssc,108017,2015,nonscience_examinee_total,,140
ssc,108017,2015,nonscience_examinee_passed,,124
ssc,108017,2015,nonscience_avg_gpa,3.23,3.16
ssc,108017,2016,nonscience_examinee_total,161,194
ssc,108017,2016,nonscience_examinee_passed,153,180
ssc,108017,2016,nonscience_avg_gpa,3.31,3.28
ssc,108017,2017,nonscience_examinee_total,143,187
ssc,108017,2017,nonscience_examinee_passed,138,177
ssc,108017,2018,nonscience_examinee_total,124,160
ssc,108017,2018,nonscience_examinee_passed,99,122
ssc,108017,2018,nonscience_avg_gpa,2.62,2.59
ssc,108017,2019,science_avg_gpa,3.95,3.9
ssc,108017,2019,nonscience_examinee_total,,145
ssc,108017,2019,nonscience_examinee_passed,,137
ssc,108017,2020,nonscience_examinee_total,,166
ssc,108017,2020,nonscience_examinee_passed,,157
ssc,108017,2021,science_avg_gpa,4.39,4.29
ssc,108017,2021,nonscience_examinee_total,,188
ssc,108017,2021,nonscience_examinee_passed,,178
ssc,108017,2021,nonscience_avg_gpa,3.13,3.11
ssc,108017,2022,nonscience_examinee_total,,142
ssc,108017,2022,nonscience_examinee_passed,,131
ssc,108017,2023,science_avg_gpa,4.01,3.95
ssc,108017,2023,nonscience_examinee_total,45,156
ssc,108017,2023,nonscience_examinee_passed,36,132
ssc,108017,2024,nonscience_examinee_total,,125
ssc,108017,2024,nonscience_examinee_passed,,106
ssc,108017,2024,nonscience_avg_gpa,2.86,2.84
ssc,108017,2025,nonscience_examinee_total,62,138
ssc,108017,2025,nonscience_examinee_passed,26,86
ssc,108017,2026,nonscience_examinee_total,55,108
ssc,108017,2026,nonscience_examinee_passed,50,90
ssc,136800,2020,nonscience_examinee_total,,37
ssc,136800,2020,nonscience_examinee_passed,,37
ssc,136800,2021,nonscience_examinee_total,,72
ssc,136800,2021,nonscience_examinee_passed,,69
ssc,136800,2021,nonscience_avg_gpa,3.45,3.4
ssc,136800,2022,nonscience_examinee_total,,27
ssc,136800,2022,nonscience_examinee_passed,,25
ssc,136800,2023,nonscience_examinee_total,,17
ssc,136800,2023,nonscience_examinee_passed,,17
ssc,136800,2024,nonscience_examinee_total,,9
ssc,136800,2024,nonscience_examinee_passed,,9
ssc,136800,2025,science_examinee_total,,22
ssc,136800,2025,science_examinee_passed,,21
ssc,136800,2025,nonscience_examinee_total,,16
ssc,136800,2025,nonscience_examinee_passed,,11
ssc,136800,2026,nonscience_examinee_total,,19
ssc,136800,2026,nonscience_examinee_passed,,18
ssc,138446,2020,nonscience_examinee_total,,13
ssc,138446,2020,nonscience_examinee_passed,,12
ssc,138446,2021,nonscience_examinee_total,1,11
ssc,138446,2021,nonscience_examinee_passed,1,11
ssc,138446,2022,nonscience_avg_gpa,3.86,3.8
ssc,138446,2023,nonscience_examinee_total,66,92
ssc,138446,2023,nonscience_examinee_passed,64,89
ssc,138446,2023,nonscience_avg_gpa,3.73,3.65
ssc,138446,2024,nonscience_examinee_total,34,53
ssc,138446,2024,nonscience_examinee_passed,32,47
ssc,138446,2025,science_examinee_total,,29
ssc,138446,2025,science_examinee_passed,,13
ssc,138446,2025,science_avg_gpa,1.69,1.63
ssc,138446,2025,nonscience_examinee_total,,50
ssc,138446,2025,nonscience_examinee_passed,,15
ssc,138446,2025,nonscience_avg_gpa,1.13,1.02
ssc,138446,2026,nonscience_examinee_total,,97
ssc,138446,2026,nonscience_examinee_passed,,45
ssc,138446,2026,nonscience_avg_gpa,1.46,1.39
ssc,136913,2024,nonscience_examinee_total,,39
ssc,136913,2024,nonscience_examinee_passed,,34
ssc,136913,2024,nonscience_avg_gpa,3.27,3.19
ssc,136913,2025,nonscience_examinee_total,46,55
ssc,136913,2025,nonscience_examinee_passed,22,27
ssc,136913,2026,science_avg_gpa,3.45,3.38
ssc,136913,2026,nonscience_examinee_total,59,63
ssc,107821,2011,nonscience_examinee_total,60,78
ssc,107821,2011,nonscience_examinee_passed,59,77
ssc,107821,2012,science_examinee_total,,8
ssc,107821,2012,science_examinee_passed,,8
ssc,107821,2012,nonscience_examinee_total,,81
ssc,107821,2012,nonscience_examinee_passed,,77
ssc,107821,2015,nonscience_examinee_total,,58
ssc,107821,2015,nonscience_examinee_passed,,55
ssc,107821,2016,nonscience_examinee_total,66,81
ssc,107821,2016,nonscience_examinee_passed,66,80
ssc,107821,2017,nonscience_examinee_total,,78
ssc,107821,2017,nonscience_examinee_passed,,77
ssc,107821,2018,nonscience_examinee_total,,89
ssc,107821,2018,nonscience_examinee_passed,,84
ssc,107821,2019,nonscience_examinee_total,,51
ssc,107821,2019,nonscience_examinee_passed,,48
ssc,107821,2020,nonscience_examinee_total,,84
ssc,107821,2020,nonscience_examinee_passed,,79
ssc,107821,2020,nonscience_avg_gpa,3.35,3.31
ssc,107821,2021,nonscience_avg_gpa,3.49,3.33
ssc,107821,2022,nonscience_examinee_total,50,88
ssc,107821,2022,nonscience_examinee_passed,49,86
ssc,107821,2023,nonscience_examinee_total,,84
ssc,107821,2023,nonscience_examinee_passed,,81
ssc,107821,2023,nonscience_avg_gpa,3.88,3.83
ssc,107821,2024,nonscience_examinee_total,42,75
ssc,107821,2024,nonscience_examinee_passed,40,69
ssc,107821,2025,nonscience_avg_gpa,2.95,2.88
ssc,107821,2026,nonscience_examinee_total,28,61
ssc,107821,2026,nonscience_examinee_passed,18,42
ssc,108021,2014,nonscience_examinee_total,40,78
ssc,108021,2014,nonscience_examinee_passed,40,78
ssc,108021,2015,nonscience_examinee_total,43,67
ssc,108021,2015,nonscience_examinee_passed,43,66
ssc,108021,2016,nonscience_examinee_total,,101
ssc,108021,2016,nonscience_examinee_passed,,101
ssc,108021,2017,nonscience_examinee_total,,115
ssc,108021,2017,nonscience_examinee_passed,,112
ssc,108021,2018,nonscience_examinee_total,80,116
ssc,108021,2018,nonscience_examinee_passed,75,111
ssc,108021,2019,nonscience_examinee_total,68,136
ssc,108021,2019,nonscience_examinee_passed,67,132
ssc,108021,2020,nonscience_examinee_total,81,169
ssc,108021,2020,nonscience_examinee_passed,81,169
ssc,108021,2021,nonscience_avg_gpa,3.68,3.57
ssc,108021,2022,nonscience_avg_gpa,4.01,3.98
ssc,108021,2023,nonscience_examinee_total,,124
ssc,108021,2023,nonscience_examinee_passed,,123
ssc,108021,2024,science_avg_gpa,4.49,4.43
ssc,108021,2024,nonscience_examinee_total,,117
ssc,108021,2024,nonscience_examinee_passed,,112
ssc,108021,2025,nonscience_examinee_total,96,150
ssc,108021,2025,nonscience_examinee_passed,84,128
ssc,108021,2025,nonscience_avg_gpa,3.32,3.3
ssc,130910,2012,nonscience_examinee_total,,36
ssc,130910,2012,nonscience_examinee_passed,,36
ssc,130910,2015,nonscience_examinee_total,,41
ssc,130910,2015,nonscience_examinee_passed,,41
ssc,130910,2018,nonscience_examinee_total,,43
ssc,130910,2018,nonscience_examinee_passed,,42
ssc,130910,2019,science_avg_gpa,4.58,4.52
ssc,130910,2019,nonscience_examinee_total,,36
ssc,130910,2019,nonscience_examinee_passed,,35
ssc,130910,2020,nonscience_examinee_total,,39
ssc,130910,2020,nonscience_examinee_passed,,39
ssc,130910,2021,science_avg_gpa,4.79,4.73
ssc,130910,2023,nonscience_examinee_total,,35
ssc,130910,2023,nonscience_examinee_passed,,33
ssc,130910,2026,nonscience_examinee_total,4,29
ssc,130910,2026,nonscience_examinee_passed,4,29
ssc,108266,2011,science_avg_gpa,3.35,3.26
ssc,108266,2011,nonscience_examinee_total,504,552
ssc,108266,2011,nonscience_examinee_passed,394,429
ssc,108266,2011,nonscience_avg_gpa,2.69,2.65
ssc,108266,2012,science_examinee_total,,28
ssc,108266,2012,science_examinee_passed,,23
ssc,108266,2012,science_avg_gpa,3.15,2.82
ssc,108266,2012,nonscience_examinee_total,,504
ssc,108266,2012,nonscience_examinee_passed,,355
ssc,108266,2012,nonscience_avg_gpa,2.27,2.19
ssc,108266,2013,science_examinee_total,,14
ssc,108266,2013,science_examinee_passed,,13
ssc,108266,2013,nonscience_examinee_total,307,332
ssc,108266,2013,nonscience_examinee_passed,257,279
ssc,108266,2013,nonscience_avg_gpa,2.52,2.47
ssc,108266,2014,nonscience_examinee_total,262,280
ssc,108266,2014,nonscience_examinee_passed,228,244
ssc,108266,2014,nonscience_avg_gpa,3.03,2.99
ssc,108266,2015,science_examinee_total,,14
ssc,108266,2015,science_examinee_passed,,8
ssc,108266,2015,nonscience_examinee_total,,152
ssc,108266,2015,nonscience_examinee_passed,,136
ssc,108266,2015,nonscience_avg_gpa,3.03,3.01
ssc,108266,2016,science_avg_gpa,3.79,3.67
ssc,108266,2016,nonscience_examinee_total,,151
ssc,108266,2016,nonscience_examinee_passed,,134
ssc,108266,2016,nonscience_avg_gpa,3.2,3.18
ssc,108266,2017,science_examinee_total,,11
ssc,108266,2017,science_examinee_passed,,8
ssc,108266,2017,nonscience_examinee_total,,154
ssc,108266,2017,nonscience_examinee_passed,,110
ssc,108266,2017,nonscience_avg_gpa,2.61,2.58
ssc,108266,2018,science_examinee_total,,18
ssc,108266,2018,science_examinee_passed,,18
ssc,108266,2018,nonscience_examinee_total,,233
ssc,108266,2018,nonscience_examinee_passed,,112
ssc,108266,2019,nonscience_examinee_total,,230
ssc,108266,2019,nonscience_examinee_passed,,136
ssc,108266,2019,nonscience_avg_gpa,1.83,1.81
ssc,108266,2020,science_examinee_total,,12
ssc,108266,2020,science_examinee_passed,,12
ssc,108266,2020,nonscience_examinee_total,,175
ssc,108266,2020,nonscience_examinee_passed,,151
ssc,108266,2021,science_examinee_total,,10
ssc,108266,2021,science_examinee_passed,,8
ssc,108266,2021,science_avg_gpa,3.51,3.16
ssc,108266,2021,nonscience_examinee_total,123,172
ssc,108266,2021,nonscience_examinee_passed,108,150
ssc,108266,2021,nonscience_avg_gpa,2.72,2.68
ssc,108266,2022,nonscience_examinee_total,67,107
ssc,108266,2022,nonscience_examinee_passed,62,97
ssc,108266,2023,science_examinee_total,,16
ssc,108266,2023,science_examinee_passed,,13
ssc,108266,2023,nonscience_examinee_total,,98
ssc,108266,2023,nonscience_examinee_passed,,63
ssc,108266,2023,nonscience_avg_gpa,2.16,2.07
ssc,108266,2024,science_examinee_total,,14
ssc,108266,2024,science_examinee_passed,,12
ssc,108266,2024,science_avg_gpa,3.49,3.24
ssc,108266,2024,nonscience_examinee_total,,107
ssc,108266,2024,nonscience_examinee_passed,,68
ssc,108266,2025,science_examinee_total,,26
ssc,108266,2025,science_examinee_passed,,15
ssc,108266,2025,science_avg_gpa,2.22,2.14
ssc,108266,2025,nonscience_examinee_total,,93
ssc,108266,2025,nonscience_examinee_passed,,48
ssc,108266,2026,science_avg_gpa,2.29,2.25
ssc,108266,2026,nonscience_examinee_total,,136
ssc,108266,2026,nonscience_examinee_passed,,47
ssc,108266,2026,nonscience_avg_gpa,1.1,1.08
ssc,108020,2011,nonscience_examinee_total,39,62
ssc,108020,2011,nonscience_examinee_passed,35,57
ssc,108020,2012,science_examinee_total,,15
ssc,108020,2012,science_examinee_passed,,13
ssc,108020,2012,nonscience_examinee_total,,69
ssc,108020,2012,nonscience_examinee_passed,,49
ssc,108020,2013,science_examinee_total,,6
ssc,108020,2013,science_examinee_passed,,6
ssc,108020,2013,nonscience_examinee_total,,66
ssc,108020,2013,nonscience_examinee_passed,,62
ssc,108020,2013,nonscience_avg_gpa,2.96,2.92
ssc,108020,2014,nonscience_examinee_total,,83
ssc,108020,2014,nonscience_examinee_passed,,79
ssc,108020,2015,nonscience_examinee_total,107,117
ssc,108020,2015,nonscience_examinee_passed,74,80
ssc,108020,2016,nonscience_examinee_total,,94
ssc,108020,2016,nonscience_examinee_passed,,58
ssc,108020,2017,nonscience_examinee_total,113,134
ssc,108020,2017,nonscience_examinee_passed,82,102
ssc,108020,2018,science_examinee_total,,42
ssc,108020,2018,science_examinee_passed,,29
ssc,108020,2018,nonscience_examinee_total,,127
ssc,108020,2018,nonscience_examinee_passed,,104
ssc,108020,2018,nonscience_avg_gpa,2.92,2.9
ssc,108020,2019,science_examinee_total,,52
ssc,108020,2019,science_examinee_passed,,48
ssc,108020,2019,nonscience_examinee_total,,117
ssc,108020,2019,nonscience_examinee_passed,,56
ssc,108020,2020,science_examinee_total,,53
ssc,108020,2020,science_examinee_passed,,43
ssc,108020,2020,nonscience_examinee_total,,123
ssc,108020,2020,nonscience_examinee_passed,,83
ssc,108020,2020,nonscience_avg_gpa,2.08,2.04
ssc,108020,2021,nonscience_examinee_total,,157
ssc,108020,2021,nonscience_examinee_passed,,143
ssc,108020,2022,nonscience_examinee_total,65,143
ssc,108020,2022,nonscience_examinee_passed,50,118
ssc,108020,2023,science_examinee_total,,87
ssc,108020,2023,science_examinee_passed,,65
ssc,108020,2023,nonscience_examinee_total,,223
ssc,108020,2023,nonscience_examinee_passed,,108
ssc,108020,2023,nonscience_avg_gpa,1.7,1.65
ssc,108020,2024,science_examinee_total,,82
ssc,108020,2024,science_examinee_passed,,51
ssc,108020,2024,science_avg_gpa,2.22,2.2
ssc,108020,2024,nonscience_examinee_total,103,233
ssc,108020,2024,nonscience_examinee_passed,75,136
ssc,108020,2024,nonscience_avg_gpa,1.84,1.82
ssc,108020,2025,science_avg_gpa,3.48,3.41
ssc,108020,2025,nonscience_examinee_total,,212
ssc,108020,2025,nonscience_examinee_passed,,136
ssc,108020,2026,nonscience_examinee_total,,180
ssc,108020,2026,nonscience_examinee_passed,,130
ssc,108139,2011,nonscience_examinee_total,202,233
ssc,108139,2011,nonscience_examinee_passed,197,226
ssc,108139,2011,nonscience_avg_gpa,3.81,3.78
ssc,108139,2012,nonscience_examinee_total,195,220
ssc,108139,2012,nonscience_examinee_passed,185,210
ssc,108139,2012,nonscience_avg_gpa,3.67,3.62
ssc,108139,2013,nonscience_examinee_total,226,270
ssc,108139,2013,nonscience_examinee_passed,216,257
ssc,108139,2013,nonscience_avg_gpa,3.37,3.33
ssc,108139,2014,science_avg_gpa,4.63,4.57
ssc,108139,2014,nonscience_examinee_total,243,282
ssc,108139,2014,nonscience_examinee_passed,233,271
ssc,108139,2014,nonscience_avg_gpa,3.81,3.73
ssc,108139,2015,nonscience_examinee_total,207,249
ssc,108139,2015,nonscience_examinee_passed,194,230
ssc,108139,2015,nonscience_avg_gpa,3.48,3.45
ssc,108139,2016,nonscience_examinee_total,204,250
ssc,108139,2016,nonscience_examinee_passed,187,225
ssc,108139,2016,nonscience_avg_gpa,3.43,3.4
ssc,108139,2017,nonscience_examinee_total,193,243
ssc,108139,2017,nonscience_examinee_passed,190,233
ssc,108139,2017,nonscience_avg_gpa,3.94,3.9
ssc,108139,2018,nonscience_examinee_total,267,321
ssc,108139,2018,nonscience_examinee_passed,253,303
ssc,108139,2019,nonscience_examinee_total,282,333
ssc,108139,2019,nonscience_examinee_passed,251,290
ssc,108139,2019,nonscience_avg_gpa,3.07,3.04
ssc,108139,2020,nonscience_avg_gpa,3.35,3.33
ssc,108139,2021,science_avg_gpa,4.42,4.34
ssc,108139,2021,nonscience_examinee_total,230,304
ssc,108139,2021,nonscience_examinee_passed,226,299
ssc,108139,2021,nonscience_avg_gpa,3.56,3.54
ssc,108139,2022,nonscience_avg_gpa,3.55,3.51
ssc,108139,2023,nonscience_examinee_total,276,378
ssc,108139,2023,nonscience_examinee_passed,257,336
ssc,108139,2025,science_avg_gpa,3.89,3.85
ssc,108139,2025,nonscience_examinee_total,274,445
ssc,108139,2025,nonscience_examinee_passed,222,352
ssc,108139,2026,science_avg_gpa,3.98,3.96
ssc,108139,2026,nonscience_examinee_total,276,423
ssc,108139,2026,nonscience_examinee_passed,236,337
ssc,108139,2026,nonscience_avg_gpa,2.72,2.7
ssc,108138,2011,nonscience_examinee_total,79,134
ssc,108138,2011,nonscience_examinee_passed,72,114
ssc,108138,2011,nonscience_avg_gpa,2.99,2.97
ssc,108138,2012,nonscience_examinee_total,87,120
ssc,108138,2012,nonscience_examinee_passed,76,101
ssc,108138,2013,nonscience_examinee_total,107,138
ssc,108138,2013,nonscience_examinee_passed,79,94
ssc,108138,2013,nonscience_avg_gpa,2.37,2.33
ssc,108138,2014,nonscience_examinee_total,103,140
ssc,108138,2014,nonscience_examinee_passed,96,133
ssc,108138,2014,nonscience_avg_gpa,3.47,3.42
ssc,108138,2015,nonscience_examinee_total,86,105
ssc,108138,2015,nonscience_examinee_passed,66,78
ssc,108138,2016,science_examinee_total,,32
ssc,108138,2016,science_examinee_passed,,29
ssc,108138,2016,nonscience_examinee_total,109,142
ssc,108138,2016,nonscience_examinee_passed,99,118
ssc,108138,2017,science_avg_gpa,4.17,4.08
ssc,108138,2017,nonscience_examinee_total,77,111
ssc,108138,2017,nonscience_examinee_passed,75,106
ssc,108138,2018,nonscience_examinee_total,99,121
ssc,108138,2018,nonscience_examinee_passed,89,100
ssc,108138,2018,nonscience_avg_gpa,3.02,2.97
ssc,108138,2019,nonscience_examinee_total,79,110
ssc,108138,2019,nonscience_examinee_passed,67,89
ssc,108138,2020,science_examinee_total,,30
ssc,108138,2020,science_examinee_passed,,28
ssc,108138,2020,nonscience_examinee_total,69,90
ssc,108138,2020,nonscience_examinee_passed,63,80
ssc,108138,2021,nonscience_examinee_total,,108
ssc,108138,2021,nonscience_examinee_passed,,101
ssc,108138,2021,nonscience_avg_gpa,3.1,3.04
ssc,108138,2022,nonscience_examinee_total,53,95
ssc,108138,2022,nonscience_examinee_passed,51,73
ssc,108138,2022,nonscience_avg_gpa,2.87,2.81
ssc,108138,2023,nonscience_examinee_total,,99
ssc,108138,2023,nonscience_examinee_passed,,67
ssc,108138,2024,nonscience_examinee_total,,80
ssc,108138,2024,nonscience_examinee_passed,,66
ssc,108138,2024,nonscience_avg_gpa,2.81,2.77
ssc,108138,2025,science_avg_gpa,3.11,3.0
ssc,108138,2025,nonscience_examinee_total,45,79
ssc,108138,2025,nonscience_examinee_passed,31,51
ssc,108138,2025,nonscience_avg_gpa,2.37,2.25
ssc,108138,2026,science_avg_gpa,3.27,3.08
ssc,108138,2026,nonscience_examinee_total,45,85
ssc,108138,2026,nonscience_examinee_passed,32,60
ssc,108134,2011,science_examinee_total,,4
ssc,108134,2011,science_examinee_passed,,4
ssc,108134,2011,nonscience_examinee_total,,48
ssc,108134,2011,nonscience_examinee_passed,,43
ssc,108134,2012,science_examinee_total,,4
ssc,108134,2012,science_examinee_passed,,4
ssc,108134,2012,nonscience_examinee_total,,40
ssc,108134,2012,nonscience_examinee_passed,,37
ssc,108134,2013,science_examinee_total,,2
ssc,108134,2013,science_examinee_passed,,2
ssc,108134,2014,nonscience_examinee_total,44,47
ssc,108134,2014,nonscience_examinee_passed,38,41
ssc,108134,2014,nonscience_avg_gpa,3.26,3.19
ssc,108134,2015,nonscience_examinee_total,,35
ssc,108134,2015,nonscience_examinee_passed,,25
ssc,108134,2016,science_examinee_total,,4
ssc,108134,2016,science_examinee_passed,,4
ssc,108134,2016,nonscience_examinee_total,,51
ssc,108134,2016,nonscience_examinee_passed,,42
ssc,108134,2017,nonscience_examinee_total,,50
ssc,108134,2017,nonscience_examinee_passed,,48
ssc,108134,2017,nonscience_avg_gpa,3.51,3.44
ssc,108134,2018,science_examinee_total,,3
ssc,108134,2018,science_examinee_passed,,2
ssc,108134,2018,nonscience_examinee_total,32,49
ssc,108134,2018,nonscience_examinee_passed,31,44
ssc,108134,2019,science_examinee_total,,6
ssc,108134,2019,science_examinee_passed,,6
ssc,108134,2019,nonscience_examinee_total,,37
ssc,108134,2019,nonscience_examinee_passed,,23
ssc,108134,2020,science_examinee_total,,2
ssc,108134,2020,science_examinee_passed,,2
ssc,108134,2020,nonscience_examinee_total,,45
ssc,108134,2020,nonscience_examinee_passed,,30
ssc,108134,2021,science_examinee_total,,4
ssc,108134,2021,science_examinee_passed,,3
ssc,108134,2021,nonscience_examinee_total,,60
ssc,108134,2021,nonscience_examinee_passed,,60
ssc,108134,2022,science_examinee_total,,2
ssc,108134,2022,science_examinee_passed,,2
ssc,108134,2022,nonscience_examinee_total,,51
ssc,108134,2022,nonscience_examinee_passed,,42
ssc,108134,2022,nonscience_avg_gpa,2.89,2.78
ssc,108134,2023,science_examinee_total,,3
ssc,108134,2023,science_examinee_passed,,3
ssc,108134,2023,nonscience_examinee_total,,41
ssc,108134,2023,nonscience_examinee_passed,,31
ssc,108134,2023,nonscience_avg_gpa,2.48,2.42
ssc,108134,2024,nonscience_examinee_total,,37
ssc,108134,2024,nonscience_examinee_passed,,33
ssc,108134,2025,nonscience_examinee_total,,44
ssc,108134,2025,nonscience_examinee_passed,,29
ssc,108134,2026,science_examinee_total,,8
ssc,108134,2026,science_examinee_passed,,8
ssc,108134,2026,nonscience_examinee_total,,41
ssc,108134,2026,nonscience_examinee_passed,,36
ssc,108349,2011,science_examinee_total,,5
ssc,108349,2011,science_examinee_passed,,4
ssc,108349,2011,nonscience_examinee_total,36,39
ssc,108349,2011,nonscience_examinee_passed,36,39
ssc,108349,2012,science_examinee_total,,8
ssc,108349,2012,science_examinee_passed,,8
ssc,108349,2012,nonscience_examinee_total,,62
ssc,108349,2012,nonscience_examinee_passed,,54
ssc,108349,2013,science_examinee_total,,8
ssc,108349,2013,science_examinee_passed,,8
ssc,108349,2013,nonscience_examinee_total,,46
ssc,108349,2013,nonscience_examinee_passed,,43
ssc,108349,2014,nonscience_examinee_total,8,53
ssc,108349,2014,nonscience_examinee_passed,8,52
ssc,108349,2015,nonscience_examinee_total,,61
ssc,108349,2015,nonscience_examinee_passed,,53
ssc,108349,2016,science_examinee_total,,3
ssc,108349,2016,science_examinee_passed,,3
ssc,108349,2016,nonscience_examinee_total,,53
ssc,108349,2016,nonscience_examinee_passed,,49
ssc,108349,2017,science_examinee_total,,3
ssc,108349,2017,science_examinee_passed,,3
ssc,108349,2017,nonscience_examinee_total,,40
ssc,108349,2017,nonscience_examinee_passed,,34
ssc,108349,2017,nonscience_avg_gpa,3.15,3.07
ssc,108349,2018,nonscience_examinee_total,,70
ssc,108349,2018,nonscience_examinee_passed,,60
ssc,108349,2018,nonscience_avg_gpa,2.93,2.89
ssc,108349,2019,science_examinee_total,,9
ssc,108349,2019,science_examinee_passed,,9
ssc,108349,2019,nonscience_examinee_total,,52
ssc,108349,2019,nonscience_examinee_passed,,39
ssc,108349,2019,nonscience_avg_gpa,2.47,2.42
ssc,108349,2020,nonscience_examinee_total,,41
ssc,108349,2020,nonscience_examinee_passed,,37
ssc,108349,2021,science_examinee_total,,2
ssc,108349,2021,science_examinee_passed,,2
ssc,108349,2021,nonscience_examinee_total,30,51
ssc,108349,2021,nonscience_examinee_passed,25,43
ssc,108349,2021,nonscience_avg_gpa,2.86,2.64
ssc,108349,2022,science_examinee_total,,7
ssc,108349,2022,science_examinee_passed,,7
ssc,108349,2022,nonscience_examinee_total,,35
ssc,108349,2022,nonscience_examinee_passed,,32
ssc,108349,2023,science_examinee_total,,3
ssc,108349,2023,science_examinee_passed,,3
ssc,108349,2023,nonscience_examinee_total,,51
ssc,108349,2023,nonscience_examinee_passed,,24
ssc,108349,2023,nonscience_avg_gpa,1.51,1.48
ssc,108349,2024,science_examinee_total,,3
ssc,108349,2024,science_examinee_passed,,3
ssc,108349,2024,nonscience_examinee_total,,66
ssc,108349,2024,nonscience_examinee_passed,,45
ssc,108349,2025,science_examinee_total,,2
ssc,108349,2025,science_examinee_passed,,1
ssc,108349,2025,nonscience_examinee_total,,53
ssc,108349,2025,nonscience_examinee_passed,,30
ssc,108349,2025,nonscience_avg_gpa,1.75,1.72
ssc,108349,2026,science_examinee_total,,6
ssc,108349,2026,science_examinee_passed,,6
ssc,108349,2026,nonscience_examinee_total,,19
ssc,108349,2026,nonscience_examinee_passed,,16
ssc,108045,2011,science_examinee_total,,6
ssc,108045,2011,science_examinee_passed,,6
ssc,108045,2011,nonscience_examinee_total,,39
ssc,108045,2011,nonscience_examinee_passed,,29
ssc,108045,2012,science_examinee_total,,9
ssc,108045,2012,science_examinee_passed,,9
ssc,108045,2012,nonscience_examinee_total,,44
ssc,108045,2012,nonscience_examinee_passed,,32
ssc,108045,2013,nonscience_examinee_total,,73
ssc,108045,2013,nonscience_examinee_passed,,69
ssc,108045,2014,nonscience_examinee_total,52,65
ssc,108045,2014,nonscience_examinee_passed,44,50
ssc,108045,2014,nonscience_avg_gpa,2.79,2.75
ssc,108045,2015,nonscience_examinee_total,47,60
ssc,108045,2015,nonscience_examinee_passed,45,57
ssc,108045,2016,nonscience_examinee_total,,49
ssc,108045,2016,nonscience_examinee_passed,,39
ssc,108045,2017,nonscience_examinee_total,,76
ssc,108045,2017,nonscience_examinee_passed,,60
ssc,108045,2018,nonscience_examinee_total,,81
ssc,108045,2018,nonscience_examinee_passed,,65
ssc,108045,2019,nonscience_examinee_total,,93
ssc,108045,2019,nonscience_examinee_passed,,63
ssc,108045,2020,nonscience_examinee_total,,86
ssc,108045,2020,nonscience_examinee_passed,,56
ssc,108045,2021,nonscience_examinee_total,108,132
ssc,108045,2021,nonscience_examinee_passed,101,119
ssc,108045,2021,nonscience_avg_gpa,2.97,2.95
ssc,108045,2022,nonscience_examinee_total,,55
ssc,108045,2022,nonscience_examinee_passed,,47
ssc,108045,2022,nonscience_avg_gpa,2.96,2.91
ssc,108045,2023,science_examinee_total,,16
ssc,108045,2023,science_examinee_passed,,15
ssc,108045,2023,nonscience_examinee_total,,54
ssc,108045,2023,nonscience_examinee_passed,,37
ssc,108045,2024,science_examinee_total,,6
ssc,108045,2024,science_examinee_passed,,6
ssc,108045,2024,nonscience_examinee_total,,42
ssc,108045,2024,nonscience_examinee_passed,,26
ssc,108045,2025,science_examinee_total,,3
ssc,108045,2025,science_examinee_passed,,3
ssc,108045,2025,nonscience_examinee_total,,28
ssc,108045,2025,nonscience_examinee_passed,,21
ssc,108045,2026,nonscience_examinee_total,,29
ssc,108045,2026,nonscience_examinee_passed,,21
ssc,108045,2026,nonscience_avg_gpa,2.3,2.22
ssc,108048,2011,nonscience_avg_gpa,4.12,4.08
ssc,108048,2015,nonscience_avg_gpa,3.61,3.58
ssc,108048,2018,nonscience_examinee_total,,171
ssc,108048,2018,nonscience_examinee_passed,,168
ssc,108048,2018,nonscience_avg_gpa,3.78,3.76
ssc,108048,2019,nonscience_examinee_total,,127
ssc,108048,2019,nonscience_examinee_passed,,121
ssc,108048,2020,nonscience_examinee_total,,114
ssc,108048,2020,nonscience_examinee_passed,,113
ssc,108048,2020,nonscience_avg_gpa,3.99,3.95
ssc,108048,2022,nonscience_avg_gpa,3.89,3.86
ssc,108048,2023,nonscience_avg_gpa,3.32,3.3
ssc,108048,2025,nonscience_examinee_total,,143
ssc,108048,2025,nonscience_examinee_passed,,127
ssc,108048,2025,nonscience_avg_gpa,3.42,3.4
ssc,139032,2023,nonscience_examinee_total,,4
ssc,139032,2023,nonscience_examinee_passed,,3
ssc,139032,2024,science_examinee_total,,8
ssc,139032,2024,science_examinee_passed,,7
ssc,139032,2024,nonscience_examinee_total,,4
ssc,139032,2024,nonscience_examinee_passed,,4
ssc,139032,2025,nonscience_examinee_total,,9
ssc,139032,2025,nonscience_examinee_passed,,5
ssc,139032,2026,science_examinee_total,,20
ssc,139032,2026,science_examinee_passed,,18
ssc,139032,2026,nonscience_examinee_total,,52
ssc,139032,2026,nonscience_examinee_passed,,40
ssc,108013,2011,nonscience_examinee_total,68,84
ssc,108013,2011,nonscience_examinee_passed,66,82
ssc,108013,2011,nonscience_avg_gpa,3.91,3.82
ssc,108013,2012,nonscience_examinee_total,113,128
ssc,108013,2012,nonscience_examinee_passed,106,121
ssc,108013,2012,nonscience_avg_gpa,3.55,3.52
ssc,108013,2013,nonscience_examinee_total,101,122
ssc,108013,2013,nonscience_examinee_passed,99,119
ssc,108013,2013,nonscience_avg_gpa,4.05,4.02
ssc,108013,2014,nonscience_examinee_total,145,178
ssc,108013,2014,nonscience_examinee_passed,145,177
ssc,108013,2015,nonscience_examinee_total,121,161
ssc,108013,2015,nonscience_examinee_passed,120,160
ssc,108013,2017,nonscience_examinee_total,146,201
ssc,108013,2017,nonscience_examinee_passed,142,195
ssc,108013,2017,nonscience_avg_gpa,4.03,4.01
ssc,108013,2018,nonscience_examinee_total,200,266
ssc,108013,2018,nonscience_examinee_passed,185,244
ssc,108013,2019,nonscience_examinee_total,,276
ssc,108013,2019,nonscience_examinee_passed,,258
ssc,108013,2020,nonscience_examinee_total,92,260
ssc,108013,2020,nonscience_examinee_passed,84,228
ssc,108013,2021,nonscience_examinee_total,,255
ssc,108013,2021,nonscience_examinee_passed,,245
ssc,108013,2022,nonscience_avg_gpa,3.58,3.55
ssc,108013,2023,nonscience_avg_gpa,2.91,2.89
ssc,108013,2024,science_avg_gpa,4.24,4.22
ssc,108013,2025,science_avg_gpa,3.9,3.88
ssc,108013,2025,nonscience_examinee_total,82,239
ssc,108013,2025,nonscience_examinee_passed,61,182
ssc,108013,2026,science_avg_gpa,4.05,4.02
ssc,108013,2026,nonscience_examinee_total,83,235
ssc,108013,2026,nonscience_examinee_passed,69,192
ssc,108013,2026,nonscience_avg_gpa,2.84,2.81
ssc,108050,2011,nonscience_examinee_total,,65
ssc,108050,2011,nonscience_examinee_passed,,56
ssc,108050,2012,science_examinee_total,,14
ssc,108050,2012,science_examinee_passed,,8
ssc,108050,2012,nonscience_examinee_total,,76
ssc,108050,2012,nonscience_examinee_passed,,52
ssc,108050,2013,science_examinee_total,,12
ssc,108050,2013,science_examinee_passed,,11
ssc,108050,2013,nonscience_examinee_total,,52
ssc,108050,2013,nonscience_examinee_passed,,38
ssc,108050,2013,nonscience_avg_gpa,2.33,2.28
ssc,108050,2014,science_examinee_total,,16
ssc,108050,2014,science_examinee_passed,,15
ssc,108050,2014,nonscience_examinee_total,65,72
ssc,108050,2014,nonscience_examinee_passed,59,66
ssc,108050,2014,nonscience_avg_gpa,3.48,3.39
ssc,108050,2015,science_examinee_total,,14
ssc,108050,2015,science_examinee_passed,,13
ssc,108050,2015,nonscience_examinee_total,,78
ssc,108050,2015,nonscience_examinee_passed,,68
ssc,108050,2016,science_examinee_total,,9
ssc,108050,2016,science_examinee_passed,,6
ssc,108050,2016,nonscience_examinee_total,,71
ssc,108050,2016,nonscience_examinee_passed,,63
ssc,108050,2017,nonscience_examinee_total,,73
ssc,108050,2017,nonscience_examinee_passed,,64
ssc,108050,2018,nonscience_examinee_total,,71
ssc,108050,2018,nonscience_examinee_passed,,44
ssc,108050,2019,science_examinee_total,,17
ssc,108050,2019,science_examinee_passed,,14
ssc,108050,2019,nonscience_examinee_total,,50
ssc,108050,2019,nonscience_examinee_passed,,30
ssc,108050,2020,science_examinee_total,,18
ssc,108050,2020,science_examinee_passed,,16
ssc,108050,2020,nonscience_examinee_total,,58
ssc,108050,2020,nonscience_examinee_passed,,53
ssc,108050,2021,science_examinee_total,,2
ssc,108050,2021,science_examinee_passed,,1
ssc,108050,2021,nonscience_examinee_total,,53
ssc,108050,2021,nonscience_examinee_passed,,49
ssc,108050,2021,nonscience_avg_gpa,2.97,2.86
ssc,108050,2022,science_examinee_total,,15
ssc,108050,2022,science_examinee_passed,,15
ssc,108050,2022,nonscience_examinee_total,,76
ssc,108050,2022,nonscience_examinee_passed,,67
ssc,108050,2023,science_examinee_total,,6
ssc,108050,2023,science_examinee_passed,,6
ssc,108050,2023,nonscience_examinee_total,,66
ssc,108050,2023,nonscience_examinee_passed,,48
ssc,108050,2023,nonscience_avg_gpa,2.36,2.33
ssc,108050,2024,science_examinee_total,,4
ssc,108050,2024,science_examinee_passed,,4
ssc,108050,2024,nonscience_examinee_total,,43
ssc,108050,2024,nonscience_examinee_passed,,37
ssc,108050,2025,science_examinee_total,,2
ssc,108050,2025,science_examinee_passed,,2
ssc,108050,2025,nonscience_examinee_total,,31
ssc,108050,2025,nonscience_examinee_passed,,18
ssc,108050,2026,science_examinee_total,,12
ssc,108050,2026,science_examinee_passed,,12
ssc,108050,2026,nonscience_examinee_total,,36
ssc,108050,2026,nonscience_examinee_passed,,25
ssc,134596,2017,nonscience_avg_gpa,3.41,3.27
ssc,134596,2018,nonscience_examinee_total,,59
ssc,134596,2018,nonscience_examinee_passed,,51
ssc,134596,2018,nonscience_avg_gpa,3.11,3.01
ssc,134596,2019,nonscience_examinee_total,,47
ssc,134596,2019,nonscience_examinee_passed,,22
ssc,134596,2020,nonscience_examinee_total,,73
ssc,134596,2020,nonscience_examinee_passed,,57
ssc,134596,2020,nonscience_avg_gpa,2.62,2.54
ssc,134596,2021,nonscience_examinee_total,,56
ssc,134596,2021,nonscience_examinee_passed,,52
ssc,134596,2021,nonscience_avg_gpa,3.27,3.09
ssc,134596,2022,science_examinee_total,,12
ssc,134596,2022,science_examinee_passed,,10
ssc,134596,2022,nonscience_examinee_total,,39
ssc,134596,2022,nonscience_examinee_passed,,31
ssc,134596,2023,science_examinee_total,,30
ssc,134596,2023,science_examinee_passed,,21
ssc,134596,2023,science_avg_gpa,2.72,2.62
ssc,134596,2023,nonscience_examinee_total,,53
ssc,134596,2023,nonscience_examinee_passed,,20
ssc,134596,2023,nonscience_avg_gpa,1.32,1.27
ssc,134596,2024,nonscience_examinee_total,,52
ssc,134596,2024,nonscience_examinee_passed,,41
ssc,134596,2025,nonscience_examinee_total,,48
ssc,134596,2025,nonscience_examinee_passed,,25
ssc,134596,2026,science_examinee_total,,17
ssc,134596,2026,science_examinee_passed,,7
ssc,134596,2026,nonscience_examinee_total,,27
ssc,134596,2026,nonscience_examinee_passed,,12
ssc,134596,2026,nonscience_avg_gpa,1.27,1.23
ssc,108142,2011,nonscience_examinee_total,46,56
ssc,108142,2011,nonscience_examinee_passed,44,54
ssc,108142,2012,nonscience_examinee_total,24,117
ssc,108142,2012,nonscience_examinee_passed,16,85
ssc,108142,2013,nonscience_examinee_total,,92
ssc,108142,2013,nonscience_examinee_passed,,81
ssc,108142,2013,nonscience_avg_gpa,3.15,3.08
ssc,108142,2015,nonscience_examinee_total,,110
ssc,108142,2015,nonscience_examinee_passed,,106
ssc,108142,2016,nonscience_examinee_total,111,145
ssc,108142,2016,nonscience_examinee_passed,103,133
ssc,108142,2017,science_examinee_total,,9
ssc,108142,2017,science_examinee_passed,,7
ssc,108142,2017,nonscience_examinee_total,,82
ssc,108142,2017,nonscience_examinee_passed,,71
ssc,108142,2018,science_examinee_total,,4
ssc,108142,2018,science_examinee_passed,,4
ssc,108142,2018,nonscience_examinee_total,64,94
ssc,108142,2018,nonscience_examinee_passed,50,70
ssc,108142,2018,nonscience_avg_gpa,2.63,2.6
ssc,108142,2019,science_examinee_total,,5
ssc,108142,2019,science_examinee_passed,,5
ssc,108142,2019,nonscience_examinee_total,,88
ssc,108142,2019,nonscience_examinee_passed,,61
ssc,108142,2019,nonscience_avg_gpa,2.31,2.23
ssc,108142,2020,science_examinee_total,,3
ssc,108142,2020,science_examinee_passed,,2
ssc,108142,2020,nonscience_examinee_total,,76
ssc,108142,2020,nonscience_examinee_passed,,59
ssc,108142,2020,nonscience_avg_gpa,2.54,2.51
ssc,108142,2021,science_examinee_total,,5
ssc,108142,2021,science_examinee_passed,,4
ssc,108142,2021,nonscience_examinee_total,,93
ssc,108142,2021,nonscience_examinee_passed,,86
ssc,108142,2021,nonscience_avg_gpa,3.07,2.94
ssc,108142,2022,science_examinee_total,,6
ssc,108142,2022,science_examinee_passed,,5
ssc,108142,2023,nonscience_examinee_total,,90
ssc,108142,2023,nonscience_examinee_passed,,45
ssc,108142,2024,science_examinee_total,,3
ssc,108142,2024,science_examinee_passed,,1
ssc,108142,2024,nonscience_examinee_total,56,102
ssc,108142,2024,nonscience_examinee_passed,42,68
ssc,108142,2025,science_examinee_total,,1
ssc,108142,2025,science_examinee_passed,,1
ssc,108142,2025,nonscience_examinee_total,36,69
ssc,108142,2025,nonscience_examinee_passed,20,30
ssc,108142,2025,nonscience_avg_gpa,1.67,1.64
ssc,108142,2026,nonscience_examinee_total,59,102
ssc,108142,2026,nonscience_examinee_passed,41,54
ssc,108142,2026,nonscience_avg_gpa,1.9,1.87
ssc,108141,2011,nonscience_examinee_total,74,81
ssc,108141,2011,nonscience_examinee_passed,53,59
ssc,108141,2011,nonscience_avg_gpa,2.47,2.44
ssc,108141,2012,science_examinee_total,,16
ssc,108141,2012,science_examinee_passed,,10
ssc,108141,2012,nonscience_examinee_total,,98
ssc,108141,2012,nonscience_examinee_passed,,55
ssc,108141,2013,nonscience_examinee_total,,73
ssc,108141,2013,nonscience_examinee_passed,,58
ssc,108141,2013,nonscience_avg_gpa,2.36,2.33
ssc,108141,2014,science_avg_gpa,3.61,3.16
ssc,108141,2014,nonscience_examinee_total,50,54
ssc,108141,2014,nonscience_examinee_passed,46,49
ssc,108141,2015,nonscience_examinee_total,,53
ssc,108141,2015,nonscience_examinee_passed,,44
ssc,108141,2016,science_avg_gpa,3.89,3.24
ssc,108141,2016,nonscience_examinee_total,,83
ssc,108141,2016,nonscience_examinee_passed,,74
ssc,108141,2016,nonscience_avg_gpa,3.16,3.12
ssc,108141,2017,science_examinee_total,,17
ssc,108141,2017,science_examinee_passed,,15
ssc,108141,2017,nonscience_examinee_total,,55
ssc,108141,2017,nonscience_examinee_passed,,51
ssc,108141,2018,nonscience_examinee_total,,70
ssc,108141,2018,nonscience_examinee_passed,,51
ssc,108141,2019,science_examinee_total,,20
ssc,108141,2019,science_examinee_passed,,18
ssc,108141,2019,nonscience_examinee_total,,78
ssc,108141,2019,nonscience_examinee_passed,,32
ssc,108141,2019,nonscience_avg_gpa,1.28,1.25
ssc,108141,2020,nonscience_examinee_total,,103
ssc,108141,2020,nonscience_examinee_passed,,57
ssc,108141,2020,nonscience_avg_gpa,1.69,1.67
ssc,108141,2021,nonscience_examinee_total,,113
ssc,108141,2021,nonscience_examinee_passed,,103
ssc,108141,2021,nonscience_avg_gpa,2.71,2.69
ssc,108141,2022,science_examinee_total,,10
ssc,108141,2022,science_examinee_passed,,9
ssc,108141,2022,nonscience_examinee_total,,53
ssc,108141,2022,nonscience_examinee_passed,,37
ssc,108141,2023,science_examinee_total,,13
ssc,108141,2023,science_examinee_passed,,10
ssc,108141,2023,nonscience_examinee_total,,88
ssc,108141,2023,nonscience_examinee_passed,,40
ssc,108141,2023,nonscience_avg_gpa,1.51,1.49
ssc,108141,2024,science_examinee_total,,8
ssc,108141,2024,science_examinee_passed,,7
ssc,108141,2024,nonscience_examinee_total,,106
ssc,108141,2024,nonscience_examinee_passed,,58
ssc,108141,2024,nonscience_avg_gpa,1.7,1.65
ssc,108141,2025,nonscience_examinee_total,,58
ssc,108141,2025,nonscience_examinee_passed,,21
ssc,108141,2026,nonscience_examinee_total,,55
ssc,108141,2026,nonscience_examinee_passed,,41
ssc,108154,2017,nonscience_examinee_total,132,142
ssc,108154,2017,nonscience_examinee_passed,122,129
ssc,108154,2018,nonscience_examinee_total,,172
ssc,108154,2018,nonscience_examinee_passed,,146
ssc,108154,2019,science_examinee_total,,40
ssc,108154,2019,science_examinee_passed,,30
ssc,108154,2019,nonscience_examinee_total,,149
ssc,108154,2019,nonscience_examinee_passed,,47
ssc,108154,2020,science_examinee_total,,41
ssc,108154,2020,science_examinee_passed,,36
ssc,108154,2020,nonscience_examinee_total,,130
ssc,108154,2020,nonscience_examinee_passed,,103
ssc,108154,2021,science_examinee_total,,36
ssc,108154,2021,science_examinee_passed,,32
ssc,108154,2021,nonscience_examinee_total,,123
ssc,108154,2021,nonscience_examinee_passed,,111
ssc,108154,2021,nonscience_avg_gpa,2.92,2.82
ssc,108154,2022,nonscience_examinee_total,108,137
ssc,108154,2022,nonscience_examinee_passed,85,108
ssc,108154,2022,nonscience_avg_gpa,2.65,2.59
ssc,108154,2023,nonscience_examinee_total,92,111
ssc,108154,2023,nonscience_examinee_passed,64,73
ssc,108154,2023,nonscience_avg_gpa,2.17,2.15
ssc,108154,2024,nonscience_examinee_total,90,114
ssc,108154,2024,nonscience_examinee_passed,63,77
ssc,108154,2024,nonscience_avg_gpa,2.16,2.14
ssc,108154,2025,nonscience_examinee_total,,106
ssc,108154,2025,nonscience_examinee_passed,,74
ssc,108154,2025,nonscience_avg_gpa,2.18,2.16
ssc,108154,2026,science_examinee_total,,28
ssc,108154,2026,science_examinee_passed,,22
ssc,108154,2026,nonscience_examinee_total,62,75
ssc,108154,2026,nonscience_examinee_passed,53,58
ssc,108154,2026,nonscience_avg_gpa,2.65,2.58
ssc,134105,2012,nonscience_examinee_total,72,76
ssc,134105,2012,nonscience_examinee_passed,72,74
ssc,134105,2013,nonscience_examinee_total,,5
ssc,134105,2013,nonscience_examinee_passed,,4
ssc,134105,2014,science_examinee_total,,1
ssc,134105,2014,science_avg_gpa,,0.0
ssc,134105,2014,nonscience_examinee_total,,5
ssc,134105,2014,nonscience_examinee_passed,,3
ssc,134105,2014,nonscience_avg_gpa,2.56,2.05
ssc,134105,2015,avg_gpa,,0.0
ssc,134105,2015,nonscience_examinee_total,,1
ssc,134105,2015,nonscience_avg_gpa,,0.0
ssc,108549,2011,nonscience_examinee_total,52,74
ssc,108549,2011,nonscience_examinee_passed,50,72
ssc,108549,2012,nonscience_examinee_total,49,76
ssc,108549,2012,nonscience_examinee_passed,47,73
ssc,108549,2013,nonscience_examinee_total,62,102
ssc,108549,2013,nonscience_examinee_passed,61,100
ssc,108549,2015,nonscience_examinee_total,75,96
ssc,108549,2015,nonscience_examinee_passed,72,90
ssc,108549,2017,nonscience_examinee_total,108,130
ssc,108549,2017,nonscience_examinee_passed,108,129
ssc,108549,2018,nonscience_examinee_total,,122
ssc,108549,2018,nonscience_examinee_passed,,109
ssc,108549,2019,nonscience_examinee_total,94,130
ssc,108549,2019,nonscience_examinee_passed,87,120
ssc,108549,2021,nonscience_examinee_total,69,159
ssc,108549,2021,nonscience_examinee_passed,64,152
ssc,108549,2021,nonscience_avg_gpa,3.59,3.55
ssc,108549,2022,nonscience_examinee_total,94,156
ssc,108549,2022,nonscience_examinee_passed,93,152
ssc,108549,2022,nonscience_avg_gpa,4.1,4.05
ssc,108549,2023,nonscience_examinee_total,47,121
ssc,108549,2023,nonscience_examinee_passed,47,117
ssc,108549,2023,nonscience_avg_gpa,3.88,3.85
ssc,108549,2024,nonscience_avg_gpa,4.12,4.09
ssc,108549,2025,science_avg_gpa,3.02,2.96
ssc,108549,2025,nonscience_examinee_total,45,113
ssc,108549,2025,nonscience_examinee_passed,24,89
ssc,108549,2025,nonscience_avg_gpa,3.11,3.09
ssc,108549,2026,nonscience_examinee_total,65,138
ssc,108549,2026,nonscience_examinee_passed,49,110
ssc,108549,2026,nonscience_avg_gpa,2.9,2.88
ssc,108545,2011,nonscience_examinee_total,149,166
ssc,108545,2011,nonscience_examinee_passed,147,163
ssc,108545,2012,nonscience_examinee_total,168,176
ssc,108545,2012,nonscience_examinee_passed,164,168
ssc,108545,2013,science_examinee_total,,12
ssc,108545,2013,science_examinee_passed,,11
ssc,108545,2013,nonscience_examinee_total,141,150
ssc,108545,2013,nonscience_examinee_passed,127,134
ssc,108545,2013,nonscience_avg_gpa,3.2,3.15
ssc,108545,2014,nonscience_examinee_total,230,235
ssc,108545,2014,nonscience_examinee_passed,220,225
ssc,108545,2015,nonscience_examinee_total,210,218
ssc,108545,2015,nonscience_examinee_passed,174,178
ssc,108545,2016,nonscience_examinee_total,,245
ssc,108545,2016,nonscience_examinee_passed,,224
ssc,108545,2017,nonscience_examinee_total,167,170
ssc,108545,2017,nonscience_examinee_passed,147,150
ssc,108545,2018,nonscience_examinee_total,,134
ssc,108545,2018,nonscience_examinee_passed,,92
ssc,108545,2018,nonscience_avg_gpa,2.25,2.23
ssc,108545,2019,nonscience_examinee_total,,92
ssc,108545,2019,nonscience_examinee_passed,,83
ssc,108545,2020,nonscience_examinee_total,,105
ssc,108545,2020,nonscience_examinee_passed,,102
ssc,108545,2021,nonscience_examinee_total,89,106
ssc,108545,2021,nonscience_examinee_passed,84,101
ssc,108545,2021,nonscience_avg_gpa,3.43,3.36
ssc,108545,2022,nonscience_examinee_total,,117
ssc,108545,2022,nonscience_examinee_passed,,108
ssc,108545,2023,nonscience_examinee_total,66,102
ssc,108545,2023,nonscience_examinee_passed,61,95
ssc,108545,2024,nonscience_examinee_total,,69
ssc,108545,2024,nonscience_examinee_passed,,64
ssc,108545,2025,nonscience_examinee_total,,105
ssc,108545,2025,nonscience_examinee_passed,,51
ssc,108545,2025,nonscience_avg_gpa,1.79,1.75
ssc,108545,2026,nonscience_examinee_total,,131
ssc,108545,2026,nonscience_examinee_passed,,85
ssc,134042,2016,science_examinee_total,,6
ssc,134042,2016,science_examinee_passed,,6
ssc,134042,2017,science_examinee_total,,8
ssc,134042,2017,science_examinee_passed,,8
ssc,134042,2017,nonscience_avg_gpa,4.45,4.13
ssc,134042,2018,nonscience_examinee_total,,20
ssc,134042,2018,nonscience_examinee_passed,,19
ssc,134042,2019,science_avg_gpa,3.66,3.56
ssc,134042,2019,nonscience_examinee_total,,51
ssc,134042,2019,nonscience_examinee_passed,,43
ssc,134042,2020,nonscience_examinee_total,,54
ssc,134042,2020,nonscience_examinee_passed,,48
ssc,134042,2021,nonscience_avg_gpa,3.66,3.48
ssc,134042,2022,nonscience_examinee_total,,30
ssc,134042,2022,nonscience_examinee_passed,,26
ssc,134042,2022,nonscience_avg_gpa,3.88,3.49
ssc,134042,2024,nonscience_examinee_total,,20
ssc,134042,2024,nonscience_examinee_passed,,20
ssc,134042,2025,science_examinee_total,,15
ssc,134042,2025,science_examinee_passed,,14
ssc,134042,2025,nonscience_examinee_total,,11
ssc,134042,2025,nonscience_examinee_passed,,11
ssc,134042,2026,science_examinee_total,,31
ssc,134042,2026,science_examinee_passed,,31
ssc,134042,2026,nonscience_examinee_total,,26
ssc,134042,2026,nonscience_examinee_passed,,25
ssc,108551,2011,nonscience_examinee_total,86,87
ssc,108551,2011,nonscience_examinee_passed,85,86
ssc,108551,2012,nonscience_examinee_total,37,39
ssc,108551,2012,nonscience_examinee_passed,36,38
ssc,108551,2013,nonscience_examinee_total,61,69
ssc,108551,2013,nonscience_examinee_passed,58,66
ssc,108551,2014,nonscience_examinee_total,167,185
ssc,108551,2014,nonscience_examinee_passed,154,171
ssc,108551,2014,nonscience_avg_gpa,3.56,3.52
ssc,108551,2015,nonscience_examinee_total,,124
ssc,108551,2015,nonscience_examinee_passed,,103
ssc,108551,2015,nonscience_avg_gpa,2.98,2.93
ssc,108551,2016,nonscience_examinee_total,65,80
ssc,108551,2016,nonscience_examinee_passed,53,68
ssc,108551,2017,nonscience_examinee_total,,102
ssc,108551,2017,nonscience_examinee_passed,,92
ssc,108551,2017,nonscience_avg_gpa,3.38,3.34
ssc,108551,2018,science_examinee_total,,67
ssc,108551,2018,science_examinee_passed,,53
ssc,108551,2018,nonscience_examinee_total,,128
ssc,108551,2018,nonscience_examinee_passed,,86
ssc,108551,2018,nonscience_avg_gpa,2.23,2.2
ssc,108551,2019,science_examinee_total,,47
ssc,108551,2019,science_examinee_passed,,45
ssc,108551,2019,nonscience_examinee_total,,128
ssc,108551,2019,nonscience_examinee_passed,,95
ssc,108551,2020,nonscience_examinee_total,56,80
ssc,108551,2020,nonscience_examinee_passed,51,75
ssc,108551,2021,nonscience_avg_gpa,3,2.9
ssc,108551,2022,nonscience_avg_gpa,2.29,2.26
ssc,108551,2023,nonscience_examinee_total,25,61
ssc,108551,2023,nonscience_examinee_passed,21,48
ssc,108551,2024,nonscience_examinee_total,,58
ssc,108551,2024,nonscience_examinee_passed,,54
ssc,108551,2025,nonscience_examinee_total,,55
ssc,108551,2025,nonscience_examinee_passed,,43
ssc,108551,2025,nonscience_avg_gpa,2.79,2.74
ssc,108551,2026,science_examinee_total,,20
ssc,108551,2026,science_examinee_passed,,20
ssc,108551,2026,nonscience_examinee_total,,26
ssc,108551,2026,nonscience_examinee_passed,,20
ssc,108544,2011,nonscience_examinee_total,150,162
ssc,108544,2011,nonscience_examinee_passed,139,149
ssc,108544,2011,nonscience_avg_gpa,3.68,3.65
ssc,108544,2012,nonscience_examinee_total,149,157
ssc,108544,2012,nonscience_examinee_passed,145,151
ssc,108544,2012,nonscience_avg_gpa,4.18,4.16
ssc,108544,2013,science_avg_gpa,3.98,3.9
ssc,108544,2013,nonscience_examinee_total,270,276
ssc,108544,2013,nonscience_examinee_passed,236,241
ssc,108544,2013,nonscience_avg_gpa,3.34,3.29
ssc,108544,2014,science_avg_gpa,4.27,4.22
ssc,108544,2014,nonscience_examinee_total,349,356
ssc,108544,2014,nonscience_examinee_passed,304,307
ssc,108544,2014,nonscience_avg_gpa,3.26,3.23
ssc,108544,2015,nonscience_examinee_total,288,292
ssc,108544,2015,nonscience_examinee_passed,222,224
ssc,108544,2015,nonscience_avg_gpa,2.82,2.79
ssc,108544,2016,nonscience_examinee_total,225,233
ssc,108544,2016,nonscience_examinee_passed,182,188
ssc,108544,2016,nonscience_avg_gpa,2.81,2.78
ssc,108544,2017,science_examinee_total,,31
ssc,108544,2017,science_examinee_passed,,26
ssc,108544,2017,science_avg_gpa,3.51,3.4
ssc,108544,2017,nonscience_examinee_total,149,151
ssc,108544,2017,nonscience_avg_gpa,2.18,2.15
ssc,108544,2018,science_examinee_total,,18
ssc,108544,2018,science_examinee_passed,,16
ssc,108544,2018,science_avg_gpa,3.65,3.45
ssc,108544,2018,nonscience_examinee_total,,126
ssc,108544,2018,nonscience_examinee_passed,,76
ssc,108544,2018,nonscience_avg_gpa,2.09,2.04
ssc,108544,2019,nonscience_examinee_total,,75
ssc,108544,2019,nonscience_examinee_passed,,42
ssc,108544,2020,nonscience_examinee_total,,94
ssc,108544,2020,nonscience_examinee_passed,,73
ssc,108544,2020,nonscience_avg_gpa,2.49,2.44
ssc,108544,2021,science_avg_gpa,3.87,3.6
ssc,108544,2021,nonscience_examinee_total,107,118
ssc,108544,2021,nonscience_examinee_passed,96,105
ssc,108544,2022,science_avg_gpa,4.41,4.22
ssc,108544,2022,nonscience_examinee_total,90,102
ssc,108544,2022,nonscience_examinee_passed,73,78
ssc,108544,2022,nonscience_avg_gpa,2.77,2.74
ssc,108544,2023,nonscience_examinee_total,,82
ssc,108544,2023,nonscience_examinee_passed,,66
ssc,108544,2023,nonscience_avg_gpa,2.67,2.64
ssc,108544,2024,science_avg_gpa,4.09,3.84
ssc,108544,2024,nonscience_examinee_total,,71
ssc,108544,2024,nonscience_examinee_passed,,56
ssc,108544,2024,nonscience_avg_gpa,2.73,2.69
ssc,108544,2025,science_avg_gpa,3.49,3.42
ssc,108544,2025,nonscience_examinee_total,,47
ssc,108544,2025,nonscience_examinee_passed,,35
ssc,108544,2025,nonscience_avg_gpa,2.76,2.7
ssc,108544,2026,science_avg_gpa,3.26,3.2
ssc,108544,2026,nonscience_examinee_total,,51
ssc,108544,2026,nonscience_examinee_passed,,40
ssc,108544,2026,nonscience_avg_gpa,2.61,2.56
ssc,137368,2019,science_avg_gpa,4.1,4.06
ssc,137368,2019,nonscience_examinee_total,,38
ssc,137368,2019,nonscience_examinee_passed,,34
ssc,137368,2020,nonscience_examinee_total,44,46
ssc,137368,2020,nonscience_examinee_passed,42,43
ssc,137368,2021,science_avg_gpa,4.61,4.57
ssc,137368,2021,nonscience_examinee_total,25,26
ssc,137368,2021,nonscience_examinee_passed,24,25
ssc,137368,2021,nonscience_avg_gpa,4.15,3.99
ssc,137368,2022,nonscience_avg_gpa,4.32,4.21
ssc,137368,2024,nonscience_examinee_total,28,34
ssc,137368,2024,nonscience_examinee_passed,27,32
ssc,137368,2025,nonscience_examinee_total,,35
ssc,137368,2025,nonscience_examinee_passed,,35
ssc,137368,2026,nonscience_examinee_total,,41
ssc,137368,2026,nonscience_examinee_passed,,41
ssc,138971,2023,science_examinee_total,,9
ssc,138971,2023,science_examinee_passed,,5
ssc,138971,2023,nonscience_examinee_total,,34
ssc,138971,2023,nonscience_examinee_passed,,22
ssc,138971,2023,nonscience_avg_gpa,2.32,2.12
ssc,138971,2024,science_examinee_total,,36
ssc,138971,2024,science_examinee_passed,,24
ssc,138971,2024,science_avg_gpa,2.36,2.29
ssc,138971,2024,nonscience_examinee_total,,48
ssc,138971,2024,nonscience_examinee_passed,,37
ssc,138971,2025,science_examinee_total,,29
ssc,138971,2025,science_examinee_passed,,22
ssc,138971,2025,science_avg_gpa,2.93,2.82
ssc,138971,2025,nonscience_examinee_total,31,41
ssc,138971,2025,nonscience_examinee_passed,26,30
ssc,138971,2025,nonscience_avg_gpa,2.55,2.48
ssc,138971,2026,nonscience_examinee_total,,56
ssc,138971,2026,nonscience_examinee_passed,,30
ssc,134195,2017,nonscience_avg_gpa,4.58,4.33
ssc,134195,2018,nonscience_examinee_total,,27
ssc,134195,2018,nonscience_examinee_passed,,25
ssc,134195,2019,nonscience_examinee_total,,48
ssc,134195,2019,nonscience_examinee_passed,,47
ssc,134195,2020,science_avg_gpa,4.78,4.68
ssc,134195,2020,nonscience_examinee_total,,81
ssc,134195,2020,nonscience_examinee_passed,,77
ssc,134195,2020,nonscience_avg_gpa,3.78,3.64
ssc,134195,2021,nonscience_examinee_total,73,74
ssc,134195,2021,nonscience_examinee_passed,65,66
ssc,134195,2021,nonscience_avg_gpa,3.46,3.37
ssc,134195,2022,science_avg_gpa,4.77,4.7
ssc,134195,2022,nonscience_examinee_total,38,39
ssc,134195,2022,nonscience_examinee_passed,36,37
ssc,134195,2023,science_avg_gpa,4.61,4.55
ssc,134195,2023,nonscience_examinee_total,35,39
ssc,134195,2023,nonscience_examinee_passed,34,37
ssc,134195,2023,nonscience_avg_gpa,3.96,3.86
ssc,134195,2024,nonscience_examinee_total,54,60
ssc,134195,2024,nonscience_examinee_passed,53,59
ssc,134195,2025,science_avg_gpa,3.86,3.83
ssc,134195,2025,nonscience_examinee_total,57,59
ssc,134195,2025,nonscience_examinee_passed,48,50
ssc,134195,2025,nonscience_avg_gpa,3.37,3.26
ssc,134195,2026,science_avg_gpa,3.73,3.64
ssc,134195,2026,nonscience_examinee_total,,35
ssc,134195,2026,nonscience_examinee_passed,,32
ssc,134478,2013,nonscience_examinee_total,,10
ssc,134478,2013,nonscience_examinee_passed,,10
ssc,134478,2014,nonscience_examinee_total,,24
ssc,134478,2014,nonscience_examinee_passed,,24
ssc,134478,2015,nonscience_examinee_total,,26
ssc,134478,2015,nonscience_examinee_passed,,26
ssc,134478,2016,nonscience_examinee_total,,23
ssc,134478,2016,nonscience_examinee_passed,,20
ssc,134478,2016,nonscience_avg_gpa,3.39,3.24
ssc,134478,2017,science_examinee_total,,6
ssc,134478,2017,science_examinee_passed,,6
ssc,134478,2017,nonscience_examinee_total,,18
ssc,134478,2017,nonscience_examinee_passed,,18
ssc,134478,2018,nonscience_examinee_total,,20
ssc,134478,2018,nonscience_examinee_passed,,19
ssc,134478,2019,science_examinee_total,,11
ssc,134478,2019,science_examinee_passed,,10
ssc,134478,2019,nonscience_examinee_total,,22
ssc,134478,2019,nonscience_examinee_passed,,11
ssc,134478,2020,nonscience_examinee_total,,21
ssc,134478,2020,nonscience_examinee_passed,,14
ssc,134478,2021,nonscience_examinee_total,,24
ssc,134478,2021,nonscience_examinee_passed,,22
ssc,134478,2021,nonscience_avg_gpa,3.05,2.92
ssc,134478,2022,nonscience_examinee_total,,23
ssc,134478,2022,nonscience_examinee_passed,,23
ssc,134478,2023,science_examinee_total,,5
ssc,134478,2023,science_examinee_passed,,5
ssc,134478,2023,nonscience_examinee_total,,19
ssc,134478,2023,nonscience_examinee_passed,,17
ssc,134478,2024,nonscience_examinee_total,,2
ssc,134478,2024,nonscience_examinee_passed,,1
ssc,134478,2025,nonscience_examinee_total,,1
ssc,134478,2025,nonscience_examinee_passed,,1
ssc,108184,2011,nonscience_examinee_total,150,168
ssc,108184,2011,nonscience_examinee_passed,143,159
ssc,108184,2012,nonscience_examinee_total,,175
ssc,108184,2012,nonscience_examinee_passed,,162
ssc,108184,2013,nonscience_examinee_total,157,178
ssc,108184,2013,nonscience_examinee_passed,150,168
ssc,108184,2014,science_avg_gpa,4.28,4.23
ssc,108184,2014,nonscience_avg_gpa,4.07,4.05
ssc,108184,2015,nonscience_examinee_total,,127
ssc,108184,2015,nonscience_examinee_passed,,118
ssc,108184,2015,nonscience_avg_gpa,3.42,3.4
ssc,108184,2016,nonscience_examinee_total,131,138
ssc,108184,2016,nonscience_examinee_passed,130,136
ssc,108184,2017,nonscience_examinee_total,,122
ssc,108184,2017,nonscience_examinee_passed,,109
ssc,108184,2018,nonscience_examinee_total,110,148
ssc,108184,2018,nonscience_examinee_passed,107,133
ssc,108184,2020,nonscience_examinee_total,,137
ssc,108184,2020,nonscience_examinee_passed,,123
ssc,108184,2021,nonscience_examinee_total,,139
ssc,108184,2021,nonscience_examinee_passed,,133
ssc,108184,2022,nonscience_examinee_total,72,133
ssc,108184,2022,nonscience_examinee_passed,52,111
ssc,108184,2023,nonscience_examinee_total,,138
ssc,108184,2023,nonscience_examinee_passed,,74
ssc,108184,2023,nonscience_avg_gpa,1.93,1.89
ssc,108184,2024,science_avg_gpa,3.46,3.43
ssc,108184,2026,nonscience_examinee_total,72,125
ssc,108184,2026,nonscience_examinee_passed,63,97
ssc,130876,2011,nonscience_examinee_total,120,164
ssc,130876,2011,nonscience_examinee_passed,117,150
ssc,130876,2011,nonscience_avg_gpa,3.37,3.35
ssc,130876,2012,nonscience_examinee_total,127,201
ssc,130876,2012,nonscience_examinee_passed,123,184
ssc,130876,2012,nonscience_avg_gpa,3.12,3.09
ssc,130876,2013,science_avg_gpa,4.39,4.33
ssc,130876,2013,nonscience_examinee_total,165,208
ssc,130876,2013,nonscience_examinee_passed,159,200
ssc,130876,2013,nonscience_avg_gpa,3.53,3.49
ssc,130876,2014,nonscience_examinee_total,228,230
ssc,130876,2014,nonscience_examinee_passed,221,222
ssc,130876,2015,nonscience_examinee_total,,221
ssc,130876,2015,nonscience_examinee_passed,,207
ssc,130876,2016,nonscience_examinee_total,,211
ssc,130876,2016,nonscience_examinee_passed,,191
ssc,130876,2017,nonscience_examinee_total,,225
ssc,130876,2017,nonscience_examinee_passed,,182
ssc,130876,2018,science_avg_gpa,4.38,4.34
ssc,130876,2018,nonscience_examinee_total,,276
ssc,130876,2018,nonscience_examinee_passed,,241
ssc,130876,2018,nonscience_avg_gpa,3.1,3.05
ssc,130876,2019,nonscience_examinee_total,,239
ssc,130876,2019,nonscience_examinee_passed,,218
ssc,130876,2020,nonscience_examinee_total,167,195
ssc,130876,2020,nonscience_examinee_passed,146,173
ssc,130876,2021,nonscience_examinee_total,41,252
ssc,130876,2021,nonscience_examinee_passed,41,235
ssc,130876,2021,nonscience_avg_gpa,3.15,3.13
ssc,130876,2022,science_avg_gpa,4.72,4.67
ssc,130876,2022,nonscience_examinee_total,155,209
ssc,130876,2022,nonscience_examinee_passed,152,203
ssc,130876,2022,nonscience_avg_gpa,3.67,3.64
ssc,130876,2023,nonscience_examinee_total,167,213
ssc,130876,2023,nonscience_examinee_passed,155,201
ssc,130876,2024,nonscience_examinee_total,191,210
ssc,130876,2024,nonscience_examinee_passed,157,173
ssc,130876,2024,nonscience_avg_gpa,3.08,3.06
ssc,130876,2025,nonscience_examinee_total,189,228
ssc,130876,2025,nonscience_examinee_passed,161,197
ssc,130876,2026,science_avg_gpa,3.71,3.65
ssc,130876,2026,nonscience_examinee_total,158,229
ssc,130876,2026,nonscience_examinee_passed,114,163
ssc,107884,2011,science_examinee_total,,5
ssc,107884,2011,science_examinee_passed,,4
ssc,107884,2011,nonscience_examinee_total,83,92
ssc,107884,2011,nonscience_examinee_passed,81,89
ssc,107884,2012,nonscience_examinee_total,,80
ssc,107884,2012,nonscience_examinee_passed,,80
ssc,107884,2013,nonscience_examinee_total,,69
ssc,107884,2013,nonscience_examinee_passed,,63
ssc,107884,2014,nonscience_examinee_total,64,77
ssc,107884,2014,nonscience_examinee_passed,63,72
ssc,107884,2015,nonscience_examinee_total,,91
ssc,107884,2015,nonscience_examinee_passed,,82
ssc,107884,2016,science_examinee_total,,10
ssc,107884,2016,science_examinee_passed,,10
ssc,107884,2016,nonscience_examinee_total,,143
ssc,107884,2016,nonscience_examinee_passed,,133
ssc,107884,2016,nonscience_avg_gpa,3.48,3.45
ssc,107884,2017,nonscience_examinee_total,,189
ssc,107884,2017,nonscience_examinee_passed,,161
ssc,107884,2018,science_examinee_total,,8
ssc,107884,2018,science_examinee_passed,,5
ssc,107884,2018,nonscience_examinee_total,,190
ssc,107884,2018,nonscience_examinee_passed,,143
ssc,107884,2019,nonscience_examinee_total,,183
ssc,107884,2019,nonscience_examinee_passed,,168
ssc,107884,2020,nonscience_examinee_total,,240
ssc,107884,2020,nonscience_examinee_passed,,214
ssc,107884,2021,nonscience_examinee_total,,146
ssc,107884,2021,nonscience_examinee_passed,,135
ssc,107884,2021,nonscience_avg_gpa,3.4,3.36
ssc,107884,2022,science_avg_gpa,4.71,4.41
ssc,107884,2022,nonscience_examinee_total,108,164
ssc,107884,2022,nonscience_examinee_passed,96,141
ssc,107884,2022,nonscience_avg_gpa,3.19,3.15
ssc,107884,2023,nonscience_examinee_total,,160
ssc,107884,2023,nonscience_examinee_passed,,134
ssc,107884,2023,nonscience_avg_gpa,2.98,2.95
ssc,107884,2024,nonscience_examinee_total,,149
ssc,107884,2024,nonscience_examinee_passed,,138
ssc,107884,2024,nonscience_avg_gpa,3.35,3.33
ssc,107884,2025,science_avg_gpa,3.77,3.65
ssc,107884,2025,nonscience_examinee_total,,156
ssc,107884,2025,nonscience_examinee_passed,,97
ssc,107884,2025,nonscience_avg_gpa,2.03,2.01
ssc,107884,2026,science_avg_gpa,2.28,2.19
ssc,107884,2026,nonscience_examinee_total,114,144
ssc,107884,2026,nonscience_examinee_passed,60,67
ssc,132057,2011,nonscience_examinee_total,95,103
ssc,132057,2011,nonscience_examinee_passed,95,103
ssc,132057,2012,nonscience_examinee_total,101,119
ssc,132057,2012,nonscience_examinee_passed,97,115
ssc,132057,2012,nonscience_avg_gpa,4.42,4.39
ssc,132057,2013,science_examinee_total,,13
ssc,132057,2013,science_examinee_passed,,13
ssc,132057,2013,nonscience_examinee_total,127,141
ssc,132057,2013,nonscience_examinee_passed,127,141
ssc,132057,2014,nonscience_examinee_total,112,119
ssc,132057,2014,nonscience_examinee_passed,112,119
ssc,132057,2016,nonscience_examinee_total,106,118
ssc,132057,2016,nonscience_examinee_passed,105,117
ssc,132057,2016,nonscience_avg_gpa,4.42,4.38
ssc,132057,2017,nonscience_examinee_total,101,129
ssc,132057,2017,nonscience_examinee_passed,96,124
ssc,132057,2018,nonscience_examinee_total,125,138
ssc,132057,2018,nonscience_examinee_passed,122,134
ssc,132057,2019,nonscience_examinee_total,100,121
ssc,132057,2019,nonscience_examinee_passed,93,114
ssc,132057,2021,nonscience_avg_gpa,3.67,3.65
ssc,132057,2023,nonscience_examinee_total,108,137
ssc,132057,2023,nonscience_examinee_passed,105,134
ssc,132057,2024,nonscience_examinee_total,86,105
ssc,132057,2024,nonscience_examinee_passed,86,105
ssc,132057,2025,nonscience_examinee_total,64,87
ssc,132057,2025,nonscience_examinee_passed,60,83
ssc,132057,2026,nonscience_examinee_total,62,78
ssc,132057,2026,nonscience_examinee_passed,59,71
ssc,107867,2013,nonscience_examinee_total,,114
ssc,107867,2013,nonscience_examinee_passed,,110
ssc,107867,2016,nonscience_examinee_total,174,222
ssc,107867,2016,nonscience_examinee_passed,169,216
ssc,107867,2017,nonscience_examinee_total,196,238
ssc,107867,2017,nonscience_examinee_passed,181,223
ssc,107867,2018,nonscience_examinee_total,256,302
ssc,107867,2018,nonscience_examinee_passed,247,293
ssc,107867,2019,nonscience_examinee_total,,221
ssc,107867,2019,nonscience_examinee_passed,,202
ssc,107867,2020,nonscience_examinee_total,,250
ssc,107867,2020,nonscience_examinee_passed,,219
ssc,107867,2021,nonscience_examinee_total,214,302
ssc,107867,2021,nonscience_examinee_passed,200,280
ssc,107867,2021,nonscience_avg_gpa,3.44,3.34
ssc,107867,2022,nonscience_avg_gpa,3.9,3.88
ssc,107867,2023,nonscience_examinee_total,142,177
ssc,107867,2023,nonscience_examinee_passed,134,163
ssc,107867,2024,nonscience_examinee_total,,170
ssc,107867,2024,nonscience_examinee_passed,,163
ssc,107867,2025,nonscience_examinee_total,,127
ssc,107867,2025,nonscience_examinee_passed,,95
ssc,107867,2026,nonscience_examinee_total,,89
ssc,107867,2026,nonscience_examinee_passed,,77
ssc,107862,2011,science_examinee_total,,3
ssc,107862,2011,science_examinee_passed,,3
ssc,107862,2011,nonscience_examinee_total,,59
ssc,107862,2011,nonscience_examinee_passed,,55
ssc,107862,2012,science_examinee_total,,2
ssc,107862,2012,science_examinee_passed,,2
ssc,107862,2012,nonscience_examinee_total,,43
ssc,107862,2012,nonscience_examinee_passed,,42
ssc,107862,2013,nonscience_examinee_total,,42
ssc,107862,2013,nonscience_examinee_passed,,36
ssc,107862,2014,nonscience_examinee_total,,66
ssc,107862,2014,nonscience_examinee_passed,,63
ssc,107862,2015,nonscience_examinee_total,,84
ssc,107862,2015,nonscience_examinee_passed,,66
ssc,107862,2016,nonscience_examinee_total,62,73
ssc,107862,2016,nonscience_examinee_passed,60,67
ssc,107862,2017,nonscience_examinee_total,,79
ssc,107862,2017,nonscience_examinee_passed,,74
ssc,107862,2018,nonscience_examinee_total,,67
ssc,107862,2018,nonscience_examinee_passed,,63
ssc,107862,2018,nonscience_avg_gpa,3.7,3.64
ssc,107862,2019,science_avg_gpa,4.15,4.04
ssc,107862,2020,nonscience_examinee_total,,91
ssc,107862,2020,nonscience_examinee_passed,,86
ssc,107862,2021,nonscience_avg_gpa,3.2,3.14
ssc,107862,2022,nonscience_examinee_total,92,103
ssc,107862,2022,nonscience_examinee_passed,80,91
ssc,107862,2023,science_examinee_total,,5
ssc,107862,2023,science_examinee_passed,,5
ssc,107862,2023,nonscience_examinee_total,,45
ssc,107862,2023,nonscience_examinee_passed,,39
ssc,107862,2023,nonscience_avg_gpa,2.79,2.73
ssc,107862,2024,nonscience_examinee_total,,42
ssc,107862,2024,nonscience_examinee_passed,,42
ssc,107862,2025,nonscience_examinee_total,26,38
ssc,107862,2025,nonscience_examinee_passed,16,22
ssc,107862,2026,science_examinee_total,,8
ssc,107862,2026,science_examinee_passed,,5
ssc,107862,2026,nonscience_examinee_total,,41
ssc,107862,2026,nonscience_examinee_passed,,29
ssc,107862,2026,nonscience_avg_gpa,2.26,2.21
ssc,107870,2011,nonscience_examinee_total,,75
ssc,107870,2011,nonscience_examinee_passed,,61
ssc,107870,2012,nonscience_examinee_total,,85
ssc,107870,2012,nonscience_examinee_passed,,82
ssc,107870,2013,science_examinee_total,,1
ssc,107870,2013,science_examinee_passed,,1
ssc,107870,2013,nonscience_examinee_total,85,87
ssc,107870,2013,nonscience_examinee_passed,81,82
ssc,107870,2014,nonscience_examinee_total,49,50
ssc,107870,2014,nonscience_examinee_passed,48,49
ssc,107870,2015,nonscience_examinee_total,,44
ssc,107870,2015,nonscience_examinee_passed,,42
ssc,107870,2016,nonscience_examinee_total,62,71
ssc,107870,2016,nonscience_examinee_passed,62,71
ssc,107870,2017,nonscience_examinee_total,58,66
ssc,107870,2017,nonscience_examinee_passed,58,66
ssc,107870,2018,nonscience_examinee_total,24,31
ssc,107870,2018,nonscience_examinee_passed,23,30
ssc,107870,2019,nonscience_examinee_total,,61
ssc,107870,2019,nonscience_examinee_passed,,57
ssc,107870,2020,nonscience_examinee_total,,43
ssc,107870,2020,nonscience_examinee_passed,,43
ssc,107870,2021,science_avg_gpa,4.69,4.41
ssc,107870,2021,nonscience_examinee_total,37,51
ssc,107870,2021,nonscience_examinee_passed,35,47
ssc,107870,2021,nonscience_avg_gpa,3.95,3.87
ssc,107870,2022,nonscience_examinee_total,22,24
ssc,107870,2022,nonscience_examinee_passed,20,21
ssc,107870,2022,nonscience_avg_gpa,3.66,3.5
ssc,107870,2023,science_avg_gpa,4.09,3.96
ssc,107870,2023,nonscience_examinee_total,,42
ssc,107870,2023,nonscience_examinee_passed,,35
ssc,107870,2024,nonscience_examinee_total,,30
ssc,107870,2024,nonscience_examinee_passed,,30
ssc,107870,2025,nonscience_examinee_total,47,50
ssc,107870,2025,nonscience_examinee_passed,42,43
ssc,107870,2026,nonscience_examinee_total,42,44
ssc,107871,2011,science_examinee_total,,9
ssc,107871,2011,science_examinee_passed,,7
ssc,107871,2011,science_avg_gpa,4.5,3.5
ssc,107871,2011,nonscience_examinee_total,87,115
ssc,107871,2011,nonscience_examinee_passed,54,65
ssc,107871,2011,nonscience_avg_gpa,3.81,2.19
ssc,107871,2012,science_examinee_total,,7
ssc,107871,2012,science_examinee_passed,,7
ssc,107871,2012,nonscience_examinee_total,,74
ssc,107871,2012,nonscience_examinee_passed,,74
ssc,107871,2013,science_examinee_total,,4
ssc,107871,2013,science_examinee_passed,,4
ssc,107871,2013,nonscience_examinee_total,,87
ssc,107871,2013,nonscience_examinee_passed,,83
ssc,107871,2014,nonscience_examinee_total,67,90
ssc,107871,2014,nonscience_examinee_passed,64,87
ssc,107871,2014,nonscience_avg_gpa,4.05,4.01
ssc,107871,2015,nonscience_examinee_total,70,84
ssc,107871,2015,nonscience_examinee_passed,67,79
ssc,107871,2017,nonscience_examinee_total,,73
ssc,107871,2017,nonscience_examinee_passed,,62
ssc,107871,2018,nonscience_examinee_total,58,86
ssc,107871,2018,nonscience_examinee_passed,48,76
ssc,107871,2019,nonscience_examinee_total,,65
ssc,107871,2019,nonscience_examinee_passed,,60
ssc,107871,2020,nonscience_examinee_total,86,102
ssc,107871,2020,nonscience_examinee_passed,84,97
ssc,107871,2022,nonscience_avg_gpa,3.78,3.74
ssc,107871,2023,nonscience_examinee_total,24,73
ssc,107871,2023,nonscience_examinee_passed,23,67
ssc,107871,2024,nonscience_examinee_total,21,59
ssc,107871,2024,nonscience_examinee_passed,21,54
ssc,107871,2025,science_avg_gpa,4.15,4.0
ssc,107871,2025,nonscience_examinee_total,17,64
ssc,107871,2025,nonscience_examinee_passed,12,39
ssc,107871,2025,nonscience_avg_gpa,2.23,2.2
ssc,107871,2026,nonscience_examinee_total,58,82
ssc,107871,2026,nonscience_examinee_passed,36,53
ssc,107868,2011,nonscience_examinee_total,,77
ssc,107868,2011,nonscience_examinee_passed,,71
ssc,107868,2013,nonscience_examinee_total,77,84
ssc,107868,2013,nonscience_examinee_passed,69,76
ssc,107868,2014,nonscience_examinee_total,74,87
ssc,107868,2014,nonscience_examinee_passed,72,85
ssc,107868,2015,nonscience_examinee_total,10,74
ssc,107868,2015,nonscience_examinee_passed,8,64
ssc,107868,2015,nonscience_avg_gpa,3.21,3.08
ssc,107868,2016,science_examinee_total,,14
ssc,107868,2016,science_examinee_passed,,13
ssc,107868,2016,science_avg_gpa,4.37,4.06
ssc,107868,2016,nonscience_examinee_total,82,100
ssc,107868,2016,nonscience_examinee_passed,78,96
ssc,107868,2016,nonscience_avg_gpa,3.84,3.8
ssc,107868,2017,nonscience_examinee_total,54,63
ssc,107868,2017,nonscience_examinee_passed,38,45
ssc,107868,2018,nonscience_examinee_total,,66
ssc,107868,2018,nonscience_examinee_passed,,59
ssc,107868,2018,nonscience_avg_gpa,3.28,3.18
ssc,107868,2019,nonscience_examinee_total,,42
ssc,107868,2019,nonscience_examinee_passed,,36
ssc,107868,2020,nonscience_examinee_total,,62
ssc,107868,2020,nonscience_examinee_passed,,50
ssc,107868,2021,nonscience_examinee_total,41,100
ssc,107868,2021,nonscience_examinee_passed,39,96
ssc,107868,2021,nonscience_avg_gpa,3.4,3.33
ssc,107868,2022,science_examinee_total,,12
ssc,107868,2022,science_examinee_passed,,11
ssc,107868,2022,nonscience_examinee_total,,39
ssc,107868,2022,nonscience_examinee_passed,,26
ssc,107868,2023,nonscience_examinee_total,,66
ssc,107868,2023,nonscience_examinee_passed,,60
ssc,107868,2023,nonscience_avg_gpa,3.06,3.01
ssc,107868,2024,nonscience_examinee_total,,33
ssc,107868,2024,nonscience_examinee_passed,,33
ssc,107868,2025,science_examinee_total,,10
ssc,107868,2025,science_examinee_passed,,10
ssc,107868,2025,nonscience_examinee_total,,24
ssc,107868,2025,nonscience_examinee_passed,,20
ssc,107868,2025,nonscience_avg_gpa,2.85,2.73
ssc,107868,2026,science_examinee_total,,20
ssc,107868,2026,science_examinee_passed,,16
ssc,107868,2026,science_avg_gpa,3.41,3.24
ssc,107868,2026,nonscience_examinee_total,,41
ssc,107868,2026,nonscience_examinee_passed,,24
ssc,107868,2026,nonscience_avg_gpa,1.96,1.82
ssc,107869,2012,nonscience_examinee_total,117,126
ssc,107869,2012,nonscience_examinee_passed,117,126
ssc,107869,2013,nonscience_examinee_total,113,121
ssc,107869,2013,nonscience_examinee_passed,112,120
ssc,107869,2015,nonscience_examinee_total,,138
ssc,107869,2015,nonscience_examinee_passed,,131
ssc,107869,2015,nonscience_avg_gpa,3.59,3.57
ssc,107869,2016,nonscience_examinee_total,129,138
ssc,107869,2016,nonscience_examinee_passed,126,135
ssc,107869,2018,nonscience_examinee_total,154,193
ssc,107869,2018,nonscience_examinee_passed,149,187
ssc,107869,2018,nonscience_avg_gpa,3.98,3.96
ssc,107869,2019,nonscience_examinee_total,119,156
ssc,107869,2019,nonscience_examinee_passed,116,152
ssc,107869,2020,nonscience_avg_gpa,3.26,3.23
ssc,107869,2021,nonscience_avg_gpa,3.75,3.73
ssc,107869,2025,nonscience_examinee_total,126,181
ssc,107869,2025,nonscience_examinee_passed,98,138
ssc,107869,2026,nonscience_avg_gpa,3.47,3.45
ssc,107866,2011,nonscience_examinee_total,,104
ssc,107866,2011,nonscience_examinee_passed,,97
ssc,107866,2011,nonscience_avg_gpa,3.44,3.38
ssc,107866,2012,nonscience_examinee_total,114,115
ssc,107866,2012,nonscience_examinee_passed,113,114
ssc,107866,2013,nonscience_examinee_total,98,106
ssc,107866,2013,nonscience_examinee_passed,83,90
ssc,107866,2013,nonscience_avg_gpa,2.89,2.84
ssc,107866,2014,nonscience_examinee_total,98,108
ssc,107866,2014,nonscience_examinee_passed,98,106
ssc,107866,2016,nonscience_examinee_total,86,87
ssc,107866,2016,nonscience_examinee_passed,79,80
ssc,107866,2016,nonscience_avg_gpa,3.5,3.46
ssc,107866,2017,nonscience_examinee_total,51,60
ssc,107866,2017,nonscience_examinee_passed,40,47
ssc,107866,2017,nonscience_avg_gpa,3.04,2.99
ssc,107866,2018,science_avg_gpa,3.57,3.46
ssc,107866,2018,nonscience_examinee_total,,102
ssc,107866,2018,nonscience_examinee_passed,,87
ssc,107866,2019,science_examinee_total,,30
ssc,107866,2019,science_examinee_passed,,26
ssc,107866,2019,nonscience_examinee_total,,87
ssc,107866,2019,nonscience_examinee_passed,,53
ssc,107866,2020,nonscience_examinee_total,89,102
ssc,107866,2020,nonscience_examinee_passed,83,95
ssc,107866,2020,nonscience_avg_gpa,3.07,3.04
ssc,107866,2021,science_avg_gpa,3.63,3.54
ssc,107866,2021,nonscience_examinee_total,,98
ssc,107866,2021,nonscience_examinee_passed,,87
ssc,107866,2021,nonscience_avg_gpa,3.13,3.0
ssc,107866,2022,nonscience_examinee_total,119,171
ssc,107866,2022,nonscience_examinee_passed,114,163
ssc,107866,2022,nonscience_avg_gpa,3.39,3.35
ssc,107866,2023,nonscience_examinee_total,,142
ssc,107866,2023,nonscience_examinee_passed,,116
ssc,107866,2023,nonscience_avg_gpa,2.9,2.88
ssc,107866,2024,nonscience_examinee_total,,103
ssc,107866,2024,nonscience_examinee_passed,,94
ssc,107866,2025,nonscience_examinee_total,,72
ssc,107866,2025,nonscience_examinee_passed,,52
ssc,107866,2025,nonscience_avg_gpa,2.62,2.58
ssc,107866,2026,nonscience_examinee_total,,30
ssc,107866,2026,nonscience_examinee_passed,,29
ssc,107892,2011,nonscience_examinee_total,95,106
ssc,107892,2011,nonscience_examinee_passed,93,102
ssc,107892,2011,nonscience_avg_gpa,3.87,3.83
ssc,107892,2013,nonscience_examinee_total,,131
ssc,107892,2013,nonscience_examinee_passed,,126
ssc,107892,2015,nonscience_examinee_total,,116
ssc,107892,2015,nonscience_examinee_passed,,111
ssc,107892,2016,nonscience_examinee_total,135,137
ssc,107892,2016,nonscience_examinee_passed,123,125
ssc,107892,2019,nonscience_examinee_total,47,132
ssc,107892,2019,nonscience_examinee_passed,38,96
ssc,107892,2020,science_avg_gpa,4.48,4.42
ssc,107892,2020,nonscience_examinee_total,135,188
ssc,107892,2020,nonscience_examinee_passed,131,182
ssc,107892,2021,nonscience_examinee_total,143,207
ssc,107892,2021,nonscience_examinee_passed,135,194
ssc,107892,2021,nonscience_avg_gpa,3.52,3.45
ssc,107892,2022,nonscience_avg_gpa,3.25,3.21
ssc,107892,2023,science_avg_gpa,4.56,4.51
ssc,107892,2024,nonscience_examinee_total,94,141
ssc,107892,2024,nonscience_examinee_passed,85,129
ssc,107892,2025,nonscience_examinee_total,105,146
ssc,107892,2025,nonscience_examinee_passed,87,124
ssc,107892,2026,nonscience_avg_gpa,2.59,2.57
ssc,138944,2025,science_examinee_total,,31
ssc,138944,2025,science_examinee_passed,,21
ssc,138944,2025,nonscience_examinee_total,,122
ssc,138944,2025,nonscience_examinee_passed,,62
ssc,138944,2026,science_avg_gpa,2.98,2.93
ssc,138944,2026,nonscience_examinee_total,,221
ssc,138944,2026,nonscience_examinee_passed,,124
ssc,138944,2026,nonscience_avg_gpa,1.77,1.74
ssc,137075,2019,nonscience_examinee_total,,63
ssc,137075,2019,nonscience_examinee_passed,,59
ssc,137075,2020,nonscience_examinee_total,,97
ssc,137075,2020,nonscience_examinee_passed,,94
ssc,137075,2020,nonscience_avg_gpa,3.87,3.83
ssc,137075,2021,science_avg_gpa,4.45,4.39
ssc,137075,2021,nonscience_avg_gpa,3.91,3.87
ssc,137075,2023,nonscience_examinee_total,57,80
ssc,137075,2023,nonscience_examinee_passed,57,80
ssc,137075,2024,nonscience_examinee_total,54,67
ssc,137075,2024,nonscience_examinee_passed,53,66
ssc,137075,2025,nonscience_examinee_total,,59
ssc,137075,2025,nonscience_examinee_passed,,35
ssc,137075,2025,nonscience_avg_gpa,2.3,2.26
ssc,137075,2026,science_avg_gpa,3.7,3.65
ssc,137075,2026,nonscience_examinee_total,,97
ssc,137075,2026,nonscience_examinee_passed,,65
ssc,137075,2026,nonscience_avg_gpa,2.31,2.26
ssc,107915,2012,science_avg_gpa,5,4.97
ssc,134213,2017,nonscience_examinee_total,,34
ssc,134213,2017,nonscience_examinee_passed,,31
ssc,134213,2018,science_examinee_total,,5
ssc,134213,2018,science_examinee_passed,,2
ssc,134213,2018,nonscience_examinee_total,68,71
ssc,134213,2018,nonscience_examinee_passed,58,61
ssc,134213,2018,nonscience_avg_gpa,2.98,2.94
ssc,134213,2019,science_examinee_total,,4
ssc,134213,2019,science_examinee_passed,,4
ssc,134213,2019,nonscience_examinee_total,,97
ssc,134213,2019,nonscience_examinee_passed,,68
ssc,134213,2020,science_examinee_total,,19
ssc,134213,2020,science_examinee_passed,,14
ssc,134213,2020,nonscience_examinee_total,173,203
ssc,134213,2020,nonscience_examinee_passed,146,164
ssc,134213,2021,science_examinee_total,,11
ssc,134213,2021,science_examinee_passed,,11
ssc,134213,2021,nonscience_examinee_total,129,148
ssc,134213,2021,nonscience_examinee_passed,116,135
ssc,134213,2022,science_examinee_total,,2
ssc,134213,2022,science_examinee_passed,,2
ssc,134213,2022,nonscience_examinee_total,101,124
ssc,134213,2022,nonscience_examinee_passed,89,104
ssc,134213,2023,nonscience_examinee_total,59,72
ssc,134213,2023,nonscience_examinee_passed,37,47
ssc,134213,2024,nonscience_examinee_total,,101
ssc,134213,2024,nonscience_examinee_passed,,75
ssc,134213,2025,nonscience_examinee_total,,131
ssc,134213,2025,nonscience_examinee_passed,,66
ssc,134213,2025,nonscience_avg_gpa,1.66,1.63
ssc,134213,2026,science_examinee_total,,9
ssc,134213,2026,science_examinee_passed,,5
ssc,134213,2026,science_avg_gpa,2.57,2.28
ssc,134213,2026,nonscience_examinee_total,,72
ssc,134213,2026,nonscience_examinee_passed,,40
ssc,134213,2026,nonscience_avg_gpa,1.71,1.69
ssc,134168,2012,nonscience_examinee_total,157,160
ssc,134168,2012,nonscience_examinee_passed,155,158
ssc,134168,2013,nonscience_examinee_total,158,160
ssc,134168,2013,nonscience_examinee_passed,153,155
ssc,134168,2013,nonscience_avg_gpa,3.76,3.73
ssc,134168,2014,nonscience_examinee_total,109,114
ssc,134168,2014,nonscience_examinee_passed,105,110
ssc,134168,2014,nonscience_avg_gpa,3.72,3.68
ssc,134168,2015,nonscience_examinee_total,108,109
ssc,134168,2015,nonscience_examinee_passed,91,92
ssc,134168,2016,nonscience_examinee_total,,90
ssc,134168,2016,nonscience_examinee_passed,,71
ssc,134168,2017,nonscience_examinee_total,,81
ssc,134168,2017,nonscience_examinee_passed,,70
ssc,134168,2017,nonscience_avg_gpa,3.39,3.34
ssc,134168,2018,nonscience_examinee_total,,74
ssc,134168,2018,nonscience_examinee_passed,,60
ssc,134168,2019,nonscience_examinee_total,,62
ssc,134168,2019,nonscience_examinee_passed,,46
ssc,134168,2020,nonscience_examinee_total,,70
ssc,134168,2020,nonscience_examinee_passed,,52
ssc,134168,2021,science_avg_gpa,4.24,3.94
ssc,134168,2021,nonscience_examinee_total,,93
ssc,134168,2021,nonscience_examinee_passed,,66
ssc,134168,2021,nonscience_avg_gpa,2.75,2.22
ssc,134168,2022,science_avg_gpa,4.27,4.08
ssc,134168,2022,nonscience_examinee_total,35,47
ssc,134168,2022,nonscience_examinee_passed,26,37
ssc,134168,2022,nonscience_avg_gpa,2.77,2.71
ssc,134168,2023,nonscience_examinee_total,,40
ssc,134168,2023,nonscience_examinee_passed,,36
ssc,134168,2024,nonscience_examinee_total,16,18
ssc,134168,2024,nonscience_examinee_passed,14,15
ssc,134168,2024,nonscience_avg_gpa,3.29,3.11
ssc,134168,2025,science_examinee_total,,19
ssc,134168,2025,science_examinee_passed,,17
ssc,134168,2025,nonscience_examinee_total,,16
ssc,134168,2025,nonscience_examinee_passed,,8
ssc,134168,2026,nonscience_examinee_total,,26
ssc,134168,2026,nonscience_examinee_passed,,17
ssc,133712,2012,science_avg_gpa,2.98,2.75
ssc,133712,2012,nonscience_examinee_total,,60
ssc,133712,2012,nonscience_examinee_passed,,49
ssc,133712,2012,nonscience_avg_gpa,2.52,2.44
ssc,133712,2013,science_examinee_total,,27
ssc,133712,2013,science_examinee_passed,,20
ssc,133712,2013,nonscience_examinee_total,,47
ssc,133712,2013,nonscience_examinee_passed,,30
ssc,133712,2013,nonscience_avg_gpa,2.02,1.97
ssc,133712,2014,science_examinee_total,,26
ssc,133712,2014,science_examinee_passed,,24
ssc,133712,2014,nonscience_examinee_total,,46
ssc,133712,2014,nonscience_examinee_passed,,36
ssc,133712,2014,nonscience_avg_gpa,2.6,2.49
ssc,133712,2015,science_examinee_total,,18
ssc,133712,2015,science_examinee_passed,,13
ssc,133712,2015,nonscience_examinee_total,,29
ssc,133712,2015,nonscience_examinee_passed,,15
ssc,133712,2015,nonscience_avg_gpa,1.46,1.41
ssc,133712,2016,science_avg_gpa,4.24,4.13
ssc,133712,2016,nonscience_examinee_total,,54
ssc,133712,2016,nonscience_examinee_passed,,31
ssc,133712,2016,nonscience_avg_gpa,2.03,1.99
ssc,133712,2017,science_avg_gpa,3.91,3.81
ssc,133712,2017,nonscience_examinee_total,,51
ssc,133712,2017,nonscience_examinee_passed,,39
ssc,133712,2017,nonscience_avg_gpa,2.85,2.74
ssc,133712,2018,science_avg_gpa,3.93,3.77
ssc,133712,2018,nonscience_examinee_total,,54
ssc,133712,2018,nonscience_examinee_passed,,39
ssc,133712,2018,nonscience_avg_gpa,2.66,2.46
ssc,133712,2019,science_avg_gpa,3.87,3.39
ssc,133712,2019,nonscience_examinee_total,,44
ssc,133712,2019,nonscience_examinee_passed,,28
ssc,133712,2019,nonscience_avg_gpa,2.19,2.09
ssc,133712,2020,nonscience_examinee_total,,38
ssc,133712,2020,nonscience_examinee_passed,,27
ssc,133712,2021,nonscience_examinee_total,,20
ssc,133712,2021,nonscience_examinee_passed,,19
ssc,133712,2022,science_avg_gpa,4.36,4.26
ssc,133712,2022,nonscience_examinee_total,,27
ssc,133712,2022,nonscience_examinee_passed,,21
ssc,133712,2022,nonscience_avg_gpa,2.66,2.56
ssc,133712,2023,science_avg_gpa,2.86,2.79
ssc,133712,2023,nonscience_examinee_total,31,32
ssc,133712,2023,nonscience_examinee_passed,21,22
ssc,133712,2023,nonscience_avg_gpa,2.66,2.49
ssc,133712,2024,science_avg_gpa,3.47,3.43
ssc,133712,2024,nonscience_examinee_total,,45
ssc,133712,2024,nonscience_examinee_passed,,34
ssc,133712,2024,nonscience_avg_gpa,2.48,2.42
ssc,133712,2025,nonscience_examinee_total,,83
ssc,133712,2025,nonscience_examinee_passed,,44
ssc,133712,2025,nonscience_avg_gpa,2.01,1.94
ssc,133712,2026,science_avg_gpa,2.75,2.62
ssc,133712,2026,nonscience_examinee_total,,139
ssc,133712,2026,nonscience_examinee_passed,,63
ssc,107983,2011,nonscience_examinee_total,31,35
ssc,107983,2011,nonscience_examinee_passed,30,34
ssc,107983,2012,nonscience_examinee_total,,41
ssc,107983,2012,nonscience_examinee_passed,,41
ssc,107983,2013,science_examinee_total,,17
ssc,107983,2013,science_examinee_passed,,14
ssc,107983,2013,nonscience_examinee_total,,45
ssc,107983,2013,nonscience_examinee_passed,,44
ssc,107983,2014,nonscience_examinee_total,,54
ssc,107983,2014,nonscience_examinee_passed,,51
ssc,107983,2015,science_examinee_total,,9
ssc,107983,2015,science_examinee_passed,,9
ssc,107983,2015,nonscience_examinee_total,,44
ssc,107983,2015,nonscience_examinee_passed,,37
ssc,107983,2016,science_examinee_total,,11
ssc,107983,2016,science_examinee_passed,,9
ssc,107983,2016,nonscience_examinee_total,,42
ssc,107983,2016,nonscience_examinee_passed,,35
ssc,107983,2017,science_examinee_total,,13
ssc,107983,2017,science_examinee_passed,,10
ssc,107983,2017,nonscience_examinee_total,,33
ssc,107983,2017,nonscience_examinee_passed,,21
ssc,107983,2018,nonscience_examinee_total,,51
ssc,107983,2018,nonscience_examinee_passed,,42
ssc,107983,2018,nonscience_avg_gpa,2.78,2.72
ssc,107983,2019,science_examinee_total,,17
ssc,107983,2019,science_examinee_passed,,13
ssc,107983,2019,nonscience_examinee_total,,73
ssc,107983,2019,nonscience_examinee_passed,,43
ssc,107983,2020,nonscience_examinee_total,,73
ssc,107983,2020,nonscience_examinee_passed,,53
ssc,107983,2021,nonscience_examinee_total,54,81
ssc,107983,2021,nonscience_examinee_passed,52,78
ssc,107983,2021,nonscience_avg_gpa,3.21,3.17
ssc,107983,2022,science_examinee_total,,8
ssc,107983,2022,science_examinee_passed,,8
ssc,107983,2022,nonscience_examinee_total,,36
ssc,107983,2022,nonscience_examinee_passed,,33
ssc,107983,2022,nonscience_avg_gpa,3.39,3.29
ssc,107983,2023,nonscience_examinee_total,,40
ssc,107983,2023,nonscience_examinee_passed,,17
ssc,107983,2024,nonscience_examinee_total,,33
ssc,107983,2024,nonscience_examinee_passed,,30
ssc,107983,2024,nonscience_avg_gpa,3,2.91
ssc,107983,2025,science_examinee_total,,16
ssc,107983,2025,science_examinee_passed,,7
ssc,107983,2025,nonscience_examinee_total,,40
ssc,107983,2025,nonscience_examinee_passed,,21
ssc,107983,2025,nonscience_avg_gpa,1.7,1.66
ssc,107983,2026,nonscience_examinee_total,,40
ssc,107983,2026,nonscience_examinee_passed,,35
ssc,107967,2018,science_avg_gpa,4.53,4.47
ssc,107967,2019,nonscience_examinee_total,,53
ssc,107967,2019,nonscience_examinee_passed,,46
ssc,107967,2019,nonscience_avg_gpa,3.14,3.08
ssc,107967,2020,nonscience_examinee_total,,48
ssc,107967,2020,nonscience_examinee_passed,,45
ssc,107967,2020,nonscience_avg_gpa,3.88,3.8
ssc,107967,2021,science_avg_gpa,4.54,4.49
ssc,107967,2021,nonscience_avg_gpa,3.93,3.88
ssc,107967,2023,nonscience_avg_gpa,3.48,3.33
ssc,107967,2024,science_avg_gpa,4.35,4.27
ssc,107967,2024,nonscience_avg_gpa,3.47,3.34
ssc,107967,2025,science_avg_gpa,4.03,3.97
ssc,107967,2025,nonscience_examinee_total,,26
ssc,107967,2025,nonscience_examinee_passed,,26
ssc,107963,2011,nonscience_avg_gpa,4.11,4.04
ssc,107963,2012,nonscience_examinee_total,76,77
ssc,107963,2012,nonscience_examinee_passed,76,77
ssc,107963,2013,nonscience_examinee_total,67,68
ssc,107963,2013,nonscience_examinee_passed,65,66
ssc,107963,2014,nonscience_examinee_total,62,67
ssc,107963,2014,nonscience_examinee_passed,62,66
ssc,107963,2014,nonscience_avg_gpa,4.17,4.11
ssc,107963,2015,nonscience_examinee_total,66,68
ssc,107963,2015,nonscience_examinee_passed,66,68
ssc,107963,2016,nonscience_avg_gpa,3.99,3.91
ssc,107963,2019,nonscience_examinee_total,,56
ssc,107963,2019,nonscience_examinee_passed,,53
ssc,107963,2020,nonscience_examinee_total,,62
ssc,107963,2020,nonscience_examinee_passed,,55
ssc,107963,2021,science_avg_gpa,4.51,4.45
ssc,107963,2022,nonscience_examinee_total,39,49
ssc,107963,2022,nonscience_examinee_passed,38,48
ssc,107963,2023,science_avg_gpa,4.44,4.36
ssc,107963,2023,nonscience_examinee_total,27,29
ssc,107963,2023,nonscience_examinee_passed,26,28
ssc,107963,2024,nonscience_examinee_total,2,24
ssc,107963,2024,nonscience_examinee_passed,2,24
ssc,107963,2025,nonscience_examinee_total,38,43
ssc,107963,2025,nonscience_examinee_passed,28,32
ssc,107963,2026,nonscience_examinee_total,29,38
ssc,107963,2026,nonscience_examinee_passed,26,34
ssc,107963,2026,nonscience_avg_gpa,3.22,3.13
ssc,107966,2011,nonscience_examinee_total,,41
ssc,107966,2011,nonscience_examinee_passed,,39
ssc,107966,2011,nonscience_avg_gpa,3.77,3.68
ssc,107966,2012,nonscience_examinee_total,32,41
ssc,107966,2012,nonscience_examinee_passed,32,41
ssc,107966,2013,science_examinee_total,,4
ssc,107966,2013,science_examinee_passed,,4
ssc,107966,2013,nonscience_examinee_total,27,28
ssc,107966,2013,nonscience_examinee_passed,27,28
ssc,107966,2014,nonscience_examinee_total,23,30
ssc,107966,2014,nonscience_examinee_passed,23,29
ssc,107966,2015,nonscience_examinee_total,,34
ssc,107966,2015,nonscience_examinee_passed,,31
ssc,107966,2016,nonscience_examinee_total,,39
ssc,107966,2016,nonscience_examinee_passed,,39
ssc,107966,2017,nonscience_examinee_total,,37
ssc,107966,2017,nonscience_examinee_passed,,37
ssc,107966,2018,nonscience_examinee_total,22,28
ssc,107966,2018,nonscience_examinee_passed,21,26
ssc,107966,2019,nonscience_examinee_total,,38
ssc,107966,2019,nonscience_examinee_passed,,31
ssc,107966,2020,nonscience_examinee_total,14,37
ssc,107966,2020,nonscience_examinee_passed,14,36
ssc,107966,2021,nonscience_examinee_total,37,55
ssc,107966,2021,nonscience_examinee_passed,35,53
ssc,107966,2022,science_avg_gpa,4.05,3.9
ssc,107966,2022,nonscience_examinee_total,25,35
ssc,107966,2022,nonscience_examinee_passed,24,32
ssc,107966,2022,nonscience_avg_gpa,3.46,3.36
ssc,107966,2023,nonscience_avg_gpa,3.9,3.79
ssc,107966,2024,science_examinee_total,,17
ssc,107966,2024,science_examinee_passed,,17
ssc,107966,2024,nonscience_examinee_total,,23
ssc,107966,2024,nonscience_examinee_passed,,21
ssc,107966,2025,nonscience_examinee_total,,29
ssc,107966,2025,nonscience_examinee_passed,,23
ssc,107966,2025,nonscience_avg_gpa,3.14,3.03
ssc,107966,2026,nonscience_examinee_total,,31
ssc,107966,2026,nonscience_examinee_passed,,27
ssc,133995,2023,science_avg_gpa,4,3.84
ssc,108356,2013,nonscience_examinee_total,59,62
ssc,108356,2013,nonscience_examinee_passed,58,61
ssc,108356,2013,nonscience_avg_gpa,4.21,4.14
ssc,108356,2015,nonscience_examinee_total,,44
ssc,108356,2015,nonscience_examinee_passed,,42
ssc,108356,2016,nonscience_examinee_total,,46
ssc,108356,2016,nonscience_examinee_passed,,39
ssc,108356,2017,nonscience_examinee_total,,66
ssc,108356,2017,nonscience_examinee_passed,,63
ssc,108356,2018,nonscience_examinee_total,,49
ssc,108356,2018,nonscience_examinee_passed,,48
ssc,108356,2019,nonscience_examinee_total,,33
ssc,108356,2019,nonscience_examinee_passed,,32
ssc,108356,2020,nonscience_examinee_total,,42
ssc,108356,2020,nonscience_examinee_passed,,32
ssc,108356,2021,nonscience_examinee_total,,24
ssc,108356,2021,nonscience_examinee_passed,,23
ssc,108356,2022,nonscience_examinee_total,,15
ssc,108356,2022,nonscience_examinee_passed,,13
ssc,108356,2023,nonscience_examinee_total,,18
ssc,108356,2023,nonscience_examinee_passed,,18
ssc,108356,2024,science_avg_gpa,3.84,3.7
ssc,108356,2024,nonscience_examinee_total,,28
ssc,108356,2024,nonscience_examinee_passed,,20
ssc,108356,2025,science_avg_gpa,3.74,3.68
ssc,108356,2025,nonscience_examinee_total,,47
ssc,108356,2025,nonscience_examinee_passed,,33
ssc,108356,2026,nonscience_examinee_total,,40
ssc,108356,2026,nonscience_examinee_passed,,35
ssc,107968,2011,nonscience_examinee_total,174,185
ssc,107968,2011,nonscience_examinee_passed,164,175
ssc,107968,2013,nonscience_examinee_total,101,104
ssc,107968,2013,nonscience_examinee_passed,99,102
ssc,107968,2016,nonscience_examinee_total,,136
ssc,107968,2016,nonscience_examinee_passed,,129
ssc,107968,2019,nonscience_examinee_total,,158
ssc,107968,2019,nonscience_examinee_passed,,153
ssc,107968,2020,nonscience_avg_gpa,3.76,3.73
ssc,107968,2021,nonscience_examinee_total,,217
ssc,107968,2021,nonscience_examinee_passed,,208
ssc,107968,2021,nonscience_avg_gpa,3.49,3.47
ssc,107968,2025,nonscience_examinee_total,,192
ssc,107968,2025,nonscience_examinee_passed,,155
ssc,133717,2015,nonscience_examinee_total,,11
ssc,133717,2015,nonscience_examinee_passed,,11
ssc,133717,2021,science_avg_gpa,4.84,4.8
ssc,133717,2021,nonscience_avg_gpa,4.43,4.32
ssc,133717,2024,science_avg_gpa,4.82,4.8
ssc,133717,2025,science_avg_gpa,4.83,4.81
ssc,133717,2026,science_avg_gpa,4.8,4.76
ssc,107973,2015,science_examinee_total,,7
ssc,107973,2015,science_examinee_passed,,5
ssc,107973,2015,nonscience_examinee_total,,4
ssc,107973,2015,nonscience_examinee_passed,,3
ssc,107973,2016,nonscience_examinee_total,,6
ssc,107973,2016,nonscience_examinee_passed,,4
ssc,107973,2017,science_examinee_total,,22
ssc,107973,2017,science_examinee_passed,,20
ssc,107973,2017,nonscience_examinee_total,,20
ssc,107973,2017,nonscience_examinee_passed,,15
ssc,107973,2018,science_examinee_total,,23
ssc,107973,2018,science_examinee_passed,,23
ssc,107973,2018,nonscience_examinee_total,,19
ssc,107973,2018,nonscience_examinee_passed,,18
ssc,107973,2019,science_examinee_total,,42
ssc,107973,2019,science_examinee_passed,,38
ssc,107973,2019,nonscience_examinee_total,,25
ssc,107973,2019,nonscience_examinee_passed,,18
ssc,107973,2020,science_examinee_total,,11
ssc,107973,2020,science_examinee_passed,,11
ssc,107973,2020,nonscience_examinee_total,,12
ssc,107973,2020,nonscience_examinee_passed,,11
ssc,107973,2021,nonscience_examinee_total,,8
ssc,107973,2021,nonscience_examinee_passed,,8
ssc,107973,2022,science_examinee_total,,4
ssc,107973,2022,science_examinee_passed,,4
ssc,107973,2022,nonscience_examinee_total,,8
ssc,107973,2022,nonscience_examinee_passed,,5
ssc,107973,2023,science_examinee_total,,1
ssc,107973,2023,science_examinee_passed,,1
ssc,107973,2023,nonscience_examinee_total,,6
ssc,107973,2023,nonscience_examinee_passed,,2
ssc,107973,2024,science_examinee_total,,8
ssc,107973,2024,science_examinee_passed,,6
ssc,107973,2024,nonscience_examinee_total,,4
ssc,107973,2024,nonscience_examinee_passed,,3
ssc,107973,2025,science_examinee_total,,4
ssc,107973,2025,science_examinee_passed,,2
ssc,107973,2025,nonscience_examinee_total,,3
ssc,107973,2025,nonscience_examinee_passed,,2
ssc,107973,2026,science_examinee_total,,8
ssc,107973,2026,science_examinee_passed,,1
ssc,107973,2026,nonscience_examinee_total,,7
ssc,107973,2026,nonscience_examinee_passed,,3
ssc,108465,2011,science_examinee_total,,6
ssc,108465,2011,science_examinee_passed,,5
ssc,108465,2011,nonscience_examinee_total,,34
ssc,108465,2011,nonscience_examinee_passed,,32
ssc,108465,2011,nonscience_avg_gpa,3.7,3.59
ssc,108465,2012,science_examinee_total,,4
ssc,108465,2012,science_examinee_passed,,3
ssc,108465,2012,nonscience_examinee_total,,89
ssc,108465,2012,nonscience_examinee_passed,,65
ssc,108465,2013,nonscience_examinee_total,81,83
ssc,108465,2013,nonscience_examinee_passed,74,76
ssc,108465,2015,nonscience_examinee_total,87,96
ssc,108465,2015,nonscience_examinee_passed,82,83
ssc,108465,2016,nonscience_examinee_total,,54
ssc,108465,2016,nonscience_examinee_passed,,46
ssc,108465,2017,nonscience_examinee_total,,83
ssc,108465,2017,nonscience_examinee_passed,,67
ssc,108465,2018,nonscience_examinee_total,83,84
ssc,108465,2019,science_examinee_total,,15
ssc,108465,2019,science_examinee_passed,,13
ssc,108465,2019,nonscience_examinee_total,,68
ssc,108465,2019,nonscience_examinee_passed,,41
ssc,108465,2020,nonscience_examinee_total,73,81
ssc,108465,2020,nonscience_examinee_passed,65,71
ssc,108465,2020,nonscience_avg_gpa,2.8,2.73
ssc,108465,2021,nonscience_examinee_total,,82
ssc,108465,2021,nonscience_examinee_passed,,81
ssc,108465,2022,nonscience_examinee_total,,58
ssc,108465,2022,nonscience_examinee_passed,,50
ssc,108465,2023,science_avg_gpa,4.1,3.88
ssc,108465,2023,nonscience_examinee_total,,65
ssc,108465,2023,nonscience_examinee_passed,,49
ssc,108465,2023,nonscience_avg_gpa,2.54,2.5
ssc,108465,2024,nonscience_examinee_total,,56
ssc,108465,2024,nonscience_examinee_passed,,47
ssc,108465,2024,nonscience_avg_gpa,2.9,2.85
ssc,108465,2025,nonscience_examinee_total,,61
ssc,108465,2025,nonscience_examinee_passed,,43
ssc,108465,2025,nonscience_avg_gpa,2.62,2.54
ssc,108465,2026,nonscience_examinee_total,,71
ssc,108465,2026,nonscience_examinee_passed,,48
ssc,108482,2011,science_examinee_total,,24
ssc,108482,2011,science_examinee_passed,,23
ssc,108482,2011,nonscience_examinee_total,144,165
ssc,108482,2011,nonscience_examinee_passed,123,136
ssc,108482,2012,nonscience_examinee_total,190,220
ssc,108482,2012,nonscience_examinee_passed,171,195
ssc,108482,2012,nonscience_avg_gpa,3.15,3.12
ssc,108482,2013,nonscience_examinee_total,163,177
ssc,108482,2013,nonscience_examinee_passed,142,155
ssc,108482,2014,nonscience_examinee_total,167,175
ssc,108482,2014,nonscience_examinee_passed,156,164
ssc,108482,2014,nonscience_avg_gpa,3.71,3.67
ssc,108482,2015,nonscience_examinee_total,137,149
ssc,108482,2015,nonscience_examinee_passed,116,122
ssc,108482,2015,nonscience_avg_gpa,2.7,2.68
ssc,108482,2016,nonscience_examinee_total,,204
ssc,108482,2016,nonscience_examinee_passed,,186
ssc,108482,2017,nonscience_examinee_total,126,154
ssc,108482,2017,nonscience_examinee_passed,95,120
ssc,108482,2018,nonscience_examinee_total,,213
ssc,108482,2018,nonscience_examinee_passed,,168
ssc,108482,2018,nonscience_avg_gpa,2.62,2.6
ssc,108482,2019,nonscience_examinee_total,,262
ssc,108482,2019,nonscience_examinee_passed,,110
ssc,108482,2020,nonscience_examinee_total,172,217
ssc,108482,2020,nonscience_examinee_passed,134,164
ssc,108482,2021,science_avg_gpa,3.76,3.69
ssc,108482,2021,nonscience_examinee_total,,255
ssc,108482,2021,nonscience_examinee_passed,,245
ssc,108482,2021,nonscience_avg_gpa,3.07,3.04
ssc,108482,2022,nonscience_examinee_total,136,189
ssc,108482,2022,nonscience_examinee_passed,118,166
ssc,108482,2023,science_avg_gpa,4.14,4.02
ssc,108482,2023,nonscience_examinee_total,127,164
ssc,108482,2023,nonscience_examinee_passed,109,140
ssc,108482,2023,nonscience_avg_gpa,2.99,2.97
ssc,108482,2024,nonscience_examinee_total,96,138
ssc,108482,2024,nonscience_examinee_passed,85,112
ssc,108482,2025,nonscience_examinee_total,,138
ssc,108482,2025,nonscience_examinee_passed,,101
ssc,108482,2025,nonscience_avg_gpa,2.46,2.43
ssc,108482,2026,nonscience_examinee_total,,112
ssc,108482,2026,nonscience_examinee_passed,,64
ssc,108016,2013,science_avg_gpa,4.7,4.67
ssc,108016,2014,science_avg_gpa,4.68,4.64
ssc,108016,2026,science_avg_gpa,4.11,4.08
ssc,108016,2026,nonscience_examinee_total,202,246
ssc,108016,2026,nonscience_examinee_passed,161,192
ssc,108018,2011,science_examinee_total,,11
ssc,108018,2011,science_examinee_passed,,11
ssc,108018,2011,nonscience_examinee_total,,38
ssc,108018,2011,nonscience_examinee_passed,,31
ssc,108018,2012,nonscience_examinee_total,,28
ssc,108018,2012,nonscience_examinee_passed,,23
ssc,108018,2013,nonscience_examinee_total,,47
ssc,108018,2013,nonscience_examinee_passed,,44
ssc,108018,2014,nonscience_examinee_total,,62
ssc,108018,2014,nonscience_examinee_passed,,55
ssc,108018,2015,nonscience_examinee_total,50,54
ssc,108018,2015,nonscience_examinee_passed,43,47
ssc,108018,2016,nonscience_examinee_total,,41
ssc,108018,2016,nonscience_examinee_passed,,33
ssc,108018,2017,nonscience_examinee_total,,62
ssc,108018,2017,nonscience_examinee_passed,,59
ssc,108018,2018,nonscience_examinee_total,,51
ssc,108018,2018,nonscience_examinee_passed,,45
ssc,108018,2019,nonscience_examinee_total,,41
ssc,108018,2019,nonscience_examinee_passed,,35
ssc,108018,2020,nonscience_examinee_total,,55
ssc,108018,2020,nonscience_examinee_passed,,47
ssc,108018,2021,nonscience_examinee_total,,84
ssc,108018,2021,nonscience_examinee_passed,,83
ssc,108018,2022,nonscience_examinee_total,,58
ssc,108018,2022,nonscience_examinee_passed,,52
ssc,108018,2022,nonscience_avg_gpa,3.28,3.22
ssc,108018,2023,nonscience_examinee_total,,56
ssc,108018,2023,nonscience_examinee_passed,,43
ssc,108018,2024,science_examinee_total,,22
ssc,108018,2024,science_examinee_passed,,22
ssc,108018,2024,nonscience_examinee_total,,43
ssc,108018,2024,nonscience_examinee_passed,,36
ssc,108018,2025,science_examinee_total,,17
ssc,108018,2025,science_examinee_passed,,14
ssc,108018,2025,nonscience_examinee_total,,29
ssc,108018,2025,nonscience_examinee_passed,,17
ssc,108018,2026,nonscience_examinee_total,,43
ssc,108018,2026,nonscience_examinee_passed,,29
ssc,108018,2026,nonscience_avg_gpa,2.05,2.0
ssc,108037,2011,nonscience_examinee_total,103,109
ssc,108037,2011,nonscience_examinee_passed,103,109
ssc,108037,2013,nonscience_examinee_total,94,117
ssc,108037,2013,nonscience_examinee_passed,84,106
ssc,108037,2014,nonscience_examinee_total,103,123
ssc,108037,2014,nonscience_examinee_passed,103,123
ssc,108037,2016,nonscience_examinee_total,125,145
ssc,108037,2016,nonscience_examinee_passed,117,137
ssc,108037,2017,nonscience_examinee_total,,136
ssc,108037,2017,nonscience_examinee_passed,,128
ssc,108037,2018,nonscience_examinee_total,,120
ssc,108037,2018,nonscience_examinee_passed,,88
ssc,108037,2018,nonscience_avg_gpa,2.57,2.55
ssc,108037,2019,nonscience_examinee_total,75,109
ssc,108037,2019,nonscience_examinee_passed,68,102
ssc,108037,2020,nonscience_examinee_total,69,100
ssc,108037,2020,nonscience_examinee_passed,67,98
ssc,108037,2021,science_avg_gpa,4.11,3.98
ssc,108037,2021,nonscience_examinee_total,64,99
ssc,108037,2021,nonscience_examinee_passed,61,94
ssc,108037,2022,science_avg_gpa,4.59,4.52
ssc,108037,2022,nonscience_examinee_total,72,107
ssc,108037,2022,nonscience_examinee_passed,72,106
ssc,108037,2023,nonscience_examinee_total,63,86
ssc,108037,2023,nonscience_examinee_passed,56,67
ssc,108037,2024,nonscience_examinee_total,55,79
ssc,108037,2024,nonscience_examinee_passed,55,78
ssc,108037,2024,nonscience_avg_gpa,3.98,3.93
ssc,108037,2025,nonscience_examinee_total,59,101
ssc,108037,2025,nonscience_examinee_passed,51,78
ssc,108037,2026,nonscience_examinee_total,,71
ssc,108037,2026,nonscience_examinee_passed,,56
ssc,108042,2011,nonscience_examinee_total,54,65
ssc,108042,2011,nonscience_examinee_passed,47,56
ssc,108042,2011,nonscience_avg_gpa,3.11,3.07
ssc,108042,2012,science_examinee_total,,14
ssc,108042,2012,science_examinee_passed,,13
ssc,108042,2012,nonscience_examinee_total,,95
ssc,108042,2012,nonscience_examinee_passed,,79
ssc,108042,2013,science_examinee_total,,20
ssc,108042,2013,science_examinee_passed,,11
ssc,108042,2013,nonscience_examinee_total,70,80
ssc,108042,2013,nonscience_examinee_passed,64,71
ssc,108042,2013,nonscience_avg_gpa,3.08,3.04
ssc,108042,2014,nonscience_examinee_total,,95
ssc,108042,2014,nonscience_examinee_passed,,80
ssc,108042,2015,science_examinee_total,,14
ssc,108042,2015,science_examinee_passed,,13
ssc,108042,2015,science_avg_gpa,4.25,3.95
ssc,108042,2015,nonscience_examinee_total,,79
ssc,108042,2015,nonscience_examinee_passed,,72
ssc,108042,2016,nonscience_examinee_total,,92
ssc,108042,2016,nonscience_examinee_passed,,83
ssc,108042,2017,nonscience_examinee_total,,96
ssc,108042,2017,nonscience_examinee_passed,,68
ssc,108042,2018,science_examinee_total,,9
ssc,108042,2018,science_examinee_passed,,9
ssc,108042,2018,nonscience_examinee_total,97,120
ssc,108042,2018,nonscience_examinee_passed,65,82
ssc,108042,2019,science_examinee_total,,20
ssc,108042,2019,science_examinee_passed,,18
ssc,108042,2019,nonscience_examinee_total,,131
ssc,108042,2019,nonscience_examinee_passed,,91
ssc,108042,2020,nonscience_examinee_total,,98
ssc,108042,2020,nonscience_examinee_passed,,73
ssc,108042,2021,nonscience_examinee_total,78,101
ssc,108042,2021,nonscience_examinee_passed,76,98
ssc,108042,2022,nonscience_examinee_total,,54
ssc,108042,2022,nonscience_examinee_passed,,46
ssc,108042,2023,nonscience_examinee_total,60,76
ssc,108042,2023,nonscience_examinee_passed,32,35
ssc,108042,2024,nonscience_examinee_total,,104
ssc,108042,2024,nonscience_examinee_passed,,83
ssc,108042,2024,nonscience_avg_gpa,2.59,2.56
ssc,108042,2025,science_examinee_total,,21
ssc,108042,2025,science_examinee_passed,,14
ssc,108042,2025,nonscience_examinee_total,40,59
ssc,108042,2025,nonscience_examinee_passed,17,20
ssc,108042,2026,nonscience_examinee_total,,53
ssc,108042,2026,nonscience_examinee_passed,,42
ssc,108140,2011,nonscience_examinee_total,30,31
ssc,108140,2011,nonscience_examinee_passed,30,31
ssc,108140,2012,nonscience_examinee_total,,31
ssc,108140,2012,nonscience_examinee_passed,,31
ssc,108140,2013,nonscience_examinee_total,,48
ssc,108140,2013,nonscience_examinee_passed,,48
ssc,108140,2014,nonscience_examinee_total,62,76
ssc,108140,2014,nonscience_examinee_passed,61,75
ssc,108140,2015,science_examinee_total,,6
ssc,108140,2015,science_examinee_passed,,6
ssc,108140,2015,nonscience_examinee_total,,43
ssc,108140,2015,nonscience_examinee_passed,,40
ssc,108140,2016,science_examinee_total,,14
ssc,108140,2016,science_examinee_passed,,13
ssc,108140,2016,nonscience_examinee_total,80,121
ssc,108140,2016,nonscience_examinee_passed,70,106
ssc,108140,2017,nonscience_examinee_total,58,93
ssc,108140,2017,nonscience_examinee_passed,54,89
ssc,108140,2018,nonscience_examinee_total,23,92
ssc,108140,2018,nonscience_examinee_passed,18,79
ssc,108140,2019,science_examinee_total,,11
ssc,108140,2019,science_examinee_passed,,11
ssc,108140,2019,nonscience_examinee_total,,110
ssc,108140,2019,nonscience_examinee_passed,,91
ssc,108140,2020,nonscience_examinee_total,,116
ssc,108140,2020,nonscience_examinee_passed,,92
ssc,108140,2021,nonscience_examinee_total,46,101
ssc,108140,2021,nonscience_examinee_passed,37,86
ssc,108140,2021,nonscience_avg_gpa,2.94,2.91
ssc,108140,2022,nonscience_examinee_total,57,109
ssc,108140,2022,nonscience_examinee_passed,49,87
ssc,108140,2022,nonscience_avg_gpa,2.86,2.8
ssc,108140,2023,nonscience_examinee_total,,111
ssc,108140,2023,nonscience_examinee_passed,,74
ssc,108140,2024,nonscience_examinee_total,,70
ssc,108140,2024,nonscience_examinee_passed,,58
ssc,108140,2025,nonscience_examinee_total,25,64
ssc,108140,2025,nonscience_examinee_passed,23,51
ssc,108140,2026,nonscience_avg_gpa,3.36,3.31
ssc,108148,2011,nonscience_examinee_total,47,48
ssc,108148,2011,nonscience_examinee_passed,47,48
ssc,108148,2015,science_examinee_total,,16
ssc,108148,2015,science_examinee_passed,,15
ssc,108148,2015,nonscience_avg_gpa,3.47,3.37
ssc,108148,2016,science_examinee_total,,10
ssc,108148,2016,science_examinee_passed,,9
ssc,108148,2016,science_avg_gpa,3.9,3.51
ssc,108148,2017,science_examinee_total,,13
ssc,108148,2017,science_examinee_passed,,13
ssc,108148,2017,nonscience_examinee_total,,43
ssc,108148,2017,nonscience_examinee_passed,,42
ssc,108148,2018,science_examinee_total,,16
ssc,108148,2018,science_examinee_passed,,14
ssc,108148,2019,science_examinee_total,,23
ssc,108148,2019,science_examinee_passed,,22
ssc,108148,2019,nonscience_examinee_total,,46
ssc,108148,2019,nonscience_examinee_passed,,35
ssc,108148,2020,science_examinee_total,,17
ssc,108148,2020,science_examinee_passed,,14
ssc,108148,2020,nonscience_examinee_total,46,51
ssc,108148,2020,nonscience_examinee_passed,40,45
ssc,108148,2021,science_examinee_total,,17
ssc,108148,2021,science_examinee_passed,,16
ssc,108148,2021,nonscience_examinee_total,,58
ssc,108148,2021,nonscience_examinee_passed,,54
ssc,108148,2022,science_examinee_total,,19
ssc,108148,2022,science_examinee_passed,,18
ssc,108148,2022,nonscience_examinee_total,,74
ssc,108148,2022,nonscience_examinee_passed,,60
ssc,108148,2023,nonscience_examinee_total,,41
ssc,108148,2023,nonscience_examinee_passed,,33
ssc,108148,2024,science_examinee_total,,13
ssc,108148,2024,science_examinee_passed,,9
ssc,108148,2024,nonscience_examinee_total,,79
ssc,108148,2024,nonscience_examinee_passed,,63
ssc,108148,2024,nonscience_avg_gpa,2.56,2.53
ssc,108148,2025,science_examinee_total,,20
ssc,108148,2025,science_examinee_passed,,9
ssc,108148,2025,nonscience_examinee_total,,60
ssc,108148,2025,nonscience_examinee_passed,,20
ssc,108148,2026,nonscience_examinee_total,,57
ssc,108148,2026,nonscience_examinee_passed,,45
ssc,108165,2011,nonscience_examinee_total,,274
ssc,108165,2011,nonscience_examinee_passed,,255
ssc,108165,2012,nonscience_examinee_total,258,289
ssc,108165,2012,nonscience_examinee_passed,230,259
ssc,108165,2015,nonscience_examinee_total,259,298
ssc,108165,2015,nonscience_examinee_passed,252,281
ssc,108165,2016,nonscience_examinee_total,256,310
ssc,108165,2016,nonscience_examinee_passed,238,269
ssc,108165,2017,nonscience_examinee_total,237,289
ssc,108165,2017,nonscience_examinee_passed,201,248
ssc,108165,2018,nonscience_examinee_total,228,253
ssc,108165,2018,nonscience_examinee_passed,215,234
ssc,108165,2019,science_avg_gpa,3.94,3.89
ssc,108165,2019,nonscience_examinee_total,,395
ssc,108165,2019,nonscience_examinee_passed,,273
ssc,108165,2020,nonscience_examinee_total,195,287
ssc,108165,2020,nonscience_examinee_passed,188,274
ssc,108165,2021,nonscience_avg_gpa,3.28,3.25
ssc,108165,2022,nonscience_examinee_total,183,293
ssc,108165,2022,nonscience_examinee_passed,162,256
ssc,108165,2023,nonscience_examinee_total,200,262
ssc,108165,2023,nonscience_examinee_passed,190,241
ssc,108165,2023,nonscience_avg_gpa,3.35,3.32
ssc,108165,2024,nonscience_examinee_total,214,297
ssc,108165,2024,nonscience_examinee_passed,167,230
ssc,108165,2025,science_avg_gpa,3.22,3.19
ssc,108165,2025,nonscience_examinee_total,226,320
ssc,108165,2025,nonscience_examinee_passed,128,169
ssc,108165,2025,nonscience_avg_gpa,1.8,1.77
ssc,108165,2026,nonscience_avg_gpa,2.72,2.7
ssc,108296,2011,science_examinee_total,,9
ssc,108296,2011,science_examinee_passed,,9
ssc,108296,2011,nonscience_examinee_total,62,77
ssc,108296,2011,nonscience_examinee_passed,56,64
ssc,108296,2012,nonscience_examinee_total,,84
ssc,108296,2012,nonscience_examinee_passed,,74
ssc,108296,2013,nonscience_examinee_total,,61
ssc,108296,2013,nonscience_examinee_passed,,60
ssc,108296,2013,nonscience_avg_gpa,3.82,3.76
ssc,108296,2014,science_examinee_total,,12
ssc,108296,2014,science_examinee_passed,,12
ssc,108296,2016,science_avg_gpa,4.51,4.3
ssc,108296,2016,nonscience_avg_gpa,3.51,3.47
ssc,108296,2017,nonscience_examinee_total,,102
ssc,108296,2017,nonscience_examinee_passed,,94
ssc,108296,2018,science_examinee_total,,50
ssc,108296,2018,science_examinee_passed,,45
ssc,108296,2018,nonscience_avg_gpa,2.65,2.62
ssc,108296,2019,nonscience_examinee_total,,95
ssc,108296,2019,nonscience_examinee_passed,,92
ssc,108296,2020,nonscience_examinee_total,,75
ssc,108296,2020,nonscience_examinee_passed,,61
ssc,108296,2021,science_avg_gpa,4.1,3.96
ssc,108296,2021,nonscience_examinee_total,,79
ssc,108296,2021,nonscience_examinee_passed,,75
ssc,108296,2022,nonscience_examinee_total,66,83
ssc,108296,2022,nonscience_examinee_passed,65,82
ssc,108296,2023,nonscience_examinee_total,,65
ssc,108296,2023,nonscience_examinee_passed,,57
ssc,108296,2024,science_examinee_total,,13
ssc,108296,2024,science_examinee_passed,,13
ssc,108296,2024,nonscience_examinee_total,47,64
ssc,108296,2024,nonscience_examinee_passed,40,55
ssc,108296,2024,nonscience_avg_gpa,3.02,2.98
ssc,108296,2025,science_examinee_total,,17
ssc,108296,2025,science_examinee_passed,,12
ssc,108296,2025,nonscience_examinee_total,,59
ssc,108296,2025,nonscience_examinee_passed,,25
ssc,108296,2026,nonscience_examinee_total,,70
ssc,108296,2026,nonscience_examinee_passed,,48
ssc,108296,2026,nonscience_avg_gpa,2.24,2.21
ssc,107888,2011,science_examinee_total,,23
ssc,107888,2011,science_examinee_passed,,22
ssc,107888,2011,nonscience_examinee_total,94,98
ssc,107888,2011,nonscience_examinee_passed,90,94
ssc,107888,2012,nonscience_examinee_total,59,61
ssc,107888,2012,nonscience_examinee_passed,59,61
ssc,107888,2013,nonscience_examinee_total,,35
ssc,107888,2013,nonscience_examinee_passed,,34
ssc,107888,2014,nonscience_examinee_total,,36
ssc,107888,2014,nonscience_examinee_passed,,35
ssc,107888,2014,nonscience_avg_gpa,4.07,3.95
ssc,107888,2015,nonscience_examinee_total,,62
ssc,107888,2015,nonscience_examinee_passed,,58
ssc,107888,2016,nonscience_examinee_total,,70
ssc,107888,2016,nonscience_examinee_passed,,68
ssc,107888,2017,nonscience_examinee_total,,96
ssc,107888,2017,nonscience_examinee_passed,,95
ssc,107888,2018,nonscience_examinee_total,,96
ssc,107888,2018,nonscience_examinee_passed,,88
ssc,107888,2019,nonscience_examinee_total,,77
ssc,107888,2019,nonscience_examinee_passed,,68
ssc,107888,2019,nonscience_avg_gpa,3.08,3.04
ssc,107888,2020,nonscience_examinee_total,,114
ssc,107888,2020,nonscience_examinee_passed,,107
ssc,107888,2021,nonscience_examinee_total,,89
ssc,107888,2021,nonscience_examinee_passed,,85
ssc,107888,2021,nonscience_avg_gpa,3.36,3.29
ssc,107888,2022,nonscience_examinee_total,,103
ssc,107888,2022,nonscience_examinee_passed,,87
ssc,107888,2022,nonscience_avg_gpa,3.01,2.98
ssc,107888,2023,science_avg_gpa,3.91,3.77
ssc,107888,2023,nonscience_examinee_total,126,166
ssc,107888,2023,nonscience_examinee_passed,99,128
ssc,107888,2023,nonscience_avg_gpa,2.77,2.72
ssc,107888,2024,nonscience_examinee_total,,111
ssc,107888,2024,nonscience_examinee_passed,,89
ssc,107888,2025,science_examinee_total,,21
ssc,107888,2025,science_examinee_passed,,13
ssc,107888,2025,nonscience_examinee_total,,120
ssc,107888,2025,nonscience_examinee_passed,,43
ssc,107888,2025,nonscience_avg_gpa,1.16,1.14
ssc,107888,2026,science_avg_gpa,3.27,3.18
ssc,107888,2026,nonscience_examinee_total,,92
ssc,107888,2026,nonscience_examinee_passed,,61
ssc,107888,2026,nonscience_avg_gpa,1.98,1.94
ssc,107914,2011,nonscience_examinee_total,324,413
ssc,107914,2011,nonscience_examinee_passed,322,403
ssc,107914,2012,science_avg_gpa,4.73,4.69
ssc,107914,2013,nonscience_examinee_total,266,295
ssc,107914,2013,nonscience_examinee_passed,263,292
ssc,107914,2014,nonscience_examinee_total,375,397
ssc,107914,2014,nonscience_examinee_passed,354,376
ssc,107914,2015,nonscience_examinee_total,342,371
ssc,107914,2015,nonscience_examinee_passed,339,368
ssc,107914,2017,nonscience_examinee_total,434,483
ssc,107914,2017,nonscience_examinee_passed,432,481
ssc,107914,2019,nonscience_examinee_total,322,352
ssc,107914,2019,nonscience_examinee_passed,308,336
ssc,107914,2020,nonscience_examinee_total,311,355
ssc,107914,2020,nonscience_examinee_passed,292,330
ssc,107914,2022,nonscience_avg_gpa,4.33,4.31
ssc,107914,2023,science_avg_gpa,4.84,4.81
ssc,107914,2024,science_avg_gpa,4.91,4.89
ssc,107914,2025,nonscience_avg_gpa,4.23,4.21
ssc,134114,2015,nonscience_examinee_total,,92
ssc,134114,2015,nonscience_examinee_passed,,84
ssc,134114,2016,nonscience_examinee_total,,50
ssc,134114,2016,nonscience_examinee_passed,,49
ssc,134114,2017,nonscience_examinee_total,,61
ssc,134114,2017,nonscience_examinee_passed,,57
ssc,134114,2018,nonscience_examinee_total,,101
ssc,134114,2018,nonscience_examinee_passed,,77
ssc,134114,2019,science_examinee_total,,31
ssc,134114,2019,science_examinee_passed,,28
ssc,134114,2019,science_avg_gpa,3.52,3.41
ssc,134114,2019,nonscience_examinee_total,,131
ssc,134114,2019,nonscience_examinee_passed,,86
ssc,134114,2020,science_examinee_total,,13
ssc,134114,2020,science_examinee_passed,,9
ssc,134114,2020,nonscience_examinee_total,,125
ssc,134114,2020,nonscience_examinee_passed,,86
ssc,134114,2021,science_avg_gpa,4.04,3.93
ssc,134114,2021,nonscience_examinee_total,,150
ssc,134114,2021,nonscience_examinee_passed,,143
ssc,134114,2022,nonscience_examinee_total,53,91
ssc,134114,2022,nonscience_examinee_passed,44,71
ssc,134114,2023,science_avg_gpa,4.47,3.87
ssc,134114,2023,nonscience_examinee_total,,82
ssc,134114,2023,nonscience_examinee_passed,,74
ssc,134114,2024,nonscience_examinee_total,,135
ssc,134114,2024,nonscience_examinee_passed,,123
ssc,134114,2024,nonscience_avg_gpa,3.37,3.35
ssc,134114,2025,science_avg_gpa,4.08,3.92
ssc,134114,2025,nonscience_examinee_total,,83
ssc,134114,2025,nonscience_examinee_passed,,41
ssc,134114,2025,nonscience_avg_gpa,1.86,1.81
ssc,134114,2026,science_examinee_total,,35
ssc,134114,2026,science_examinee_passed,,25
ssc,134114,2026,science_avg_gpa,2.6,2.53
ssc,134114,2026,nonscience_examinee_total,,115
ssc,134114,2026,nonscience_examinee_passed,,65
ssc,107881,2011,nonscience_examinee_total,85,112
ssc,107881,2011,nonscience_examinee_passed,77,101
ssc,107881,2012,science_examinee_total,,17
ssc,107881,2012,science_examinee_passed,,17
ssc,107881,2012,nonscience_examinee_total,91,122
ssc,107881,2012,nonscience_examinee_passed,83,109
ssc,107881,2012,nonscience_avg_gpa,3.34,3.31
ssc,107881,2013,nonscience_examinee_total,,93
ssc,107881,2013,nonscience_examinee_passed,,85
ssc,107881,2014,science_examinee_total,,15
ssc,107881,2014,science_examinee_passed,,15
ssc,107881,2014,nonscience_avg_gpa,3.84,3.78
ssc,107881,2015,nonscience_examinee_total,77,91
ssc,107881,2015,nonscience_examinee_passed,77,91
ssc,107881,2016,nonscience_examinee_total,83,106
ssc,107881,2016,nonscience_examinee_passed,83,106
ssc,107881,2017,nonscience_examinee_total,,101
ssc,107881,2017,nonscience_examinee_passed,,98
ssc,107881,2017,nonscience_avg_gpa,4.03,3.99
ssc,107881,2018,nonscience_examinee_total,,126
ssc,107881,2018,nonscience_examinee_passed,,110
ssc,107881,2018,nonscience_avg_gpa,3.14,3.11
ssc,107881,2019,nonscience_examinee_total,75,100
ssc,107881,2019,nonscience_examinee_passed,72,92
ssc,107881,2020,nonscience_examinee_total,,75
ssc,107881,2020,nonscience_examinee_passed,,54
ssc,107881,2021,science_avg_gpa,4.06,3.95
ssc,107881,2021,nonscience_examinee_total,69,125
ssc,107881,2021,nonscience_examinee_passed,67,121
ssc,107881,2021,nonscience_avg_gpa,3.35,3.3
ssc,107881,2022,science_avg_gpa,4.49,4.36
ssc,107881,2022,nonscience_examinee_total,65,112
ssc,107881,2022,nonscience_examinee_passed,55,97
ssc,107881,2023,science_avg_gpa,4.5,4.34
ssc,107881,2023,nonscience_examinee_total,,70
ssc,107881,2023,nonscience_examinee_passed,,67
ssc,107881,2024,nonscience_examinee_total,66,89
ssc,107881,2024,nonscience_examinee_passed,55,77
ssc,107881,2024,nonscience_avg_gpa,3.19,3.16
ssc,107881,2025,nonscience_examinee_total,64,94
ssc,107881,2025,nonscience_examinee_passed,39,59
ssc,107881,2025,nonscience_avg_gpa,2.23,2.21
ssc,107881,2026,science_avg_gpa,3.54,3.42
ssc,107881,2026,nonscience_examinee_total,,94
ssc,107881,2026,nonscience_examinee_passed,,52
ssc,107881,2026,nonscience_avg_gpa,1.89,1.83
ssc,134016,2015,science_examinee_total,,8
ssc,134016,2015,science_examinee_passed,,8
ssc,134016,2015,nonscience_examinee_total,,66
ssc,134016,2015,nonscience_examinee_passed,,61
ssc,134016,2016,science_examinee_total,,22
ssc,134016,2016,science_examinee_passed,,22
ssc,134016,2016,nonscience_examinee_total,,45
ssc,134016,2016,nonscience_examinee_passed,,45
ssc,134016,2017,science_avg_gpa,4.57,4.42
ssc,134016,2017,nonscience_examinee_total,,100
ssc,134016,2017,nonscience_examinee_passed,,97
ssc,134016,2017,nonscience_avg_gpa,3.88,3.84
ssc,134016,2018,nonscience_examinee_total,138,199
ssc,134016,2018,nonscience_examinee_passed,113,162
ssc,134016,2019,nonscience_examinee_total,,204
ssc,134016,2019,nonscience_examinee_passed,,165
ssc,134016,2020,nonscience_examinee_total,,202
ssc,134016,2020,nonscience_examinee_passed,,134
ssc,134016,2021,nonscience_examinee_total,230,300
ssc,134016,2021,nonscience_examinee_passed,211,278
ssc,134016,2021,nonscience_avg_gpa,3.33,3.29
ssc,134016,2022,nonscience_examinee_total,174,233
ssc,134016,2022,nonscience_examinee_passed,154,209
ssc,134016,2023,science_avg_gpa,4.39,4.35
ssc,134016,2023,nonscience_examinee_total,246,332
ssc,134016,2023,nonscience_examinee_passed,221,288
ssc,134016,2023,nonscience_avg_gpa,3.19,3.16
ssc,134016,2024,nonscience_examinee_total,281,372
ssc,134016,2024,nonscience_examinee_passed,247,320
ssc,134016,2024,nonscience_avg_gpa,3.3,3.24
ssc,134016,2025,nonscience_examinee_total,190,270
ssc,134016,2025,nonscience_examinee_passed,137,180
ssc,134016,2025,nonscience_avg_gpa,2.54,2.5
ssc,134016,2026,science_avg_gpa,3.74,3.69
ssc,134016,2026,nonscience_examinee_total,,312
ssc,134016,2026,nonscience_examinee_passed,,186
ssc,134016,2026,nonscience_avg_gpa,2.01,1.99
ssc,107877,2011,nonscience_avg_gpa,4.58,4.56
ssc,107877,2013,nonscience_examinee_total,247,294
ssc,107877,2013,nonscience_examinee_passed,244,290
ssc,107877,2015,nonscience_avg_gpa,3.58,3.56
ssc,107877,2016,science_avg_gpa,4.62,4.6
ssc,107877,2016,nonscience_examinee_total,319,380
ssc,107877,2016,nonscience_examinee_passed,316,371
ssc,107877,2017,nonscience_examinee_total,318,404
ssc,107877,2017,nonscience_examinee_passed,310,390
ssc,107877,2018,science_avg_gpa,4.3,4.28
ssc,107877,2019,science_avg_gpa,4.08,4.06
ssc,107877,2019,nonscience_examinee_total,293,399
ssc,107877,2019,nonscience_examinee_passed,248,329
ssc,107877,2020,science_avg_gpa,4.11,4.05
ssc,107877,2020,nonscience_examinee_total,255,398
ssc,107877,2020,nonscience_examinee_passed,217,332
ssc,107877,2021,science_avg_gpa,4.5,4.46
ssc,107877,2021,nonscience_avg_gpa,3.42,3.39
ssc,107877,2022,science_avg_gpa,4.73,4.7
ssc,107877,2022,nonscience_avg_gpa,3.6,3.57
ssc,107877,2024,nonscience_examinee_total,157,252
ssc,107877,2024,nonscience_examinee_passed,153,217
ssc,107877,2026,nonscience_avg_gpa,2.86,2.84
ssc,108501,2011,nonscience_examinee_total,80,116
ssc,108501,2011,nonscience_examinee_passed,78,112
ssc,108501,2011,nonscience_avg_gpa,3.4,3.38
ssc,108501,2012,science_examinee_total,,22
ssc,108501,2012,science_examinee_passed,,20
ssc,108501,2012,nonscience_examinee_total,66,85
ssc,108501,2012,nonscience_examinee_passed,64,78
ssc,108501,2013,nonscience_examinee_total,93,114
ssc,108501,2013,nonscience_examinee_passed,91,110
ssc,108501,2014,nonscience_examinee_total,83,100
ssc,108501,2014,nonscience_examinee_passed,82,99
ssc,108501,2015,nonscience_examinee_total,73,94
ssc,108501,2015,nonscience_examinee_passed,71,92
ssc,108501,2016,nonscience_examinee_total,80,98
ssc,108501,2016,nonscience_examinee_passed,76,93
ssc,108501,2016,nonscience_avg_gpa,3.95,3.91
ssc,108501,2017,nonscience_examinee_total,99,122
ssc,108501,2017,nonscience_examinee_passed,97,116
ssc,108501,2018,nonscience_examinee_total,,120
ssc,108501,2018,nonscience_examinee_passed,,89
ssc,108501,2019,nonscience_examinee_total,,118
ssc,108501,2019,nonscience_examinee_passed,,106
ssc,108501,2020,nonscience_examinee_total,103,118
ssc,108501,2020,nonscience_examinee_passed,86,97
ssc,108501,2021,nonscience_examinee_total,,103
ssc,108501,2021,nonscience_examinee_passed,,95
ssc,108501,2022,science_examinee_total,,35
ssc,108501,2022,science_examinee_passed,,25
ssc,108501,2022,nonscience_examinee_total,,115
ssc,108501,2022,nonscience_examinee_passed,,100
ssc,108501,2023,nonscience_examinee_total,,133
ssc,108501,2023,nonscience_examinee_passed,,79
ssc,108501,2023,nonscience_avg_gpa,2.1,2.06
ssc,108501,2024,science_examinee_total,,44
ssc,108501,2024,science_examinee_passed,,43
ssc,108501,2024,nonscience_examinee_total,,130
ssc,108501,2024,nonscience_examinee_passed,,115
ssc,108501,2024,nonscience_avg_gpa,2.81,2.79
ssc,108501,2025,science_examinee_total,,32
ssc,108501,2025,science_examinee_passed,,30
ssc,108501,2025,nonscience_examinee_total,,113
ssc,108501,2025,nonscience_examinee_passed,,68
ssc,108501,2026,science_avg_gpa,3.2,3.11
ssc,108501,2026,nonscience_examinee_total,88,107
ssc,108501,2026,nonscience_examinee_passed,72,83
ssc,107864,2011,science_examinee_total,,2
ssc,107864,2011,science_examinee_passed,,2
ssc,107864,2011,nonscience_examinee_total,46,47
ssc,107864,2012,science_examinee_total,,2
ssc,107864,2012,science_examinee_passed,,2
ssc,107864,2012,nonscience_examinee_total,66,70
ssc,107864,2012,nonscience_examinee_passed,59,63
ssc,107864,2013,nonscience_examinee_total,41,43
ssc,107864,2013,nonscience_examinee_passed,41,43
ssc,107864,2015,nonscience_avg_gpa,3.93,3.87
ssc,107864,2017,science_examinee_total,,15
ssc,107864,2017,science_examinee_passed,,15
ssc,107864,2017,nonscience_examinee_total,,89
ssc,107864,2017,nonscience_examinee_passed,,71
ssc,107864,2017,nonscience_avg_gpa,3.16,3.12
ssc,107864,2018,nonscience_examinee_total,87,102
ssc,107864,2018,nonscience_examinee_passed,83,98
ssc,107864,2019,science_examinee_total,,17
ssc,107864,2019,science_examinee_passed,,17
ssc,107864,2019,nonscience_examinee_total,,80
ssc,107864,2019,nonscience_examinee_passed,,75
ssc,107864,2020,nonscience_examinee_total,75,117
ssc,107864,2020,nonscience_examinee_passed,70,100
ssc,107864,2020,nonscience_avg_gpa,3.07,2.99
ssc,107864,2021,nonscience_avg_gpa,3.13,3.11
ssc,107864,2022,nonscience_examinee_total,67,93
ssc,107864,2022,nonscience_examinee_passed,61,81
ssc,107864,2022,nonscience_avg_gpa,3.11,3.05
ssc,107864,2023,nonscience_examinee_total,,110
ssc,107864,2023,nonscience_examinee_passed,,94
ssc,107864,2023,nonscience_avg_gpa,3.24,3.21
ssc,107864,2024,nonscience_examinee_total,,105
ssc,107864,2024,nonscience_examinee_passed,,98
ssc,107864,2025,nonscience_examinee_total,,95
ssc,107864,2025,nonscience_examinee_passed,,79
ssc,107864,2026,nonscience_examinee_total,,96
ssc,107864,2026,nonscience_examinee_passed,,64
ssc,107864,2026,nonscience_avg_gpa,2.26,2.24
ssc,107883,2011,nonscience_examinee_total,62,64
ssc,107883,2011,nonscience_examinee_passed,58,60
ssc,107883,2012,nonscience_examinee_total,109,112
ssc,107883,2012,nonscience_examinee_passed,105,108
ssc,107883,2012,nonscience_avg_gpa,3.7,3.67
ssc,107883,2013,nonscience_examinee_total,67,72
ssc,107883,2013,nonscience_examinee_passed,67,72
ssc,107883,2014,nonscience_examinee_total,75,78
ssc,107883,2014,nonscience_examinee_passed,75,78
ssc,107883,2015,nonscience_examinee_total,71,76
ssc,107883,2015,nonscience_examinee_passed,68,73
ssc,107883,2016,nonscience_examinee_total,,51
ssc,107883,2016,nonscience_examinee_passed,,50
ssc,107883,2017,nonscience_examinee_total,61,75
ssc,107883,2017,nonscience_examinee_passed,56,70
ssc,107883,2017,nonscience_avg_gpa,3.8,3.75
ssc,107883,2018,nonscience_examinee_total,,82
ssc,107883,2018,nonscience_examinee_passed,,72
ssc,107883,2019,nonscience_examinee_total,,83
ssc,107883,2019,nonscience_examinee_passed,,63
ssc,107883,2020,science_examinee_total,,21
ssc,107883,2020,science_examinee_passed,,21
ssc,107883,2020,nonscience_examinee_total,,78
ssc,107883,2020,nonscience_examinee_passed,,71
ssc,107883,2021,nonscience_examinee_total,37,64
ssc,107883,2021,nonscience_examinee_passed,37,64
ssc,107883,2022,nonscience_examinee_total,35,60
ssc,107883,2022,nonscience_examinee_passed,34,58
ssc,107883,2022,nonscience_avg_gpa,3.59,3.47
ssc,107883,2023,nonscience_examinee_total,,49
ssc,107883,2023,nonscience_examinee_passed,,32
ssc,107883,2023,nonscience_avg_gpa,2.4,2.35
ssc,107883,2024,nonscience_examinee_total,41,71
ssc,107883,2024,nonscience_examinee_passed,39,66
ssc,107883,2025,nonscience_examinee_total,21,40
ssc,107883,2025,nonscience_examinee_passed,19,34
ssc,107883,2025,nonscience_avg_gpa,3.05,2.97
ssc,107883,2026,nonscience_examinee_total,,46
ssc,107883,2026,nonscience_examinee_passed,,43
ssc,107886,2011,nonscience_examinee_total,94,118
ssc,107886,2011,nonscience_examinee_passed,93,115
ssc,107886,2012,nonscience_examinee_total,112,149
ssc,107886,2012,nonscience_examinee_passed,112,145
ssc,107886,2013,science_examinee_total,,28
ssc,107886,2013,science_examinee_passed,,28
ssc,107886,2013,nonscience_examinee_total,91,147
ssc,107886,2013,nonscience_examinee_passed,87,136
ssc,107886,2014,nonscience_examinee_total,167,215
ssc,107886,2014,nonscience_examinee_passed,159,204
ssc,107886,2015,science_examinee_total,,41
ssc,107886,2015,science_examinee_passed,,41
ssc,107886,2015,nonscience_examinee_total,88,110
ssc,107886,2015,nonscience_examinee_passed,87,107
ssc,107886,2017,nonscience_examinee_total,129,191
ssc,107886,2017,nonscience_examinee_passed,122,184
ssc,107886,2018,nonscience_examinee_total,120,185
ssc,107886,2018,nonscience_examinee_passed,115,178
ssc,107886,2018,nonscience_avg_gpa,3.83,3.81
ssc,107886,2019,nonscience_examinee_total,,152
ssc,107886,2019,nonscience_examinee_passed,,138
ssc,107886,2020,nonscience_examinee_total,95,193
ssc,107886,2020,nonscience_examinee_passed,74,145
ssc,107886,2020,nonscience_avg_gpa,2.72,2.69
ssc,107886,2021,science_avg_gpa,3.97,3.87
ssc,107886,2021,nonscience_examinee_total,112,241
ssc,107886,2021,nonscience_examinee_passed,109,235
ssc,107886,2021,nonscience_avg_gpa,3.46,3.4
ssc,107886,2022,nonscience_examinee_total,99,191
ssc,107886,2022,nonscience_examinee_passed,96,182
ssc,107886,2023,nonscience_examinee_total,,179
ssc,107886,2023,nonscience_examinee_passed,,159
ssc,107886,2023,nonscience_avg_gpa,3.28,3.26
ssc,107886,2024,science_avg_gpa,4.49,4.44
ssc,107886,2024,nonscience_examinee_total,,182
ssc,107886,2024,nonscience_examinee_passed,,170
ssc,107886,2025,nonscience_examinee_total,,128
ssc,107886,2025,nonscience_examinee_passed,,87
ssc,107886,2025,nonscience_avg_gpa,2.55,2.47
ssc,107886,2026,nonscience_examinee_total,50,104
ssc,107886,2026,nonscience_examinee_passed,42,77
ssc,107886,2026,nonscience_avg_gpa,2.68,2.66
ssc,107885,2011,nonscience_examinee_total,70,82
ssc,107885,2011,nonscience_examinee_passed,70,82
ssc,107885,2012,nonscience_examinee_total,,72
ssc,107885,2012,nonscience_examinee_passed,,69
ssc,107885,2012,nonscience_avg_gpa,3.34,3.29
ssc,107885,2013,nonscience_examinee_total,,70
ssc,107885,2013,nonscience_examinee_passed,,68
ssc,107885,2014,nonscience_examinee_total,17,96
ssc,107885,2014,nonscience_examinee_passed,17,91
ssc,107885,2015,nonscience_examinee_total,,61
ssc,107885,2015,nonscience_examinee_passed,,60
ssc,107885,2016,nonscience_examinee_total,,64
ssc,107885,2016,nonscience_examinee_passed,,64
ssc,107885,2017,nonscience_examinee_total,48,67
ssc,107885,2017,nonscience_examinee_passed,48,66
ssc,107885,2018,nonscience_examinee_total,,112
ssc,107885,2018,nonscience_examinee_passed,,103
ssc,107885,2019,nonscience_examinee_total,,89
ssc,107885,2019,nonscience_examinee_passed,,85
ssc,107885,2020,science_examinee_total,,47
ssc,107885,2020,science_examinee_passed,,41
ssc,107885,2020,nonscience_examinee_total,,114
ssc,107885,2020,nonscience_examinee_passed,,99
ssc,107885,2023,nonscience_examinee_total,,96
ssc,107885,2023,nonscience_examinee_passed,,91
ssc,107885,2024,nonscience_examinee_total,46,75
ssc,107885,2024,nonscience_examinee_passed,46,74
ssc,107885,2024,nonscience_avg_gpa,3.83,3.78
ssc,107885,2025,nonscience_examinee_total,,61
ssc,107885,2025,nonscience_examinee_passed,,58
ssc,107885,2026,nonscience_examinee_total,,68
ssc,107885,2026,nonscience_examinee_passed,,60
ssc,107879,2011,nonscience_examinee_total,86,118
ssc,107879,2011,nonscience_examinee_passed,83,110
ssc,107879,2012,nonscience_examinee_total,116,164
ssc,107879,2012,nonscience_examinee_passed,111,151
ssc,107879,2013,nonscience_examinee_total,74,98
ssc,107879,2013,nonscience_examinee_passed,74,96
ssc,107879,2014,nonscience_examinee_total,119,152
ssc,107879,2014,nonscience_examinee_passed,115,147
ssc,107879,2014,nonscience_avg_gpa,4.08,4.05
ssc,107879,2015,nonscience_examinee_total,,105
ssc,107879,2015,nonscience_examinee_passed,,104
ssc,107879,2016,nonscience_examinee_total,74,124
ssc,107879,2016,nonscience_examinee_passed,73,122
ssc,107879,2017,nonscience_examinee_total,117,188
ssc,107879,2017,nonscience_examinee_passed,112,180
ssc,107879,2018,science_avg_gpa,4.33,4.27
ssc,107879,2018,nonscience_avg_gpa,3.86,3.84
ssc,107879,2019,nonscience_examinee_total,90,195
ssc,107879,2019,nonscience_examinee_passed,73,149
ssc,107879,2020,nonscience_examinee_total,,208
ssc,107879,2020,nonscience_examinee_passed,,193
ssc,107879,2021,nonscience_examinee_total,127,218
ssc,107879,2021,nonscience_examinee_passed,125,215
ssc,107879,2021,nonscience_avg_gpa,3.68,3.65
ssc,107879,2022,nonscience_avg_gpa,3.53,3.51
ssc,107879,2023,nonscience_examinee_total,75,147
ssc,107879,2023,nonscience_examinee_passed,74,140
ssc,107879,2024,nonscience_examinee_total,90,148
ssc,107879,2024,nonscience_examinee_passed,89,147
ssc,107879,2025,nonscience_examinee_total,,128
ssc,107879,2025,nonscience_examinee_passed,,120
ssc,107879,2026,nonscience_examinee_total,58,97
ssc,107879,2026,nonscience_examinee_passed,56,92
ssc,107879,2026,nonscience_avg_gpa,3.37,3.33
ssc,107880,2011,science_examinee_total,,8
ssc,107880,2011,science_examinee_passed,,8
ssc,107880,2011,nonscience_examinee_total,35,54
ssc,107880,2011,nonscience_examinee_passed,33,49
ssc,107880,2012,science_examinee_total,,11
ssc,107880,2012,science_examinee_passed,,11
ssc,107880,2012,nonscience_examinee_total,,53
ssc,107880,2012,nonscience_examinee_passed,,47
ssc,107880,2012,nonscience_avg_gpa,3.23,3.17
ssc,107880,2013,science_examinee_total,,8
ssc,107880,2013,science_examinee_passed,,7
ssc,107880,2013,nonscience_examinee_total,36,63
ssc,107880,2013,nonscience_examinee_passed,35,60
ssc,107880,2014,science_examinee_total,,8
ssc,107880,2014,science_examinee_passed,,8
ssc,107880,2014,nonscience_examinee_total,42,62
ssc,107880,2014,nonscience_examinee_passed,41,60
ssc,107880,2015,nonscience_examinee_total,,46
ssc,107880,2015,nonscience_examinee_passed,,46
ssc,107880,2016,nonscience_examinee_total,,36
ssc,107880,2016,nonscience_examinee_passed,,36
ssc,107880,2017,nonscience_examinee_total,,41
ssc,107880,2017,nonscience_examinee_passed,,41
ssc,107880,2018,nonscience_examinee_total,,37
ssc,107880,2018,nonscience_examinee_passed,,37
ssc,107880,2019,nonscience_examinee_total,,36
ssc,107880,2019,nonscience_examinee_passed,,34
ssc,107880,2020,nonscience_examinee_total,,36
ssc,107880,2020,nonscience_examinee_passed,,24
ssc,107880,2021,nonscience_examinee_total,,36
ssc,107880,2021,nonscience_examinee_passed,,36
ssc,107880,2022,nonscience_examinee_total,,30
ssc,107880,2022,nonscience_examinee_passed,,28
ssc,107880,2023,nonscience_examinee_total,13,32
ssc,107880,2023,nonscience_examinee_passed,13,27
ssc,107880,2024,science_examinee_total,,6
ssc,107880,2024,science_examinee_passed,,6
ssc,107880,2024,nonscience_examinee_total,,32
ssc,107880,2024,nonscience_examinee_passed,,28
ssc,107880,2024,nonscience_avg_gpa,3.4,3.29
ssc,107880,2025,science_examinee_total,,8
ssc,107880,2025,science_examinee_passed,,8
ssc,107880,2025,nonscience_examinee_total,,18
ssc,107880,2025,nonscience_examinee_passed,,14
ssc,107880,2026,nonscience_examinee_total,,33
ssc,107880,2026,nonscience_examinee_passed,,28
ssc,108469,2011,nonscience_examinee_total,46,55
ssc,108469,2011,nonscience_examinee_passed,44,52
ssc,108469,2012,science_examinee_total,,17
ssc,108469,2012,science_examinee_passed,,17
ssc,108469,2012,nonscience_examinee_total,45,73
ssc,108469,2012,nonscience_examinee_passed,44,67
ssc,108469,2013,nonscience_examinee_total,,76
ssc,108469,2013,nonscience_examinee_passed,,73
ssc,108469,2014,nonscience_examinee_total,71,91
ssc,108469,2014,nonscience_examinee_passed,70,90
ssc,108469,2014,nonscience_avg_gpa,4.26,4.22
ssc,108469,2015,nonscience_examinee_total,,60
ssc,108469,2015,nonscience_examinee_passed,,59
ssc,108469,2016,nonscience_examinee_total,,86
ssc,108469,2016,nonscience_examinee_passed,,84
ssc,108469,2017,nonscience_examinee_total,,82
ssc,108469,2017,nonscience_examinee_passed,,71
ssc,108469,2018,nonscience_examinee_total,,84
ssc,108469,2018,nonscience_examinee_passed,,61
ssc,108469,2019,nonscience_examinee_total,,88
ssc,108469,2019,nonscience_examinee_passed,,82
ssc,108469,2020,science_examinee_total,,38
ssc,108469,2020,science_examinee_passed,,37
ssc,108469,2020,science_avg_gpa,4.16,4.05
ssc,108469,2020,nonscience_examinee_total,,88
ssc,108469,2020,nonscience_examinee_passed,,79
ssc,108469,2020,nonscience_avg_gpa,2.98,2.95
ssc,108469,2022,nonscience_examinee_total,,85
ssc,108469,2022,nonscience_examinee_passed,,76
ssc,108469,2022,nonscience_avg_gpa,3.25,3.17
ssc,108469,2023,science_avg_gpa,4.1,3.89
ssc,108469,2023,nonscience_examinee_total,37,67
ssc,108469,2023,nonscience_examinee_passed,29,45
ssc,108469,2023,nonscience_avg_gpa,2.47,2.4
ssc,108469,2024,nonscience_examinee_total,,65
ssc,108469,2024,nonscience_examinee_passed,,64
ssc,108469,2025,nonscience_examinee_total,,49
ssc,108469,2025,nonscience_examinee_passed,,33
ssc,108469,2026,nonscience_examinee_total,45,62
ssc,108469,2026,nonscience_examinee_passed,34,50
ssc,108469,2026,nonscience_avg_gpa,2.93,2.89
ssc,134419,2026,nonscience_examinee_total,,49
ssc,134419,2026,nonscience_examinee_passed,,16
ssc,136763,2021,science_avg_gpa,4.72,4.59
ssc,136763,2021,nonscience_examinee_total,66,68
ssc,136763,2021,nonscience_examinee_passed,61,63
ssc,136763,2021,nonscience_avg_gpa,3.74,3.68
ssc,136763,2022,nonscience_examinee_total,,27
ssc,136763,2022,nonscience_examinee_passed,,26
ssc,136763,2022,nonscience_avg_gpa,3.98,3.83
ssc,136763,2023,science_avg_gpa,4.14,4.06
ssc,136763,2023,nonscience_examinee_total,52,61
ssc,136763,2023,nonscience_examinee_passed,48,56
ssc,136763,2024,nonscience_examinee_total,52,54
ssc,136763,2024,nonscience_examinee_passed,49,51
ssc,136763,2025,nonscience_examinee_total,,48
ssc,136763,2025,nonscience_examinee_passed,,43
ssc,136763,2026,nonscience_examinee_total,36,48
ssc,136763,2026,nonscience_examinee_passed,33,40
ssc,107863,2011,nonscience_examinee_total,95,140
ssc,107863,2011,nonscience_examinee_passed,93,134
ssc,107863,2012,science_examinee_total,,18
ssc,107863,2012,science_examinee_passed,,17
ssc,107863,2012,nonscience_examinee_total,83,132
ssc,107863,2012,nonscience_examinee_passed,83,129
ssc,107863,2013,science_examinee_total,,7
ssc,107863,2013,science_examinee_passed,,7
ssc,107863,2013,nonscience_avg_gpa,3.15,3.12
ssc,107863,2014,science_examinee_total,,16
ssc,107863,2014,science_examinee_passed,,12
ssc,107863,2014,nonscience_examinee_total,132,164
ssc,107863,2014,nonscience_examinee_passed,125,156
ssc,107863,2015,nonscience_examinee_total,141,173
ssc,107863,2015,nonscience_examinee_passed,140,172
ssc,107863,2016,nonscience_examinee_total,105,134
ssc,107863,2016,nonscience_examinee_passed,99,126
ssc,107863,2018,nonscience_examinee_total,162,203
ssc,107863,2018,nonscience_examinee_passed,128,161
ssc,107863,2019,nonscience_examinee_total,147,219
ssc,107863,2019,nonscience_examinee_passed,121,188
ssc,107863,2019,nonscience_avg_gpa,3.14,3.12
ssc,107863,2021,nonscience_avg_gpa,3.8,3.76
ssc,107863,2022,science_avg_gpa,4.78,4.72
ssc,107863,2022,nonscience_avg_gpa,3.87,3.79
ssc,107863,2023,nonscience_examinee_total,,170
ssc,107863,2023,nonscience_examinee_passed,,135
ssc,107863,2023,nonscience_avg_gpa,2.92,2.9
ssc,107863,2024,nonscience_examinee_total,,160
ssc,107863,2024,nonscience_examinee_passed,,144
ssc,107863,2024,nonscience_avg_gpa,3.31,3.27
ssc,107863,2025,science_avg_gpa,3.96,3.92
ssc,107863,2025,nonscience_examinee_total,135,174
ssc,107863,2025,nonscience_examinee_passed,110,145
ssc,107875,2011,science_examinee_total,,6
ssc,107875,2011,science_examinee_passed,,3
ssc,107875,2011,nonscience_examinee_total,75,83
ssc,107875,2011,nonscience_examinee_passed,69,76
ssc,107875,2012,nonscience_examinee_total,,118
ssc,107875,2012,nonscience_examinee_passed,,104
ssc,107875,2012,nonscience_avg_gpa,3.19,3.16
ssc,107875,2013,science_examinee_total,,6
ssc,107875,2013,science_examinee_passed,,6
ssc,107875,2013,nonscience_examinee_total,103,126
ssc,107875,2013,nonscience_examinee_passed,91,110
ssc,107875,2013,nonscience_avg_gpa,3.19,3.09
ssc,107875,2014,nonscience_examinee_total,114,129
ssc,107875,2014,nonscience_examinee_passed,111,125
ssc,107875,2014,nonscience_avg_gpa,3.76,3.73
ssc,107875,2015,science_examinee_total,,1
ssc,107875,2015,science_avg_gpa,,0.0
ssc,107875,2015,nonscience_examinee_total,102,119
ssc,107875,2015,nonscience_examinee_passed,98,112
ssc,107875,2015,nonscience_avg_gpa,3.83,3.76
ssc,107875,2016,science_examinee_total,,3
ssc,107875,2016,science_examinee_passed,,2
ssc,107875,2016,nonscience_examinee_total,,131
ssc,107875,2016,nonscience_examinee_passed,,122
ssc,107875,2016,nonscience_avg_gpa,3.51,3.48
ssc,107875,2017,nonscience_examinee_total,158,199
ssc,107875,2017,nonscience_examinee_passed,153,186
ssc,107875,2018,science_examinee_total,,3
ssc,107875,2018,science_examinee_passed,,3
ssc,107875,2018,nonscience_examinee_total,120,164
ssc,107875,2018,nonscience_examinee_passed,103,135
ssc,107875,2019,science_examinee_total,,2
ssc,107875,2019,science_examinee_passed,,2
ssc,107875,2019,nonscience_examinee_total,130,185
ssc,107875,2019,nonscience_examinee_passed,120,158
ssc,107875,2019,nonscience_avg_gpa,2.89,2.87
ssc,107875,2020,science_examinee_total,,3
ssc,107875,2020,science_examinee_passed,,3
ssc,107875,2020,nonscience_avg_gpa,2.28,2.25
ssc,107875,2021,science_examinee_total,,6
ssc,107875,2021,science_examinee_passed,,6
ssc,107875,2021,nonscience_examinee_total,,164
ssc,107875,2021,nonscience_examinee_passed,,140
ssc,107875,2021,nonscience_avg_gpa,2.74,2.69
ssc,107875,2022,science_examinee_total,,3
ssc,107875,2022,science_examinee_passed,,2
ssc,107875,2022,nonscience_examinee_total,,77
ssc,107875,2022,nonscience_examinee_passed,,58
ssc,107875,2022,nonscience_avg_gpa,2.38,2.34
ssc,107875,2023,science_examinee_total,,9
ssc,107875,2023,science_examinee_passed,,9
ssc,107875,2023,nonscience_examinee_total,,120
ssc,107875,2023,nonscience_examinee_passed,,68
ssc,107875,2024,nonscience_examinee_total,,92
ssc,107875,2024,nonscience_examinee_passed,,67
ssc,107875,2024,nonscience_avg_gpa,2.2,2.17
ssc,107875,2025,science_examinee_total,,3
ssc,107875,2025,science_examinee_passed,,3
ssc,107875,2025,nonscience_examinee_total,,56
ssc,107875,2025,nonscience_examinee_passed,,17
ssc,107875,2025,nonscience_avg_gpa,0.76,0.74
ssc,107875,2026,science_examinee_total,,1
ssc,107875,2026,science_examinee_passed,,1
ssc,107875,2026,nonscience_examinee_total,,51
ssc,107875,2026,nonscience_examinee_passed,,27
ssc,107874,2013,nonscience_examinee_total,43,49
ssc,107874,2013,nonscience_examinee_passed,43,49
ssc,107874,2015,nonscience_examinee_total,33,46
ssc,107874,2015,nonscience_examinee_passed,33,46
ssc,107874,2017,science_avg_gpa,4.98,4.86
ssc,107874,2021,nonscience_avg_gpa,4.46,4.4
ssc,107874,2023,nonscience_examinee_total,81,135
ssc,107874,2023,nonscience_examinee_passed,81,135
ssc,107874,2024,nonscience_examinee_total,77,110
ssc,107874,2024,nonscience_examinee_passed,77,110
ssc,107874,2025,nonscience_examinee_total,75,140
ssc,107874,2025,nonscience_examinee_passed,58,113
ssc,107874,2025,nonscience_avg_gpa,3.17,3.15
ssc,107874,2026,nonscience_examinee_total,63,141
ssc,107874,2026,nonscience_examinee_passed,57,129
ssc,107916,2011,nonscience_examinee_total,13,17
ssc,107916,2011,nonscience_examinee_passed,13,17
ssc,107916,2012,science_examinee_total,,4
ssc,107916,2012,science_examinee_passed,,4
ssc,107916,2012,nonscience_examinee_total,11,16
ssc,107916,2012,nonscience_examinee_passed,11,16
ssc,107916,2013,nonscience_examinee_total,12,24
ssc,107916,2013,nonscience_examinee_passed,12,24
ssc,107916,2014,nonscience_examinee_total,18,32
ssc,107916,2014,nonscience_examinee_passed,18,32
ssc,107916,2015,science_examinee_total,,3
ssc,107916,2015,science_examinee_passed,,1
ssc,107916,2015,nonscience_examinee_total,24,32
ssc,107916,2015,nonscience_examinee_passed,23,25
ssc,107916,2016,nonscience_examinee_total,,35
ssc,107916,2016,nonscience_examinee_passed,,34
ssc,107916,2017,nonscience_examinee_total,,14
ssc,107916,2017,nonscience_examinee_passed,,12
ssc,107916,2018,nonscience_examinee_total,,24
ssc,107916,2018,nonscience_examinee_passed,,24
ssc,107916,2019,nonscience_examinee_total,,16
ssc,107916,2019,nonscience_examinee_passed,,16
ssc,107916,2020,science_examinee_total,,6
ssc,107916,2020,science_examinee_passed,,5
ssc,107916,2020,nonscience_examinee_total,,13
ssc,107916,2020,nonscience_examinee_passed,,11
ssc,107916,2021,science_examinee_total,,3
ssc,107916,2021,science_examinee_passed,,2
ssc,107916,2021,nonscience_examinee_total,,18
ssc,107916,2021,nonscience_examinee_passed,,17
ssc,107916,2022,nonscience_examinee_total,6,20
ssc,107916,2022,nonscience_examinee_passed,6,20
ssc,107916,2023,science_examinee_total,,4
ssc,107916,2023,science_examinee_passed,,4
ssc,107916,2023,nonscience_examinee_total,,21
ssc,107916,2023,nonscience_examinee_passed,,16
ssc,107916,2023,nonscience_avg_gpa,3.32,3.17
ssc,107916,2024,nonscience_examinee_total,15,31
ssc,107916,2024,nonscience_examinee_passed,15,31
ssc,107916,2025,nonscience_examinee_total,,14
ssc,107916,2025,nonscience_examinee_passed,,14
ssc,107916,2026,nonscience_examinee_total,,17
ssc,107916,2026,nonscience_examinee_passed,,15
ssc,107873,2011,nonscience_examinee_total,165,188
ssc,107873,2011,nonscience_examinee_passed,162,182
ssc,107873,2012,nonscience_examinee_total,168,192
ssc,107873,2012,nonscience_examinee_passed,168,192
ssc,107873,2013,nonscience_examinee_total,147,151
ssc,107873,2013,nonscience_examinee_passed,147,151
ssc,107873,2014,nonscience_examinee_total,164,177
ssc,107873,2014,nonscience_examinee_passed,162,175
ssc,107873,2014,nonscience_avg_gpa,4.56,4.53
ssc,107873,2016,nonscience_examinee_total,112,135
ssc,107873,2016,nonscience_examinee_passed,112,135
ssc,107873,2018,nonscience_avg_gpa,4.03,4.0
ssc,107873,2020,nonscience_examinee_total,145,185
ssc,107873,2020,nonscience_examinee_passed,131,168
ssc,107873,2021,nonscience_avg_gpa,3.76,3.72
ssc,107873,2022,nonscience_avg_gpa,3.78,3.74
ssc,107873,2023,nonscience_examinee_total,127,174
ssc,107873,2023,nonscience_examinee_passed,117,148
ssc,107873,2023,nonscience_avg_gpa,3.31,3.29
ssc,107873,2024,nonscience_examinee_total,94,137
ssc,107873,2024,nonscience_examinee_passed,92,132
ssc,107873,2025,nonscience_examinee_total,100,156
ssc,107873,2025,nonscience_examinee_passed,92,134
ssc,107873,2025,nonscience_avg_gpa,3.12,3.08
ssc,107873,2026,nonscience_examinee_total,102,164
ssc,107873,2026,nonscience_examinee_passed,90,146
ssc,108481,2011,nonscience_examinee_total,603,651
ssc,108481,2011,nonscience_examinee_passed,592,634
ssc,108481,2016,nonscience_avg_gpa,4.29,4.27
ssc,108481,2017,nonscience_examinee_total,533,558
ssc,108481,2017,nonscience_examinee_passed,523,546
ssc,108481,2018,nonscience_examinee_total,479,510
ssc,108481,2018,nonscience_examinee_passed,460,491
ssc,108481,2019,nonscience_examinee_total,467,492
ssc,108481,2019,nonscience_examinee_passed,462,487
ssc,108481,2022,nonscience_examinee_total,532,632
ssc,108481,2022,nonscience_examinee_passed,515,605
ssc,108481,2024,nonscience_avg_gpa,3.93,3.91
ssc,108481,2025,nonscience_avg_gpa,3.48,3.46
ssc,107872,2012,nonscience_examinee_total,,32
ssc,107872,2012,nonscience_examinee_passed,,30
ssc,107872,2015,nonscience_examinee_total,,34
ssc,107872,2015,nonscience_examinee_passed,,26
ssc,107872,2016,science_examinee_total,,1
ssc,107872,2016,science_examinee_passed,,1
ssc,107872,2016,nonscience_examinee_total,,74
ssc,107872,2016,nonscience_examinee_passed,,74
ssc,107872,2018,nonscience_examinee_total,,106
ssc,107872,2018,nonscience_examinee_passed,,84
ssc,107872,2018,nonscience_avg_gpa,2.76,2.73
ssc,107872,2019,nonscience_examinee_total,,94
ssc,107872,2019,nonscience_examinee_passed,,55
ssc,107872,2020,nonscience_examinee_total,,81
ssc,107872,2020,nonscience_examinee_passed,,44
ssc,107872,2020,nonscience_avg_gpa,1.93,1.88
ssc,107872,2021,nonscience_examinee_total,,88
ssc,107872,2021,nonscience_examinee_passed,,79
ssc,107872,2021,nonscience_avg_gpa,2.84,2.78
ssc,107872,2022,nonscience_examinee_total,,92
ssc,107872,2022,nonscience_examinee_passed,,83
ssc,107872,2022,nonscience_avg_gpa,3.37,3.3
ssc,107872,2023,science_examinee_total,,8
ssc,107872,2023,science_examinee_passed,,8
ssc,107872,2023,nonscience_examinee_total,,145
ssc,107872,2023,nonscience_examinee_passed,,85
ssc,107872,2023,nonscience_avg_gpa,2.11,2.07
ssc,107872,2024,nonscience_examinee_total,117,143
ssc,107872,2024,nonscience_examinee_passed,104,128
ssc,107872,2024,nonscience_avg_gpa,3.22,3.13
ssc,107872,2025,nonscience_examinee_total,,79
ssc,107872,2025,nonscience_examinee_passed,,66
ssc,107872,2025,nonscience_avg_gpa,3.2,3.12
ssc,107872,2026,nonscience_examinee_total,140,209
ssc,107872,2026,nonscience_examinee_passed,122,173
ssc,108470,2011,science_examinee_total,,2
ssc,108470,2011,science_avg_gpa,,0.0
ssc,108470,2011,nonscience_examinee_total,,100
ssc,108470,2011,nonscience_examinee_passed,,91
ssc,108470,2011,nonscience_avg_gpa,3.21,3.18
ssc,108470,2012,science_examinee_total,,3
ssc,108470,2012,science_examinee_passed,,3
ssc,108470,2012,nonscience_examinee_total,,120
ssc,108470,2012,nonscience_examinee_passed,,96
ssc,108470,2013,science_examinee_total,,8
ssc,108470,2013,science_examinee_passed,,8
ssc,108470,2013,nonscience_examinee_total,108,125
ssc,108470,2013,nonscience_examinee_passed,92,107
ssc,108470,2013,nonscience_avg_gpa,2.83,2.8
ssc,108470,2014,nonscience_examinee_total,172,196
ssc,108470,2014,nonscience_examinee_passed,165,189
ssc,108470,2015,nonscience_examinee_total,,146
ssc,108470,2015,nonscience_examinee_passed,,141
ssc,108470,2015,nonscience_avg_gpa,3.7,3.68
ssc,108470,2016,science_examinee_total,,38
ssc,108470,2016,science_examinee_passed,,36
ssc,108470,2017,nonscience_examinee_total,,333
ssc,108470,2017,nonscience_examinee_passed,,266
ssc,108470,2017,nonscience_avg_gpa,3.03,3.01
ssc,108470,2018,nonscience_examinee_total,,483
ssc,108470,2018,nonscience_examinee_passed,,272
ssc,108470,2018,nonscience_avg_gpa,1.86,1.84
ssc,108470,2019,nonscience_examinee_total,,567
ssc,108470,2019,nonscience_examinee_passed,,522
ssc,108470,2020,science_avg_gpa,3.6,3.55
ssc,108470,2020,nonscience_examinee_total,,395
ssc,108470,2020,nonscience_examinee_passed,,315
ssc,108470,2021,science_avg_gpa,3.89,3.86
ssc,108470,2021,nonscience_avg_gpa,3.19,3.16
ssc,108470,2022,science_avg_gpa,3.9,3.84
ssc,108470,2022,nonscience_examinee_total,299,557
ssc,108470,2022,nonscience_examinee_passed,275,509
ssc,108470,2023,science_avg_gpa,3.38,3.32
ssc,108470,2023,nonscience_avg_gpa,1.88,1.84
ssc,108470,2024,science_avg_gpa,3.54,3.45
ssc,108470,2024,nonscience_examinee_total,282,526
ssc,108470,2024,nonscience_examinee_passed,241,397
ssc,108470,2025,science_avg_gpa,3.27,3.19
ssc,108470,2025,nonscience_examinee_total,213,425
ssc,108470,2025,nonscience_examinee_passed,152,254
ssc,108470,2026,science_avg_gpa,2.74,2.69
ssc,108470,2026,nonscience_examinee_total,,385
ssc,108470,2026,nonscience_examinee_passed,,176
ssc,108470,2026,nonscience_avg_gpa,1.45,1.43
ssc,134716,2018,science_avg_gpa,4.76,4.74
ssc,134716,2019,nonscience_examinee_total,,108
ssc,134716,2019,nonscience_examinee_passed,,94
ssc,134716,2020,science_avg_gpa,4.64,4.62
ssc,134716,2020,nonscience_avg_gpa,3.92,3.84
ssc,134716,2021,science_avg_gpa,4.81,4.78
ssc,134716,2021,nonscience_avg_gpa,4.18,4.08
ssc,134716,2022,science_avg_gpa,4.81,4.78
ssc,134716,2022,nonscience_avg_gpa,4.18,4.16
ssc,134716,2023,science_avg_gpa,4.62,4.55
ssc,134716,2023,nonscience_examinee_total,140,150
ssc,134716,2023,nonscience_examinee_passed,133,142
ssc,134716,2023,nonscience_avg_gpa,3.92,3.86
ssc,134716,2024,science_avg_gpa,4.68,4.66
ssc,134716,2025,science_avg_gpa,4.79,4.74
ssc,134716,2025,nonscience_examinee_total,126,164
ssc,134716,2025,nonscience_examinee_passed,124,162
ssc,134716,2025,nonscience_avg_gpa,4.19,4.16
ssc,134716,2026,nonscience_avg_gpa,4.19,4.13
ssc,107891,2011,nonscience_examinee_total,,53
ssc,107891,2011,nonscience_examinee_passed,,48
ssc,107891,2012,nonscience_examinee_total,70,78
ssc,107891,2012,nonscience_examinee_passed,66,73
ssc,107891,2013,nonscience_examinee_total,83,91
ssc,107891,2013,nonscience_examinee_passed,83,91
ssc,107891,2014,nonscience_examinee_total,95,105
ssc,107891,2014,nonscience_examinee_passed,94,104
ssc,107891,2015,nonscience_examinee_total,75,84
ssc,107891,2015,nonscience_examinee_passed,73,82
ssc,107891,2017,nonscience_examinee_total,72,80
ssc,107891,2017,nonscience_examinee_passed,66,74
ssc,107891,2018,nonscience_examinee_total,68,74
ssc,107891,2018,nonscience_examinee_passed,59,64
ssc,107891,2019,nonscience_examinee_total,66,82
ssc,107891,2019,nonscience_examinee_passed,66,82
ssc,107891,2020,nonscience_examinee_total,,63
ssc,107891,2020,nonscience_examinee_passed,,61
ssc,107891,2021,nonscience_examinee_total,59,72
ssc,107891,2021,nonscience_examinee_passed,58,71
ssc,107891,2021,nonscience_avg_gpa,4.12,4.06
ssc,107891,2023,nonscience_examinee_total,39,52
ssc,107891,2023,nonscience_examinee_passed,39,52
ssc,107891,2024,nonscience_examinee_total,45,54
ssc,107891,2024,nonscience_examinee_passed,45,54
ssc,107891,2025,nonscience_examinee_total,,70
ssc,107891,2025,nonscience_examinee_passed,,51
ssc,107891,2025,nonscience_avg_gpa,2.79,2.75
ssc,107891,2026,nonscience_examinee_total,,63
ssc,107891,2026,nonscience_examinee_passed,,56
ssc,107890,2011,nonscience_examinee_total,67,69
ssc,107890,2011,nonscience_examinee_passed,57,58
ssc,107890,2012,science_examinee_total,,12
ssc,107890,2012,science_examinee_passed,,12
ssc,107890,2012,nonscience_examinee_total,46,48
ssc,107890,2012,nonscience_examinee_passed,45,46
ssc,107890,2013,science_examinee_total,,1
ssc,107890,2013,science_examinee_passed,,1
ssc,107890,2013,nonscience_examinee_total,41,42
ssc,107890,2013,nonscience_examinee_passed,41,42
ssc,107890,2014,science_examinee_total,,1
ssc,107890,2014,science_examinee_passed,,1
ssc,107890,2014,nonscience_examinee_total,44,45
ssc,107890,2014,nonscience_examinee_passed,44,45
ssc,107890,2015,science_examinee_total,,3
ssc,107890,2015,science_examinee_passed,,3
ssc,107890,2015,nonscience_examinee_total,,45
ssc,107890,2015,nonscience_examinee_passed,,35
ssc,107890,2015,nonscience_avg_gpa,2.93,2.87
ssc,107890,2016,science_examinee_total,,5
ssc,107890,2016,science_examinee_passed,,5
ssc,107890,2016,nonscience_examinee_total,,81
ssc,107890,2016,nonscience_examinee_passed,,78
ssc,107890,2016,nonscience_avg_gpa,3.58,3.53
ssc,107890,2017,nonscience_examinee_total,90,99
ssc,107890,2017,nonscience_examinee_passed,82,91
ssc,107890,2017,nonscience_avg_gpa,3.71,3.64
ssc,107890,2018,nonscience_examinee_total,,77
ssc,107890,2018,nonscience_examinee_passed,,60
ssc,107890,2019,nonscience_examinee_total,,125
ssc,107890,2019,nonscience_examinee_passed,,92
ssc,107890,2019,nonscience_avg_gpa,2.48,2.46
ssc,107890,2020,science_avg_gpa,4.54,4.39
ssc,107890,2020,nonscience_examinee_total,,141
ssc,107890,2020,nonscience_examinee_passed,,125
ssc,107890,2020,nonscience_avg_gpa,2.86,2.83
ssc,107890,2021,nonscience_avg_gpa,3.38,3.31
ssc,107890,2022,science_examinee_total,,1
ssc,107890,2022,science_examinee_passed,,1
ssc,107890,2022,nonscience_examinee_total,18,25
ssc,107890,2022,nonscience_examinee_passed,17,24
ssc,107890,2023,nonscience_examinee_total,,48
ssc,107890,2023,nonscience_examinee_passed,,41
ssc,107890,2024,nonscience_examinee_total,36,54
ssc,107890,2024,nonscience_examinee_passed,34,47
ssc,107890,2024,nonscience_avg_gpa,3.17,3.11
ssc,107890,2025,science_examinee_total,,11
ssc,107890,2025,science_examinee_passed,,9
ssc,107890,2025,nonscience_examinee_total,,49
ssc,107890,2025,nonscience_examinee_passed,,13
ssc,107890,2026,nonscience_examinee_total,34,46
ssc,107890,2026,nonscience_examinee_passed,32,44
ssc,108471,2011,nonscience_avg_gpa,3.84,3.82
ssc,108471,2012,nonscience_avg_gpa,4.15,4.13
ssc,108471,2014,nonscience_avg_gpa,4.66,4.61
ssc,108471,2015,nonscience_examinee_total,94,137
ssc,108471,2015,nonscience_examinee_passed,92,127
ssc,108471,2016,nonscience_examinee_total,104,198
ssc,108471,2016,nonscience_examinee_passed,104,196
ssc,108471,2016,nonscience_avg_gpa,4.18,4.16
ssc,108471,2017,nonscience_examinee_total,87,158
ssc,108471,2017,nonscience_examinee_passed,87,158
ssc,108471,2018,nonscience_avg_gpa,3.56,3.52
ssc,108471,2019,nonscience_examinee_total,116,211
ssc,108471,2019,nonscience_examinee_passed,110,200
ssc,108471,2019,nonscience_avg_gpa,3.45,3.42
ssc,108471,2020,nonscience_avg_gpa,3.42,3.4
ssc,108471,2022,science_avg_gpa,4.82,4.65
ssc,108471,2022,nonscience_avg_gpa,3.73,3.71
ssc,108471,2023,science_avg_gpa,4.79,4.58
ssc,108471,2023,nonscience_avg_gpa,4.03,3.8
ssc,108471,2024,science_avg_gpa,4.81,4.76
ssc,108471,2024,nonscience_avg_gpa,3.98,3.93
ssc,108471,2025,science_avg_gpa,4.87,4.78
ssc,108471,2025,nonscience_avg_gpa,3.93,3.9
ssc,108471,2026,nonscience_avg_gpa,3.63,3.59
ssc,133989,2014,nonscience_examinee_total,32,33
ssc,133989,2014,nonscience_examinee_passed,32,33
ssc,133989,2015,nonscience_examinee_total,35,48
ssc,133989,2015,nonscience_examinee_passed,34,47
ssc,133989,2016,nonscience_examinee_total,36,41
ssc,133989,2016,nonscience_examinee_passed,33,38
ssc,133989,2017,nonscience_examinee_total,44,48
ssc,133989,2017,nonscience_examinee_passed,44,48
ssc,133989,2018,nonscience_examinee_total,48,52
ssc,133989,2018,nonscience_examinee_passed,48,52
ssc,133989,2019,nonscience_examinee_total,28,46
ssc,133989,2019,nonscience_examinee_passed,28,43
ssc,133989,2020,nonscience_examinee_total,,39
ssc,133989,2020,nonscience_examinee_passed,,38
ssc,133989,2021,nonscience_examinee_total,42,65
ssc,133989,2021,nonscience_examinee_passed,41,62
ssc,133989,2021,nonscience_avg_gpa,4.08,3.89
ssc,133989,2022,nonscience_examinee_total,41,61
ssc,133989,2022,nonscience_examinee_passed,40,60
ssc,133989,2022,nonscience_avg_gpa,4.33,4.26
ssc,133989,2023,nonscience_examinee_total,44,50
ssc,133989,2023,nonscience_examinee_passed,44,50
ssc,133989,2024,nonscience_examinee_total,50,72
ssc,133989,2024,nonscience_examinee_passed,50,70
ssc,133989,2025,science_avg_gpa,3.33,3.25
ssc,133989,2025,nonscience_examinee_total,46,68
ssc,133989,2025,nonscience_examinee_passed,26,35
ssc,133989,2025,nonscience_avg_gpa,1.9,1.88
ssc,133989,2026,nonscience_examinee_total,67,112
ssc,133989,2026,nonscience_examinee_passed,50,85
ssc,133989,2026,nonscience_avg_gpa,2.61,2.58
ssc,108472,2011,nonscience_examinee_total,84,101
ssc,108472,2011,nonscience_examinee_passed,82,99
ssc,108472,2012,nonscience_examinee_total,124,131
ssc,108472,2012,nonscience_examinee_passed,120,127
ssc,108472,2012,nonscience_avg_gpa,4.21,4.18
ssc,108472,2013,nonscience_examinee_total,104,108
ssc,108472,2013,nonscience_examinee_passed,102,106
ssc,108472,2015,nonscience_examinee_total,,106
ssc,108472,2015,nonscience_examinee_passed,,95
ssc,108472,2017,nonscience_avg_gpa,3.46,3.41
ssc,108472,2018,nonscience_avg_gpa,2.07,2.01
ssc,108472,2019,nonscience_examinee_total,,208
ssc,108472,2019,nonscience_examinee_passed,,201
ssc,108472,2019,nonscience_avg_gpa,3.32,3.27
ssc,108472,2020,nonscience_examinee_total,,157
ssc,108472,2020,nonscience_examinee_passed,,114
ssc,108472,2021,science_avg_gpa,4.01,3.93
ssc,108472,2021,nonscience_examinee_total,180,205
ssc,108472,2021,nonscience_examinee_passed,171,193
ssc,108472,2021,nonscience_avg_gpa,3.33,3.3
ssc,108472,2022,science_avg_gpa,4.77,4.61
ssc,108472,2022,nonscience_examinee_total,,130
ssc,108472,2022,nonscience_examinee_passed,,127
ssc,108472,2022,nonscience_avg_gpa,3.81,3.78
ssc,108472,2023,nonscience_examinee_total,82,132
ssc,108472,2023,nonscience_examinee_passed,80,119
ssc,108472,2023,nonscience_avg_gpa,3.54,3.49
ssc,108472,2024,science_avg_gpa,4.34,4.23
ssc,108472,2024,nonscience_examinee_total,107,165
ssc,108472,2024,nonscience_examinee_passed,105,150
ssc,108472,2024,nonscience_avg_gpa,3.5,3.48
ssc,108472,2025,nonscience_examinee_total,90,142
ssc,108472,2025,nonscience_examinee_passed,86,133
ssc,108472,2026,nonscience_examinee_total,,104
ssc,108472,2026,nonscience_examinee_passed,,93
ssc,108475,2011,nonscience_examinee_total,116,118
ssc,108475,2011,nonscience_examinee_passed,116,118
ssc,108475,2012,science_avg_gpa,4.71,4.38
ssc,108475,2012,nonscience_examinee_total,106,109
ssc,108475,2012,nonscience_examinee_passed,104,107
ssc,108475,2012,nonscience_avg_gpa,4.16,4.12
ssc,108475,2013,science_avg_gpa,4.39,4.24
ssc,108475,2013,nonscience_examinee_total,111,123
ssc,108475,2013,nonscience_examinee_passed,108,120
ssc,108475,2014,nonscience_examinee_total,98,106
ssc,108475,2014,nonscience_examinee_passed,96,104
ssc,108475,2015,nonscience_avg_gpa,3.54,3.51
ssc,108475,2016,nonscience_examinee_total,141,157
ssc,108475,2016,nonscience_examinee_passed,139,154
ssc,108475,2018,nonscience_examinee_total,,112
ssc,108475,2018,nonscience_examinee_passed,,73
ssc,108475,2019,nonscience_examinee_total,,127
ssc,108475,2019,nonscience_examinee_passed,,104
ssc,108475,2019,nonscience_avg_gpa,2.67,2.65
ssc,108475,2020,nonscience_examinee_total,,95
ssc,108475,2020,nonscience_examinee_passed,,87
ssc,108475,2021,nonscience_examinee_total,,126
ssc,108475,2021,nonscience_examinee_passed,,117
ssc,108475,2021,nonscience_avg_gpa,3.19,3.14
ssc,108475,2022,nonscience_examinee_total,,104
ssc,108475,2022,nonscience_examinee_passed,,103
ssc,108475,2023,nonscience_examinee_total,74,102
ssc,108475,2023,nonscience_examinee_passed,74,101
ssc,108475,2024,nonscience_examinee_total,50,70
ssc,108475,2024,nonscience_examinee_passed,50,69
ssc,108475,2025,nonscience_examinee_total,47,70
ssc,108475,2025,nonscience_examinee_passed,45,63
ssc,108475,2026,nonscience_examinee_total,33,72
ssc,108475,2026,nonscience_examinee_passed,25,60
ssc,107889,2011,science_examinee_total,,1
ssc,107889,2011,science_examinee_passed,,1
ssc,107889,2012,nonscience_examinee_total,,51
ssc,107889,2012,nonscience_examinee_passed,,48
ssc,107889,2013,science_examinee_total,,5
ssc,107889,2013,science_examinee_passed,,5
ssc,107889,2013,nonscience_examinee_total,46,51
ssc,107889,2013,nonscience_examinee_passed,46,50
ssc,107889,2014,nonscience_examinee_total,66,67
ssc,107889,2014,nonscience_examinee_passed,66,67
ssc,107889,2015,science_examinee_total,,6
ssc,107889,2015,science_examinee_passed,,6
ssc,107889,2015,nonscience_examinee_total,,49
ssc,107889,2015,nonscience_examinee_passed,,48
ssc,107889,2016,nonscience_examinee_total,67,77
ssc,107889,2016,nonscience_examinee_passed,65,75
ssc,107889,2017,nonscience_examinee_total,,48
ssc,107889,2017,nonscience_examinee_passed,,45
ssc,107889,2018,nonscience_examinee_total,,71
ssc,107889,2018,nonscience_examinee_passed,,59
ssc,107889,2018,nonscience_avg_gpa,3.06,3.02
ssc,107889,2019,science_examinee_total,,21
ssc,107889,2019,science_examinee_passed,,21
ssc,107889,2019,nonscience_examinee_total,69,88
ssc,107889,2019,nonscience_examinee_passed,64,75
ssc,107889,2020,science_examinee_total,,11
ssc,107889,2020,science_examinee_passed,,11
ssc,107889,2020,nonscience_examinee_total,,58
ssc,107889,2020,nonscience_examinee_passed,,55
ssc,107889,2021,science_examinee_total,,9
ssc,107889,2021,science_examinee_passed,,8
ssc,107889,2021,nonscience_examinee_total,72,85
ssc,107889,2021,nonscience_examinee_passed,68,80
ssc,107889,2021,nonscience_avg_gpa,3.52,3.43
ssc,107889,2022,nonscience_examinee_total,,150
ssc,107889,2022,nonscience_examinee_passed,,136
ssc,107889,2022,nonscience_avg_gpa,3.43,3.38
ssc,107889,2023,nonscience_examinee_total,119,156
ssc,107889,2023,nonscience_examinee_passed,110,144
ssc,107889,2023,nonscience_avg_gpa,3.45,3.41
ssc,107889,2024,nonscience_examinee_total,101,151
ssc,107889,2024,nonscience_examinee_passed,92,139
ssc,107889,2025,nonscience_examinee_total,118,159
ssc,107889,2025,nonscience_examinee_passed,84,107
ssc,108474,2011,science_examinee_total,,5
ssc,108474,2011,science_examinee_passed,,4
ssc,108474,2011,nonscience_examinee_total,100,113
ssc,108474,2011,nonscience_examinee_passed,92,101
ssc,108474,2012,nonscience_examinee_total,100,106
ssc,108474,2012,nonscience_examinee_passed,93,99
ssc,108474,2013,science_examinee_total,,9
ssc,108474,2013,science_examinee_passed,,9
ssc,108474,2013,nonscience_examinee_total,73,75
ssc,108474,2013,nonscience_examinee_passed,70,71
ssc,108474,2013,nonscience_avg_gpa,3.52,3.47
ssc,108474,2014,nonscience_examinee_total,103,116
ssc,108474,2014,nonscience_examinee_passed,103,116
ssc,108474,2015,nonscience_examinee_total,,87
ssc,108474,2015,nonscience_examinee_passed,,76
ssc,108474,2015,nonscience_avg_gpa,3.25,3.22
ssc,108474,2016,nonscience_examinee_total,101,113
ssc,108474,2016,nonscience_examinee_passed,98,109
ssc,108474,2017,nonscience_examinee_total,,160
ssc,108474,2017,nonscience_examinee_passed,,138
ssc,108474,2017,nonscience_avg_gpa,3.49,3.45
ssc,108474,2018,nonscience_examinee_total,,164
ssc,108474,2018,nonscience_examinee_passed,,125
ssc,108474,2018,nonscience_avg_gpa,2.66,2.64
ssc,108474,2019,nonscience_examinee_total,,172
ssc,108474,2019,nonscience_examinee_passed,,101
ssc,108474,2019,nonscience_avg_gpa,1.82,1.8
ssc,108474,2020,nonscience_examinee_total,,214
ssc,108474,2020,nonscience_examinee_passed,,145
ssc,108474,2021,nonscience_examinee_total,,174
ssc,108474,2021,nonscience_examinee_passed,,154
ssc,108474,2021,nonscience_avg_gpa,2.88,2.85
ssc,108474,2022,nonscience_examinee_total,41,102
ssc,108474,2022,nonscience_examinee_passed,38,94
ssc,108474,2022,nonscience_avg_gpa,3.15,3.12
ssc,108474,2023,nonscience_examinee_total,,91
ssc,108474,2023,nonscience_examinee_passed,,71
ssc,108474,2023,nonscience_avg_gpa,2.7,2.67
ssc,108474,2024,nonscience_examinee_total,,82
ssc,108474,2024,nonscience_examinee_passed,,75
ssc,108474,2025,science_examinee_total,,20
ssc,108474,2025,science_examinee_passed,,20
ssc,108474,2025,nonscience_examinee_total,,97
ssc,108474,2025,nonscience_examinee_passed,,40
ssc,108474,2026,science_examinee_total,,17
ssc,108474,2026,science_examinee_passed,,15
ssc,108474,2026,nonscience_examinee_total,,68
ssc,108474,2026,nonscience_examinee_passed,,48
ssc,107876,2011,science_examinee_total,,20
ssc,107876,2011,science_examinee_passed,,17
ssc,107876,2011,nonscience_examinee_total,,89
ssc,107876,2011,nonscience_examinee_passed,,69
ssc,107876,2012,nonscience_examinee_total,,97
ssc,107876,2012,nonscience_examinee_passed,,90
ssc,107876,2013,nonscience_examinee_total,70,92
ssc,107876,2013,nonscience_examinee_passed,64,85
ssc,107876,2013,nonscience_avg_gpa,3.49,3.45
ssc,107876,2014,science_avg_gpa,4.87,4.82
ssc,107876,2014,nonscience_examinee_total,177,201
ssc,107876,2014,nonscience_examinee_passed,176,198
ssc,107876,2014,nonscience_avg_gpa,4.17,4.15
ssc,107876,2015,nonscience_examinee_total,173,185
ssc,107876,2015,nonscience_examinee_passed,170,182
ssc,107876,2015,nonscience_avg_gpa,3.96,3.94
ssc,107876,2016,nonscience_examinee_total,65,78
ssc,107876,2016,nonscience_examinee_passed,65,77
ssc,107876,2017,nonscience_examinee_total,71,81
ssc,107876,2017,nonscience_examinee_passed,59,69
ssc,107876,2018,nonscience_examinee_total,68,95
ssc,107876,2018,nonscience_examinee_passed,60,79
ssc,107876,2018,nonscience_avg_gpa,2.94,2.91
ssc,107876,2019,nonscience_examinee_total,58,74
ssc,107876,2019,nonscience_examinee_passed,57,73
ssc,107876,2020,nonscience_examinee_total,58,66
ssc,107876,2020,nonscience_examinee_passed,54,61
ssc,107876,2021,nonscience_examinee_total,26,57
ssc,107876,2021,nonscience_examinee_passed,25,54
ssc,107876,2022,nonscience_examinee_total,,62
ssc,107876,2022,nonscience_examinee_passed,,61
ssc,107876,2023,nonscience_examinee_total,10,36
ssc,107876,2023,nonscience_examinee_passed,10,36
ssc,107876,2024,nonscience_examinee_total,,27
ssc,107876,2024,nonscience_examinee_passed,,26
ssc,107876,2024,nonscience_avg_gpa,3.75,3.61
ssc,107876,2025,nonscience_examinee_total,,21
ssc,107876,2025,nonscience_examinee_passed,,15
ssc,107876,2025,nonscience_avg_gpa,2.85,2.71
ssc,107876,2026,nonscience_examinee_total,,17
ssc,107876,2026,nonscience_examinee_passed,,12
ssc,108464,2011,science_examinee_total,,3
ssc,108464,2011,science_examinee_passed,,3
ssc,108464,2011,nonscience_examinee_total,,40
ssc,108464,2011,nonscience_examinee_passed,,35
ssc,108464,2012,nonscience_examinee_total,,59
ssc,108464,2012,nonscience_examinee_passed,,56
ssc,108464,2013,science_examinee_total,,2
ssc,108464,2013,science_examinee_passed,,2
ssc,108464,2013,nonscience_examinee_total,65,78
ssc,108464,2013,nonscience_examinee_passed,63,74
ssc,108464,2014,nonscience_examinee_total,62,89
ssc,108464,2014,nonscience_examinee_passed,59,85
ssc,108464,2015,nonscience_examinee_total,79,104
ssc,108464,2015,nonscience_examinee_passed,77,99
ssc,108464,2016,nonscience_examinee_total,,105
ssc,108464,2016,nonscience_examinee_passed,,98
ssc,108464,2016,nonscience_avg_gpa,3.53,3.46
ssc,108464,2017,nonscience_examinee_total,,110
ssc,108464,2017,nonscience_examinee_passed,,104
ssc,108464,2017,nonscience_avg_gpa,3.61,3.57
ssc,108464,2018,nonscience_examinee_total,,158
ssc,108464,2018,nonscience_examinee_passed,,129
ssc,108464,2019,science_examinee_total,,25
ssc,108464,2019,science_examinee_passed,,17
ssc,108464,2019,nonscience_examinee_total,,155
ssc,108464,2019,nonscience_examinee_passed,,110
ssc,108464,2019,nonscience_avg_gpa,2.25,2.23
ssc,108464,2020,nonscience_examinee_total,,161
ssc,108464,2020,nonscience_examinee_passed,,117
ssc,108464,2021,nonscience_examinee_total,,200
ssc,108464,2021,nonscience_examinee_passed,,170
ssc,108464,2021,nonscience_avg_gpa,2.81,2.79
ssc,108464,2022,nonscience_examinee_total,,95
ssc,108464,2022,nonscience_examinee_passed,,82
ssc,108464,2023,nonscience_examinee_total,,94
ssc,108464,2023,nonscience_examinee_passed,,89
ssc,108464,2023,nonscience_avg_gpa,3.57,3.5
ssc,108464,2024,nonscience_examinee_total,,86
ssc,108464,2024,nonscience_examinee_passed,,77
ssc,108464,2024,nonscience_avg_gpa,3.36,3.32
ssc,108464,2025,nonscience_examinee_total,,91
ssc,108464,2025,nonscience_examinee_passed,,68
ssc,108464,2026,nonscience_examinee_total,,97
ssc,108464,2026,nonscience_examinee_passed,,76
ssc,108464,2026,nonscience_avg_gpa,2.75,2.72
ssc,108473,2011,nonscience_examinee_total,97,146
ssc,108473,2011,nonscience_examinee_passed,88,128
ssc,108473,2012,nonscience_examinee_total,,174
ssc,108473,2012,nonscience_examinee_passed,,165
ssc,108473,2012,nonscience_avg_gpa,3.5,3.48
ssc,108473,2013,nonscience_examinee_total,122,167
ssc,108473,2013,nonscience_examinee_passed,118,162
ssc,108473,2015,nonscience_examinee_total,128,184
ssc,108473,2015,nonscience_examinee_passed,82,114
ssc,108473,2015,nonscience_avg_gpa,2.27,2.24
ssc,108473,2016,nonscience_examinee_total,,236
ssc,108473,2016,nonscience_examinee_passed,,225
ssc,108473,2016,nonscience_avg_gpa,3.69,3.66
ssc,108473,2017,nonscience_examinee_total,122,202
ssc,108473,2017,nonscience_examinee_passed,111,178
ssc,108473,2017,nonscience_avg_gpa,3.28,3.25
ssc,108473,2018,nonscience_examinee_total,,179
ssc,108473,2018,nonscience_examinee_passed,,122
ssc,108473,2019,nonscience_examinee_total,,237
ssc,108473,2019,nonscience_examinee_passed,,157
ssc,108473,2019,nonscience_avg_gpa,2.11,2.09
ssc,108473,2020,nonscience_examinee_total,,167
ssc,108473,2020,nonscience_examinee_passed,,112
ssc,108473,2021,nonscience_examinee_total,,166
ssc,108473,2021,nonscience_examinee_passed,,145
ssc,108473,2022,nonscience_examinee_total,77,149
ssc,108473,2022,nonscience_examinee_passed,48,112
ssc,108473,2023,science_avg_gpa,3.73,3.62
ssc,108473,2023,nonscience_examinee_total,,145
ssc,108473,2023,nonscience_examinee_passed,,90
ssc,108473,2024,nonscience_examinee_total,,129
ssc,108473,2024,nonscience_examinee_passed,,113
ssc,108473,2024,nonscience_avg_gpa,2.9,2.83
ssc,108473,2025,nonscience_examinee_total,,103
ssc,108473,2025,nonscience_examinee_passed,,77
ssc,108473,2026,nonscience_examinee_total,,93
ssc,108473,2026,nonscience_examinee_passed,,68
ssc,108182,2011,nonscience_examinee_total,58,65
ssc,108182,2011,nonscience_examinee_passed,57,64
ssc,108182,2012,nonscience_examinee_total,75,88
ssc,108182,2012,nonscience_examinee_passed,74,87
ssc,108182,2012,nonscience_avg_gpa,3.86,3.82
ssc,108182,2013,nonscience_examinee_total,71,84
ssc,108182,2013,nonscience_examinee_passed,71,84
ssc,108182,2014,nonscience_examinee_total,96,114
ssc,108182,2014,nonscience_examinee_passed,94,112
ssc,108182,2014,nonscience_avg_gpa,4.41,4.37
ssc,108182,2015,nonscience_examinee_total,100,105
ssc,108182,2015,nonscience_examinee_passed,99,104
ssc,108182,2016,nonscience_examinee_total,96,105
ssc,108182,2016,nonscience_examinee_passed,96,105
ssc,108182,2018,nonscience_examinee_total,87,95
ssc,108182,2018,nonscience_examinee_passed,85,93
ssc,108182,2019,nonscience_examinee_total,,116
ssc,108182,2019,nonscience_examinee_passed,,113
ssc,108182,2020,nonscience_examinee_total,109,127
ssc,108182,2020,nonscience_examinee_passed,109,127
ssc,108182,2021,nonscience_examinee_total,118,162
ssc,108182,2021,nonscience_examinee_passed,105,147
ssc,108182,2021,nonscience_avg_gpa,3.29,3.25
ssc,108182,2022,science_avg_gpa,4.68,4.65
ssc,108182,2022,nonscience_avg_gpa,3.7,3.66
ssc,108182,2023,nonscience_examinee_total,64,84
ssc,108182,2023,nonscience_examinee_passed,60,79
ssc,108182,2024,nonscience_examinee_total,79,107
ssc,108182,2024,nonscience_examinee_passed,76,100
ssc,108182,2025,nonscience_examinee_total,70,98
ssc,108182,2025,nonscience_examinee_passed,65,85
ssc,108182,2025,nonscience_avg_gpa,3.18,3.14
ssc,108182,2026,nonscience_examinee_total,51,90
ssc,108182,2026,nonscience_examinee_passed,43,76
ssc,108182,2026,nonscience_avg_gpa,3.01,2.94
ssc,108214,2015,nonscience_examinee_total,,38
ssc,108214,2015,nonscience_examinee_passed,,38
ssc,108214,2016,nonscience_examinee_total,34,40
ssc,108214,2016,nonscience_examinee_passed,34,40
ssc,108214,2017,nonscience_examinee_total,38,43
ssc,108214,2017,nonscience_examinee_passed,38,43
ssc,108214,2018,nonscience_examinee_total,,40
ssc,108214,2018,nonscience_examinee_passed,,39
ssc,108214,2019,nonscience_examinee_total,,58
ssc,108214,2019,nonscience_examinee_passed,,52
ssc,108214,2020,nonscience_examinee_total,62,77
ssc,108214,2020,nonscience_examinee_passed,61,75
ssc,108214,2022,nonscience_examinee_total,44,54
ssc,108214,2022,nonscience_examinee_passed,42,52
ssc,108214,2023,nonscience_examinee_total,41,48
ssc,108214,2023,nonscience_examinee_passed,34,39
ssc,108214,2024,nonscience_examinee_total,31,40
ssc,108214,2024,nonscience_examinee_passed,27,33
ssc,108214,2025,science_avg_gpa,4.18,4.15
ssc,108214,2025,nonscience_examinee_total,54,65
ssc,108214,2025,nonscience_examinee_passed,46,53
ssc,108214,2026,nonscience_examinee_total,55,62
ssc,108214,2026,nonscience_examinee_passed,46,51
ssc,108049,2011,nonscience_examinee_total,,57
ssc,108049,2011,nonscience_examinee_passed,,50
ssc,108049,2012,nonscience_examinee_total,47,50
ssc,108049,2012,nonscience_examinee_passed,43,46
ssc,108049,2013,nonscience_examinee_total,,51
ssc,108049,2013,nonscience_examinee_passed,,41
ssc,108049,2013,nonscience_avg_gpa,2.75,2.7
ssc,108049,2014,nonscience_examinee_total,30,38
ssc,108049,2014,nonscience_examinee_passed,28,34
ssc,108049,2015,nonscience_examinee_total,,59
ssc,108049,2015,nonscience_examinee_passed,,49
ssc,108049,2016,nonscience_examinee_total,,37
ssc,108049,2016,nonscience_examinee_passed,,31
ssc,108049,2017,science_examinee_total,,3
ssc,108049,2017,science_examinee_passed,,3
ssc,108049,2017,nonscience_examinee_total,45,50
ssc,108049,2017,nonscience_examinee_passed,40,43
ssc,108049,2017,nonscience_avg_gpa,3.53,3.46
ssc,108049,2018,nonscience_examinee_total,,54
ssc,108049,2018,nonscience_examinee_passed,,48
ssc,108049,2019,nonscience_examinee_total,,51
ssc,108049,2019,nonscience_examinee_passed,,50
ssc,108049,2020,nonscience_examinee_total,,47
ssc,108049,2020,nonscience_examinee_passed,,34
ssc,108049,2020,nonscience_avg_gpa,2.7,2.65
ssc,108049,2021,nonscience_examinee_total,,65
ssc,108049,2021,nonscience_examinee_passed,,60
ssc,108049,2021,nonscience_avg_gpa,3.05,3.0
ssc,108049,2022,nonscience_examinee_total,,47
ssc,108049,2022,nonscience_examinee_passed,,41
ssc,108049,2023,nonscience_examinee_total,,51
ssc,108049,2023,nonscience_examinee_passed,,42
ssc,108049,2024,science_examinee_total,,19
ssc,108049,2024,science_examinee_passed,,16
ssc,108049,2024,nonscience_examinee_total,,45
ssc,108049,2024,nonscience_examinee_passed,,34
ssc,108049,2024,nonscience_avg_gpa,2.68,2.5
ssc,108049,2025,nonscience_examinee_total,,40
ssc,108049,2025,nonscience_examinee_passed,,28
ssc,108049,2026,science_examinee_total,,21
ssc,108049,2026,science_examinee_passed,,19
ssc,108049,2026,nonscience_examinee_total,,39
ssc,108049,2026,nonscience_examinee_passed,,26
ssc,134578,2015,science_examinee_total,,4
ssc,134578,2015,science_examinee_passed,,4
ssc,134578,2015,nonscience_examinee_total,,2
ssc,134578,2015,nonscience_examinee_passed,,2
ssc,134578,2016,nonscience_examinee_total,,22
ssc,134578,2016,nonscience_examinee_passed,,17
ssc,134578,2017,nonscience_examinee_total,,14
ssc,134578,2017,nonscience_examinee_passed,,14
ssc,134578,2018,nonscience_examinee_total,,8
ssc,134578,2018,nonscience_examinee_passed,,8
ssc,134578,2019,nonscience_examinee_total,,9
ssc,134578,2019,nonscience_examinee_passed,,9
ssc,134578,2020,nonscience_examinee_total,,8
ssc,134578,2020,nonscience_examinee_passed,,8
ssc,134578,2021,nonscience_examinee_total,,22
ssc,134578,2021,nonscience_examinee_passed,,22
ssc,134578,2022,nonscience_examinee_total,,15
ssc,134578,2022,nonscience_examinee_passed,,14
ssc,134578,2024,science_avg_gpa,4.12,3.99
ssc,134578,2024,nonscience_examinee_total,,44
ssc,134578,2024,nonscience_examinee_passed,,36
ssc,134578,2024,nonscience_avg_gpa,2.66,2.6
ssc,134578,2025,nonscience_examinee_total,,16
ssc,134578,2025,nonscience_examinee_passed,,9
ssc,134578,2026,nonscience_examinee_total,,27
ssc,134578,2026,nonscience_examinee_passed,,26
ssc,108174,2011,science_examinee_total,,12
ssc,108174,2011,science_examinee_passed,,12
ssc,108174,2012,nonscience_examinee_total,,52
ssc,108174,2012,nonscience_examinee_passed,,51
ssc,108174,2013,science_examinee_total,,11
ssc,108174,2013,science_examinee_passed,,10
ssc,108174,2015,science_examinee_total,,19
ssc,108174,2015,science_examinee_passed,,19
ssc,108174,2015,nonscience_examinee_total,,62
ssc,108174,2015,nonscience_examinee_passed,,60
ssc,108174,2016,nonscience_examinee_total,,57
ssc,108174,2016,nonscience_examinee_passed,,52
ssc,108174,2017,nonscience_examinee_total,,73
ssc,108174,2017,nonscience_examinee_passed,,68
ssc,108174,2017,nonscience_avg_gpa,3.61,3.56
ssc,108174,2018,science_examinee_total,,26
ssc,108174,2018,science_examinee_passed,,24
ssc,108174,2018,nonscience_examinee_total,,54
ssc,108174,2018,nonscience_examinee_passed,,39
ssc,108174,2018,nonscience_avg_gpa,2.62,2.57
ssc,108174,2019,science_examinee_total,,29
ssc,108174,2019,science_examinee_passed,,27
ssc,108174,2019,nonscience_examinee_total,,58
ssc,108174,2019,nonscience_examinee_passed,,43
ssc,108174,2020,nonscience_examinee_total,,72
ssc,108174,2020,nonscience_examinee_passed,,55
ssc,108174,2021,science_avg_gpa,3.38,3.27
ssc,108174,2021,nonscience_examinee_total,,75
ssc,108174,2021,nonscience_examinee_passed,,70
ssc,108174,2021,nonscience_avg_gpa,3.05,3.01
ssc,108174,2023,nonscience_examinee_total,,55
ssc,108174,2023,nonscience_examinee_passed,,49
ssc,108174,2024,nonscience_examinee_total,,48
ssc,108174,2024,nonscience_examinee_passed,,38
ssc,108174,2025,nonscience_examinee_total,,41
ssc,108174,2025,nonscience_examinee_passed,,34
ssc,108174,2026,nonscience_examinee_total,,74
ssc,108174,2026,nonscience_examinee_passed,,48
ssc,108174,2026,nonscience_avg_gpa,2.31,2.24
ssc,107847,2011,nonscience_examinee_total,,63
ssc,107847,2011,nonscience_examinee_passed,,53
ssc,107847,2012,science_examinee_total,,18
ssc,107847,2012,science_examinee_passed,,14
ssc,107847,2012,nonscience_examinee_total,,64
ssc,107847,2012,nonscience_examinee_passed,,54
ssc,107847,2012,nonscience_avg_gpa,2.89,2.84
ssc,107847,2014,science_examinee_total,,20
ssc,107847,2014,science_examinee_passed,,20
ssc,107847,2014,nonscience_examinee_total,,46
ssc,107847,2014,nonscience_examinee_passed,,40
ssc,107847,2014,nonscience_avg_gpa,3.31,3.24
ssc,107847,2015,science_examinee_total,,13
ssc,107847,2015,science_examinee_passed,,11
ssc,107847,2015,nonscience_examinee_total,,62
ssc,107847,2015,nonscience_examinee_passed,,54
ssc,107847,2015,nonscience_avg_gpa,3.18,3.08
ssc,107847,2016,science_examinee_total,,24
ssc,107847,2016,science_examinee_passed,,21
ssc,107847,2016,nonscience_examinee_total,,47
ssc,107847,2016,nonscience_examinee_passed,,47
ssc,107847,2017,nonscience_examinee_total,,66
ssc,107847,2017,nonscience_examinee_passed,,59
ssc,107847,2018,nonscience_examinee_total,,67
ssc,107847,2018,nonscience_examinee_passed,,54
ssc,107847,2018,nonscience_avg_gpa,2.92,2.88
ssc,107847,2019,nonscience_examinee_total,,72
ssc,107847,2019,nonscience_examinee_passed,,54
ssc,107847,2020,science_examinee_total,,28
ssc,107847,2020,science_examinee_passed,,18
ssc,107847,2020,nonscience_examinee_total,,68
ssc,107847,2020,nonscience_examinee_passed,,48
ssc,107847,2021,nonscience_examinee_total,,79
ssc,107847,2021,nonscience_examinee_passed,,78
ssc,107847,2022,science_examinee_total,,16
ssc,107847,2022,science_examinee_passed,,13
ssc,107847,2022,nonscience_examinee_total,,67
ssc,107847,2022,nonscience_examinee_passed,,63
ssc,107847,2023,nonscience_examinee_total,,45
ssc,107847,2023,nonscience_examinee_passed,,33
ssc,107847,2024,science_examinee_total,,9
ssc,107847,2024,science_examinee_passed,,9
ssc,107847,2024,nonscience_examinee_total,,61
ssc,107847,2024,nonscience_examinee_passed,,58
ssc,107847,2025,science_examinee_total,,18
ssc,107847,2025,science_examinee_passed,,17
ssc,107847,2025,nonscience_examinee_total,13,33
ssc,107847,2025,nonscience_examinee_passed,8,26
ssc,107847,2026,science_examinee_total,,16
ssc,107847,2026,science_examinee_passed,,12
ssc,107847,2026,nonscience_examinee_total,,44
ssc,107847,2026,nonscience_examinee_passed,,21
ssc,108175,2011,nonscience_examinee_total,,16
ssc,108175,2011,nonscience_examinee_passed,,16
ssc,108175,2012,nonscience_examinee_total,,9
ssc,108175,2012,nonscience_examinee_passed,,8
ssc,108175,2013,science_avg_gpa,4.38,3.83
ssc,108175,2013,nonscience_examinee_total,40,42
ssc,108175,2013,nonscience_avg_gpa,3.03,2.96
ssc,108175,2014,nonscience_examinee_total,,74
ssc,108175,2014,nonscience_examinee_passed,,65
ssc,108175,2014,nonscience_avg_gpa,3.37,3.33
ssc,108175,2015,nonscience_examinee_total,,108
ssc,108175,2015,nonscience_examinee_passed,,85
ssc,108175,2015,nonscience_avg_gpa,2.61,2.59
ssc,108175,2016,science_examinee_total,,19
ssc,108175,2016,science_examinee_passed,,19
ssc,108175,2016,nonscience_examinee_total,,131
ssc,108175,2016,nonscience_examinee_passed,,100
ssc,108175,2016,nonscience_avg_gpa,2.48,2.46
ssc,108175,2017,science_examinee_total,,13
ssc,108175,2017,science_examinee_passed,,13
ssc,108175,2017,nonscience_examinee_total,190,203
ssc,108175,2017,nonscience_examinee_passed,138,149
ssc,108175,2018,nonscience_examinee_total,,227
ssc,108175,2018,nonscience_examinee_passed,,143
ssc,108175,2018,nonscience_avg_gpa,2.07,2.04
ssc,108175,2019,nonscience_examinee_total,,222
ssc,108175,2019,nonscience_examinee_passed,,153
ssc,108175,2019,nonscience_avg_gpa,2.18,2.16
ssc,108175,2020,nonscience_examinee_total,,170
ssc,108175,2020,nonscience_examinee_passed,,128
ssc,108175,2021,nonscience_examinee_total,116,138
ssc,108175,2021,nonscience_examinee_passed,106,124
ssc,108175,2021,nonscience_avg_gpa,2.82,2.75
ssc,108175,2022,nonscience_examinee_total,132,147
ssc,108175,2022,nonscience_examinee_passed,90,101
ssc,108175,2022,nonscience_avg_gpa,2.33,2.3
ssc,108175,2023,science_avg_gpa,3.23,3.13
ssc,108175,2023,nonscience_examinee_total,,135
ssc,108175,2023,nonscience_examinee_passed,,79
ssc,108175,2024,science_avg_gpa,3.91,3.81
ssc,108175,2024,nonscience_examinee_total,,136
ssc,108175,2024,nonscience_examinee_passed,,90
ssc,108175,2024,nonscience_avg_gpa,2.14,2.12
ssc,108175,2025,science_avg_gpa,3.26,3.18
ssc,108175,2025,nonscience_examinee_total,,128
ssc,108175,2025,nonscience_examinee_passed,,51
ssc,108175,2025,nonscience_avg_gpa,1.28,1.26
ssc,108175,2026,science_avg_gpa,3.23,3.12
ssc,108175,2026,nonscience_examinee_total,,135
ssc,108175,2026,nonscience_examinee_passed,,89
ssc,108175,2026,nonscience_avg_gpa,2.08,2.06
ssc,133984,2022,nonscience_examinee_total,,21
ssc,133984,2022,nonscience_examinee_passed,,18
ssc,133984,2023,nonscience_examinee_total,,31
ssc,133984,2023,nonscience_examinee_passed,,20
ssc,133984,2023,nonscience_avg_gpa,2.29,2.21
ssc,133984,2024,nonscience_examinee_total,,41
ssc,133984,2024,nonscience_examinee_passed,,27
ssc,133984,2024,nonscience_avg_gpa,2.21,2.16
ssc,133984,2025,nonscience_examinee_total,,32
ssc,133984,2025,nonscience_examinee_passed,,15
ssc,133984,2026,nonscience_examinee_total,,19
ssc,133984,2026,nonscience_examinee_passed,,14
ssc,138611,2020,nonscience_examinee_total,,21
ssc,138611,2020,nonscience_examinee_passed,,19
ssc,138611,2023,nonscience_examinee_total,,9
ssc,138611,2023,nonscience_examinee_passed,,3
ssc,138611,2024,science_examinee_total,,1
ssc,138611,2024,science_examinee_passed,,1
ssc,138611,2024,nonscience_examinee_total,,32
ssc,138611,2024,nonscience_examinee_passed,,19
ssc,138611,2024,nonscience_avg_gpa,2.56,2.16
ssc,138611,2025,science_examinee_total,,8
ssc,138611,2025,science_examinee_passed,,5
ssc,138611,2025,science_avg_gpa,2.7,2.37
ssc,138611,2025,nonscience_examinee_total,,30
ssc,138611,2025,nonscience_examinee_passed,,25
ssc,138611,2026,science_examinee_total,,12
ssc,138611,2026,science_examinee_passed,,9
ssc,138611,2026,nonscience_examinee_total,,17
ssc,138611,2026,nonscience_examinee_passed,,13
ssc,108043,2011,nonscience_examinee_total,54,56
ssc,108043,2011,nonscience_examinee_passed,52,54
ssc,108043,2012,nonscience_examinee_total,67,68
ssc,108043,2012,nonscience_examinee_passed,67,68
ssc,108043,2014,nonscience_examinee_total,49,51
ssc,108043,2014,nonscience_examinee_passed,48,50
ssc,108043,2014,nonscience_avg_gpa,4.28,4.19
ssc,108043,2015,nonscience_examinee_total,,47
ssc,108043,2015,nonscience_examinee_passed,,46
ssc,108043,2016,nonscience_examinee_total,,39
ssc,108043,2016,nonscience_examinee_passed,,34
ssc,108043,2017,nonscience_avg_gpa,3.31,3.23
ssc,108043,2018,science_examinee_total,,24
ssc,108043,2018,science_examinee_passed,,24
ssc,108043,2018,nonscience_examinee_total,,31
ssc,108043,2018,nonscience_examinee_passed,,30
ssc,108043,2019,science_examinee_total,,17
ssc,108043,2019,science_examinee_passed,,16
ssc,108043,2019,nonscience_examinee_total,,44
ssc,108043,2019,nonscience_examinee_passed,,38
ssc,108043,2020,nonscience_examinee_total,,32
ssc,108043,2020,nonscience_examinee_passed,,30
ssc,108043,2021,nonscience_examinee_total,,33
ssc,108043,2021,nonscience_examinee_passed,,31
ssc,108043,2022,nonscience_examinee_total,25,37
ssc,108043,2022,nonscience_examinee_passed,23,35
ssc,108043,2023,nonscience_examinee_total,,25
ssc,108043,2023,nonscience_examinee_passed,,21
ssc,108043,2024,science_examinee_total,,12
ssc,108043,2024,science_examinee_passed,,11
ssc,108043,2024,science_avg_gpa,4.37,4.01
ssc,108043,2024,nonscience_examinee_total,,32
ssc,108043,2024,nonscience_examinee_passed,,32
ssc,108043,2025,science_examinee_total,,17
ssc,108043,2025,science_examinee_passed,,11
ssc,108043,2025,nonscience_examinee_total,23,30
ssc,108043,2025,nonscience_examinee_passed,18,25
ssc,108043,2026,nonscience_examinee_total,,24
ssc,108043,2026,nonscience_examinee_passed,,14
ssc,108043,2026,nonscience_avg_gpa,1.95,1.87
ssc,108047,2011,nonscience_examinee_total,54,72
ssc,108047,2011,nonscience_examinee_passed,53,71
ssc,108047,2013,nonscience_examinee_total,70,96
ssc,108047,2013,nonscience_examinee_passed,67,86
ssc,108047,2013,nonscience_avg_gpa,3.44,3.4
ssc,108047,2014,nonscience_examinee_total,70,90
ssc,108047,2014,nonscience_examinee_passed,69,89
ssc,108047,2014,nonscience_avg_gpa,3.96,3.92
ssc,108047,2015,nonscience_examinee_total,,70
ssc,108047,2015,nonscience_examinee_passed,,68
ssc,108047,2016,nonscience_examinee_total,78,104
ssc,108047,2016,nonscience_examinee_passed,75,99
ssc,108047,2016,nonscience_avg_gpa,3.48,3.44
ssc,108047,2017,nonscience_examinee_total,35,96
ssc,108047,2017,nonscience_examinee_passed,24,84
ssc,108047,2017,nonscience_avg_gpa,3.56,3.52
ssc,108047,2018,nonscience_examinee_total,68,104
ssc,108047,2018,nonscience_examinee_passed,66,102
ssc,108047,2019,nonscience_examinee_total,,87
ssc,108047,2019,nonscience_examinee_passed,,79
ssc,108047,2020,nonscience_examinee_total,,119
ssc,108047,2020,nonscience_examinee_passed,,95
ssc,108047,2020,nonscience_avg_gpa,2.97,2.94
ssc,108047,2021,nonscience_examinee_total,,115
ssc,108047,2021,nonscience_examinee_passed,,107
ssc,108047,2021,nonscience_avg_gpa,3.31,3.22
ssc,108047,2022,nonscience_examinee_total,59,121
ssc,108047,2022,nonscience_examinee_passed,59,113
ssc,108047,2022,nonscience_avg_gpa,3.42,3.39
ssc,108047,2023,nonscience_examinee_total,,94
ssc,108047,2023,nonscience_examinee_passed,,72
ssc,108047,2024,nonscience_examinee_total,39,82
ssc,108047,2024,nonscience_examinee_passed,36,66
ssc,108047,2025,science_avg_gpa,3.69,3.61
ssc,108047,2025,nonscience_examinee_total,,89
ssc,108047,2025,nonscience_examinee_passed,,62
ssc,108047,2026,nonscience_examinee_total,,85
ssc,108047,2026,nonscience_examinee_passed,,75
ssc,107970,2011,nonscience_examinee_total,,47
ssc,107970,2011,nonscience_examinee_passed,,39
ssc,107970,2012,science_examinee_total,,14
ssc,107970,2012,science_examinee_passed,,14
ssc,107970,2012,nonscience_examinee_total,,52
ssc,107970,2012,nonscience_examinee_passed,,46
ssc,107970,2013,nonscience_examinee_total,,55
ssc,107970,2013,nonscience_examinee_passed,,49
ssc,107970,2014,science_examinee_total,,15
ssc,107970,2014,science_examinee_passed,,14
ssc,107970,2014,nonscience_examinee_total,53,56
ssc,107970,2014,nonscience_examinee_passed,50,53
ssc,107970,2015,science_examinee_total,,20
ssc,107970,2015,science_examinee_passed,,19
ssc,107970,2015,nonscience_examinee_total,,41
ssc,107970,2015,nonscience_examinee_passed,,34
ssc,107970,2016,nonscience_examinee_total,,24
ssc,107970,2016,nonscience_examinee_passed,,20
ssc,107970,2017,nonscience_examinee_total,,42
ssc,107970,2017,nonscience_examinee_passed,,38
ssc,107970,2018,nonscience_examinee_total,,28
ssc,107970,2018,nonscience_examinee_passed,,25
ssc,107970,2019,science_examinee_total,,24
ssc,107970,2019,science_examinee_passed,,22
ssc,107970,2019,nonscience_examinee_total,,46
ssc,107970,2019,nonscience_examinee_passed,,41
ssc,107970,2020,nonscience_examinee_total,,36
ssc,107970,2020,nonscience_examinee_passed,,30
ssc,107970,2021,nonscience_examinee_total,,53
ssc,107970,2021,nonscience_examinee_passed,,45
ssc,107970,2022,nonscience_examinee_total,,61
ssc,107970,2022,nonscience_examinee_passed,,48
ssc,107970,2023,science_examinee_total,,33
ssc,107970,2023,science_examinee_passed,,22
ssc,107970,2023,nonscience_examinee_total,,55
ssc,107970,2023,nonscience_examinee_passed,,28
ssc,107970,2024,science_examinee_total,,19
ssc,107970,2024,science_examinee_passed,,16
ssc,107970,2024,nonscience_examinee_total,,31
ssc,107970,2024,nonscience_examinee_passed,,18
ssc,107970,2025,science_examinee_total,,18
ssc,107970,2025,science_examinee_passed,,13
ssc,107970,2025,nonscience_examinee_total,,35
ssc,107970,2025,nonscience_examinee_passed,,17
ssc,107970,2026,nonscience_examinee_total,,27
ssc,107970,2026,nonscience_examinee_passed,,22
ssc,107970,2026,nonscience_avg_gpa,3.02,2.91
ssc,107985,2011,science_examinee_total,,8
ssc,107985,2011,science_examinee_passed,,7
ssc,107985,2012,science_examinee_total,,7
ssc,107985,2012,science_examinee_passed,,7
ssc,107985,2012,nonscience_examinee_total,,39
ssc,107985,2012,nonscience_examinee_passed,,39
ssc,107985,2013,science_examinee_total,,9
ssc,107985,2013,science_examinee_passed,,9
ssc,107985,2013,nonscience_examinee_total,25,35
ssc,107985,2013,nonscience_examinee_passed,25,35
ssc,107985,2014,nonscience_examinee_total,21,32
ssc,107985,2014,nonscience_examinee_passed,21,32
ssc,107985,2015,science_examinee_total,,10
ssc,107985,2015,science_examinee_passed,,10
ssc,107985,2015,nonscience_examinee_total,,28
ssc,107985,2015,nonscience_examinee_passed,,27
ssc,107985,2016,science_examinee_total,,3
ssc,107985,2016,science_examinee_passed,,3
ssc,107985,2016,nonscience_examinee_total,,20
ssc,107985,2016,nonscience_examinee_passed,,19
ssc,107985,2017,science_examinee_total,,6
ssc,107985,2017,science_examinee_passed,,6
ssc,107985,2017,nonscience_examinee_total,,26
ssc,107985,2017,nonscience_examinee_passed,,23
ssc,107985,2018,science_examinee_total,,4
ssc,107985,2018,science_examinee_passed,,4
ssc,107985,2018,nonscience_examinee_total,,24
ssc,107985,2018,nonscience_examinee_passed,,22
ssc,107985,2019,science_examinee_total,,7
ssc,107985,2019,science_examinee_passed,,7
ssc,107985,2019,nonscience_examinee_total,,30
ssc,107985,2019,nonscience_examinee_passed,,26
ssc,107985,2020,science_examinee_total,,10
ssc,107985,2020,science_examinee_passed,,9
ssc,107985,2020,nonscience_examinee_total,,24
ssc,107985,2020,nonscience_examinee_passed,,16
ssc,107985,2021,nonscience_examinee_total,,24
ssc,107985,2021,nonscience_examinee_passed,,24
ssc,107985,2022,science_examinee_total,,6
ssc,107985,2022,science_examinee_passed,,5
ssc,107985,2022,nonscience_examinee_total,,13
ssc,107985,2022,nonscience_examinee_passed,,13
ssc,107985,2023,science_examinee_total,,17
ssc,107985,2023,science_examinee_passed,,15
ssc,107985,2023,nonscience_examinee_total,,27
ssc,107985,2023,nonscience_examinee_passed,,13
ssc,107985,2024,nonscience_examinee_total,,34
ssc,107985,2024,nonscience_examinee_passed,,28
ssc,107985,2025,science_examinee_total,,11
ssc,107985,2025,science_examinee_passed,,9
ssc,107985,2025,nonscience_examinee_total,,31
ssc,107985,2025,nonscience_examinee_passed,,26
ssc,107985,2026,nonscience_examinee_total,,27
ssc,107985,2026,nonscience_examinee_passed,,20
ssc,107985,2026,nonscience_avg_gpa,3.18,2.95
ssc,108052,2011,nonscience_examinee_total,137,169
ssc,108052,2011,nonscience_examinee_passed,118,144
ssc,108052,2012,science_examinee_total,,32
ssc,108052,2012,science_examinee_passed,,32
ssc,108052,2012,nonscience_examinee_total,165,214
ssc,108052,2012,nonscience_examinee_passed,161,210
ssc,108052,2013,nonscience_avg_gpa,3.61,3.57
ssc,108052,2015,nonscience_examinee_total,,245
ssc,108052,2015,nonscience_examinee_passed,,226
ssc,108052,2015,nonscience_avg_gpa,3.38,3.33
ssc,108052,2016,nonscience_examinee_total,206,277
ssc,108052,2016,nonscience_examinee_passed,191,253
ssc,108052,2016,nonscience_avg_gpa,3.4,3.37
ssc,108052,2017,nonscience_examinee_total,192,283
ssc,108052,2017,nonscience_examinee_passed,170,234
ssc,108052,2018,nonscience_examinee_total,,353
ssc,108052,2018,nonscience_examinee_passed,,263
ssc,108052,2019,nonscience_examinee_total,,316
ssc,108052,2019,nonscience_examinee_passed,,272
ssc,108052,2020,nonscience_examinee_total,,284
ssc,108052,2020,nonscience_examinee_passed,,269
ssc,108052,2021,nonscience_avg_gpa,3.07,3.02
ssc,108052,2022,science_avg_gpa,3.34,3.29
ssc,108052,2022,nonscience_examinee_total,163,285
ssc,108052,2022,nonscience_examinee_passed,134,239
ssc,108052,2022,nonscience_avg_gpa,2.85,2.83
ssc,108052,2023,nonscience_avg_gpa,2.93,2.88
ssc,108052,2024,science_avg_gpa,4.21,4.16
ssc,108052,2024,nonscience_avg_gpa,2.76,2.69
ssc,108052,2025,nonscience_examinee_total,114,269
ssc,108052,2025,nonscience_examinee_passed,84,166
ssc,108052,2026,nonscience_examinee_total,83,249
ssc,108052,2026,nonscience_examinee_passed,62,156
ssc,108055,2011,science_examinee_total,,4
ssc,108055,2011,science_examinee_passed,,2
ssc,108055,2011,science_avg_gpa,3.88,1.94
ssc,108055,2011,nonscience_examinee_total,120,139
ssc,108055,2011,nonscience_examinee_passed,86,98
ssc,108055,2011,nonscience_avg_gpa,2.53,2.51
ssc,108055,2012,science_examinee_total,,5
ssc,108055,2012,science_examinee_passed,,4
ssc,108055,2012,nonscience_examinee_total,179,200
ssc,108055,2012,nonscience_examinee_passed,156,172
ssc,108055,2012,nonscience_avg_gpa,2.93,2.86
ssc,108055,2013,science_examinee_total,,4
ssc,108055,2013,science_examinee_passed,,4
ssc,108055,2013,nonscience_examinee_total,155,176
ssc,108055,2013,nonscience_examinee_passed,104,112
ssc,108055,2013,nonscience_avg_gpa,2.15,2.1
ssc,108055,2014,nonscience_examinee_total,179,206
ssc,108055,2014,nonscience_examinee_passed,165,185
ssc,108055,2015,science_examinee_total,,8
ssc,108055,2015,science_examinee_passed,,8
ssc,108055,2015,nonscience_examinee_total,,252
ssc,108055,2015,nonscience_examinee_passed,,164
ssc,108055,2015,nonscience_avg_gpa,2.13,2.1
ssc,108055,2016,nonscience_examinee_total,217,265
ssc,108055,2016,nonscience_examinee_passed,177,223
ssc,108055,2016,nonscience_avg_gpa,2.67,2.65
ssc,108055,2017,nonscience_examinee_total,293,376
ssc,108055,2017,nonscience_examinee_passed,249,309
ssc,108055,2017,nonscience_avg_gpa,2.87,2.84
ssc,108055,2018,science_examinee_total,,11
ssc,108055,2018,science_examinee_passed,,10
ssc,108055,2018,science_avg_gpa,3.98,3.61
ssc,108055,2018,nonscience_examinee_total,,470
ssc,108055,2018,nonscience_examinee_passed,,380
ssc,108055,2019,science_examinee_total,,14
ssc,108055,2019,science_examinee_passed,,11
ssc,108055,2019,science_avg_gpa,3.23,2.99
ssc,108055,2019,nonscience_examinee_total,,461
ssc,108055,2019,nonscience_examinee_passed,,308
ssc,108055,2019,nonscience_avg_gpa,2.2,2.15
ssc,108055,2020,nonscience_examinee_total,,548
ssc,108055,2020,nonscience_examinee_passed,,369
ssc,108055,2021,science_examinee_total,,27
ssc,108055,2021,science_examinee_passed,,25
ssc,108055,2021,nonscience_avg_gpa,2.87,2.83
ssc,108055,2022,nonscience_examinee_total,200,359
ssc,108055,2022,nonscience_examinee_passed,176,293
ssc,108055,2022,nonscience_avg_gpa,2.82,2.78
ssc,108055,2023,nonscience_examinee_total,268,484
ssc,108055,2023,nonscience_examinee_passed,181,307
ssc,108055,2023,nonscience_avg_gpa,2.13,2.1
ssc,108055,2024,nonscience_examinee_total,306,506
ssc,108055,2024,nonscience_examinee_passed,237,337
ssc,108055,2025,nonscience_examinee_total,276,476
ssc,108055,2025,nonscience_examinee_passed,184,255
ssc,108055,2025,nonscience_avg_gpa,1.78,1.76
ssc,108055,2026,nonscience_examinee_total,260,511
ssc,108055,2026,nonscience_examinee_passed,145,247
ssc,108055,2026,nonscience_avg_gpa,1.6,1.58
ssc,108053,2011,nonscience_examinee_total,80,98
ssc,108053,2011,nonscience_examinee_passed,72,90
ssc,108053,2012,science_examinee_total,,8
ssc,108053,2012,science_examinee_passed,,8
ssc,108053,2012,nonscience_examinee_total,113,123
ssc,108053,2012,nonscience_examinee_passed,106,116
ssc,108053,2013,science_examinee_total,,17
ssc,108053,2013,science_examinee_passed,,14
ssc,108053,2013,nonscience_examinee_total,136,149
ssc,108053,2013,nonscience_examinee_passed,122,131
ssc,108053,2014,nonscience_examinee_total,123,149
ssc,108053,2014,nonscience_examinee_passed,115,139
ssc,108053,2015,nonscience_examinee_total,161,208
ssc,108053,2015,nonscience_examinee_passed,141,168
ssc,108053,2016,nonscience_examinee_total,207,266
ssc,108053,2016,nonscience_examinee_passed,140,187
ssc,108053,2017,nonscience_examinee_total,211,270
ssc,108053,2017,nonscience_examinee_passed,188,237
ssc,108053,2018,nonscience_examinee_total,,264
ssc,108053,2018,nonscience_examinee_passed,,202
ssc,108053,2018,nonscience_avg_gpa,2.67,2.62
ssc,108053,2019,nonscience_examinee_total,,347
ssc,108053,2019,nonscience_examinee_passed,,238
ssc,108053,2019,nonscience_avg_gpa,2.27,2.25
ssc,108053,2020,nonscience_examinee_total,283,447
ssc,108053,2020,nonscience_examinee_passed,235,357
ssc,108053,2020,nonscience_avg_gpa,2.63,2.59
ssc,108053,2021,nonscience_examinee_total,261,430
ssc,108053,2021,nonscience_examinee_passed,246,392
ssc,108053,2021,nonscience_avg_gpa,2.99,2.97
ssc,108053,2022,science_avg_gpa,4.21,4.15
ssc,108053,2022,nonscience_examinee_total,258,444
ssc,108053,2022,nonscience_examinee_passed,206,351
ssc,108053,2022,nonscience_avg_gpa,2.72,2.7
ssc,108053,2023,nonscience_examinee_total,323,510
ssc,108053,2023,nonscience_examinee_passed,196,294
ssc,108053,2025,science_avg_gpa,3.89,3.81
ssc,108053,2025,nonscience_examinee_total,313,453
ssc,108053,2025,nonscience_examinee_passed,171,229
ssc,108053,2025,nonscience_avg_gpa,1.72,1.7
ssc,108053,2026,nonscience_examinee_total,237,417
ssc,108053,2026,nonscience_examinee_passed,166,270
ssc,108053,2026,nonscience_avg_gpa,2.15,2.11
ssc,108054,2011,nonscience_examinee_total,140,194
ssc,108054,2011,nonscience_examinee_passed,121,161
ssc,108054,2012,nonscience_examinee_total,120,169
ssc,108054,2012,nonscience_examinee_passed,106,150
ssc,108054,2012,nonscience_avg_gpa,3.09,3.07
ssc,108054,2013,science_examinee_total,,26
ssc,108054,2013,science_examinee_passed,,12
ssc,108054,2013,nonscience_examinee_total,116,157
ssc,108054,2013,nonscience_examinee_passed,101,136
ssc,108054,2013,nonscience_avg_gpa,2.84,2.82
ssc,108054,2014,nonscience_examinee_total,167,201
ssc,108054,2014,nonscience_examinee_passed,152,179
ssc,108054,2014,nonscience_avg_gpa,3.32,3.29
ssc,108054,2015,nonscience_examinee_total,,183
ssc,108054,2015,nonscience_examinee_passed,,148
ssc,108054,2016,nonscience_examinee_total,200,287
ssc,108054,2016,nonscience_examinee_passed,124,191
ssc,108054,2017,nonscience_examinee_total,198,276
ssc,108054,2017,nonscience_examinee_passed,146,209
ssc,108054,2017,nonscience_avg_gpa,2.73,2.71
ssc,108054,2018,nonscience_examinee_total,173,281
ssc,108054,2018,nonscience_examinee_passed,132,208
ssc,108054,2019,science_examinee_total,,29
ssc,108054,2019,science_examinee_passed,,25
ssc,108054,2019,nonscience_examinee_total,127,306
ssc,108054,2019,nonscience_examinee_passed,84,208
ssc,108054,2020,nonscience_examinee_total,,317
ssc,108054,2020,nonscience_examinee_passed,,249
ssc,108054,2021,nonscience_examinee_total,109,240
ssc,108054,2021,nonscience_examinee_passed,99,225
ssc,108054,2022,nonscience_examinee_total,141,297
ssc,108054,2022,nonscience_examinee_passed,106,225
ssc,108054,2022,nonscience_avg_gpa,2.66,2.64
ssc,108054,2023,science_avg_gpa,2.54,2.49
ssc,108054,2023,nonscience_examinee_total,140,295
ssc,108054,2023,nonscience_examinee_passed,99,153
ssc,108054,2023,nonscience_avg_gpa,1.7,1.67
ssc,108054,2024,nonscience_examinee_total,133,271
ssc,108054,2024,nonscience_examinee_passed,90,174
ssc,108054,2025,nonscience_examinee_total,133,239
ssc,108054,2025,nonscience_examinee_passed,67,110
ssc,108054,2025,nonscience_avg_gpa,1.51,1.49
ssc,107896,2011,science_examinee_total,,14
ssc,107896,2011,science_examinee_passed,,8
ssc,107896,2011,nonscience_examinee_total,,73
ssc,107896,2011,nonscience_examinee_passed,,64
ssc,107896,2012,science_examinee_total,,17
ssc,107896,2012,science_examinee_passed,,17
ssc,107896,2012,nonscience_examinee_total,,60
ssc,107896,2012,nonscience_examinee_passed,,47
ssc,107896,2013,science_examinee_total,,9
ssc,107896,2013,science_examinee_passed,,6
ssc,107896,2013,nonscience_examinee_total,,59
ssc,107896,2013,nonscience_examinee_passed,,40
ssc,107896,2014,science_examinee_total,,9
ssc,107896,2014,science_examinee_passed,,8
ssc,107896,2014,science_avg_gpa,4.31,3.83
ssc,107896,2014,nonscience_examinee_total,,84
ssc,107896,2014,nonscience_examinee_passed,,83
ssc,107896,2015,science_examinee_total,,13
ssc,107896,2015,science_examinee_passed,,13
ssc,107896,2015,nonscience_examinee_total,,97
ssc,107896,2015,nonscience_examinee_passed,,79
ssc,107896,2016,science_examinee_total,,10
ssc,107896,2016,science_examinee_passed,,9
ssc,107896,2016,nonscience_examinee_total,117,136
ssc,107896,2016,nonscience_examinee_passed,101,114
ssc,107896,2017,nonscience_examinee_total,190,224
ssc,107896,2017,nonscience_examinee_passed,178,211
ssc,107896,2017,nonscience_avg_gpa,3.65,3.62
ssc,107896,2018,science_examinee_total,,20
ssc,107896,2018,science_examinee_passed,,11
ssc,107896,2018,science_avg_gpa,2.41,2.29
ssc,107896,2018,nonscience_examinee_total,158,188
ssc,107896,2018,nonscience_examinee_passed,111,129
ssc,107896,2018,nonscience_avg_gpa,2.4,2.34
ssc,107896,2019,nonscience_examinee_total,,217
ssc,107896,2019,nonscience_examinee_passed,,138
ssc,107896,2019,nonscience_avg_gpa,2.11,2.07
ssc,107896,2020,nonscience_examinee_total,,215
ssc,107896,2020,nonscience_examinee_passed,,150
ssc,107896,2021,science_examinee_total,,24
ssc,107896,2021,science_examinee_passed,,24
ssc,107896,2021,nonscience_examinee_total,59,242
ssc,107896,2021,nonscience_examinee_passed,55,225
ssc,107896,2021,nonscience_avg_gpa,3.16,3.11
ssc,107896,2022,nonscience_examinee_total,64,231
ssc,107896,2022,nonscience_examinee_passed,56,208
ssc,107896,2022,nonscience_avg_gpa,3.25,3.2
ssc,107896,2023,science_avg_gpa,3.78,3.69
ssc,107896,2023,nonscience_examinee_total,170,228
ssc,107896,2023,nonscience_examinee_passed,123,150
ssc,107896,2023,nonscience_avg_gpa,2.19,2.17
ssc,107896,2025,science_avg_gpa,4.14,4.0
ssc,107896,2025,nonscience_examinee_total,143,201
ssc,107896,2025,nonscience_examinee_passed,85,119
ssc,107896,2025,nonscience_avg_gpa,1.94,1.87
ssc,107896,2026,science_avg_gpa,3.22,3.13
ssc,107896,2026,nonscience_examinee_total,73,217
ssc,107896,2026,nonscience_examinee_passed,33,136
ssc,108375,2011,nonscience_examinee_total,215,247
ssc,108375,2011,nonscience_examinee_passed,200,224
ssc,108375,2012,nonscience_examinee_total,222,259
ssc,108375,2012,nonscience_examinee_passed,200,232
ssc,108375,2012,nonscience_avg_gpa,3.35,3.32
ssc,108375,2013,nonscience_examinee_total,202,235
ssc,108375,2013,nonscience_examinee_passed,191,214
ssc,108375,2014,nonscience_examinee_total,233,261
ssc,108375,2014,nonscience_examinee_passed,228,253
ssc,108375,2015,science_avg_gpa,4.73,4.67
ssc,108375,2015,nonscience_examinee_total,228,255
ssc,108375,2015,nonscience_examinee_passed,212,237
ssc,108375,2016,nonscience_examinee_total,252,286
ssc,108375,2016,nonscience_examinee_passed,224,248
ssc,108375,2016,nonscience_avg_gpa,3.28,3.26
ssc,108375,2018,nonscience_examinee_total,223,253
ssc,108375,2018,nonscience_examinee_passed,200,228
ssc,108375,2019,nonscience_examinee_total,197,215
ssc,108375,2019,nonscience_examinee_passed,183,197
ssc,108375,2019,nonscience_avg_gpa,3.3,3.28
ssc,108375,2020,nonscience_examinee_total,177,205
ssc,108375,2020,nonscience_examinee_passed,164,187
ssc,108375,2021,nonscience_examinee_total,202,246
ssc,108375,2021,nonscience_examinee_passed,196,238
ssc,108375,2022,nonscience_examinee_total,153,197
ssc,108375,2022,nonscience_examinee_passed,141,178
ssc,108375,2022,nonscience_avg_gpa,3.68,3.62
ssc,108375,2023,nonscience_examinee_total,140,167
ssc,108375,2023,nonscience_examinee_passed,121,145
ssc,108375,2024,nonscience_examinee_total,131,147
ssc,108375,2024,nonscience_examinee_passed,116,130
ssc,108375,2025,nonscience_examinee_total,125,149
ssc,108375,2025,nonscience_examinee_passed,112,128
ssc,108375,2026,science_avg_gpa,4.14,4.09
ssc,134601,2016,science_avg_gpa,4.48,4.31
ssc,134601,2016,nonscience_examinee_total,,47
ssc,134601,2016,nonscience_examinee_passed,,44
ssc,134601,2016,nonscience_avg_gpa,3.92,3.67
ssc,134601,2017,science_examinee_total,,12
ssc,134601,2017,science_examinee_passed,,9
ssc,134601,2017,nonscience_examinee_total,,43
ssc,134601,2017,nonscience_examinee_passed,,41
ssc,134601,2017,nonscience_avg_gpa,4,3.91
ssc,134601,2018,science_avg_gpa,4.16,3.84
ssc,134601,2018,nonscience_examinee_total,,22
ssc,134601,2018,nonscience_examinee_passed,,20
ssc,134601,2019,nonscience_examinee_total,,19
ssc,134601,2019,nonscience_examinee_passed,,17
ssc,134601,2020,science_examinee_total,,4
ssc,134601,2020,science_examinee_passed,,4
ssc,134601,2020,nonscience_examinee_total,,23
ssc,134601,2020,nonscience_examinee_passed,,10
ssc,134601,2021,science_examinee_total,,6
ssc,134601,2021,science_examinee_passed,,6
ssc,134601,2021,nonscience_examinee_total,,28
ssc,134601,2021,nonscience_examinee_passed,,26
ssc,108379,2011,science_avg_gpa,4.2,4.14
ssc,108379,2012,nonscience_examinee_total,171,184
ssc,108379,2012,nonscience_examinee_passed,149,158
ssc,108379,2012,nonscience_avg_gpa,3.47,3.41
ssc,108379,2013,nonscience_examinee_total,154,172
ssc,108379,2013,nonscience_examinee_passed,141,155
ssc,108379,2013,nonscience_avg_gpa,3.5,3.37
ssc,108379,2014,nonscience_examinee_total,133,159
ssc,108379,2014,nonscience_examinee_passed,131,156
ssc,108379,2014,nonscience_avg_gpa,4.03,3.98
ssc,108379,2015,science_avg_gpa,4.59,4.51
ssc,108379,2015,nonscience_examinee_total,109,124
ssc,108379,2015,nonscience_examinee_passed,108,121
ssc,108379,2016,nonscience_examinee_total,70,86
ssc,108379,2016,nonscience_examinee_passed,70,86
ssc,108379,2017,nonscience_avg_gpa,4.16,4.13
ssc,108379,2018,nonscience_examinee_total,117,139
ssc,108379,2018,nonscience_examinee_passed,108,128
ssc,108379,2018,nonscience_avg_gpa,3.58,3.55
ssc,108379,2019,nonscience_examinee_total,,130
ssc,108379,2019,nonscience_examinee_passed,,109
ssc,108379,2021,nonscience_avg_gpa,3.74,3.68
ssc,108379,2022,nonscience_examinee_total,91,146
ssc,108379,2022,nonscience_examinee_passed,85,134
ssc,108379,2022,nonscience_avg_gpa,3.41,3.38
ssc,108379,2023,nonscience_examinee_total,71,115
ssc,108379,2023,nonscience_examinee_passed,57,81
ssc,108379,2023,nonscience_avg_gpa,2.72,2.65
ssc,108379,2024,nonscience_examinee_total,88,142
ssc,108379,2024,nonscience_examinee_passed,82,135
ssc,108379,2024,nonscience_avg_gpa,3.6,3.58
ssc,108379,2025,nonscience_examinee_total,80,115
ssc,108379,2025,nonscience_examinee_passed,62,84
ssc,108379,2026,nonscience_examinee_total,112,166
ssc,108379,2026,nonscience_examinee_passed,82,118
ssc,108379,2026,nonscience_avg_gpa,2.58,2.56
ssc,132096,2016,nonscience_examinee_total,,33
ssc,132096,2016,nonscience_examinee_passed,,30
ssc,132096,2017,nonscience_examinee_total,39,52
ssc,132096,2017,nonscience_examinee_passed,39,49
ssc,132096,2017,nonscience_avg_gpa,4.16,3.92
ssc,132096,2018,nonscience_examinee_total,,51
ssc,132096,2018,nonscience_examinee_passed,,49
ssc,132096,2018,nonscience_avg_gpa,3.7,3.63
ssc,132096,2019,nonscience_examinee_total,,21
ssc,132096,2019,nonscience_examinee_passed,,17
ssc,132096,2020,nonscience_examinee_total,,57
ssc,132096,2020,nonscience_examinee_passed,,55
ssc,132096,2020,nonscience_avg_gpa,3.99,3.85
ssc,132096,2021,science_avg_gpa,4.22,4.02
ssc,132096,2021,nonscience_examinee_total,30,41
ssc,132096,2021,nonscience_examinee_passed,25,36
ssc,132096,2021,nonscience_avg_gpa,3.26,3.18
ssc,132096,2022,nonscience_examinee_total,35,43
ssc,132096,2022,nonscience_examinee_passed,33,40
ssc,132096,2023,nonscience_examinee_total,,31
ssc,132096,2023,nonscience_examinee_passed,,28
ssc,132096,2024,science_avg_gpa,4.12,3.66
ssc,132096,2024,nonscience_examinee_total,,33
ssc,132096,2024,nonscience_examinee_passed,,20
ssc,132096,2025,nonscience_examinee_total,,38
ssc,132096,2025,nonscience_examinee_passed,,36
ssc,132096,2026,nonscience_examinee_total,12,26
ssc,132096,2026,nonscience_examinee_passed,8,21
ssc,132096,2026,nonscience_avg_gpa,2.96,2.85
ssc,131634,2016,nonscience_examinee_total,,23
ssc,131634,2016,nonscience_examinee_passed,,23
ssc,131634,2017,nonscience_examinee_total,,32
ssc,131634,2017,nonscience_examinee_passed,,31
ssc,131634,2017,nonscience_avg_gpa,4.38,4.24
ssc,131634,2018,nonscience_examinee_total,,37
ssc,131634,2018,nonscience_examinee_passed,,35
ssc,131634,2019,science_examinee_total,,37
ssc,131634,2019,science_examinee_passed,,33
ssc,131634,2019,nonscience_examinee_total,,32
ssc,131634,2019,nonscience_examinee_passed,,30
ssc,131634,2020,nonscience_examinee_total,,60
ssc,131634,2020,nonscience_examinee_passed,,54
ssc,131634,2021,nonscience_examinee_total,,44
ssc,131634,2021,nonscience_examinee_passed,,39
ssc,131634,2021,nonscience_avg_gpa,3.12,2.98
ssc,131634,2022,nonscience_examinee_total,,58
ssc,131634,2022,nonscience_examinee_passed,,50
ssc,131634,2023,science_avg_gpa,3.12,3.0
ssc,131634,2023,nonscience_examinee_total,,83
ssc,131634,2023,nonscience_examinee_passed,,52
ssc,131634,2023,nonscience_avg_gpa,1.88,1.86
ssc,131634,2024,science_avg_gpa,3.59,3.47
ssc,131634,2024,nonscience_examinee_total,,82
ssc,131634,2024,nonscience_examinee_passed,,60
ssc,131634,2025,science_examinee_total,,20
ssc,131634,2025,science_examinee_passed,,14
ssc,131634,2025,science_avg_gpa,3.16,3.0
ssc,131634,2025,nonscience_examinee_total,,59
ssc,131634,2025,nonscience_examinee_passed,,25
ssc,131634,2025,nonscience_avg_gpa,1.28,1.26
ssc,131634,2026,nonscience_examinee_total,,54
ssc,131634,2026,nonscience_examinee_passed,,28
ssc,131634,2026,nonscience_avg_gpa,1.75,1.68
ssc,108059,2014,nonscience_avg_gpa,4.89,4.83
ssc,108059,2018,science_avg_gpa,4.9,4.85
ssc,108059,2019,nonscience_examinee_total,,67
ssc,108059,2019,nonscience_examinee_passed,,65
ssc,108059,2019,nonscience_avg_gpa,4.12,4.06
ssc,108059,2021,science_avg_gpa,4.91,4.89
ssc,108059,2021,nonscience_avg_gpa,4.41,4.38
ssc,108059,2022,nonscience_avg_gpa,4.61,4.58
ssc,108059,2023,nonscience_avg_gpa,4.25,4.19
ssc,108059,2024,nonscience_avg_gpa,4.28,4.21
ssc,108059,2025,science_avg_gpa,4.84,4.81
ssc,108059,2025,nonscience_avg_gpa,4.34,4.32
ssc,108062,2011,science_examinee_total,,1
ssc,108062,2011,science_examinee_passed,,1
ssc,108062,2011,nonscience_examinee_total,,28
ssc,108062,2011,nonscience_examinee_passed,,25
ssc,108062,2012,science_examinee_total,,3
ssc,108062,2012,science_examinee_passed,,2
ssc,108062,2012,nonscience_examinee_total,,36
ssc,108062,2012,nonscience_examinee_passed,,31
ssc,108062,2013,science_examinee_total,,1
ssc,108062,2013,science_examinee_passed,,1
ssc,108062,2013,nonscience_examinee_total,34,35
ssc,108062,2013,nonscience_examinee_passed,32,33
ssc,108062,2015,nonscience_examinee_total,76,82
ssc,108062,2015,nonscience_examinee_passed,75,78
ssc,108062,2016,science_avg_gpa,4.32,4.07
ssc,108062,2016,nonscience_examinee_total,69,73
ssc,108062,2016,nonscience_examinee_passed,61,64
ssc,108062,2016,nonscience_avg_gpa,3.62,3.48
ssc,108062,2017,nonscience_examinee_total,97,118
ssc,108062,2017,nonscience_examinee_passed,86,107
ssc,108062,2017,nonscience_avg_gpa,3.61,3.57
ssc,108062,2018,nonscience_examinee_total,181,205
ssc,108062,2018,nonscience_examinee_passed,149,167
ssc,108062,2018,nonscience_avg_gpa,2.98,2.96
ssc,108062,2019,nonscience_examinee_total,,186
ssc,108062,2019,nonscience_examinee_passed,,126
ssc,108062,2020,nonscience_examinee_total,192,236
ssc,108062,2020,nonscience_examinee_passed,158,198
ssc,108062,2021,science_avg_gpa,3.97,3.92
ssc,108062,2021,nonscience_examinee_total,235,283
ssc,108062,2021,nonscience_examinee_passed,206,248
ssc,108062,2021,nonscience_avg_gpa,3.03,2.96
ssc,108062,2022,science_avg_gpa,3.96,3.88
ssc,108062,2023,nonscience_examinee_total,,186
ssc,108062,2023,nonscience_examinee_passed,,136
ssc,108062,2023,nonscience_avg_gpa,2.45,2.43
ssc,108062,2024,science_examinee_total,,26
ssc,108062,2024,science_examinee_passed,,17
ssc,108062,2024,science_avg_gpa,2.82,2.6
ssc,108062,2024,nonscience_examinee_total,109,152
ssc,108062,2024,nonscience_examinee_passed,76,104
ssc,108062,2024,nonscience_avg_gpa,2.26,2.23
ssc,108062,2025,nonscience_examinee_total,78,113
ssc,108062,2025,nonscience_examinee_passed,53,71
ssc,108062,2025,nonscience_avg_gpa,2.1,2.06
ssc,108062,2026,science_avg_gpa,2.59,2.5
ssc,108062,2026,nonscience_examinee_total,,110
ssc,108062,2026,nonscience_examinee_passed,,60
ssc,108062,2026,nonscience_avg_gpa,1.75,1.73
ssc,108387,2012,nonscience_examinee_total,163,184
ssc,108387,2012,nonscience_examinee_passed,147,166
ssc,108387,2013,nonscience_examinee_total,182,204
ssc,108387,2013,nonscience_examinee_passed,169,187
ssc,108387,2014,nonscience_examinee_total,166,202
ssc,108387,2014,nonscience_examinee_passed,162,195
ssc,108387,2014,nonscience_avg_gpa,3.86,3.84
ssc,108387,2015,nonscience_examinee_total,134,161
ssc,108387,2015,nonscience_examinee_passed,127,146
ssc,108387,2016,nonscience_examinee_total,139,166
ssc,108387,2016,nonscience_examinee_passed,137,163
ssc,108387,2017,science_avg_gpa,4.87,4.8
ssc,108387,2017,nonscience_examinee_total,152,189
ssc,108387,2017,nonscience_examinee_passed,145,180
ssc,108387,2018,nonscience_examinee_total,175,216
ssc,108387,2018,nonscience_examinee_passed,157,182
ssc,108387,2023,nonscience_avg_gpa,3.5,3.42
ssc,108387,2024,nonscience_examinee_total,86,121
ssc,108387,2024,nonscience_examinee_passed,79,111
ssc,108387,2024,nonscience_avg_gpa,3.75,3.72
ssc,108387,2025,science_avg_gpa,3.46,3.43
ssc,108387,2025,nonscience_examinee_total,130,174
ssc,108387,2025,nonscience_examinee_passed,82,113
ssc,108387,2025,nonscience_avg_gpa,2.35,2.33
ssc,108387,2026,nonscience_examinee_total,114,167
ssc,108387,2026,nonscience_examinee_passed,98,140
ssc,108061,2011,science_examinee_total,,1
ssc,108061,2011,science_avg_gpa,,0.0
ssc,108061,2012,nonscience_examinee_total,,50
ssc,108061,2012,nonscience_examinee_passed,,47
ssc,108061,2013,science_examinee_total,,8
ssc,108061,2013,science_examinee_passed,,7
ssc,108061,2014,science_examinee_total,,3
ssc,108061,2014,science_examinee_passed,,3
ssc,108061,2015,science_examinee_total,,1
ssc,108061,2015,science_avg_gpa,,0.0
ssc,108061,2015,nonscience_examinee_total,,72
ssc,108061,2015,nonscience_examinee_passed,,71
ssc,108061,2016,nonscience_examinee_total,84,104
ssc,108061,2016,nonscience_examinee_passed,83,103
ssc,108061,2017,science_examinee_total,,13
ssc,108061,2017,science_examinee_passed,,13
ssc,108061,2017,nonscience_examinee_total,96,120
ssc,108061,2017,nonscience_examinee_passed,93,114
ssc,108061,2018,nonscience_examinee_total,110,137
ssc,108061,2018,nonscience_examinee_passed,103,126
ssc,108061,2018,nonscience_avg_gpa,3.64,3.51
ssc,108061,2019,nonscience_examinee_total,,126
ssc,108061,2019,nonscience_examinee_passed,,108
ssc,108061,2019,nonscience_avg_gpa,3.01,2.99
ssc,108061,2020,science_examinee_total,,14
ssc,108061,2020,science_examinee_passed,,14
ssc,108061,2020,nonscience_examinee_total,,144
ssc,108061,2020,nonscience_examinee_passed,,117
ssc,108061,2020,nonscience_avg_gpa,2.77,2.73
ssc,108061,2021,nonscience_examinee_total,111,158
ssc,108061,2021,nonscience_examinee_passed,101,146
ssc,108061,2021,nonscience_avg_gpa,3.08,3.02
ssc,108061,2022,nonscience_examinee_total,,103
ssc,108061,2022,nonscience_examinee_passed,,97
ssc,108061,2023,nonscience_examinee_total,94,116
ssc,108061,2023,nonscience_examinee_passed,65,79
ssc,108061,2023,nonscience_avg_gpa,2.32,2.3
ssc,108061,2024,science_examinee_total,,41
ssc,108061,2024,science_examinee_passed,,39
ssc,108061,2024,nonscience_examinee_total,,97
ssc,108061,2024,nonscience_examinee_passed,,69
ssc,108061,2025,science_examinee_total,,26
ssc,108061,2025,science_examinee_passed,,22
ssc,108061,2025,nonscience_examinee_total,,122
ssc,108061,2025,nonscience_examinee_passed,,92
ssc,108061,2025,nonscience_avg_gpa,2.58,2.56
ssc,108061,2026,science_avg_gpa,4.3,4.19
ssc,108061,2026,nonscience_examinee_total,,98
ssc,108061,2026,nonscience_examinee_passed,,82
ssc,108060,2011,science_examinee_total,,16
ssc,108060,2011,science_examinee_passed,,11
ssc,108060,2011,science_avg_gpa,2.89,2.71
ssc,108060,2011,nonscience_examinee_total,104,106
ssc,108060,2011,nonscience_examinee_passed,79,80
ssc,108060,2011,nonscience_avg_gpa,2.61,2.56
ssc,108060,2013,science_examinee_total,,3
ssc,108060,2013,science_examinee_passed,,3
ssc,108060,2013,nonscience_avg_gpa,3.57,3.48
ssc,108060,2014,nonscience_examinee_total,38,39
ssc,108060,2015,nonscience_examinee_total,,43
ssc,108060,2015,nonscience_examinee_passed,,42
ssc,108060,2016,science_examinee_total,,6
ssc,108060,2016,science_examinee_passed,,6
ssc,108060,2016,nonscience_examinee_total,,67
ssc,108060,2016,nonscience_examinee_passed,,66
ssc,108060,2017,nonscience_examinee_total,,43
ssc,108060,2017,nonscience_examinee_passed,,38
ssc,108060,2018,science_examinee_total,,5
ssc,108060,2018,science_examinee_passed,,5
ssc,108060,2018,nonscience_examinee_total,,70
ssc,108060,2018,nonscience_examinee_passed,,52
ssc,108060,2019,science_examinee_total,,2
ssc,108060,2019,science_examinee_passed,,2
ssc,108060,2019,nonscience_examinee_total,,95
ssc,108060,2019,nonscience_examinee_passed,,74
ssc,108060,2020,science_examinee_total,,12
ssc,108060,2020,science_examinee_passed,,11
ssc,108060,2020,nonscience_examinee_total,,59
ssc,108060,2020,nonscience_examinee_passed,,27
ssc,108060,2021,science_examinee_total,,2
ssc,108060,2021,science_examinee_passed,,2
ssc,108060,2021,nonscience_examinee_total,,93
ssc,108060,2021,nonscience_examinee_passed,,90
ssc,108060,2022,science_examinee_total,,15
ssc,108060,2022,science_examinee_passed,,14
ssc,108060,2022,nonscience_examinee_total,124,141
ssc,108060,2022,nonscience_examinee_passed,107,117
ssc,108060,2022,nonscience_avg_gpa,2.87,2.79
ssc,108060,2023,science_examinee_total,,7
ssc,108060,2023,science_examinee_passed,,4
ssc,108060,2023,nonscience_examinee_total,,95
ssc,108060,2023,nonscience_examinee_passed,,59
ssc,108060,2024,nonscience_examinee_total,12,119
ssc,108060,2024,nonscience_examinee_passed,7,75
ssc,108060,2024,nonscience_avg_gpa,2.03,2.0
ssc,108060,2025,science_avg_gpa,3.85,3.56
ssc,108060,2025,nonscience_examinee_total,,112
ssc,108060,2025,nonscience_examinee_passed,,63
ssc,108060,2025,nonscience_avg_gpa,1.75,1.71
ssc,108060,2026,nonscience_examinee_total,,102
ssc,108060,2026,nonscience_examinee_passed,,43
ssc,108060,2026,nonscience_avg_gpa,1.35,1.32
ssc,130931,2012,science_examinee_total,,7
ssc,130931,2012,science_examinee_passed,,7
ssc,130931,2012,nonscience_examinee_total,,19
ssc,130931,2012,nonscience_examinee_passed,,19
ssc,130931,2013,science_examinee_total,,3
ssc,130931,2013,science_examinee_passed,,3
ssc,130931,2013,nonscience_examinee_total,,26
ssc,130931,2013,nonscience_examinee_passed,,25
ssc,130931,2014,science_examinee_total,,5
ssc,130931,2014,science_examinee_passed,,5
ssc,130931,2015,nonscience_examinee_total,,28
ssc,130931,2015,nonscience_examinee_passed,,26
ssc,130931,2017,nonscience_avg_gpa,3.83,3.77
ssc,130931,2018,nonscience_examinee_total,,42
ssc,130931,2018,nonscience_examinee_passed,,40
ssc,130931,2019,science_avg_gpa,4.37,4.22
ssc,130931,2019,nonscience_examinee_total,26,27
ssc,130931,2019,nonscience_examinee_passed,22,23
ssc,130931,2019,nonscience_avg_gpa,3.53,3.39
ssc,130931,2020,nonscience_examinee_total,,40
ssc,130931,2020,nonscience_examinee_passed,,33
ssc,130931,2020,nonscience_avg_gpa,3.25,3.17
ssc,130931,2021,nonscience_examinee_total,,31
ssc,130931,2021,nonscience_examinee_passed,,25
ssc,130931,2021,nonscience_avg_gpa,3.08,2.98
ssc,130931,2022,science_avg_gpa,4.27,4.13
ssc,130931,2022,nonscience_examinee_total,36,41
ssc,130931,2022,nonscience_examinee_passed,33,37
ssc,130931,2023,nonscience_examinee_total,,32
ssc,130931,2023,nonscience_examinee_passed,,21
ssc,130931,2024,science_examinee_total,,27
ssc,130931,2024,science_examinee_passed,,23
ssc,130931,2024,science_avg_gpa,3.52,3.39
ssc,130931,2024,nonscience_examinee_total,,29
ssc,130931,2024,nonscience_examinee_passed,,17
ssc,130931,2025,nonscience_examinee_total,,23
ssc,130931,2025,nonscience_examinee_passed,,22
ssc,130931,2026,science_examinee_total,,11
ssc,130931,2026,science_examinee_passed,,7
ssc,130931,2026,nonscience_examinee_total,13,19
ssc,130931,2026,nonscience_examinee_passed,10,13
ssc,130931,2026,nonscience_avg_gpa,2.55,2.42
ssc,108373,2011,science_avg_gpa,3.39,3.34
ssc,108373,2011,nonscience_examinee_total,,216
ssc,108373,2011,nonscience_examinee_passed,,169
ssc,108373,2012,science_avg_gpa,3.81,3.74
ssc,108373,2012,nonscience_examinee_total,190,206
ssc,108373,2012,nonscience_examinee_passed,158,168
ssc,108373,2012,nonscience_avg_gpa,2.74,2.71
ssc,108373,2013,science_avg_gpa,4.24,4.15
ssc,108373,2013,nonscience_examinee_total,11,157
ssc,108373,2013,nonscience_examinee_passed,9,137
ssc,108373,2014,nonscience_examinee_total,151,157
ssc,108373,2014,nonscience_examinee_passed,141,146
ssc,108373,2014,nonscience_avg_gpa,3.79,3.76
ssc,108373,2015,science_examinee_total,,29
ssc,108373,2015,science_examinee_passed,,27
ssc,108373,2015,nonscience_examinee_total,164,191
ssc,108373,2015,nonscience_examinee_passed,141,162
ssc,108373,2015,nonscience_avg_gpa,3.06,3.02
ssc,108373,2016,nonscience_examinee_total,178,190
ssc,108373,2016,nonscience_examinee_passed,162,171
ssc,108373,2016,nonscience_avg_gpa,3.23,3.18
ssc,108373,2017,nonscience_examinee_total,,144
ssc,108373,2017,nonscience_examinee_passed,,137
ssc,108373,2017,nonscience_avg_gpa,3.79,3.77
ssc,108373,2018,nonscience_examinee_total,,187
ssc,108373,2018,nonscience_examinee_passed,,160
ssc,108373,2018,nonscience_avg_gpa,3.12,3.08
ssc,108373,2019,nonscience_examinee_total,,291
ssc,108373,2019,nonscience_examinee_passed,,192
ssc,108373,2019,nonscience_avg_gpa,2.17,2.14
ssc,108373,2020,nonscience_examinee_total,306,333
ssc,108373,2020,nonscience_examinee_passed,239,259
ssc,108373,2020,nonscience_avg_gpa,2.66,2.64
ssc,108373,2021,science_avg_gpa,4.07,4.02
ssc,108373,2021,nonscience_avg_gpa,3.1,3.03
ssc,108373,2022,science_avg_gpa,4.62,4.57
ssc,108373,2022,nonscience_examinee_total,219,233
ssc,108373,2022,nonscience_examinee_passed,203,212
ssc,108373,2022,nonscience_avg_gpa,3.52,3.45
ssc,108373,2023,nonscience_examinee_total,251,280
ssc,108373,2023,nonscience_examinee_passed,215,237
ssc,108373,2023,nonscience_avg_gpa,2.99,2.97
ssc,108373,2024,nonscience_examinee_total,207,234
ssc,108373,2024,nonscience_examinee_passed,166,184
ssc,108373,2024,nonscience_avg_gpa,2.87,2.85
ssc,108373,2025,nonscience_examinee_total,219,230
ssc,108373,2025,nonscience_examinee_passed,162,170
ssc,108373,2026,nonscience_examinee_total,196,212
ssc,108373,2026,nonscience_examinee_passed,134,142
ssc,108374,2011,science_examinee_total,,21
ssc,108374,2011,science_examinee_passed,,20
ssc,108374,2011,nonscience_examinee_total,256,278
ssc,108374,2011,nonscience_examinee_passed,196,209
ssc,108374,2012,nonscience_examinee_total,254,291
ssc,108374,2012,nonscience_examinee_passed,193,218
ssc,108374,2013,nonscience_examinee_total,204,227
ssc,108374,2013,nonscience_examinee_passed,183,198
ssc,108374,2014,nonscience_examinee_total,186,208
ssc,108374,2014,nonscience_examinee_passed,171,193
ssc,108374,2015,nonscience_examinee_total,208,227
ssc,108374,2015,nonscience_examinee_passed,188,201
ssc,108374,2016,science_avg_gpa,4.06,3.95
ssc,108374,2016,nonscience_examinee_total,172,197
ssc,108374,2016,nonscience_examinee_passed,159,180
ssc,108374,2017,nonscience_examinee_total,176,199
ssc,108374,2017,nonscience_examinee_passed,155,172
ssc,108374,2017,nonscience_avg_gpa,3.47,3.44
ssc,108374,2018,nonscience_examinee_total,222,259
ssc,108374,2018,nonscience_examinee_passed,193,225
ssc,108374,2018,nonscience_avg_gpa,3.15,3.11
ssc,108374,2019,nonscience_examinee_total,,192
ssc,108374,2019,nonscience_examinee_passed,,179
ssc,108374,2020,nonscience_examinee_total,218,241
ssc,108374,2020,nonscience_examinee_passed,187,208
ssc,108374,2021,science_avg_gpa,4.1,4.02
ssc,108374,2021,nonscience_examinee_total,,230
ssc,108374,2021,nonscience_examinee_passed,,194
ssc,108374,2021,nonscience_avg_gpa,2.93,2.88
ssc,108374,2022,nonscience_examinee_total,163,220
ssc,108374,2022,nonscience_examinee_passed,153,201
ssc,108374,2023,nonscience_examinee_total,,222
ssc,108374,2023,nonscience_examinee_passed,,152
ssc,108374,2023,nonscience_avg_gpa,2.23,2.2
ssc,108374,2024,nonscience_examinee_total,195,241
ssc,108374,2024,nonscience_examinee_passed,178,204
ssc,108374,2025,science_avg_gpa,3.12,3.02
ssc,108374,2025,nonscience_examinee_total,,172
ssc,108374,2025,nonscience_examinee_passed,,81
ssc,108374,2026,science_avg_gpa,2.68,2.64
ssc,108374,2026,nonscience_examinee_total,,201
ssc,108374,2026,nonscience_examinee_passed,,115
ssc,107895,2011,science_examinee_total,,5
ssc,107895,2011,science_examinee_passed,,5
ssc,107895,2011,nonscience_examinee_total,,74
ssc,107895,2011,nonscience_examinee_passed,,57
ssc,107895,2012,science_examinee_total,,8
ssc,107895,2012,science_examinee_passed,,8
ssc,107895,2012,nonscience_examinee_total,,85
ssc,107895,2012,nonscience_examinee_passed,,65
ssc,107895,2013,nonscience_examinee_total,,54
ssc,107895,2013,nonscience_examinee_passed,,40
ssc,107895,2013,nonscience_avg_gpa,2.38,2.33
ssc,107895,2014,science_examinee_total,,14
ssc,107895,2014,science_examinee_passed,,14
ssc,107895,2014,nonscience_examinee_total,103,116
ssc,107895,2014,nonscience_examinee_passed,101,112
ssc,107895,2015,science_examinee_total,,20
ssc,107895,2015,science_examinee_passed,,16
ssc,107895,2015,nonscience_examinee_total,,87
ssc,107895,2015,nonscience_examinee_passed,,73
ssc,107895,2016,nonscience_examinee_total,,97
ssc,107895,2016,nonscience_examinee_passed,,77
ssc,107895,2017,nonscience_examinee_total,,144
ssc,107895,2017,nonscience_examinee_passed,,126
ssc,107895,2018,science_examinee_total,,13
ssc,107895,2018,science_examinee_passed,,7
ssc,107895,2018,nonscience_examinee_total,,146
ssc,107895,2018,nonscience_examinee_passed,,108
ssc,107895,2018,nonscience_avg_gpa,2.53,2.51
ssc,107895,2019,science_examinee_total,,17
ssc,107895,2019,science_examinee_passed,,16
ssc,107895,2019,nonscience_examinee_total,,105
ssc,107895,2019,nonscience_examinee_passed,,76
ssc,107895,2019,nonscience_avg_gpa,2.26,2.24
ssc,107895,2020,science_examinee_total,,12
ssc,107895,2020,science_examinee_passed,,12
ssc,107895,2020,nonscience_examinee_total,,90
ssc,107895,2020,nonscience_examinee_passed,,76
ssc,107895,2021,nonscience_examinee_total,,67
ssc,107895,2021,nonscience_examinee_passed,,65
ssc,107895,2021,nonscience_avg_gpa,3.18,3.13
ssc,107895,2022,nonscience_examinee_total,84,115
ssc,107895,2022,nonscience_examinee_passed,74,92
ssc,107895,2022,nonscience_avg_gpa,2.88,2.83
ssc,107895,2023,science_examinee_total,,7
ssc,107895,2023,science_examinee_passed,,2
ssc,107895,2023,nonscience_avg_gpa,1.53,1.5
ssc,107895,2024,science_examinee_total,,11
ssc,107895,2024,science_examinee_passed,,10
ssc,107895,2024,science_avg_gpa,3.8,3.45
ssc,107895,2024,nonscience_examinee_total,,99
ssc,107895,2024,nonscience_examinee_passed,,76
ssc,107895,2024,nonscience_avg_gpa,2.5,2.47
ssc,107895,2025,nonscience_examinee_total,45,52
ssc,107895,2025,nonscience_examinee_passed,19,24
ssc,107895,2026,science_examinee_total,,12
ssc,107895,2026,science_examinee_passed,,10
ssc,107895,2026,nonscience_examinee_total,,51
ssc,107895,2026,nonscience_examinee_passed,,20
ssc,107895,2026,nonscience_avg_gpa,1.38,1.35
ssc,134172,2012,nonscience_examinee_total,,37
ssc,134172,2012,nonscience_examinee_passed,,34
ssc,134172,2012,nonscience_avg_gpa,3.71,3.61
ssc,134172,2015,nonscience_examinee_total,,49
ssc,134172,2015,nonscience_examinee_passed,,48
ssc,134172,2018,nonscience_examinee_total,,61
ssc,134172,2018,nonscience_examinee_passed,,57
ssc,134172,2018,nonscience_avg_gpa,3.77,3.71
ssc,134172,2019,nonscience_examinee_total,,41
ssc,134172,2019,nonscience_examinee_passed,,39
ssc,134172,2019,nonscience_avg_gpa,3.77,3.68
ssc,134172,2021,nonscience_avg_gpa,3.44,3.37
ssc,134172,2022,nonscience_avg_gpa,3.39,3.32
ssc,134172,2023,nonscience_examinee_total,,33
ssc,134172,2023,nonscience_examinee_passed,,30
ssc,134172,2024,science_examinee_total,,15
ssc,134172,2024,science_examinee_passed,,15
ssc,134172,2025,nonscience_examinee_total,,36
ssc,134172,2025,nonscience_examinee_passed,,31
ssc,134172,2025,nonscience_avg_gpa,3.05,2.97
ssc,134172,2026,science_avg_gpa,4.01,3.84
ssc,134172,2026,nonscience_examinee_total,,34
ssc,134172,2026,nonscience_examinee_passed,,25
ssc,134172,2026,nonscience_avg_gpa,3.19,2.72
ssc,108058,2011,nonscience_examinee_total,28,34
ssc,108058,2011,nonscience_examinee_passed,27,33
ssc,108058,2012,science_examinee_total,,2
ssc,108058,2012,science_examinee_passed,,2
ssc,108058,2012,nonscience_examinee_total,17,18
ssc,108058,2012,nonscience_examinee_passed,16,17
ssc,108058,2014,nonscience_examinee_total,55,63
ssc,108058,2014,nonscience_examinee_passed,53,61
ssc,108058,2015,nonscience_examinee_total,,87
ssc,108058,2015,nonscience_examinee_passed,,84
ssc,108058,2016,nonscience_examinee_total,107,108
ssc,108058,2017,nonscience_examinee_total,121,123
ssc,108058,2017,nonscience_avg_gpa,3.58,3.53
ssc,108058,2018,nonscience_examinee_total,,111
ssc,108058,2018,nonscience_examinee_passed,,99
ssc,108058,2018,nonscience_avg_gpa,3.12,3.09
ssc,108058,2019,nonscience_examinee_total,,129
ssc,108058,2019,nonscience_examinee_passed,,112
ssc,108058,2019,nonscience_avg_gpa,2.99,2.97
ssc,108058,2020,science_avg_gpa,3.85,3.73
ssc,108058,2020,nonscience_examinee_total,,158
ssc,108058,2020,nonscience_examinee_passed,,131
ssc,108058,2020,nonscience_avg_gpa,3.05,3.03
ssc,108058,2021,nonscience_avg_gpa,3.2,3.18
ssc,108058,2022,science_avg_gpa,4.39,4.29
ssc,108058,2022,nonscience_examinee_total,100,112
ssc,108058,2022,nonscience_examinee_passed,91,101
ssc,108058,2022,nonscience_avg_gpa,3.28,3.25
ssc,108058,2023,nonscience_examinee_total,,158
ssc,108058,2023,nonscience_examinee_passed,,116
ssc,108058,2023,nonscience_avg_gpa,2.52,2.5
ssc,108058,2024,nonscience_examinee_total,,135
ssc,108058,2024,nonscience_examinee_passed,,120
ssc,108058,2025,science_avg_gpa,3.31,3.27
ssc,108058,2025,nonscience_examinee_total,,168
ssc,108058,2025,nonscience_examinee_passed,,110
ssc,108058,2025,nonscience_avg_gpa,2.29,2.24
ssc,108058,2026,science_avg_gpa,3.4,3.37
ssc,108058,2026,nonscience_examinee_total,131,149
ssc,108058,2026,nonscience_examinee_passed,91,105
ssc,108058,2026,nonscience_avg_gpa,2.32,2.27
ssc,108378,2011,science_examinee_total,,6
ssc,108378,2011,science_examinee_passed,,3
ssc,108378,2011,nonscience_examinee_total,,96
ssc,108378,2011,nonscience_examinee_passed,,77
ssc,108378,2012,science_examinee_total,,5
ssc,108378,2012,science_examinee_passed,,5
ssc,108378,2012,nonscience_examinee_total,,81
ssc,108378,2012,nonscience_examinee_passed,,75
ssc,108378,2013,science_examinee_total,,4
ssc,108378,2013,science_examinee_passed,,3
ssc,108378,2013,nonscience_examinee_total,,74
ssc,108378,2013,nonscience_examinee_passed,,54
ssc,108378,2014,science_examinee_total,,2
ssc,108378,2014,science_examinee_passed,,2
ssc,108378,2014,nonscience_examinee_total,67,75
ssc,108378,2014,nonscience_examinee_passed,66,73
ssc,108378,2015,science_examinee_total,,2
ssc,108378,2015,science_examinee_passed,,2
ssc,108378,2015,nonscience_examinee_total,52,62
ssc,108378,2015,nonscience_examinee_passed,36,40
ssc,108378,2016,science_examinee_total,,2
ssc,108378,2016,science_avg_gpa,,0.0
ssc,108378,2016,nonscience_examinee_total,,97
ssc,108378,2016,nonscience_examinee_passed,,81
ssc,108378,2016,nonscience_avg_gpa,2.96,2.93
ssc,108378,2017,nonscience_examinee_total,,97
ssc,108378,2017,nonscience_examinee_passed,,85
ssc,108378,2018,science_examinee_total,,3
ssc,108378,2018,science_avg_gpa,,0.0
ssc,108378,2018,nonscience_examinee_total,,90
ssc,108378,2018,nonscience_examinee_passed,,74
ssc,108378,2019,science_examinee_total,,18
ssc,108378,2019,science_examinee_passed,,18
ssc,108378,2019,nonscience_examinee_total,,85
ssc,108378,2019,nonscience_examinee_passed,,54
ssc,108378,2020,nonscience_examinee_total,,73
ssc,108378,2020,nonscience_examinee_passed,,55
ssc,108378,2020,nonscience_avg_gpa,2.33,2.29
ssc,108378,2021,science_examinee_total,,6
ssc,108378,2021,science_examinee_passed,,6
ssc,108378,2021,nonscience_examinee_total,,52
ssc,108378,2021,nonscience_examinee_passed,,49
ssc,108378,2021,nonscience_avg_gpa,3.05,2.93
ssc,108378,2022,science_examinee_total,,4
ssc,108378,2022,science_examinee_passed,,4
ssc,108378,2022,nonscience_examinee_total,,72
ssc,108378,2022,nonscience_examinee_passed,,64
ssc,108378,2023,nonscience_examinee_total,,75
ssc,108378,2023,nonscience_examinee_passed,,33
ssc,108378,2023,nonscience_avg_gpa,1.53,1.51
ssc,108378,2024,science_avg_gpa,3.59,3.41
ssc,108378,2024,nonscience_examinee_total,,68
ssc,108378,2024,nonscience_examinee_passed,,40
ssc,108378,2025,nonscience_examinee_total,,77
ssc,108378,2025,nonscience_examinee_passed,,51
ssc,108378,2026,nonscience_examinee_total,,53
ssc,108378,2026,nonscience_examinee_passed,,24
ssc,108378,2026,nonscience_avg_gpa,1.46,1.4
ssc,130916,2015,nonscience_examinee_total,,39
ssc,130916,2015,nonscience_examinee_passed,,39
ssc,130916,2016,nonscience_examinee_total,,49
ssc,130916,2016,nonscience_examinee_passed,,48
ssc,130916,2016,nonscience_avg_gpa,4.21,4.12
ssc,130916,2018,nonscience_examinee_total,39,48
ssc,130916,2018,nonscience_examinee_passed,38,47
ssc,130916,2019,nonscience_examinee_total,,70
ssc,130916,2019,nonscience_examinee_passed,,70
ssc,130916,2020,nonscience_examinee_total,36,40
ssc,130916,2020,nonscience_examinee_passed,36,40
ssc,130916,2022,nonscience_avg_gpa,4.52,4.46
ssc,130916,2025,science_avg_gpa,4.88,4.64
ssc,130916,2025,nonscience_examinee_total,39,43
ssc,130916,2025,nonscience_examinee_passed,39,43
ssc,130916,2026,nonscience_examinee_total,22,32
ssc,130916,2026,nonscience_examinee_passed,22,32
ssc,107824,2011,nonscience_examinee_total,53,63
ssc,107824,2011,nonscience_examinee_passed,52,62
ssc,107824,2011,nonscience_avg_gpa,4.36,4.29
ssc,107824,2012,nonscience_examinee_total,45,60
ssc,107824,2012,nonscience_examinee_passed,45,60
ssc,107824,2013,nonscience_examinee_total,,78
ssc,107824,2013,nonscience_examinee_passed,,65
ssc,107824,2014,nonscience_examinee_total,60,69
ssc,107824,2014,nonscience_examinee_passed,60,68
ssc,107824,2015,nonscience_examinee_total,,93
ssc,107824,2015,nonscience_examinee_passed,,90
ssc,107824,2016,nonscience_examinee_total,88,93
ssc,107824,2016,nonscience_examinee_passed,84,89
ssc,107824,2017,nonscience_examinee_total,60,72
ssc,107824,2017,nonscience_examinee_passed,60,71
ssc,107824,2018,nonscience_examinee_total,,98
ssc,107824,2018,nonscience_examinee_passed,,58
ssc,107824,2019,nonscience_examinee_total,,97
ssc,107824,2019,nonscience_examinee_passed,,90
ssc,107824,2020,nonscience_examinee_total,,64
ssc,107824,2020,nonscience_examinee_passed,,63
ssc,107824,2021,nonscience_examinee_total,55,80
ssc,107824,2021,nonscience_examinee_passed,51,73
ssc,107824,2021,nonscience_avg_gpa,3.23,3.15
ssc,107824,2022,nonscience_examinee_total,,56
ssc,107824,2022,nonscience_examinee_passed,,54
ssc,107824,2023,nonscience_examinee_total,,61
ssc,107824,2023,nonscience_examinee_passed,,51
ssc,107824,2024,nonscience_examinee_total,38,46
ssc,107824,2024,nonscience_examinee_passed,38,45
ssc,107824,2025,nonscience_examinee_total,,44
ssc,107824,2025,nonscience_examinee_passed,,23
ssc,107824,2025,nonscience_avg_gpa,1.75,1.71
ssc,107824,2026,science_examinee_total,,12
ssc,107824,2026,science_examinee_passed,,12
ssc,107824,2026,nonscience_examinee_total,,57
ssc,107824,2026,nonscience_examinee_passed,,49
ssc,107820,2011,science_examinee_total,,4
ssc,107820,2011,science_examinee_passed,,3
ssc,107820,2011,nonscience_examinee_total,,65
ssc,107820,2011,nonscience_examinee_passed,,57
ssc,107820,2012,science_examinee_total,,4
ssc,107820,2012,science_examinee_passed,,4
ssc,107820,2012,nonscience_examinee_total,87,134
ssc,107820,2012,nonscience_examinee_passed,81,117
ssc,107820,2013,science_examinee_total,,3
ssc,107820,2013,science_examinee_passed,,3
ssc,107820,2013,nonscience_examinee_total,,91
ssc,107820,2013,nonscience_examinee_passed,,53
ssc,107820,2014,nonscience_examinee_total,,134
ssc,107820,2014,nonscience_examinee_passed,,115
ssc,107820,2014,nonscience_avg_gpa,3.01,2.97
ssc,107820,2015,science_examinee_total,,8
ssc,107820,2015,science_examinee_passed,,8
ssc,107820,2015,nonscience_examinee_total,64,108
ssc,107820,2015,nonscience_examinee_passed,61,102
ssc,107820,2015,nonscience_avg_gpa,3.2,3.17
ssc,107820,2016,science_examinee_total,,14
ssc,107820,2016,science_examinee_passed,,13
ssc,107820,2016,nonscience_examinee_total,,87
ssc,107820,2016,nonscience_examinee_passed,,72
ssc,107820,2016,nonscience_avg_gpa,2.76,2.7
ssc,107820,2017,nonscience_examinee_total,,111
ssc,107820,2017,nonscience_examinee_passed,,102
ssc,107820,2017,nonscience_avg_gpa,3.47,3.44
ssc,107820,2018,science_examinee_total,,18
ssc,107820,2018,science_examinee_passed,,18
ssc,107820,2018,nonscience_examinee_total,,125
ssc,107820,2018,nonscience_examinee_passed,,74
ssc,107820,2018,nonscience_avg_gpa,2.07,2.05
ssc,107820,2019,science_examinee_total,,12
ssc,107820,2019,science_examinee_passed,,10
ssc,107820,2019,nonscience_examinee_total,,153
ssc,107820,2019,nonscience_examinee_passed,,124
ssc,107820,2019,nonscience_avg_gpa,2.62,2.6
ssc,107820,2020,nonscience_examinee_total,,177
ssc,107820,2020,nonscience_examinee_passed,,167
ssc,107820,2021,nonscience_examinee_total,,218
ssc,107820,2021,nonscience_examinee_passed,,185
ssc,107820,2021,nonscience_avg_gpa,2.75,2.68
ssc,107820,2022,nonscience_examinee_total,65,222
ssc,107820,2022,nonscience_examinee_passed,55,203
ssc,107820,2022,nonscience_avg_gpa,3.3,3.23
ssc,107820,2023,science_avg_gpa,3.99,3.9
ssc,107820,2023,nonscience_examinee_total,,199
ssc,107820,2023,nonscience_examinee_passed,,147
ssc,107820,2023,nonscience_avg_gpa,2.42,2.39
ssc,107820,2024,nonscience_examinee_total,118,188
ssc,107820,2024,nonscience_examinee_passed,113,180
ssc,107820,2024,nonscience_avg_gpa,3.52,3.5
ssc,107820,2025,science_avg_gpa,3.28,3.2
ssc,107820,2025,nonscience_examinee_total,,124
ssc,107820,2025,nonscience_examinee_passed,,65
ssc,107820,2025,nonscience_avg_gpa,1.81,1.78
ssc,107820,2026,science_avg_gpa,3.87,3.79
ssc,107820,2026,nonscience_examinee_total,,146
ssc,107820,2026,nonscience_examinee_passed,,132
ssc,107820,2026,nonscience_avg_gpa,2.88,2.84
ssc,107840,2011,nonscience_examinee_total,63,85
ssc,107840,2011,nonscience_examinee_passed,62,82
ssc,107840,2011,nonscience_avg_gpa,3.84,3.79
ssc,107840,2012,nonscience_examinee_total,133,163
ssc,107840,2012,nonscience_examinee_passed,129,159
ssc,107840,2013,nonscience_examinee_total,,120
ssc,107840,2013,nonscience_examinee_passed,,109
ssc,107840,2013,nonscience_avg_gpa,3.36,3.27
ssc,107840,2014,nonscience_examinee_total,130,150
ssc,107840,2014,nonscience_examinee_passed,121,139
ssc,107840,2014,nonscience_avg_gpa,3.46,3.43
ssc,107840,2015,science_avg_gpa,4.14,4.05
ssc,107840,2015,nonscience_examinee_total,,113
ssc,107840,2015,nonscience_examinee_passed,,110
ssc,107840,2016,nonscience_examinee_total,,119
ssc,107840,2016,nonscience_examinee_passed,,110
ssc,107840,2017,nonscience_examinee_total,25,141
ssc,107840,2017,nonscience_examinee_passed,22,126
ssc,107840,2018,nonscience_examinee_total,,102
ssc,107840,2018,nonscience_examinee_passed,,90
ssc,107840,2019,nonscience_examinee_total,,141
ssc,107840,2019,nonscience_examinee_passed,,97
ssc,107840,2020,nonscience_examinee_total,,174
ssc,107840,2020,nonscience_examinee_passed,,149
ssc,107840,2021,science_avg_gpa,4.15,4.1
ssc,107840,2021,nonscience_avg_gpa,3.3,3.21
ssc,107840,2022,nonscience_examinee_total,156,266
ssc,107840,2022,nonscience_examinee_passed,124,214
ssc,107840,2022,nonscience_avg_gpa,2.87,2.83
ssc,107840,2023,nonscience_examinee_total,111,174
ssc,107840,2023,nonscience_examinee_passed,99,137
ssc,107840,2024,nonscience_examinee_total,,187
ssc,107840,2024,nonscience_examinee_passed,,161
ssc,107840,2025,nonscience_examinee_total,102,140
ssc,107840,2025,nonscience_examinee_passed,59,75
ssc,107840,2026,nonscience_examinee_total,,122
ssc,107840,2026,nonscience_examinee_passed,,82
ssc,107823,2011,nonscience_examinee_total,139,156
ssc,107823,2011,nonscience_examinee_passed,138,155
ssc,107823,2013,science_avg_gpa,4.71,4.68
ssc,107823,2013,nonscience_examinee_total,236,251
ssc,107823,2013,nonscience_examinee_passed,235,250
ssc,107823,2014,nonscience_examinee_total,230,240
ssc,107823,2014,nonscience_examinee_passed,229,239
ssc,107823,2014,nonscience_avg_gpa,4.34,4.32
ssc,107823,2015,nonscience_examinee_total,,220
ssc,107823,2015,nonscience_examinee_passed,,214
ssc,107823,2016,nonscience_examinee_total,189,249
ssc,107823,2016,nonscience_examinee_passed,188,239
ssc,107823,2017,nonscience_examinee_total,226,293
ssc,107823,2017,nonscience_examinee_passed,223,276
ssc,107823,2018,nonscience_examinee_total,203,287
ssc,107823,2018,nonscience_examinee_passed,193,268
ssc,107823,2018,nonscience_avg_gpa,3.54,3.52
ssc,107823,2019,nonscience_examinee_total,171,248
ssc,107823,2019,nonscience_examinee_passed,151,225
ssc,107823,2020,nonscience_examinee_total,188,285
ssc,107823,2020,nonscience_examinee_passed,177,255
ssc,107823,2021,science_avg_gpa,4.6,4.58
ssc,107823,2021,nonscience_avg_gpa,3.65,3.6
ssc,107823,2022,nonscience_avg_gpa,3.41,3.37
ssc,107823,2023,nonscience_avg_gpa,3.03,3.01
ssc,107823,2025,nonscience_examinee_total,275,352
ssc,107823,2025,nonscience_examinee_passed,205,245
ssc,107823,2025,nonscience_avg_gpa,2.65,2.63
ssc,107827,2011,nonscience_examinee_total,98,112
ssc,107827,2011,nonscience_examinee_passed,80,92
ssc,107827,2012,science_examinee_total,,7
ssc,107827,2012,science_examinee_passed,,6
ssc,107827,2012,nonscience_examinee_total,,94
ssc,107827,2012,nonscience_examinee_passed,,72
ssc,107827,2013,nonscience_examinee_total,,89
ssc,107827,2013,nonscience_examinee_passed,,64
ssc,107827,2013,nonscience_avg_gpa,2.48,2.42
ssc,107827,2014,science_examinee_total,,7
ssc,107827,2014,science_examinee_passed,,7
ssc,107827,2014,nonscience_examinee_total,99,133
ssc,107827,2014,nonscience_examinee_passed,95,129
ssc,107827,2015,science_examinee_total,,2
ssc,107827,2015,science_examinee_passed,,2
ssc,107827,2015,nonscience_examinee_total,,69
ssc,107827,2015,nonscience_examinee_passed,,61
ssc,107827,2016,nonscience_examinee_total,,62
ssc,107827,2016,nonscience_examinee_passed,,47
ssc,107827,2017,science_examinee_total,,3
ssc,107827,2017,science_examinee_passed,,3
ssc,107827,2017,nonscience_examinee_total,,57
ssc,107827,2017,nonscience_examinee_passed,,55
ssc,107827,2018,nonscience_examinee_total,,47
ssc,107827,2018,nonscience_examinee_passed,,43
ssc,107827,2019,science_examinee_total,,1
ssc,107827,2019,science_examinee_passed,,1
ssc,107827,2019,nonscience_examinee_total,,65
ssc,107827,2019,nonscience_examinee_passed,,62
ssc,107827,2020,science_examinee_total,,1
ssc,107827,2020,science_examinee_passed,,1
ssc,107827,2020,nonscience_examinee_total,,98
ssc,107827,2020,nonscience_examinee_passed,,88
ssc,107827,2021,science_examinee_total,,4
ssc,107827,2021,science_examinee_passed,,4
ssc,107827,2021,nonscience_examinee_total,,92
ssc,107827,2021,nonscience_examinee_passed,,86
ssc,107827,2022,science_examinee_total,,5
ssc,107827,2022,science_examinee_passed,,5
ssc,107827,2022,nonscience_examinee_total,74,87
ssc,107827,2022,nonscience_examinee_passed,69,82
ssc,107827,2023,nonscience_examinee_total,,129
ssc,107827,2023,nonscience_examinee_passed,,104
ssc,107827,2024,nonscience_examinee_total,101,122
ssc,107827,2024,nonscience_examinee_passed,98,119
ssc,107827,2024,nonscience_avg_gpa,3.7,3.67
ssc,107827,2025,nonscience_examinee_total,102,146
ssc,107827,2025,nonscience_examinee_passed,70,92
ssc,107827,2025,nonscience_avg_gpa,2.24,2.19
ssc,107827,2026,science_examinee_total,,42
ssc,107827,2026,science_examinee_passed,,40
ssc,107827,2026,nonscience_examinee_total,,150
ssc,107827,2026,nonscience_examinee_passed,,127
ssc,107827,2026,nonscience_avg_gpa,2.8,2.75
ssc,108132,2011,nonscience_examinee_total,133,173
ssc,108132,2011,nonscience_examinee_passed,113,137
ssc,108132,2012,nonscience_examinee_total,,184
ssc,108132,2012,nonscience_examinee_passed,,136
ssc,108132,2013,nonscience_avg_gpa,3.44,3.4
ssc,108132,2014,nonscience_avg_gpa,3.38,3.31
ssc,108132,2015,nonscience_examinee_total,,151
ssc,108132,2015,nonscience_examinee_passed,,132
ssc,108132,2015,nonscience_avg_gpa,3.21,3.19
ssc,108132,2016,nonscience_examinee_total,126,176
ssc,108132,2016,nonscience_examinee_passed,122,164
ssc,108132,2017,nonscience_examinee_total,111,161
ssc,108132,2017,nonscience_examinee_passed,100,134
ssc,108132,2018,nonscience_examinee_total,119,178
ssc,108132,2018,nonscience_examinee_passed,110,158
ssc,108132,2018,nonscience_avg_gpa,3.28,3.26
ssc,108132,2019,nonscience_examinee_total,143,208
ssc,108132,2019,nonscience_examinee_passed,125,171
ssc,108132,2019,nonscience_avg_gpa,2.87,2.85
ssc,108132,2020,nonscience_examinee_total,114,181
ssc,108132,2020,nonscience_examinee_passed,107,156
ssc,108132,2021,nonscience_examinee_total,122,221
ssc,108132,2021,nonscience_examinee_passed,121,211
ssc,108132,2023,nonscience_avg_gpa,3.16,3.14
ssc,108132,2024,nonscience_examinee_total,,188
ssc,108132,2024,nonscience_examinee_passed,,153
ssc,108132,2025,nonscience_examinee_total,114,175
ssc,108132,2025,nonscience_examinee_passed,81,125
ssc,108132,2025,nonscience_avg_gpa,2.59,2.55
ssc,108132,2026,science_avg_gpa,4.17,4.1
ssc,108132,2026,nonscience_examinee_total,106,157
ssc,108132,2026,nonscience_examinee_passed,85,123
ssc,108126,2011,science_examinee_total,,6
ssc,108126,2011,science_examinee_passed,,5
ssc,108126,2011,nonscience_examinee_total,,83
ssc,108126,2011,nonscience_examinee_passed,,60
ssc,108126,2012,science_examinee_total,,5
ssc,108126,2012,science_examinee_passed,,3
ssc,108126,2012,nonscience_examinee_total,,73
ssc,108126,2012,nonscience_examinee_passed,,56
ssc,108126,2012,nonscience_avg_gpa,2.34,2.3
ssc,108126,2013,science_examinee_total,,3
ssc,108126,2013,science_examinee_passed,,2
ssc,108126,2013,science_avg_gpa,3.03,2.02
ssc,108126,2013,nonscience_examinee_total,,63
ssc,108126,2013,nonscience_examinee_passed,,45
ssc,108126,2013,nonscience_avg_gpa,2.11,1.98
ssc,108126,2014,science_examinee_total,,3
ssc,108126,2014,science_examinee_passed,,1
ssc,108126,2014,nonscience_examinee_total,,70
ssc,108126,2014,nonscience_examinee_passed,,53
ssc,108126,2015,science_examinee_total,,4
ssc,108126,2015,science_examinee_passed,,3
ssc,108126,2015,nonscience_examinee_total,,75
ssc,108126,2015,nonscience_examinee_passed,,66
ssc,108126,2015,nonscience_avg_gpa,2.87,2.83
ssc,108126,2016,science_examinee_total,,5
ssc,108126,2016,science_examinee_passed,,4
ssc,108126,2016,nonscience_examinee_total,,136
ssc,108126,2016,nonscience_examinee_passed,,90
ssc,108126,2017,science_examinee_total,,3
ssc,108126,2017,science_examinee_passed,,2
ssc,108126,2017,nonscience_examinee_total,,150
ssc,108126,2017,nonscience_examinee_passed,,105
ssc,108126,2018,science_examinee_total,,9
ssc,108126,2018,science_examinee_passed,,7
ssc,108126,2018,science_avg_gpa,3.47,3.09
ssc,108126,2018,nonscience_examinee_total,,199
ssc,108126,2018,nonscience_examinee_passed,,123
ssc,108126,2018,nonscience_avg_gpa,2.08,1.99
ssc,108126,2019,science_examinee_total,,13
ssc,108126,2019,science_examinee_passed,,12
ssc,108126,2019,nonscience_examinee_total,,178
ssc,108126,2019,nonscience_examinee_passed,,68
ssc,108126,2020,science_examinee_total,,22
ssc,108126,2020,science_examinee_passed,,18
ssc,108126,2020,nonscience_examinee_total,,225
ssc,108126,2020,nonscience_examinee_passed,,117
ssc,108126,2021,nonscience_examinee_total,,392
ssc,108126,2021,nonscience_examinee_passed,,335
ssc,108126,2021,nonscience_avg_gpa,2.44,2.42
ssc,108126,2022,nonscience_examinee_total,,280
ssc,108126,2022,nonscience_examinee_passed,,197
ssc,108126,2022,nonscience_avg_gpa,2.08,2.05
ssc,108126,2023,science_examinee_total,,35
ssc,108126,2023,science_examinee_passed,,25
ssc,108126,2023,science_avg_gpa,2.76,2.68
ssc,108126,2023,nonscience_examinee_total,,211
ssc,108126,2023,nonscience_examinee_passed,,72
ssc,108126,2023,nonscience_avg_gpa,1,0.97
ssc,108126,2024,science_avg_gpa,3.42,3.34
ssc,108126,2024,nonscience_examinee_total,,228
ssc,108126,2024,nonscience_examinee_passed,,146
ssc,108126,2025,nonscience_examinee_total,,154
ssc,108126,2025,nonscience_examinee_passed,,52
ssc,108126,2026,science_examinee_total,,16
ssc,108126,2026,science_examinee_passed,,9
ssc,108126,2026,science_avg_gpa,2.63,2.3
ssc,108126,2026,nonscience_examinee_total,,141
ssc,108126,2026,nonscience_examinee_passed,,72
ssc,108126,2026,nonscience_avg_gpa,1.61,1.58
ssc,108128,2011,nonscience_examinee_total,,39
ssc,108128,2011,nonscience_examinee_passed,,37
ssc,108128,2012,science_examinee_total,,11
ssc,108128,2012,science_examinee_passed,,11
ssc,108128,2012,nonscience_examinee_total,,44
ssc,108128,2012,nonscience_examinee_passed,,39
ssc,108128,2012,nonscience_avg_gpa,3.05,2.98
ssc,108128,2013,science_examinee_total,,4
ssc,108128,2013,science_examinee_passed,,3
ssc,108128,2013,nonscience_examinee_total,39,42
ssc,108128,2013,nonscience_examinee_passed,26,28
ssc,108128,2014,science_examinee_total,,12
ssc,108128,2014,science_examinee_passed,,9
ssc,108128,2014,nonscience_examinee_total,94,95
ssc,108128,2015,nonscience_examinee_total,,67
ssc,108128,2015,nonscience_examinee_passed,,60
ssc,108128,2016,science_avg_gpa,4.23,4.03
ssc,108128,2016,nonscience_examinee_total,,115
ssc,108128,2016,nonscience_examinee_passed,,86
ssc,108128,2017,nonscience_examinee_total,91,103
ssc,108128,2017,nonscience_examinee_passed,86,97
ssc,108128,2018,nonscience_examinee_total,124,136
ssc,108128,2018,nonscience_examinee_passed,85,95
ssc,108128,2018,nonscience_avg_gpa,2.41,2.39
ssc,108128,2019,science_examinee_total,,12
ssc,108128,2019,science_examinee_passed,,11
ssc,108128,2019,nonscience_examinee_total,91,106
ssc,108128,2019,nonscience_examinee_passed,73,81
ssc,108128,2020,science_examinee_total,,8
ssc,108128,2020,science_examinee_passed,,6
ssc,108128,2020,nonscience_examinee_total,,96
ssc,108128,2020,nonscience_examinee_passed,,83
ssc,108128,2021,nonscience_examinee_total,,124
ssc,108128,2021,nonscience_examinee_passed,,112
ssc,108128,2021,nonscience_avg_gpa,2.86,2.77
ssc,108128,2022,nonscience_examinee_total,60,83
ssc,108128,2022,nonscience_examinee_passed,53,71
ssc,108128,2022,nonscience_avg_gpa,3.09,3.02
ssc,108128,2023,nonscience_examinee_total,60,86
ssc,108128,2023,nonscience_examinee_passed,55,73
ssc,108128,2024,nonscience_examinee_total,,76
ssc,108128,2024,nonscience_examinee_passed,,56
ssc,108128,2025,science_examinee_total,,16
ssc,108128,2025,science_examinee_passed,,16
ssc,108128,2025,nonscience_examinee_total,,79
ssc,108128,2025,nonscience_examinee_passed,,38
ssc,108128,2025,nonscience_avg_gpa,1.62,1.6
ssc,108128,2026,nonscience_examinee_total,67,85
ssc,108128,2026,nonscience_examinee_passed,46,61
ssc,108133,2011,nonscience_examinee_total,,86
ssc,108133,2011,nonscience_examinee_passed,,78
ssc,108133,2012,science_examinee_total,,34
ssc,108133,2012,science_examinee_passed,,30
ssc,108133,2012,science_avg_gpa,3.37,3.27
ssc,108133,2012,nonscience_examinee_total,,85
ssc,108133,2012,nonscience_examinee_passed,,71
ssc,108133,2012,nonscience_avg_gpa,2.61,2.55
ssc,108133,2013,science_examinee_total,,17
ssc,108133,2013,science_examinee_passed,,17
ssc,108133,2013,nonscience_examinee_total,,114
ssc,108133,2013,nonscience_examinee_passed,,104
ssc,108133,2013,nonscience_avg_gpa,2.99,2.94
ssc,108133,2014,nonscience_examinee_total,,79
ssc,108133,2014,nonscience_examinee_passed,,77
ssc,108133,2015,science_examinee_total,,14
ssc,108133,2015,science_examinee_passed,,14
ssc,108133,2015,nonscience_examinee_total,61,75
ssc,108133,2015,nonscience_examinee_passed,53,62
ssc,108133,2016,nonscience_examinee_total,,76
ssc,108133,2016,nonscience_examinee_passed,,62
ssc,108133,2017,science_examinee_total,,16
ssc,108133,2017,science_examinee_passed,,15
ssc,108133,2017,nonscience_examinee_total,,90
ssc,108133,2017,nonscience_examinee_passed,,84
ssc,108133,2018,nonscience_examinee_total,,100
ssc,108133,2018,nonscience_examinee_passed,,80
ssc,108133,2019,nonscience_examinee_total,,96
ssc,108133,2019,nonscience_examinee_passed,,83
ssc,108133,2020,nonscience_examinee_total,,92
ssc,108133,2020,nonscience_examinee_passed,,83
ssc,108133,2021,science_examinee_total,,12
ssc,108133,2021,science_examinee_passed,,11
ssc,108133,2021,science_avg_gpa,3.92,3.6
ssc,108133,2021,nonscience_examinee_total,,78
ssc,108133,2021,nonscience_examinee_passed,,75
ssc,108133,2022,nonscience_examinee_total,,72
ssc,108133,2022,nonscience_examinee_passed,,68
ssc,108133,2022,nonscience_avg_gpa,3.2,3.15
ssc,108133,2023,science_examinee_total,,23
ssc,108133,2023,science_examinee_passed,,22
ssc,108133,2023,nonscience_examinee_total,,37
ssc,108133,2023,nonscience_examinee_passed,,29
ssc,108133,2024,science_examinee_total,,10
ssc,108133,2024,science_examinee_passed,,8
ssc,108133,2024,nonscience_examinee_total,,56
ssc,108133,2024,nonscience_examinee_passed,,46
ssc,108133,2025,science_examinee_total,,14
ssc,108133,2025,science_examinee_passed,,14
ssc,108133,2025,nonscience_examinee_total,31,37
ssc,108133,2025,nonscience_examinee_passed,22,25
ssc,108133,2026,nonscience_examinee_total,,38
ssc,108133,2026,nonscience_examinee_passed,,34
ssc,108133,2026,nonscience_avg_gpa,2.98,2.82
ssc,108131,2012,science_examinee_total,,8
ssc,108131,2012,science_examinee_passed,,8
ssc,108131,2012,nonscience_examinee_total,,45
ssc,108131,2012,nonscience_examinee_passed,,29
ssc,108131,2013,science_examinee_total,,2
ssc,108131,2013,science_examinee_passed,,2
ssc,108131,2013,nonscience_examinee_total,,67
ssc,108131,2013,nonscience_examinee_passed,,41
ssc,108131,2014,nonscience_examinee_total,,87
ssc,108131,2014,nonscience_examinee_passed,,81
ssc,108131,2015,science_examinee_total,,6
ssc,108131,2015,science_examinee_passed,,6
ssc,108131,2015,nonscience_examinee_total,,57
ssc,108131,2015,nonscience_examinee_passed,,43
ssc,108131,2016,science_examinee_total,,2
ssc,108131,2016,science_examinee_passed,,2
ssc,108131,2016,nonscience_examinee_total,,81
ssc,108131,2016,nonscience_examinee_passed,,48
ssc,108131,2017,nonscience_examinee_total,,77
ssc,108131,2017,nonscience_examinee_passed,,52
ssc,108131,2017,nonscience_avg_gpa,2.34,2.31
ssc,108131,2018,science_examinee_total,,11
ssc,108131,2018,science_examinee_passed,,11
ssc,108131,2018,nonscience_examinee_total,,78
ssc,108131,2018,nonscience_examinee_passed,,54
ssc,108131,2019,science_examinee_total,,6
ssc,108131,2019,science_examinee_passed,,6
ssc,108131,2019,nonscience_examinee_total,,88
ssc,108131,2019,nonscience_examinee_passed,,57
ssc,108131,2020,science_examinee_total,,3
ssc,108131,2020,science_examinee_passed,,3
ssc,108131,2020,nonscience_examinee_total,,51
ssc,108131,2020,nonscience_examinee_passed,,37
ssc,108131,2021,science_examinee_total,,10
ssc,108131,2021,science_examinee_passed,,6
ssc,108131,2021,nonscience_examinee_total,,67
ssc,108131,2021,nonscience_examinee_passed,,61
ssc,108131,2021,nonscience_avg_gpa,2.7,2.66
ssc,108131,2022,science_examinee_total,,10
ssc,108131,2022,science_examinee_passed,,8
ssc,108131,2022,nonscience_examinee_total,,39
ssc,108131,2022,nonscience_examinee_passed,,36
ssc,108131,2023,science_examinee_total,,7
ssc,108131,2023,science_examinee_passed,,7
ssc,108131,2023,nonscience_examinee_total,,58
ssc,108131,2023,nonscience_examinee_passed,,30
ssc,108131,2024,science_examinee_total,,5
ssc,108131,2024,science_examinee_passed,,5
ssc,108131,2024,nonscience_examinee_total,,61
ssc,108131,2024,nonscience_examinee_passed,,55
ssc,108131,2025,science_examinee_total,,2
ssc,108131,2025,science_examinee_passed,,1
ssc,108131,2025,nonscience_examinee_total,,38
ssc,108131,2025,nonscience_examinee_passed,,9
ssc,108131,2026,science_avg_gpa,3.15,2.83
ssc,108131,2026,nonscience_examinee_total,44,52
ssc,108131,2026,nonscience_examinee_passed,9,10
ssc,108135,2011,nonscience_examinee_total,82,94
ssc,108135,2011,nonscience_examinee_passed,78,90
ssc,108135,2012,nonscience_examinee_total,77,97
ssc,108135,2012,nonscience_examinee_passed,77,96
ssc,108135,2013,nonscience_examinee_total,74,87
ssc,108135,2013,nonscience_examinee_passed,74,87
ssc,108135,2014,nonscience_examinee_total,77,112
ssc,108135,2014,nonscience_examinee_passed,77,112
ssc,108135,2015,nonscience_examinee_total,86,107
ssc,108135,2015,nonscience_examinee_passed,82,100
ssc,108135,2016,nonscience_examinee_total,88,108
ssc,108135,2016,nonscience_examinee_passed,87,107
ssc,108135,2017,nonscience_examinee_total,114,156
ssc,108135,2017,nonscience_examinee_passed,106,146
ssc,108135,2017,nonscience_avg_gpa,3.81,3.78
ssc,108135,2018,nonscience_examinee_total,,100
ssc,108135,2018,nonscience_examinee_passed,,100
ssc,108135,2019,nonscience_examinee_total,,145
ssc,108135,2019,nonscience_examinee_passed,,118
ssc,108135,2020,nonscience_examinee_total,91,118
ssc,108135,2020,nonscience_examinee_passed,85,110
ssc,108135,2021,science_examinee_total,,29
ssc,108135,2021,science_examinee_passed,,28
ssc,108135,2021,nonscience_examinee_total,92,142
ssc,108135,2021,nonscience_examinee_passed,83,130
ssc,108135,2021,nonscience_avg_gpa,3.23,3.11
ssc,108135,2022,nonscience_avg_gpa,3.67,3.59
ssc,108135,2023,nonscience_examinee_total,,114
ssc,108135,2023,nonscience_examinee_passed,,101
ssc,108135,2023,nonscience_avg_gpa,3.13,3.1
ssc,108135,2024,science_avg_gpa,4.6,4.45
ssc,108135,2024,nonscience_examinee_total,83,124
ssc,108135,2024,nonscience_examinee_passed,81,118
ssc,108135,2025,nonscience_examinee_total,,113
ssc,108135,2025,nonscience_examinee_passed,,109
ssc,108135,2025,nonscience_avg_gpa,3.65,3.59
ssc,108135,2026,nonscience_examinee_total,,84
ssc,108135,2026,nonscience_examinee_passed,,63
ssc,108135,2026,nonscience_avg_gpa,2.66,2.62
ssc,108123,2011,science_examinee_total,,1
ssc,108123,2011,science_examinee_passed,,1
ssc,108123,2011,nonscience_examinee_total,,23
ssc,108123,2011,nonscience_examinee_passed,,16
ssc,108123,2011,nonscience_avg_gpa,2.33,2.23
ssc,108123,2012,nonscience_examinee_total,,31
ssc,108123,2012,nonscience_examinee_passed,,16
ssc,108123,2012,nonscience_avg_gpa,1.44,1.39
ssc,108123,2013,nonscience_examinee_total,,31
ssc,108123,2013,nonscience_examinee_passed,,25
ssc,108123,2013,nonscience_avg_gpa,2.64,2.47
ssc,108123,2014,nonscience_examinee_total,,14
ssc,108123,2014,nonscience_examinee_passed,,12
ssc,108123,2014,nonscience_avg_gpa,3.01,2.8
ssc,108123,2015,nonscience_examinee_total,,26
ssc,108123,2015,nonscience_examinee_passed,,26
ssc,108123,2016,science_examinee_total,,2
ssc,108123,2016,science_examinee_passed,,2
ssc,108123,2016,nonscience_examinee_total,,19
ssc,108123,2016,nonscience_examinee_passed,,12
ssc,108123,2017,science_examinee_total,,5
ssc,108123,2017,science_examinee_passed,,5
ssc,108123,2017,nonscience_examinee_total,,19
ssc,108123,2017,nonscience_examinee_passed,,18
ssc,108123,2018,science_examinee_total,,2
ssc,108123,2018,science_examinee_passed,,2
ssc,108123,2018,nonscience_examinee_total,,21
ssc,108123,2018,nonscience_examinee_passed,,19
ssc,108123,2019,nonscience_examinee_total,,18
ssc,108123,2019,nonscience_examinee_passed,,16
ssc,108123,2020,science_examinee_total,,3
ssc,108123,2020,science_examinee_passed,,3
ssc,108123,2020,nonscience_examinee_total,,13
ssc,108123,2020,nonscience_examinee_passed,,13
ssc,108123,2021,science_examinee_total,,5
ssc,108123,2021,science_examinee_passed,,5
ssc,108123,2021,nonscience_examinee_total,,19
ssc,108123,2021,nonscience_examinee_passed,,18
ssc,108123,2021,nonscience_avg_gpa,3.04,2.88
ssc,108123,2022,science_examinee_total,,4
ssc,108123,2022,science_avg_gpa,,0.0
ssc,108123,2022,nonscience_examinee_total,,21
ssc,108123,2022,nonscience_examinee_passed,,18
ssc,108123,2022,nonscience_avg_gpa,3.15,3.0
ssc,108123,2023,nonscience_examinee_total,,18
ssc,108123,2023,nonscience_examinee_passed,,7
ssc,108123,2023,nonscience_avg_gpa,1.54,1.37
ssc,108123,2024,science_examinee_total,,9
ssc,108123,2024,science_examinee_passed,,9
ssc,108123,2024,nonscience_examinee_total,,20
ssc,108123,2024,nonscience_examinee_passed,,16
ssc,108123,2025,nonscience_examinee_total,,18
ssc,108123,2025,nonscience_examinee_passed,,13
ssc,108123,2026,science_examinee_total,,12
ssc,108123,2026,science_examinee_passed,,10
ssc,108123,2026,nonscience_examinee_total,,22
ssc,108123,2026,nonscience_examinee_passed,,17
ssc,108127,2011,science_examinee_total,,23
ssc,108127,2011,science_examinee_passed,,19
ssc,108127,2011,nonscience_examinee_total,,70
ssc,108127,2011,nonscience_examinee_passed,,63
ssc,108127,2012,nonscience_examinee_total,,83
ssc,108127,2012,nonscience_examinee_passed,,68
ssc,108127,2012,nonscience_avg_gpa,2.95,2.91
ssc,108127,2013,nonscience_examinee_total,,84
ssc,108127,2013,nonscience_examinee_passed,,75
ssc,108127,2014,nonscience_examinee_total,86,103
ssc,108127,2014,nonscience_examinee_passed,82,98
ssc,108127,2015,science_examinee_total,,13
ssc,108127,2015,science_examinee_passed,,12
ssc,108127,2015,nonscience_examinee_total,,70
ssc,108127,2015,nonscience_examinee_passed,,66
ssc,108127,2015,nonscience_avg_gpa,3.33,3.29
ssc,108127,2016,science_examinee_total,,20
ssc,108127,2016,science_examinee_passed,,11
ssc,108127,2016,nonscience_examinee_total,,97
ssc,108127,2016,nonscience_examinee_passed,,72
ssc,108127,2017,nonscience_examinee_total,86,96
ssc,108127,2017,nonscience_examinee_passed,79,87
ssc,108127,2017,nonscience_avg_gpa,3.39,3.36
ssc,108127,2018,science_examinee_total,,19
ssc,108127,2018,science_examinee_passed,,18
ssc,108127,2018,nonscience_examinee_total,92,125
ssc,108127,2018,nonscience_examinee_passed,76,100
ssc,108127,2018,nonscience_avg_gpa,2.86,2.84
ssc,108127,2019,science_examinee_total,,35
ssc,108127,2019,science_examinee_passed,,30
ssc,108127,2019,nonscience_examinee_total,,183
ssc,108127,2019,nonscience_examinee_passed,,116
ssc,108127,2019,nonscience_avg_gpa,2.08,2.06
ssc,108127,2020,nonscience_examinee_total,,159
ssc,108127,2020,nonscience_examinee_passed,,153
ssc,108127,2021,nonscience_examinee_total,108,251
ssc,108127,2021,nonscience_examinee_passed,104,243
ssc,108127,2022,nonscience_examinee_total,101,156
ssc,108127,2022,nonscience_examinee_passed,94,144
ssc,108127,2023,nonscience_examinee_total,142,216
ssc,108127,2023,nonscience_examinee_passed,125,185
ssc,108127,2024,nonscience_examinee_total,180,240
ssc,108127,2024,nonscience_examinee_passed,169,215
ssc,108127,2025,science_avg_gpa,3.35,3.33
ssc,108127,2025,nonscience_examinee_total,188,248
ssc,108127,2025,nonscience_examinee_passed,101,124
ssc,108125,2011,science_examinee_total,,10
ssc,108125,2011,science_examinee_passed,,2
ssc,108125,2011,nonscience_examinee_total,104,147
ssc,108125,2011,nonscience_examinee_passed,69,89
ssc,108125,2011,nonscience_avg_gpa,1.97,1.92
ssc,108125,2012,science_examinee_total,,12
ssc,108125,2012,science_examinee_passed,,10
ssc,108125,2012,science_avg_gpa,3.02,2.77
ssc,108125,2012,nonscience_examinee_total,,120
ssc,108125,2012,nonscience_examinee_passed,,79
ssc,108125,2012,nonscience_avg_gpa,1.98,1.95
ssc,108125,2013,science_examinee_total,,4
ssc,108125,2013,science_examinee_passed,,2
ssc,108125,2013,nonscience_examinee_total,,69
ssc,108125,2013,nonscience_examinee_passed,,41
ssc,108125,2013,nonscience_avg_gpa,1.64,1.59
ssc,108125,2014,science_examinee_total,,3
ssc,108125,2014,science_examinee_passed,,2
ssc,108125,2014,nonscience_examinee_total,,63
ssc,108125,2014,nonscience_examinee_passed,,42
ssc,108125,2014,nonscience_avg_gpa,2.37,2.26
ssc,108125,2015,science_examinee_total,,1
ssc,108125,2015,science_examinee_passed,,1
ssc,108125,2015,nonscience_examinee_total,,60
ssc,108125,2015,nonscience_examinee_passed,,45
ssc,108125,2016,science_examinee_total,,5
ssc,108125,2016,science_examinee_passed,,5
ssc,108125,2016,nonscience_examinee_total,,59
ssc,108125,2016,nonscience_examinee_passed,,32
ssc,108125,2016,nonscience_avg_gpa,1.75,1.69
ssc,108125,2017,science_examinee_total,,2
ssc,108125,2017,science_examinee_passed,,1
ssc,108125,2017,nonscience_examinee_total,,83
ssc,108125,2017,nonscience_examinee_passed,,57
ssc,108125,2018,science_examinee_total,,2
ssc,108125,2018,science_examinee_passed,,1
ssc,108125,2018,science_avg_gpa,4.5,2.25
ssc,108125,2018,nonscience_examinee_total,,99
ssc,108125,2018,nonscience_examinee_passed,,60
ssc,108125,2018,nonscience_avg_gpa,1.95,1.93
ssc,108125,2019,science_examinee_total,,4
ssc,108125,2019,science_examinee_passed,,2
ssc,108125,2019,nonscience_examinee_total,,76
ssc,108125,2019,nonscience_examinee_passed,,22
ssc,108125,2020,science_examinee_total,,13
ssc,108125,2020,science_examinee_passed,,10
ssc,108125,2020,nonscience_examinee_total,,109
ssc,108125,2020,nonscience_examinee_passed,,45
ssc,108125,2021,science_examinee_total,,6
ssc,108125,2021,science_examinee_passed,,5
ssc,108125,2021,nonscience_examinee_total,,130
ssc,108125,2021,nonscience_examinee_passed,,120
ssc,108125,2022,science_examinee_total,,2
ssc,108125,2022,science_examinee_passed,,1
ssc,108125,2022,science_avg_gpa,3.17,1.58
ssc,108125,2022,nonscience_examinee_total,,79
ssc,108125,2022,nonscience_examinee_passed,,50
ssc,108125,2022,nonscience_avg_gpa,2,1.98
ssc,108125,2023,science_avg_gpa,3.86,3.22
ssc,108125,2023,nonscience_examinee_total,,161
ssc,108125,2023,nonscience_examinee_passed,,37
ssc,108125,2024,science_examinee_total,,8
ssc,108125,2024,science_examinee_passed,,3
ssc,108125,2024,science_avg_gpa,1.39,1.22
ssc,108125,2024,nonscience_examinee_total,,162
ssc,108125,2024,nonscience_examinee_passed,,65
ssc,108125,2024,nonscience_avg_gpa,1.22,1.19
ssc,108125,2025,science_avg_gpa,2.08,1.93
ssc,108125,2025,nonscience_examinee_total,,114
ssc,108125,2025,nonscience_examinee_passed,,24
ssc,108125,2026,science_examinee_total,,8
ssc,108125,2026,science_examinee_passed,,3
ssc,108125,2026,nonscience_examinee_total,28,96
ssc,108125,2026,nonscience_examinee_passed,13,35
ssc,108164,2011,nonscience_examinee_total,140,171
ssc,108164,2011,nonscience_examinee_passed,140,170
ssc,108164,2013,nonscience_examinee_total,164,185
ssc,108164,2013,nonscience_examinee_passed,161,181
ssc,108164,2013,nonscience_avg_gpa,4.12,4.07
ssc,108164,2014,nonscience_examinee_total,193,201
ssc,108164,2014,nonscience_examinee_passed,192,199
ssc,108164,2015,science_avg_gpa,4.85,4.82
ssc,108164,2015,nonscience_avg_gpa,4.03,3.97
ssc,108164,2016,science_avg_gpa,4.6,4.57
ssc,108164,2016,nonscience_examinee_total,167,184
ssc,108164,2016,nonscience_examinee_passed,155,167
ssc,108164,2017,science_avg_gpa,4.89,4.86
ssc,108164,2017,nonscience_avg_gpa,4.21,4.17
ssc,108164,2018,nonscience_examinee_total,130,153
ssc,108164,2018,nonscience_examinee_passed,127,149
ssc,108164,2018,nonscience_avg_gpa,3.9,3.85
ssc,108164,2020,nonscience_avg_gpa,3.84,3.81
ssc,108164,2022,science_avg_gpa,4.57,4.5
ssc,108164,2022,nonscience_avg_gpa,3.54,3.5
ssc,108164,2023,science_avg_gpa,4.36,4.33
ssc,108147,2011,science_examinee_total,,19
ssc,108147,2011,science_examinee_passed,,17
ssc,108147,2011,nonscience_examinee_total,80,89
ssc,108147,2011,nonscience_examinee_passed,73,82
ssc,108147,2011,nonscience_avg_gpa,3.35,3.31
ssc,108147,2012,nonscience_examinee_total,,118
ssc,108147,2012,nonscience_examinee_passed,,104
ssc,108147,2013,science_examinee_total,,5
ssc,108147,2013,science_examinee_passed,,5
ssc,108147,2013,nonscience_examinee_total,68,69
ssc,108147,2013,nonscience_examinee_passed,62,63
ssc,108147,2013,nonscience_avg_gpa,3.39,3.34
ssc,108147,2014,nonscience_examinee_total,121,122
ssc,108147,2014,nonscience_examinee_passed,117,118
ssc,108147,2015,science_avg_gpa,4.88,4.34
ssc,108147,2015,nonscience_examinee_total,99,103
ssc,108147,2015,nonscience_examinee_passed,96,97
ssc,108147,2016,science_avg_gpa,4.51,4.31
ssc,108147,2016,nonscience_examinee_total,124,150
ssc,108147,2016,nonscience_examinee_passed,120,140
ssc,108147,2017,nonscience_avg_gpa,3.57,3.55
ssc,108147,2018,nonscience_examinee_total,,178
ssc,108147,2018,nonscience_examinee_passed,,144
ssc,108147,2019,nonscience_examinee_total,,191
ssc,108147,2019,nonscience_examinee_passed,,120
ssc,108147,2019,nonscience_avg_gpa,1.91,1.89
ssc,108147,2020,science_examinee_total,,18
ssc,108147,2020,science_examinee_passed,,18
ssc,108147,2020,nonscience_examinee_total,,200
ssc,108147,2020,nonscience_examinee_passed,,133
ssc,108147,2020,nonscience_avg_gpa,2.08,2.05
ssc,108147,2021,nonscience_examinee_total,,185
ssc,108147,2021,nonscience_examinee_passed,,174
ssc,108147,2021,nonscience_avg_gpa,2.89,2.84
ssc,108147,2022,science_examinee_total,,9
ssc,108147,2022,science_examinee_passed,,8
ssc,108147,2022,nonscience_avg_gpa,2.14,2.09
ssc,108147,2023,science_examinee_total,,19
ssc,108147,2023,science_examinee_passed,,7
ssc,108147,2023,science_avg_gpa,1.51,1.43
ssc,108147,2023,nonscience_examinee_total,,141
ssc,108147,2023,nonscience_examinee_passed,,58
ssc,108147,2023,nonscience_avg_gpa,1.28,1.25
ssc,108147,2024,science_examinee_total,,25
ssc,108147,2024,science_examinee_passed,,16
ssc,108147,2024,nonscience_examinee_total,,160
ssc,108147,2024,nonscience_examinee_passed,,104
ssc,108147,2024,nonscience_avg_gpa,1.92,1.89
ssc,108147,2025,science_examinee_total,,27
ssc,108147,2025,science_examinee_passed,,7
ssc,108147,2025,science_avg_gpa,0.9,0.87
ssc,108147,2025,nonscience_examinee_total,,146
ssc,108147,2025,nonscience_examinee_passed,,30
ssc,108147,2026,nonscience_examinee_total,,115
ssc,108147,2026,nonscience_examinee_passed,,65
ssc,108149,2011,science_examinee_total,,12
ssc,108149,2011,science_examinee_passed,,11
ssc,108149,2011,nonscience_examinee_total,,33
ssc,108149,2011,nonscience_examinee_passed,,28
ssc,108149,2012,science_examinee_total,,10
ssc,108149,2012,science_examinee_passed,,9
ssc,108149,2012,nonscience_examinee_total,,23
ssc,108149,2012,nonscience_examinee_passed,,19
ssc,108149,2013,science_examinee_total,,12
ssc,108149,2013,science_examinee_passed,,11
ssc,108149,2013,nonscience_examinee_total,18,25
ssc,108149,2013,nonscience_examinee_passed,18,25
ssc,108149,2014,science_examinee_total,,9
ssc,108149,2014,science_examinee_passed,,6
ssc,108149,2014,nonscience_examinee_total,17,18
ssc,108149,2014,nonscience_examinee_passed,17,18
ssc,108149,2015,science_examinee_total,,11
ssc,108149,2015,science_examinee_passed,,11
ssc,108149,2015,nonscience_examinee_total,,24
ssc,108149,2015,nonscience_examinee_passed,,22
ssc,108149,2016,nonscience_examinee_total,,42
ssc,108149,2016,nonscience_examinee_passed,,40
ssc,108149,2017,science_examinee_total,,15
ssc,108149,2017,science_examinee_passed,,15
ssc,108149,2017,nonscience_examinee_total,,40
ssc,108149,2017,nonscience_examinee_passed,,36
ssc,108149,2018,science_examinee_total,,24
ssc,108149,2018,science_examinee_passed,,21
ssc,108149,2018,nonscience_examinee_total,,52
ssc,108149,2018,nonscience_examinee_passed,,32
ssc,108149,2019,science_examinee_total,,26
ssc,108149,2019,science_examinee_passed,,25
ssc,108149,2019,nonscience_examinee_total,,79
ssc,108149,2019,nonscience_examinee_passed,,50
ssc,108149,2020,science_examinee_total,,21
ssc,108149,2020,science_examinee_passed,,20
ssc,108149,2020,nonscience_examinee_total,,53
ssc,108149,2020,nonscience_examinee_passed,,38
ssc,108149,2021,nonscience_examinee_total,,67
ssc,108149,2021,nonscience_examinee_passed,,66
ssc,108149,2022,nonscience_examinee_total,,32
ssc,108149,2022,nonscience_examinee_passed,,24
ssc,108149,2023,science_examinee_total,,29
ssc,108149,2023,science_examinee_passed,,14
ssc,108149,2023,nonscience_examinee_total,,56
ssc,108149,2023,nonscience_examinee_passed,,25
ssc,108149,2023,nonscience_avg_gpa,1.47,1.44
ssc,108149,2024,science_examinee_total,,21
ssc,108149,2024,science_examinee_passed,,18
ssc,108149,2024,nonscience_examinee_total,,42
ssc,108149,2024,nonscience_examinee_passed,,37
ssc,108149,2025,science_examinee_total,,17
ssc,108149,2025,science_examinee_passed,,11
ssc,108149,2025,nonscience_examinee_total,,62
ssc,108149,2025,nonscience_examinee_passed,,21
ssc,108149,2025,nonscience_avg_gpa,1.16,1.14
ssc,108149,2026,nonscience_examinee_total,,48
ssc,108149,2026,nonscience_examinee_passed,,26
ssc,108149,2026,nonscience_avg_gpa,1.7,1.67
ssc,108166,2011,nonscience_examinee_total,111,139
ssc,108166,2011,nonscience_examinee_passed,100,123
ssc,108166,2012,nonscience_examinee_total,90,121
ssc,108166,2012,nonscience_examinee_passed,79,103
ssc,108166,2012,nonscience_avg_gpa,2.95,2.92
ssc,108166,2013,nonscience_examinee_total,108,135
ssc,108166,2013,nonscience_examinee_passed,100,117
ssc,108166,2014,nonscience_examinee_total,120,153
ssc,108166,2014,nonscience_examinee_passed,113,145
ssc,108166,2014,nonscience_avg_gpa,3.4,3.37
ssc,108166,2015,nonscience_examinee_total,22,99
ssc,108166,2015,nonscience_examinee_passed,22,96
ssc,108166,2016,nonscience_examinee_total,,113
ssc,108166,2016,nonscience_examinee_passed,,103
ssc,108166,2016,nonscience_avg_gpa,3.45,3.42
ssc,108166,2017,nonscience_examinee_total,,96
ssc,108166,2017,nonscience_examinee_passed,,85
ssc,108166,2018,nonscience_examinee_total,,99
ssc,108166,2018,nonscience_examinee_passed,,87
ssc,108166,2018,nonscience_avg_gpa,2.98,2.95
ssc,108166,2019,nonscience_examinee_total,,134
ssc,108166,2019,nonscience_examinee_passed,,74
ssc,108166,2020,nonscience_examinee_total,,89
ssc,108166,2020,nonscience_examinee_passed,,79
ssc,108166,2022,nonscience_examinee_total,51,80
ssc,108166,2022,nonscience_examinee_passed,46,73
ssc,108166,2023,science_avg_gpa,3.28,3.15
ssc,108166,2023,nonscience_examinee_total,,59
ssc,108166,2023,nonscience_examinee_passed,,29
ssc,108166,2023,nonscience_avg_gpa,1.7,1.67
ssc,108166,2024,nonscience_examinee_total,33,59
ssc,108166,2024,nonscience_examinee_passed,24,47
ssc,108166,2025,science_examinee_total,,35
ssc,108166,2025,science_examinee_passed,,21
ssc,108166,2025,nonscience_examinee_total,,74
ssc,108166,2025,nonscience_examinee_passed,,29
ssc,108166,2025,nonscience_avg_gpa,1.24,1.22
ssc,108166,2026,nonscience_examinee_total,48,81
ssc,108166,2026,nonscience_examinee_passed,33,53
ssc,108145,2011,science_examinee_total,,21
ssc,108145,2011,science_examinee_passed,,16
ssc,108145,2011,science_avg_gpa,3.01,2.86
ssc,108145,2011,nonscience_examinee_total,146,182
ssc,108145,2011,nonscience_examinee_passed,122,147
ssc,108145,2012,nonscience_examinee_total,98,110
ssc,108145,2012,nonscience_examinee_passed,92,102
ssc,108145,2012,nonscience_avg_gpa,3.19,3.17
ssc,108145,2013,nonscience_examinee_total,126,156
ssc,108145,2013,nonscience_examinee_passed,121,151
ssc,108145,2013,nonscience_avg_gpa,3.35,3.33
ssc,108145,2014,nonscience_examinee_total,126,159
ssc,108145,2014,nonscience_examinee_passed,124,156
ssc,108145,2015,science_examinee_total,,33
ssc,108145,2015,science_examinee_passed,,32
ssc,108145,2015,nonscience_examinee_total,145,176
ssc,108145,2015,nonscience_examinee_passed,138,159
ssc,108145,2016,nonscience_examinee_total,,232
ssc,108145,2016,nonscience_examinee_passed,,197
ssc,108145,2017,nonscience_examinee_total,153,223
ssc,108145,2017,nonscience_examinee_passed,138,204
ssc,108145,2018,nonscience_examinee_total,161,204
ssc,108145,2018,nonscience_examinee_passed,124,145
ssc,108145,2019,science_examinee_total,,41
ssc,108145,2019,science_examinee_passed,,40
ssc,108145,2019,nonscience_examinee_total,,208
ssc,108145,2019,nonscience_examinee_passed,,123
ssc,108145,2020,science_examinee_total,,27
ssc,108145,2020,science_examinee_passed,,26
ssc,108145,2020,nonscience_examinee_total,,155
ssc,108145,2020,nonscience_examinee_passed,,135
ssc,108145,2020,nonscience_avg_gpa,2.82,2.8
ssc,108145,2021,nonscience_examinee_total,,157
ssc,108145,2021,nonscience_examinee_passed,,136
ssc,108145,2021,nonscience_avg_gpa,2.68,2.66
ssc,108145,2022,nonscience_examinee_total,,169
ssc,108145,2022,nonscience_examinee_passed,,133
ssc,108145,2022,nonscience_avg_gpa,2.62,2.58
ssc,108145,2023,science_examinee_total,,34
ssc,108145,2023,science_examinee_passed,,25
ssc,108145,2023,nonscience_examinee_total,76,126
ssc,108145,2023,nonscience_examinee_passed,66,108
ssc,108145,2024,science_examinee_total,,34
ssc,108145,2024,science_examinee_passed,,27
ssc,108145,2024,nonscience_examinee_total,64,105
ssc,108145,2024,nonscience_examinee_passed,54,87
ssc,108145,2024,nonscience_avg_gpa,2.89,2.86
ssc,108145,2025,nonscience_examinee_total,,134
ssc,108145,2025,nonscience_examinee_passed,,56
ssc,108145,2026,science_examinee_total,,54
ssc,108145,2026,science_examinee_passed,,46
ssc,108145,2026,nonscience_examinee_total,,149
ssc,108145,2026,nonscience_examinee_passed,,99
ssc,108145,2026,nonscience_avg_gpa,2.12,2.1
ssc,130642,2015,nonscience_examinee_total,,10
ssc,130642,2015,nonscience_examinee_passed,,10
ssc,130642,2016,science_examinee_total,,22
ssc,130642,2016,science_examinee_passed,,21
ssc,130642,2016,nonscience_examinee_total,,29
ssc,130642,2016,nonscience_examinee_passed,,28
ssc,130642,2016,nonscience_avg_gpa,3.9,3.76
ssc,130642,2017,nonscience_examinee_total,,39
ssc,130642,2017,nonscience_examinee_passed,,39
ssc,130642,2018,nonscience_examinee_total,,48
ssc,130642,2018,nonscience_examinee_passed,,41
ssc,130642,2019,nonscience_examinee_total,,36
ssc,130642,2019,nonscience_examinee_passed,,26
ssc,130642,2020,nonscience_examinee_total,,66
ssc,130642,2020,nonscience_examinee_passed,,59
ssc,130642,2021,nonscience_examinee_total,,66
ssc,130642,2021,nonscience_examinee_passed,,64
ssc,130642,2021,nonscience_avg_gpa,3.53,3.48
ssc,130642,2022,nonscience_examinee_total,,56
ssc,130642,2022,nonscience_examinee_passed,,51
ssc,130642,2023,science_avg_gpa,3.06,2.98
ssc,130642,2023,nonscience_examinee_total,34,37
ssc,130642,2023,nonscience_examinee_passed,14,16
ssc,130642,2024,nonscience_examinee_total,,59
ssc,130642,2024,nonscience_examinee_passed,,53
ssc,130642,2025,science_examinee_total,,31
ssc,130642,2025,science_examinee_passed,,26
ssc,130642,2025,nonscience_examinee_total,,36
ssc,130642,2025,nonscience_examinee_passed,,21
ssc,130642,2026,nonscience_examinee_total,,31
ssc,130642,2026,nonscience_examinee_passed,,28
ssc,137786,2021,nonscience_examinee_total,,32
ssc,137786,2021,nonscience_examinee_passed,,32
ssc,137786,2022,nonscience_examinee_total,33,37
ssc,137786,2022,nonscience_examinee_passed,28,31
ssc,137786,2022,nonscience_avg_gpa,3.42,3.23
ssc,137786,2023,science_examinee_total,,21
ssc,137786,2023,science_examinee_passed,,16
ssc,137786,2023,nonscience_examinee_total,,64
ssc,137786,2023,nonscience_examinee_passed,,39
ssc,137786,2024,nonscience_examinee_total,,69
ssc,137786,2024,nonscience_examinee_passed,,35
ssc,137786,2025,nonscience_examinee_total,46,77
ssc,137786,2025,nonscience_examinee_passed,20,27
ssc,137786,2025,nonscience_avg_gpa,1.25,1.21
ssc,137786,2026,nonscience_examinee_total,,68
ssc,137786,2026,nonscience_examinee_passed,,31
ssc,137786,2026,nonscience_avg_gpa,1.33,1.31
ssc,108143,2011,nonscience_examinee_total,48,56
ssc,108143,2011,nonscience_examinee_passed,39,44
ssc,108143,2012,science_examinee_total,,5
ssc,108143,2012,science_examinee_passed,,5
ssc,108143,2012,nonscience_examinee_total,57,77
ssc,108143,2012,nonscience_examinee_passed,48,65
ssc,108143,2012,nonscience_avg_gpa,2.85,2.82
ssc,108143,2013,science_examinee_total,,1
ssc,108143,2013,science_examinee_passed,,1
ssc,108143,2013,nonscience_examinee_total,31,37
ssc,108143,2013,nonscience_examinee_passed,26,31
ssc,108143,2014,nonscience_examinee_total,26,30
ssc,108143,2014,nonscience_examinee_passed,22,25
ssc,108143,2015,science_examinee_total,,1
ssc,108143,2015,science_examinee_passed,,1
ssc,108143,2015,nonscience_examinee_total,,38
ssc,108143,2015,nonscience_examinee_passed,,31
ssc,108143,2016,nonscience_examinee_total,,46
ssc,108143,2016,nonscience_examinee_passed,,44
ssc,108143,2017,nonscience_examinee_total,,147
ssc,108143,2017,nonscience_examinee_passed,,120
ssc,108143,2018,science_examinee_total,,15
ssc,108143,2018,science_examinee_passed,,13
ssc,108143,2018,nonscience_examinee_total,299,380
ssc,108143,2018,nonscience_examinee_passed,177,218
ssc,108143,2019,science_examinee_total,,32
ssc,108143,2019,science_examinee_passed,,31
ssc,108143,2019,nonscience_examinee_total,,472
ssc,108143,2019,nonscience_examinee_passed,,265
ssc,108143,2020,science_avg_gpa,3.81,3.74
ssc,108143,2020,nonscience_examinee_total,,567
ssc,108143,2020,nonscience_examinee_passed,,325
ssc,108143,2021,science_examinee_total,,45
ssc,108143,2021,science_examinee_passed,,42
ssc,108143,2021,science_avg_gpa,3.75,3.67
ssc,108143,2021,nonscience_examinee_total,,497
ssc,108143,2021,nonscience_examinee_passed,,444
ssc,108143,2021,nonscience_avg_gpa,2.73,2.66
ssc,108143,2022,nonscience_examinee_total,225,340
ssc,108143,2022,nonscience_examinee_passed,176,262
ssc,108143,2022,nonscience_avg_gpa,2.56,2.53
ssc,108143,2023,nonscience_examinee_total,,545
ssc,108143,2023,nonscience_examinee_passed,,271
ssc,108143,2023,nonscience_avg_gpa,1.6,1.57
ssc,108143,2024,science_avg_gpa,3.19,3.15
ssc,108143,2024,nonscience_examinee_total,305,471
ssc,108143,2024,nonscience_examinee_passed,188,283
ssc,108143,2024,nonscience_avg_gpa,1.83,1.81
ssc,108143,2025,nonscience_examinee_total,240,411
ssc,108143,2025,nonscience_examinee_passed,90,137
ssc,108143,2025,nonscience_avg_gpa,1.06,1.04
ssc,108143,2026,nonscience_examinee_total,216,396
ssc,108143,2026,nonscience_examinee_passed,124,198
ssc,108143,2026,nonscience_avg_gpa,1.64,1.62
ssc,108144,2011,nonscience_examinee_total,,107
ssc,108144,2011,nonscience_examinee_passed,,106
ssc,108144,2012,nonscience_examinee_total,127,128
ssc,108144,2013,nonscience_examinee_total,122,123
ssc,108144,2013,nonscience_examinee_passed,118,119
ssc,108144,2015,nonscience_avg_gpa,3.58,3.55
ssc,108144,2018,nonscience_avg_gpa,3.87,3.84
ssc,108144,2020,nonscience_examinee_total,,138
ssc,108144,2020,nonscience_examinee_passed,,129
ssc,108144,2021,science_avg_gpa,4.27,4.21
ssc,108144,2021,nonscience_examinee_total,163,203
ssc,108144,2021,nonscience_examinee_passed,148,187
ssc,108144,2021,nonscience_avg_gpa,3.24,3.19
ssc,108144,2022,nonscience_examinee_total,109,161
ssc,108144,2022,nonscience_examinee_passed,99,143
ssc,108144,2022,nonscience_avg_gpa,3.34,3.26
ssc,108144,2023,nonscience_examinee_total,,163
ssc,108144,2023,nonscience_examinee_passed,,80
ssc,108144,2023,nonscience_avg_gpa,1.69,1.67
ssc,108144,2024,nonscience_examinee_total,,154
ssc,108144,2024,nonscience_examinee_passed,,128
ssc,108144,2024,nonscience_avg_gpa,2.73,2.71
ssc,108144,2025,nonscience_examinee_total,,145
ssc,108144,2025,nonscience_examinee_passed,,88
ssc,108144,2026,nonscience_examinee_total,113,138
ssc,108144,2026,nonscience_examinee_passed,87,105
ssc,108177,2011,nonscience_examinee_total,127,143
ssc,108177,2011,nonscience_examinee_passed,115,129
ssc,108177,2012,science_examinee_total,,17
ssc,108177,2012,science_examinee_passed,,17
ssc,108177,2012,nonscience_examinee_total,84,98
ssc,108177,2012,nonscience_examinee_passed,75,86
ssc,108177,2012,nonscience_avg_gpa,2.97,2.94
ssc,108177,2013,nonscience_examinee_total,,100
ssc,108177,2013,nonscience_examinee_passed,,94
ssc,108177,2014,nonscience_examinee_total,119,139
ssc,108177,2014,nonscience_examinee_passed,113,130
ssc,108177,2014,nonscience_avg_gpa,3.57,3.55
ssc,108177,2015,nonscience_examinee_total,,94
ssc,108177,2015,nonscience_examinee_passed,,75
ssc,108177,2016,nonscience_examinee_total,99,106
ssc,108177,2016,nonscience_examinee_passed,81,88
ssc,108177,2017,nonscience_examinee_total,,105
ssc,108177,2017,nonscience_examinee_passed,,94
ssc,108177,2018,nonscience_examinee_total,,108
ssc,108177,2018,nonscience_examinee_passed,,99
ssc,108177,2019,science_examinee_total,,44
ssc,108177,2019,science_examinee_passed,,42
ssc,108177,2019,nonscience_examinee_total,,82
ssc,108177,2019,nonscience_examinee_passed,,81
ssc,108177,2020,nonscience_examinee_total,,78
ssc,108177,2020,nonscience_examinee_passed,,74
ssc,108177,2021,science_avg_gpa,3.72,3.57
ssc,108177,2021,nonscience_examinee_total,,130
ssc,108177,2021,nonscience_examinee_passed,,115
ssc,108177,2022,nonscience_examinee_total,72,122
ssc,108177,2022,nonscience_examinee_passed,64,102
ssc,108177,2022,nonscience_avg_gpa,2.91,2.88
ssc,108177,2023,science_avg_gpa,3.43,3.36
ssc,108177,2023,nonscience_examinee_total,56,86
ssc,108177,2023,nonscience_examinee_passed,30,41
ssc,108177,2024,nonscience_examinee_total,65,97
ssc,108177,2024,nonscience_examinee_passed,55,83
ssc,108177,2025,nonscience_examinee_total,,108
ssc,108177,2025,nonscience_examinee_passed,,64
ssc,108177,2026,nonscience_examinee_total,36,83
ssc,108177,2026,nonscience_examinee_passed,18,38
ssc,108186,2011,science_examinee_total,,15
ssc,108186,2011,science_examinee_passed,,9
ssc,108186,2011,science_avg_gpa,2.37,2.21
ssc,108186,2011,nonscience_examinee_total,,176
ssc,108186,2011,nonscience_examinee_passed,,113
ssc,108186,2011,nonscience_avg_gpa,2.18,2.12
ssc,108186,2012,science_examinee_total,,9
ssc,108186,2012,science_examinee_passed,,6
ssc,108186,2012,nonscience_examinee_total,,141
ssc,108186,2012,nonscience_examinee_passed,,74
ssc,108186,2012,nonscience_avg_gpa,1.54,1.52
ssc,108186,2013,science_examinee_total,,10
ssc,108186,2013,science_examinee_passed,,8
ssc,108186,2013,science_avg_gpa,3.15,2.84
ssc,108186,2013,nonscience_examinee_total,,105
ssc,108186,2013,nonscience_examinee_passed,,66
ssc,108186,2013,nonscience_avg_gpa,1.95,1.88
ssc,108186,2014,science_examinee_total,,7
ssc,108186,2014,science_examinee_passed,,6
ssc,108186,2014,science_avg_gpa,4.1,3.52
ssc,108186,2014,nonscience_examinee_total,74,78
ssc,108186,2014,nonscience_examinee_passed,58,61
ssc,108186,2014,nonscience_avg_gpa,2.59,2.56
ssc,108186,2015,science_examinee_total,,2
ssc,108186,2015,science_examinee_passed,,2
ssc,108186,2015,nonscience_examinee_total,,125
ssc,108186,2015,nonscience_examinee_passed,,94
ssc,108186,2016,nonscience_examinee_total,,154
ssc,108186,2016,nonscience_examinee_passed,,106
ssc,108186,2017,science_examinee_total,,10
ssc,108186,2017,science_examinee_passed,,5
ssc,108186,2017,nonscience_examinee_total,,228
ssc,108186,2017,nonscience_examinee_passed,,158
ssc,108186,2018,science_examinee_total,,52
ssc,108186,2018,science_examinee_passed,,40
ssc,108186,2018,science_avg_gpa,3.21,3.15
ssc,108186,2018,nonscience_examinee_total,,316
ssc,108186,2018,nonscience_examinee_passed,,180
ssc,108186,2018,nonscience_avg_gpa,1.83,1.81
ssc,108186,2019,nonscience_examinee_total,,392
ssc,108186,2019,nonscience_examinee_passed,,240
ssc,108186,2020,nonscience_examinee_total,,337
ssc,108186,2020,nonscience_examinee_passed,,179
ssc,108186,2020,nonscience_avg_gpa,1.63,1.61
ssc,108186,2021,nonscience_examinee_total,270,291
ssc,108186,2021,nonscience_examinee_passed,213,231
ssc,108186,2022,nonscience_examinee_total,173,199
ssc,108186,2022,nonscience_examinee_passed,137,156
ssc,108186,2023,science_avg_gpa,3.25,3.01
ssc,108186,2023,nonscience_examinee_total,171,234
ssc,108186,2023,nonscience_examinee_passed,97,109
ssc,108186,2023,nonscience_avg_gpa,1.37,1.33
ssc,108186,2024,nonscience_examinee_total,,239
ssc,108186,2024,nonscience_examinee_passed,,159
ssc,108186,2025,nonscience_examinee_total,191,287
ssc,108186,2025,nonscience_examinee_passed,107,129
ssc,108186,2025,nonscience_avg_gpa,1.45,1.42
ssc,108186,2026,science_avg_gpa,1.5,1.41
ssc,108186,2026,nonscience_examinee_total,,325
ssc,108186,2026,nonscience_examinee_passed,,103
ssc,108217,2011,nonscience_examinee_total,117,134
ssc,108217,2011,nonscience_examinee_passed,103,118
ssc,108217,2012,nonscience_examinee_total,114,129
ssc,108217,2012,nonscience_examinee_passed,111,125
ssc,108217,2013,nonscience_examinee_total,136,156
ssc,108217,2013,nonscience_examinee_passed,131,149
ssc,108217,2014,nonscience_examinee_total,137,167
ssc,108217,2014,nonscience_examinee_passed,130,158
ssc,108217,2015,science_avg_gpa,4.55,4.48
ssc,108217,2015,nonscience_examinee_total,,169
ssc,108217,2015,nonscience_examinee_passed,,157
ssc,108217,2016,nonscience_examinee_total,159,168
ssc,108217,2016,nonscience_examinee_passed,144,153
ssc,108217,2017,nonscience_examinee_total,123,129
ssc,108217,2017,nonscience_examinee_passed,114,118
ssc,108217,2018,science_avg_gpa,4.12,4.07
ssc,108217,2018,nonscience_examinee_total,168,190
ssc,108217,2018,nonscience_examinee_passed,132,143
ssc,108217,2019,science_avg_gpa,3.98,3.93
ssc,108217,2019,nonscience_examinee_total,,205
ssc,108217,2019,nonscience_examinee_passed,,138
ssc,108217,2021,nonscience_examinee_total,,169
ssc,108217,2021,nonscience_examinee_passed,,152
ssc,108217,2022,nonscience_examinee_total,87,123
ssc,108217,2022,nonscience_examinee_passed,76,108
ssc,108217,2022,nonscience_avg_gpa,3.17,3.09
ssc,108217,2023,nonscience_examinee_total,89,105
ssc,108217,2023,nonscience_examinee_passed,74,85
ssc,108217,2023,nonscience_avg_gpa,2.83,2.8
ssc,108217,2024,nonscience_examinee_total,75,85
ssc,108217,2024,nonscience_examinee_passed,69,79
ssc,108217,2025,science_avg_gpa,3.86,3.8
ssc,108217,2025,nonscience_examinee_total,,95
ssc,108217,2025,nonscience_examinee_passed,,57
ssc,108217,2025,nonscience_avg_gpa,2.14,2.11
ssc,108217,2026,nonscience_examinee_total,,68
ssc,108217,2026,nonscience_examinee_passed,,55
ssc,132109,2020,science_avg_gpa,4.74,4.49
ssc,132109,2020,nonscience_examinee_total,,5
ssc,132109,2020,nonscience_examinee_passed,,5
ssc,132109,2022,science_avg_gpa,4.89,4.79
ssc,132109,2023,nonscience_examinee_total,,5
ssc,132109,2023,nonscience_examinee_passed,,5
ssc,132109,2024,nonscience_examinee_total,,6
ssc,132109,2024,nonscience_examinee_passed,,6
ssc,132109,2025,nonscience_examinee_total,,8
ssc,132109,2025,nonscience_examinee_passed,,7
ssc,132109,2025,nonscience_avg_gpa,4.33,3.79
ssc,132109,2026,nonscience_avg_gpa,4.39,4.19
ssc,130893,2013,science_examinee_total,,9
ssc,130893,2013,science_examinee_passed,,8
ssc,130893,2013,nonscience_examinee_total,,14
ssc,130893,2013,nonscience_examinee_passed,,14
ssc,130893,2014,science_examinee_total,,7
ssc,130893,2014,science_examinee_passed,,2
ssc,130893,2014,science_avg_gpa,1.33,1.14
ssc,130893,2014,nonscience_examinee_total,,16
ssc,130893,2014,nonscience_examinee_passed,,15
ssc,130893,2015,science_examinee_total,,14
ssc,130893,2015,science_examinee_passed,,14
ssc,130893,2015,nonscience_examinee_total,,14
ssc,130893,2015,nonscience_examinee_passed,,11
ssc,130893,2015,nonscience_avg_gpa,2.71,2.51
ssc,130893,2016,science_examinee_total,,10
ssc,130893,2016,science_examinee_passed,,9
ssc,130893,2016,nonscience_examinee_total,,24
ssc,130893,2016,nonscience_examinee_passed,,20
ssc,130893,2017,science_examinee_total,,12
ssc,130893,2017,science_examinee_passed,,12
ssc,130893,2017,nonscience_examinee_total,,26
ssc,130893,2017,nonscience_examinee_passed,,14
ssc,130893,2018,science_examinee_total,,16
ssc,130893,2018,science_examinee_passed,,15
ssc,130893,2018,nonscience_examinee_total,,24
ssc,130893,2018,nonscience_examinee_passed,,16
ssc,130893,2019,science_examinee_total,,17
ssc,130893,2019,science_examinee_passed,,14
ssc,130893,2019,science_avg_gpa,3.41,3.21
ssc,130893,2019,nonscience_examinee_total,,35
ssc,130893,2019,nonscience_examinee_passed,,33
ssc,130893,2020,science_examinee_total,,13
ssc,130893,2020,science_examinee_passed,,13
ssc,130893,2020,nonscience_examinee_total,,31
ssc,130893,2020,nonscience_examinee_passed,,14
ssc,130893,2021,science_examinee_total,,11
ssc,130893,2021,science_examinee_passed,,5
ssc,130893,2021,nonscience_examinee_total,,41
ssc,130893,2021,nonscience_examinee_passed,,38
ssc,130893,2021,nonscience_avg_gpa,3.01,2.94
ssc,130893,2022,science_examinee_total,,24
ssc,130893,2022,science_examinee_passed,,19
ssc,130893,2022,science_avg_gpa,3.19,3.06
ssc,130893,2022,nonscience_examinee_total,26,41
ssc,130893,2022,nonscience_examinee_passed,18,27
ssc,130893,2022,nonscience_avg_gpa,2.35,2.3
ssc,130893,2023,science_examinee_total,,19
ssc,130893,2023,science_examinee_passed,,11
ssc,130893,2023,nonscience_examinee_total,,42
ssc,130893,2023,nonscience_examinee_passed,,20
ssc,130893,2024,science_examinee_total,,28
ssc,130893,2024,science_examinee_passed,,21
ssc,130893,2024,science_avg_gpa,2.93,2.82
ssc,130893,2024,nonscience_examinee_total,22,41
ssc,130893,2024,nonscience_examinee_passed,11,21
ssc,130893,2024,nonscience_avg_gpa,1.73,1.69
ssc,130893,2025,science_examinee_total,,14
ssc,130893,2025,science_examinee_passed,,12
ssc,130893,2025,science_avg_gpa,3.44,3.19
ssc,130893,2025,nonscience_examinee_total,,45
ssc,130893,2025,nonscience_examinee_passed,,22
ssc,130893,2026,science_examinee_total,,5
ssc,130893,2026,science_examinee_passed,,4
ssc,130893,2026,nonscience_examinee_total,,35
ssc,130893,2026,nonscience_examinee_passed,,15
ssc,134180,2012,nonscience_examinee_total,,18
ssc,134180,2012,nonscience_examinee_passed,,18
ssc,134180,2013,nonscience_examinee_total,,21
ssc,134180,2013,nonscience_examinee_passed,,20
ssc,134180,2014,science_avg_gpa,4.54,4.37
ssc,134180,2015,nonscience_examinee_total,,37
ssc,134180,2015,nonscience_examinee_passed,,36
ssc,134180,2016,science_avg_gpa,4.47,4.42
ssc,134180,2017,science_avg_gpa,4.6,4.56
ssc,134180,2017,nonscience_examinee_total,,43
ssc,134180,2017,nonscience_examinee_passed,,42
ssc,134180,2017,nonscience_avg_gpa,4.01,3.92
ssc,134180,2018,nonscience_examinee_total,,48
ssc,134180,2018,nonscience_examinee_passed,,35
ssc,134180,2019,nonscience_examinee_total,,33
ssc,134180,2019,nonscience_examinee_passed,,21
ssc,134180,2019,nonscience_avg_gpa,2.09,2.03
ssc,134180,2020,nonscience_examinee_total,,45
ssc,134180,2020,nonscience_examinee_passed,,42
ssc,134180,2021,science_avg_gpa,4.44,4.39
ssc,134180,2024,nonscience_examinee_total,,49
ssc,134180,2024,nonscience_examinee_passed,,40
ssc,134180,2025,science_avg_gpa,4.23,4.15
ssc,134180,2025,nonscience_examinee_total,,48
ssc,134180,2025,nonscience_examinee_passed,,37
ssc,134180,2026,nonscience_avg_gpa,3.03,2.97
ssc,134139,2013,science_examinee_total,,3
ssc,134139,2013,science_examinee_passed,,3
ssc,134139,2013,nonscience_examinee_total,,41
ssc,134139,2013,nonscience_examinee_passed,,34
ssc,134139,2014,science_examinee_total,,18
ssc,134139,2014,science_examinee_passed,,18
ssc,134139,2014,nonscience_examinee_total,105,107
ssc,134139,2014,nonscience_examinee_passed,81,82
ssc,134139,2014,nonscience_avg_gpa,2.62,2.57
ssc,134139,2015,nonscience_examinee_total,,157
ssc,134139,2015,nonscience_examinee_passed,,94
ssc,134139,2015,nonscience_avg_gpa,1.96,1.94
ssc,134139,2016,nonscience_examinee_total,215,237
ssc,134139,2016,nonscience_examinee_passed,162,181
ssc,134139,2017,nonscience_examinee_total,190,203
ssc,134139,2017,nonscience_examinee_passed,145,149
ssc,134139,2017,nonscience_avg_gpa,2.72,2.66
ssc,134139,2018,nonscience_examinee_total,216,234
ssc,134139,2018,nonscience_examinee_passed,180,198
ssc,134139,2018,nonscience_avg_gpa,3.06,3.02
ssc,134139,2019,science_avg_gpa,3.29,3.25
ssc,134139,2019,nonscience_examinee_total,,327
ssc,134139,2019,nonscience_examinee_passed,,193
ssc,134139,2020,science_avg_gpa,3.14,3.08
ssc,134139,2020,nonscience_examinee_total,,494
ssc,134139,2020,nonscience_examinee_passed,,320
ssc,134139,2021,nonscience_examinee_total,183,203
ssc,134139,2021,nonscience_examinee_passed,168,187
ssc,134139,2022,nonscience_examinee_total,,60
ssc,134139,2022,nonscience_examinee_passed,,44
ssc,134139,2022,nonscience_avg_gpa,2.57,2.49
ssc,134139,2023,nonscience_examinee_total,,54
ssc,134139,2023,nonscience_examinee_passed,,43
ssc,134139,2024,nonscience_examinee_total,,48
ssc,134139,2024,nonscience_examinee_passed,,40
ssc,134139,2025,science_examinee_total,,20
ssc,134139,2025,science_examinee_passed,,11
ssc,134139,2025,nonscience_examinee_total,,41
ssc,134139,2025,nonscience_examinee_passed,,27
ssc,134139,2026,science_examinee_total,,31
ssc,134139,2026,science_examinee_passed,,28
ssc,134139,2026,nonscience_examinee_total,,38
ssc,134139,2026,nonscience_examinee_passed,,20
ssc,108190,2011,nonscience_examinee_total,78,83
ssc,108190,2011,nonscience_examinee_passed,77,82
ssc,108190,2012,nonscience_examinee_total,87,91
ssc,108190,2012,nonscience_examinee_passed,86,90
ssc,108190,2013,nonscience_examinee_total,70,78
ssc,108190,2013,nonscience_examinee_passed,70,78
ssc,108190,2014,nonscience_examinee_total,73,76
ssc,108190,2014,nonscience_examinee_passed,73,76
ssc,108190,2015,nonscience_examinee_total,,88
ssc,108190,2015,nonscience_examinee_passed,,84
ssc,108190,2016,nonscience_examinee_total,,84
ssc,108190,2016,nonscience_examinee_passed,,82
ssc,108190,2018,nonscience_examinee_total,79,81
ssc,108190,2018,nonscience_examinee_passed,61,63
ssc,108190,2019,nonscience_examinee_total,,97
ssc,108190,2019,nonscience_examinee_passed,,93
ssc,108190,2020,nonscience_examinee_total,84,95
ssc,108190,2020,nonscience_examinee_passed,81,92
ssc,108190,2021,nonscience_examinee_total,101,118
ssc,108190,2021,nonscience_examinee_passed,95,110
ssc,108190,2021,nonscience_avg_gpa,3.42,3.39
ssc,108190,2023,nonscience_examinee_total,18,82
ssc,108190,2023,nonscience_examinee_passed,17,80
ssc,108190,2024,nonscience_examinee_total,46,52
ssc,108190,2024,nonscience_examinee_passed,40,46
ssc,108190,2025,nonscience_examinee_total,56,61
ssc,108190,2025,nonscience_examinee_passed,54,59
ssc,108190,2026,nonscience_examinee_total,,75
ssc,108190,2026,nonscience_examinee_passed,,68
ssc,108218,2011,nonscience_examinee_total,72,89
ssc,108218,2011,nonscience_examinee_passed,70,87
ssc,108218,2012,nonscience_examinee_total,62,78
ssc,108218,2012,nonscience_examinee_passed,62,78
ssc,108218,2013,nonscience_examinee_total,63,83
ssc,108218,2013,nonscience_examinee_passed,63,83
ssc,108218,2015,nonscience_examinee_total,,80
ssc,108218,2015,nonscience_examinee_passed,,79
ssc,108218,2017,nonscience_examinee_total,,70
ssc,108218,2017,nonscience_examinee_passed,,70
ssc,108218,2018,nonscience_examinee_total,,91
ssc,108218,2018,nonscience_examinee_passed,,91
ssc,108218,2019,nonscience_examinee_total,72,90
ssc,108218,2019,nonscience_examinee_passed,72,90
ssc,108218,2021,nonscience_avg_gpa,3.9,3.86
ssc,108218,2023,nonscience_examinee_total,,68
ssc,108218,2023,nonscience_examinee_passed,,60
ssc,108218,2024,nonscience_examinee_total,50,73
ssc,108218,2024,nonscience_examinee_passed,50,73
ssc,108218,2025,nonscience_avg_gpa,4.03,3.99
ssc,133940,2015,nonscience_examinee_total,,17
ssc,133940,2015,nonscience_examinee_passed,,14
ssc,133940,2016,nonscience_examinee_total,,26
ssc,133940,2016,nonscience_examinee_passed,,23
ssc,133940,2017,nonscience_examinee_total,,27
ssc,133940,2017,nonscience_examinee_passed,,25
ssc,133940,2018,science_examinee_total,,16
ssc,133940,2018,science_examinee_passed,,15
ssc,133940,2018,nonscience_examinee_total,,24
ssc,133940,2018,nonscience_examinee_passed,,22
ssc,133940,2019,science_examinee_total,,11
ssc,133940,2019,science_examinee_passed,,11
ssc,133940,2019,nonscience_examinee_total,,27
ssc,133940,2019,nonscience_examinee_passed,,23
ssc,133940,2020,nonscience_examinee_total,,22
ssc,133940,2020,nonscience_examinee_passed,,20
ssc,133940,2021,science_examinee_total,,5
ssc,133940,2021,science_examinee_passed,,5
ssc,133940,2021,nonscience_examinee_total,,20
ssc,133940,2021,nonscience_examinee_passed,,19
ssc,133940,2022,nonscience_examinee_total,,12
ssc,133940,2022,nonscience_examinee_passed,,10
ssc,133940,2023,nonscience_examinee_total,,12
ssc,133940,2023,nonscience_examinee_passed,,11
ssc,133940,2024,nonscience_examinee_total,,19
ssc,133940,2024,nonscience_examinee_passed,,12
ssc,133940,2025,nonscience_examinee_total,,13
ssc,133940,2025,nonscience_examinee_passed,,4
ssc,133940,2026,science_examinee_total,,5
ssc,133940,2026,science_examinee_passed,,4
ssc,133940,2026,nonscience_examinee_total,,7
ssc,133940,2026,nonscience_examinee_passed,,6
ssc,138428,2021,nonscience_examinee_total,,12
ssc,138428,2021,nonscience_examinee_passed,,11
ssc,138428,2021,nonscience_avg_gpa,3.37,3.09
ssc,138428,2022,nonscience_examinee_total,54,61
ssc,138428,2022,nonscience_examinee_passed,47,54
ssc,138428,2023,nonscience_examinee_total,,114
ssc,138428,2023,nonscience_examinee_passed,,59
ssc,138428,2023,nonscience_avg_gpa,1.74,1.69
ssc,138428,2024,nonscience_examinee_total,,128
ssc,138428,2024,nonscience_examinee_passed,,67
ssc,138428,2024,nonscience_avg_gpa,1.63,1.59
ssc,138428,2025,science_avg_gpa,3.18,3.13
ssc,138428,2025,nonscience_examinee_total,105,127
ssc,138428,2025,nonscience_examinee_passed,56,59
ssc,138428,2025,nonscience_avg_gpa,1.46,1.44
ssc,138428,2026,nonscience_examinee_total,,85
ssc,138428,2026,nonscience_examinee_passed,,51
ssc,138428,2026,nonscience_avg_gpa,1.86,1.82
ssc,108173,2011,nonscience_examinee_total,80,94
ssc,108173,2011,nonscience_examinee_passed,80,94
ssc,108173,2012,science_avg_gpa,4.91,4.85
ssc,108173,2012,nonscience_examinee_total,72,92
ssc,108173,2012,nonscience_examinee_passed,72,92
ssc,108173,2013,nonscience_examinee_total,95,108
ssc,108173,2013,nonscience_examinee_passed,95,108
ssc,108173,2014,nonscience_examinee_total,98,120
ssc,108173,2014,nonscience_examinee_passed,98,120
ssc,108173,2015,science_avg_gpa,4.82,4.78
ssc,108173,2015,nonscience_examinee_total,89,96
ssc,108173,2015,nonscience_examinee_passed,89,96
ssc,108173,2016,nonscience_examinee_total,90,105
ssc,108173,2016,nonscience_examinee_passed,90,104
ssc,108173,2017,nonscience_examinee_total,104,122
ssc,108173,2017,nonscience_examinee_passed,104,121
ssc,108173,2018,nonscience_examinee_total,103,105
ssc,108173,2018,nonscience_examinee_passed,102,103
ssc,108173,2019,nonscience_examinee_total,88,108
ssc,108173,2019,nonscience_examinee_passed,88,108
ssc,108173,2023,science_avg_gpa,4.89,4.87
ssc,108173,2023,nonscience_examinee_total,103,127
ssc,108173,2023,nonscience_examinee_passed,103,127
ssc,108173,2025,nonscience_examinee_total,89,112
ssc,108173,2025,nonscience_examinee_passed,89,112
ssc,108181,2017,nonscience_avg_gpa,4.71,4.69
ssc,108181,2018,nonscience_avg_gpa,4.5,4.48
ssc,108181,2020,nonscience_avg_gpa,4.03,4.01
ssc,108181,2022,nonscience_avg_gpa,4.37,4.34
ssc,108181,2025,nonscience_avg_gpa,3.57,3.55
ssc,108181,2026,science_avg_gpa,4.14,4.12
ssc,108187,2011,science_avg_gpa,4.17,4.06
ssc,108187,2011,nonscience_examinee_total,114,137
ssc,108187,2011,nonscience_examinee_passed,107,128
ssc,108187,2012,nonscience_examinee_total,162,174
ssc,108187,2012,nonscience_examinee_passed,148,158
ssc,108187,2013,nonscience_examinee_total,161,164
ssc,108187,2013,nonscience_examinee_passed,145,148
ssc,108187,2013,nonscience_avg_gpa,3.26,3.24
ssc,108187,2014,nonscience_examinee_total,98,138
ssc,108187,2014,nonscience_examinee_passed,86,118
ssc,108187,2014,nonscience_avg_gpa,3.21,3.14
ssc,108187,2015,nonscience_examinee_total,83,94
ssc,108187,2015,nonscience_examinee_passed,79,88
ssc,108187,2016,nonscience_examinee_total,,93
ssc,108187,2016,nonscience_examinee_passed,,75
ssc,108187,2017,nonscience_examinee_total,,124
ssc,108187,2017,nonscience_examinee_passed,,113
ssc,108187,2017,nonscience_avg_gpa,3.4,3.37
ssc,108187,2018,nonscience_examinee_total,,104
ssc,108187,2018,nonscience_examinee_passed,,88
ssc,108187,2019,science_examinee_total,,78
ssc,108187,2019,science_examinee_passed,,69
ssc,108187,2019,science_avg_gpa,3.56,3.47
ssc,108187,2019,nonscience_examinee_total,,149
ssc,108187,2019,nonscience_examinee_passed,,131
ssc,108187,2020,nonscience_examinee_total,106,138
ssc,108187,2020,nonscience_examinee_passed,90,113
ssc,108187,2020,nonscience_avg_gpa,2.97,2.95
ssc,108187,2021,science_avg_gpa,3.99,3.86
ssc,108187,2021,nonscience_examinee_total,50,157
ssc,108187,2021,nonscience_examinee_passed,48,153
ssc,108187,2021,nonscience_avg_gpa,3.29,3.27
ssc,108187,2022,nonscience_examinee_total,53,133
ssc,108187,2022,nonscience_examinee_passed,38,99
ssc,108187,2023,science_avg_gpa,3.23,3.18
ssc,108187,2023,nonscience_examinee_total,,120
ssc,108187,2023,nonscience_examinee_passed,,77
ssc,108187,2024,nonscience_examinee_total,,115
ssc,108187,2024,nonscience_examinee_passed,,101
ssc,108187,2025,science_avg_gpa,2.18,2.12
ssc,108187,2025,nonscience_examinee_total,,98
ssc,108187,2025,nonscience_examinee_passed,,59
ssc,108187,2026,nonscience_examinee_total,,77
ssc,108187,2026,nonscience_examinee_passed,,59
ssc,108187,2026,nonscience_avg_gpa,2.34,2.31
ssc,108189,2011,nonscience_examinee_total,94,106
ssc,108189,2011,nonscience_examinee_passed,73,82
ssc,108189,2012,science_examinee_total,,18
ssc,108189,2012,science_examinee_passed,,10
ssc,108189,2012,nonscience_examinee_total,,150
ssc,108189,2012,nonscience_examinee_passed,,102
ssc,108189,2012,nonscience_avg_gpa,2.21,2.19
ssc,108189,2013,science_avg_gpa,3.57,3.32
ssc,108189,2013,nonscience_examinee_total,,118
ssc,108189,2013,nonscience_examinee_passed,,81
ssc,108189,2013,nonscience_avg_gpa,2.27,2.19
ssc,108189,2014,nonscience_examinee_total,,97
ssc,108189,2014,nonscience_examinee_passed,,76
ssc,108189,2014,nonscience_avg_gpa,2.85,2.5
ssc,108189,2015,science_examinee_total,,3
ssc,108189,2015,science_examinee_passed,,3
ssc,108189,2015,nonscience_examinee_total,,35
ssc,108189,2015,nonscience_examinee_passed,,25
ssc,108189,2015,nonscience_avg_gpa,2.51,2.37
ssc,108189,2016,science_examinee_total,,13
ssc,108189,2016,science_examinee_passed,,12
ssc,108189,2016,nonscience_examinee_total,,56
ssc,108189,2016,nonscience_examinee_passed,,20
ssc,108189,2016,nonscience_avg_gpa,1.2,1.09
ssc,108189,2017,science_examinee_total,,6
ssc,108189,2017,science_examinee_passed,,5
ssc,108189,2017,nonscience_examinee_total,,117
ssc,108189,2017,nonscience_examinee_passed,,71
ssc,108189,2017,nonscience_avg_gpa,2.25,2.02
ssc,108189,2018,science_examinee_total,,12
ssc,108189,2018,science_examinee_passed,,5
ssc,108189,2018,nonscience_examinee_total,,97
ssc,108189,2018,nonscience_examinee_passed,,32
ssc,108189,2018,nonscience_avg_gpa,1.37,1.06
ssc,108189,2019,science_examinee_total,,34
ssc,108189,2019,science_examinee_passed,,24
ssc,108189,2019,nonscience_examinee_total,,96
ssc,108189,2019,nonscience_examinee_passed,,62
ssc,108189,2019,nonscience_avg_gpa,2.04,1.96
ssc,108189,2020,science_examinee_total,,35
ssc,108189,2020,science_examinee_passed,,17
ssc,108189,2020,science_avg_gpa,1.63,1.53
ssc,108189,2020,nonscience_examinee_total,,109
ssc,108189,2020,nonscience_examinee_passed,,69
ssc,108189,2020,nonscience_avg_gpa,2.02,1.96
ssc,108189,2021,science_examinee_total,,30
ssc,108189,2021,science_examinee_passed,,28
ssc,108189,2021,nonscience_examinee_total,,118
ssc,108189,2021,nonscience_examinee_passed,,101
ssc,108189,2021,nonscience_avg_gpa,2.65,2.58
ssc,108189,2022,science_examinee_total,,7
ssc,108189,2022,science_examinee_passed,,5
ssc,108189,2022,nonscience_examinee_total,,48
ssc,108189,2022,nonscience_examinee_passed,,38
ssc,108189,2022,nonscience_avg_gpa,2.7,2.65
ssc,108189,2023,science_examinee_total,,8
ssc,108189,2023,science_examinee_passed,,4
ssc,108189,2023,nonscience_examinee_total,,38
ssc,108189,2023,nonscience_examinee_passed,,17
ssc,108189,2024,nonscience_examinee_total,,73
ssc,108189,2024,nonscience_examinee_passed,,39
ssc,108189,2024,nonscience_avg_gpa,1.66,1.63
ssc,108189,2025,science_examinee_total,,22
ssc,108189,2025,science_examinee_passed,,12
ssc,108189,2025,nonscience_examinee_total,64,85
ssc,108189,2025,nonscience_examinee_passed,25,32
ssc,108189,2025,nonscience_avg_gpa,1.25,1.21
ssc,108189,2026,science_examinee_total,,27
ssc,108189,2026,science_examinee_passed,,19
ssc,108189,2026,nonscience_examinee_total,,80
ssc,108189,2026,nonscience_examinee_passed,,40
ssc,108189,2026,nonscience_avg_gpa,1.5,1.47
ssc,132141,2014,science_examinee_total,,11
ssc,132141,2014,science_examinee_passed,,10
ssc,132141,2015,nonscience_examinee_total,,14
ssc,132141,2015,nonscience_examinee_passed,,11
ssc,132141,2016,nonscience_examinee_total,,19
ssc,132141,2016,nonscience_examinee_passed,,17
ssc,132141,2017,nonscience_examinee_total,,21
ssc,132141,2017,nonscience_examinee_passed,,18
ssc,132141,2018,nonscience_examinee_total,,19
ssc,132141,2018,nonscience_examinee_passed,,19
ssc,132141,2019,science_examinee_total,,16
ssc,132141,2019,science_examinee_passed,,15
ssc,132141,2019,nonscience_examinee_total,,24
ssc,132141,2019,nonscience_examinee_passed,,24
ssc,132141,2020,nonscience_examinee_total,,24
ssc,132141,2020,nonscience_examinee_passed,,22
ssc,132141,2021,nonscience_examinee_total,,26
ssc,132141,2021,nonscience_examinee_passed,,24
ssc,132141,2023,science_examinee_total,,15
ssc,132141,2023,science_examinee_passed,,14
ssc,132141,2023,nonscience_examinee_total,,14
ssc,132141,2023,nonscience_examinee_passed,,8
ssc,132141,2023,nonscience_avg_gpa,1.94,1.8
ssc,132141,2024,science_examinee_total,,6
ssc,132141,2024,science_examinee_passed,,5
ssc,132141,2024,nonscience_examinee_total,,13
ssc,132141,2024,nonscience_examinee_passed,,7
ssc,132141,2025,nonscience_examinee_total,,11
ssc,132141,2025,nonscience_examinee_passed,,4
ssc,132141,2026,science_examinee_total,,16
ssc,132141,2026,science_examinee_passed,,15
ssc,132141,2026,nonscience_examinee_total,,19
ssc,132141,2026,nonscience_examinee_passed,,15
ssc,108169,2011,science_examinee_total,,6
ssc,108169,2011,science_examinee_passed,,5
ssc,108169,2011,science_avg_gpa,3.75,3.12
ssc,108169,2011,nonscience_examinee_total,53,55
ssc,108169,2011,nonscience_examinee_passed,52,54
ssc,108169,2012,nonscience_examinee_total,,40
ssc,108169,2012,nonscience_examinee_passed,,39
ssc,108169,2013,science_examinee_total,,12
ssc,108169,2013,science_examinee_passed,,11
ssc,108169,2013,science_avg_gpa,4.16,3.81
ssc,108169,2013,nonscience_avg_gpa,4.02,3.92
ssc,108169,2014,nonscience_examinee_total,44,46
ssc,108169,2014,nonscience_examinee_passed,43,45
ssc,108169,2015,nonscience_examinee_total,,62
ssc,108169,2015,nonscience_examinee_passed,,56
ssc,108169,2015,nonscience_avg_gpa,3.2,3.15
ssc,108169,2016,nonscience_examinee_total,,45
ssc,108169,2016,nonscience_examinee_passed,,41
ssc,108169,2017,science_examinee_total,,19
ssc,108169,2017,science_examinee_passed,,19
ssc,108169,2017,nonscience_avg_gpa,3.42,3.34
ssc,108169,2018,science_examinee_total,,30
ssc,108169,2018,science_examinee_passed,,13
ssc,108169,2018,nonscience_examinee_total,,39
ssc,108169,2018,nonscience_examinee_passed,,16
ssc,108169,2018,nonscience_avg_gpa,1.37,1.3
ssc,108169,2019,science_examinee_total,,27
ssc,108169,2019,science_examinee_passed,,24
ssc,108169,2019,nonscience_examinee_total,,46
ssc,108169,2019,nonscience_examinee_passed,,36
ssc,108169,2019,nonscience_avg_gpa,2.5,2.44
ssc,108169,2020,science_examinee_total,,21
ssc,108169,2020,science_examinee_passed,,18
ssc,108169,2020,nonscience_examinee_total,,40
ssc,108169,2020,nonscience_examinee_passed,,33
ssc,108169,2021,science_avg_gpa,4.02,3.48
ssc,108169,2021,nonscience_examinee_total,,132
ssc,108169,2021,nonscience_examinee_passed,,103
ssc,108169,2021,nonscience_avg_gpa,2.59,2.47
ssc,108169,2022,science_examinee_total,,24
ssc,108169,2022,science_examinee_passed,,14
ssc,108169,2022,nonscience_examinee_total,,164
ssc,108169,2022,nonscience_examinee_passed,,118
ssc,108169,2022,nonscience_avg_gpa,2.22,2.2
ssc,108169,2023,science_examinee_total,,23
ssc,108169,2023,science_examinee_passed,,15
ssc,108169,2023,nonscience_examinee_total,,218
ssc,108169,2023,nonscience_examinee_passed,,59
ssc,108169,2023,nonscience_avg_gpa,0.85,0.83
ssc,108169,2024,nonscience_examinee_total,,155
ssc,108169,2024,nonscience_examinee_passed,,93
ssc,108169,2025,science_examinee_total,,11
ssc,108169,2025,science_examinee_passed,,11
ssc,108169,2025,nonscience_examinee_total,,92
ssc,108169,2025,nonscience_examinee_passed,,35
ssc,108169,2025,nonscience_avg_gpa,1.19,1.17
ssc,108169,2026,science_examinee_total,,6
ssc,108169,2026,science_examinee_passed,,6
ssc,108169,2026,nonscience_examinee_total,,67
ssc,108169,2026,nonscience_examinee_passed,,51
ssc,108233,2011,nonscience_examinee_total,,77
ssc,108233,2011,nonscience_examinee_passed,,69
ssc,108233,2012,nonscience_examinee_total,59,73
ssc,108233,2012,nonscience_examinee_passed,50,61
ssc,108233,2013,science_examinee_total,,3
ssc,108233,2013,science_examinee_passed,,2
ssc,108233,2013,nonscience_examinee_total,,47
ssc,108233,2013,nonscience_examinee_passed,,45
ssc,108233,2014,science_examinee_total,,10
ssc,108233,2014,science_examinee_passed,,8
ssc,108233,2014,nonscience_examinee_total,,50
ssc,108233,2014,nonscience_examinee_passed,,47
ssc,108233,2015,science_examinee_total,,13
ssc,108233,2015,science_examinee_passed,,10
ssc,108233,2015,nonscience_examinee_total,,52
ssc,108233,2015,nonscience_examinee_passed,,43
ssc,108233,2016,nonscience_examinee_total,,56
ssc,108233,2016,nonscience_examinee_passed,,49
ssc,108233,2017,nonscience_examinee_total,,35
ssc,108233,2017,nonscience_examinee_passed,,28
ssc,108233,2017,nonscience_avg_gpa,3.13,2.95
ssc,108233,2018,nonscience_examinee_total,,68
ssc,108233,2018,nonscience_examinee_passed,,50
ssc,108233,2018,nonscience_avg_gpa,2.67,2.59
ssc,108233,2019,nonscience_examinee_total,,69
ssc,108233,2019,nonscience_examinee_passed,,47
ssc,108233,2020,nonscience_examinee_total,50,53
ssc,108233,2020,nonscience_examinee_passed,22,25
ssc,108233,2021,nonscience_examinee_total,,69
ssc,108233,2021,nonscience_examinee_passed,,57
ssc,108233,2022,nonscience_examinee_total,,54
ssc,108233,2022,nonscience_examinee_passed,,50
ssc,108233,2023,science_examinee_total,,16
ssc,108233,2023,science_examinee_passed,,10
ssc,108233,2023,science_avg_gpa,2.71,2.54
ssc,108233,2023,nonscience_examinee_total,,30
ssc,108233,2023,nonscience_examinee_passed,,17
ssc,108233,2024,science_examinee_total,,14
ssc,108233,2024,science_examinee_passed,,11
ssc,108233,2024,nonscience_examinee_total,,31
ssc,108233,2024,nonscience_examinee_passed,,21
ssc,108233,2024,nonscience_avg_gpa,2.33,2.25
ssc,108233,2025,science_examinee_total,,18
ssc,108233,2025,science_examinee_passed,,9
ssc,108233,2025,nonscience_examinee_total,,23
ssc,108233,2025,nonscience_examinee_passed,,17
ssc,108233,2026,science_examinee_total,,22
ssc,108233,2026,science_examinee_passed,,21
ssc,108233,2026,nonscience_examinee_total,,24
ssc,108233,2026,nonscience_examinee_passed,,22
ssc,108235,2011,nonscience_examinee_total,66,67
ssc,108235,2011,nonscience_avg_gpa,3.41,3.36
ssc,108235,2012,science_examinee_total,,12
ssc,108235,2012,science_examinee_passed,,12
ssc,108235,2012,nonscience_examinee_total,,53
ssc,108235,2012,nonscience_examinee_passed,,45
ssc,108235,2013,science_examinee_total,,3
ssc,108235,2013,science_examinee_passed,,3
ssc,108235,2013,nonscience_examinee_total,,49
ssc,108235,2013,nonscience_examinee_passed,,41
ssc,108235,2013,nonscience_avg_gpa,2.5,2.45
ssc,108235,2014,science_examinee_total,,3
ssc,108235,2014,science_examinee_passed,,3
ssc,108235,2014,nonscience_avg_gpa,3.5,3.43
ssc,108235,2015,nonscience_examinee_total,,55
ssc,108235,2015,nonscience_examinee_passed,,46
ssc,108235,2016,science_examinee_total,,6
ssc,108235,2016,science_examinee_passed,,6
ssc,108235,2016,nonscience_examinee_total,102,103
ssc,108235,2016,nonscience_avg_gpa,2.88,2.85
ssc,108235,2017,science_examinee_total,,7
ssc,108235,2017,science_examinee_passed,,6
ssc,108235,2017,nonscience_examinee_total,,53
ssc,108235,2017,nonscience_examinee_passed,,41
ssc,108235,2018,science_examinee_total,,14
ssc,108235,2018,science_examinee_passed,,13
ssc,108235,2018,nonscience_examinee_total,,68
ssc,108235,2018,nonscience_examinee_passed,,60
ssc,108235,2018,nonscience_avg_gpa,3.29,3.19
ssc,108235,2019,science_examinee_total,,4
ssc,108235,2019,science_examinee_passed,,2
ssc,108235,2019,science_avg_gpa,2.2,1.65
ssc,108235,2019,nonscience_examinee_total,68,75
ssc,108235,2019,nonscience_examinee_passed,36,42
ssc,108235,2019,nonscience_avg_gpa,1.9,1.85
ssc,108235,2020,science_examinee_total,,14
ssc,108235,2020,science_examinee_passed,,3
ssc,108235,2020,nonscience_examinee_total,,117
ssc,108235,2020,nonscience_examinee_passed,,57
ssc,108235,2021,science_examinee_total,,22
ssc,108235,2021,science_examinee_passed,,20
ssc,108235,2021,nonscience_examinee_total,224,249
ssc,108235,2021,nonscience_examinee_passed,199,216
ssc,108235,2021,nonscience_avg_gpa,2.77,2.72
ssc,108235,2022,nonscience_avg_gpa,2.52,2.5
ssc,108235,2023,science_examinee_total,,9
ssc,108235,2023,science_examinee_passed,,5
ssc,108235,2023,nonscience_examinee_total,,183
ssc,108235,2023,nonscience_examinee_passed,,102
ssc,108235,2024,science_examinee_total,,14
ssc,108235,2024,science_examinee_passed,,8
ssc,108235,2024,nonscience_examinee_total,,180
ssc,108235,2024,nonscience_examinee_passed,,112
ssc,108235,2024,nonscience_avg_gpa,1.8,1.78
ssc,108235,2025,science_examinee_total,,17
ssc,108235,2025,science_examinee_passed,,7
ssc,108235,2025,nonscience_examinee_total,,191
ssc,108235,2025,nonscience_examinee_passed,,73
ssc,108235,2025,nonscience_avg_gpa,1.19,1.16
ssc,108235,2026,science_examinee_total,,25
ssc,108235,2026,science_examinee_passed,,17
ssc,108235,2026,nonscience_examinee_total,,203
ssc,108235,2026,nonscience_examinee_passed,,97
ssc,108235,2026,nonscience_avg_gpa,1.45,1.42
ssc,108263,2011,nonscience_examinee_total,,47
ssc,108263,2011,nonscience_examinee_passed,,47
ssc,108263,2012,nonscience_examinee_total,51,59
ssc,108263,2012,nonscience_examinee_passed,51,58
ssc,108263,2014,nonscience_examinee_total,64,78
ssc,108263,2014,nonscience_examinee_passed,62,76
ssc,108263,2014,nonscience_avg_gpa,4.16,4.11
ssc,108263,2015,nonscience_examinee_total,56,61
ssc,108263,2015,nonscience_examinee_passed,47,51
ssc,108263,2016,nonscience_examinee_total,52,61
ssc,108263,2016,nonscience_examinee_passed,50,59
ssc,108263,2016,nonscience_avg_gpa,3.99,3.93
ssc,108263,2017,nonscience_examinee_total,48,55
ssc,108263,2017,nonscience_examinee_passed,41,48
ssc,108263,2017,nonscience_avg_gpa,3.73,3.66
ssc,108263,2018,nonscience_examinee_total,73,80
ssc,108263,2018,nonscience_examinee_passed,66,73
ssc,108263,2018,nonscience_avg_gpa,3.52,3.48
ssc,108263,2019,nonscience_examinee_total,,87
ssc,108263,2019,nonscience_examinee_passed,,77
ssc,108263,2019,nonscience_avg_gpa,3.31,3.2
ssc,108263,2020,nonscience_examinee_total,4,81
ssc,108263,2020,nonscience_examinee_passed,4,74
ssc,108263,2021,science_avg_gpa,4.3,4.25
ssc,108263,2021,nonscience_examinee_total,,98
ssc,108263,2021,nonscience_examinee_passed,,95
ssc,108263,2021,nonscience_avg_gpa,3.62,3.58
ssc,108263,2023,nonscience_examinee_total,,69
ssc,108263,2023,nonscience_examinee_passed,,60
ssc,108228,2011,science_examinee_total,,10
ssc,108228,2011,science_examinee_passed,,7
ssc,108228,2011,nonscience_examinee_total,,64
ssc,108228,2011,nonscience_examinee_passed,,50
ssc,108228,2012,nonscience_examinee_total,,59
ssc,108228,2012,nonscience_examinee_passed,,50
ssc,108228,2012,nonscience_avg_gpa,2.67,2.62
ssc,108228,2013,science_examinee_total,,10
ssc,108228,2013,science_examinee_passed,,7
ssc,108228,2013,nonscience_examinee_total,,46
ssc,108228,2013,nonscience_examinee_passed,,46
ssc,108228,2014,science_examinee_total,,7
ssc,108228,2014,science_examinee_passed,,7
ssc,108228,2014,nonscience_examinee_total,,41
ssc,108228,2014,nonscience_examinee_passed,,40
ssc,108228,2015,science_examinee_total,,10
ssc,108228,2015,science_examinee_passed,,8
ssc,108228,2015,nonscience_examinee_total,,29
ssc,108228,2015,nonscience_examinee_passed,,24
ssc,108228,2016,nonscience_examinee_total,,32
ssc,108228,2016,nonscience_examinee_passed,,20
ssc,108228,2017,science_examinee_total,,6
ssc,108228,2017,science_examinee_passed,,6
ssc,108228,2017,nonscience_examinee_total,,26
ssc,108228,2017,nonscience_examinee_passed,,22
ssc,108228,2018,science_examinee_total,,10
ssc,108228,2018,science_examinee_passed,,10
ssc,108228,2018,nonscience_examinee_total,,60
ssc,108228,2018,nonscience_examinee_passed,,45
ssc,108228,2019,science_examinee_total,,28
ssc,108228,2019,science_examinee_passed,,22
ssc,108228,2019,nonscience_examinee_total,,99
ssc,108228,2019,nonscience_examinee_passed,,52
ssc,108228,2019,nonscience_avg_gpa,1.69,1.67
ssc,108228,2020,science_examinee_total,,23
ssc,108228,2020,science_examinee_passed,,21
ssc,108228,2020,nonscience_examinee_total,,131
ssc,108228,2020,nonscience_examinee_passed,,112
ssc,108228,2021,science_avg_gpa,3.43,3.31
ssc,108228,2021,nonscience_examinee_total,41,161
ssc,108228,2021,nonscience_examinee_passed,35,140
ssc,108228,2022,nonscience_examinee_total,,103
ssc,108228,2022,nonscience_examinee_passed,,84
ssc,108228,2022,nonscience_avg_gpa,2.73,2.7
ssc,108228,2023,nonscience_examinee_total,,100
ssc,108228,2023,nonscience_examinee_passed,,55
ssc,108228,2023,nonscience_avg_gpa,1.78,1.74
ssc,108228,2024,nonscience_examinee_total,,146
ssc,108228,2024,nonscience_examinee_passed,,102
ssc,108228,2024,nonscience_avg_gpa,2.21,2.18
ssc,108228,2025,science_examinee_total,,16
ssc,108228,2025,science_examinee_passed,,14
ssc,108228,2025,nonscience_examinee_total,,141
ssc,108228,2025,nonscience_examinee_passed,,48
ssc,108228,2026,science_examinee_total,,12
ssc,108228,2026,science_examinee_passed,,8
ssc,108228,2026,science_avg_gpa,2.84,2.61
ssc,108228,2026,nonscience_examinee_total,,107
ssc,108228,2026,nonscience_examinee_passed,,68
ssc,108231,2011,science_examinee_total,,9
ssc,108231,2011,science_examinee_passed,,6
ssc,108231,2011,nonscience_examinee_total,,140
ssc,108231,2011,nonscience_examinee_passed,,90
ssc,108231,2012,science_examinee_total,,8
ssc,108231,2012,science_examinee_passed,,4
ssc,108231,2012,nonscience_examinee_total,,118
ssc,108231,2012,nonscience_examinee_passed,,80
ssc,108231,2013,science_examinee_total,,7
ssc,108231,2013,science_examinee_passed,,6
ssc,108231,2013,science_avg_gpa,3.21,2.75
ssc,108231,2013,nonscience_examinee_total,,109
ssc,108231,2013,nonscience_examinee_passed,,82
ssc,108231,2013,nonscience_avg_gpa,2.35,2.3
ssc,108231,2014,science_examinee_total,,8
ssc,108231,2014,science_examinee_passed,,7
ssc,108231,2014,nonscience_examinee_total,,90
ssc,108231,2014,nonscience_examinee_passed,,69
ssc,108231,2014,nonscience_avg_gpa,2.5,2.45
ssc,108231,2015,science_examinee_total,,6
ssc,108231,2015,science_examinee_passed,,6
ssc,108231,2015,nonscience_examinee_total,,113
ssc,108231,2015,nonscience_examinee_passed,,76
ssc,108231,2016,nonscience_examinee_total,,135
ssc,108231,2016,nonscience_examinee_passed,,110
ssc,108231,2016,nonscience_avg_gpa,2.96,2.9
ssc,108231,2017,nonscience_examinee_total,,209
ssc,108231,2017,nonscience_examinee_passed,,180
ssc,108231,2017,nonscience_avg_gpa,3.17,3.14
ssc,108231,2018,nonscience_examinee_total,,276
ssc,108231,2018,nonscience_examinee_passed,,214
ssc,108231,2019,nonscience_examinee_total,228,247
ssc,108231,2019,nonscience_examinee_passed,163,173
ssc,108231,2019,nonscience_avg_gpa,2.24,2.21
ssc,108231,2020,nonscience_examinee_total,194,213
ssc,108231,2020,nonscience_examinee_passed,156,164
ssc,108231,2021,nonscience_examinee_total,265,312
ssc,108231,2021,nonscience_examinee_passed,231,273
ssc,108231,2021,nonscience_avg_gpa,2.91,2.84
ssc,108231,2022,nonscience_examinee_total,110,143
ssc,108231,2022,nonscience_examinee_passed,100,127
ssc,108231,2022,nonscience_avg_gpa,3.16,3.01
ssc,108231,2023,science_avg_gpa,3.68,3.39
ssc,108231,2023,nonscience_examinee_total,174,223
ssc,108231,2023,nonscience_examinee_passed,118,129
ssc,108231,2024,nonscience_examinee_total,,160
ssc,108231,2024,nonscience_examinee_passed,,87
ssc,108231,2025,science_examinee_total,,52
ssc,108231,2025,science_examinee_passed,,27
ssc,108231,2025,science_avg_gpa,1.97,1.93
ssc,108231,2025,nonscience_examinee_total,,151
ssc,108231,2025,nonscience_examinee_passed,,61
ssc,108231,2026,science_avg_gpa,2.57,2.5
ssc,108231,2026,nonscience_examinee_total,,144
ssc,108231,2026,nonscience_examinee_passed,,55
ssc,108231,2026,nonscience_avg_gpa,1.17,1.15
ssc,131916,2011,science_avg_gpa,4.61,4.41
ssc,131916,2011,nonscience_examinee_total,,54
ssc,131916,2011,nonscience_examinee_passed,,51
ssc,131916,2011,nonscience_avg_gpa,3.69,3.62
ssc,131916,2012,science_avg_gpa,4.48,4.34
ssc,131916,2013,nonscience_avg_gpa,4.07,4.0
ssc,131916,2018,nonscience_avg_gpa,4.36,4.3
ssc,131916,2023,science_avg_gpa,4.71,4.67
ssc,131916,2025,nonscience_avg_gpa,3.72,3.69
ssc,131916,2026,nonscience_avg_gpa,4.11,4.03
ssc,108230,2025,science_avg_gpa,4.37,4.23
ssc,108260,2011,nonscience_examinee_total,58,79
ssc,108260,2011,nonscience_examinee_passed,55,75
ssc,108260,2012,nonscience_examinee_total,61,81
ssc,108260,2012,nonscience_examinee_passed,60,79
ssc,108260,2013,nonscience_examinee_total,40,56
ssc,108260,2013,nonscience_examinee_passed,40,55
ssc,108260,2013,nonscience_avg_gpa,3.88,3.81
ssc,108260,2014,nonscience_examinee_total,58,81
ssc,108260,2014,nonscience_examinee_passed,58,77
ssc,108260,2015,nonscience_examinee_total,52,78
ssc,108260,2015,nonscience_examinee_passed,46,71
ssc,108260,2016,nonscience_examinee_total,47,71
ssc,108260,2016,nonscience_examinee_passed,45,65
ssc,108260,2016,nonscience_avg_gpa,3.42,3.37
ssc,108260,2018,nonscience_examinee_total,61,82
ssc,108260,2018,nonscience_examinee_passed,57,74
ssc,108260,2019,nonscience_examinee_total,,71
ssc,108260,2019,nonscience_examinee_passed,,62
ssc,108260,2020,nonscience_examinee_total,,104
ssc,108260,2020,nonscience_examinee_passed,,71
ssc,108260,2021,nonscience_examinee_total,,101
ssc,108260,2021,nonscience_examinee_passed,,98
ssc,108260,2021,nonscience_avg_gpa,3.37,3.34
ssc,108260,2023,nonscience_examinee_total,51,78
ssc,108260,2023,nonscience_examinee_passed,39,59
ssc,108260,2024,nonscience_examinee_total,,88
ssc,108260,2024,nonscience_examinee_passed,,66
ssc,108260,2025,nonscience_examinee_total,54,74
ssc,108260,2025,nonscience_examinee_passed,44,63
ssc,108260,2026,nonscience_examinee_total,33,56
ssc,108260,2026,nonscience_examinee_passed,31,49
ssc,108260,2026,nonscience_avg_gpa,3.25,3.2
ssc,131213,2011,science_examinee_total,,30
ssc,131213,2011,science_examinee_passed,,19
ssc,131213,2011,science_avg_gpa,2.23,2.01
ssc,131213,2011,nonscience_examinee_total,,113
ssc,131213,2011,nonscience_examinee_passed,,71
ssc,131213,2011,nonscience_avg_gpa,2.21,1.85
ssc,131213,2012,science_examinee_total,,24
ssc,131213,2012,science_examinee_passed,,19
ssc,131213,2012,science_avg_gpa,3.17,2.77
ssc,131213,2012,nonscience_examinee_total,,84
ssc,131213,2012,nonscience_examinee_passed,,52
ssc,131213,2012,nonscience_avg_gpa,1.81,1.68
ssc,131213,2013,science_examinee_total,,18
ssc,131213,2013,science_examinee_passed,,9
ssc,131213,2013,science_avg_gpa,2.21,1.84
ssc,131213,2013,nonscience_examinee_total,,81
ssc,131213,2013,nonscience_examinee_passed,,50
ssc,131213,2013,nonscience_avg_gpa,2.06,1.7
ssc,131213,2014,science_examinee_total,,19
ssc,131213,2014,science_examinee_passed,,16
ssc,131213,2014,science_avg_gpa,3.7,3.12
ssc,131213,2014,nonscience_examinee_total,,52
ssc,131213,2014,nonscience_examinee_passed,,32
ssc,131213,2014,nonscience_avg_gpa,2.28,1.84
ssc,131213,2015,science_examinee_total,,10
ssc,131213,2015,science_examinee_passed,,9
ssc,131213,2015,nonscience_examinee_total,,43
ssc,131213,2015,nonscience_examinee_passed,,25
ssc,131213,2015,nonscience_avg_gpa,1.83,1.71
ssc,131213,2016,nonscience_examinee_total,,60
ssc,131213,2016,nonscience_examinee_passed,,33
ssc,131213,2016,nonscience_avg_gpa,1.8,1.68
ssc,131213,2017,science_examinee_total,,5
ssc,131213,2017,science_examinee_passed,,2
ssc,131213,2017,nonscience_examinee_total,,49
ssc,131213,2017,nonscience_examinee_passed,,27
ssc,131213,2017,nonscience_avg_gpa,1.74,1.64
ssc,131213,2018,science_examinee_total,,12
ssc,131213,2018,science_examinee_passed,,10
ssc,131213,2018,science_avg_gpa,3.18,2.91
ssc,131213,2018,nonscience_examinee_total,,46
ssc,131213,2018,nonscience_examinee_passed,,30
ssc,131213,2018,nonscience_avg_gpa,2.13,2.08
ssc,131213,2019,science_examinee_total,,9
ssc,131213,2019,science_examinee_passed,,4
ssc,131213,2019,nonscience_examinee_total,,92
ssc,131213,2019,nonscience_examinee_passed,,31
ssc,131213,2019,nonscience_avg_gpa,1.04,1.02
ssc,131213,2020,science_examinee_total,,35
ssc,131213,2020,science_examinee_passed,,16
ssc,131213,2020,nonscience_examinee_total,,191
ssc,131213,2020,nonscience_examinee_passed,,116
ssc,131213,2020,nonscience_avg_gpa,1.82,1.78
ssc,131213,2021,science_examinee_total,,29
ssc,131213,2021,science_examinee_passed,,16
ssc,131213,2021,nonscience_examinee_total,,192
ssc,131213,2021,nonscience_examinee_passed,,154
ssc,131213,2021,nonscience_avg_gpa,2.39,2.35
ssc,131213,2022,science_examinee_total,,10
ssc,131213,2022,science_examinee_passed,,8
ssc,131213,2022,nonscience_examinee_total,101,112
ssc,131213,2022,nonscience_examinee_passed,74,82
ssc,131213,2022,nonscience_avg_gpa,2.42,2.37
ssc,131213,2023,science_examinee_total,,18
ssc,131213,2023,science_examinee_passed,,2
ssc,131213,2023,nonscience_examinee_total,,101
ssc,131213,2023,nonscience_examinee_passed,,30
ssc,131213,2024,science_examinee_total,,36
ssc,131213,2024,science_examinee_passed,,17
ssc,131213,2024,nonscience_examinee_total,,136
ssc,131213,2024,nonscience_examinee_passed,,58
ssc,131213,2024,nonscience_avg_gpa,1.28,1.26
ssc,131213,2025,science_examinee_total,,43
ssc,131213,2025,science_examinee_passed,,18
ssc,131213,2025,science_avg_gpa,1.43,1.39
ssc,131213,2025,nonscience_examinee_total,,128
ssc,131213,2025,nonscience_examinee_passed,,50
ssc,131213,2025,nonscience_avg_gpa,1.11,1.07
ssc,131213,2026,science_examinee_total,,51
ssc,131213,2026,science_examinee_passed,,36
ssc,131213,2026,nonscience_examinee_total,,162
ssc,131213,2026,nonscience_examinee_passed,,67
ssc,131213,2026,nonscience_avg_gpa,1.23,1.21
ssc,108227,2011,nonscience_examinee_total,40,58
ssc,108227,2011,nonscience_examinee_passed,35,50
ssc,108227,2012,nonscience_examinee_total,36,41
ssc,108227,2012,nonscience_examinee_passed,35,40
ssc,108227,2013,nonscience_examinee_total,64,66
ssc,108227,2013,nonscience_examinee_passed,64,66
ssc,108227,2016,nonscience_examinee_total,,28
ssc,108227,2016,nonscience_examinee_passed,,26
ssc,108227,2019,nonscience_examinee_total,,67
ssc,108227,2019,nonscience_examinee_passed,,58
ssc,108227,2020,nonscience_examinee_total,,66
ssc,108227,2020,nonscience_examinee_passed,,57
ssc,108227,2020,nonscience_avg_gpa,3.09,3.04
ssc,108227,2021,nonscience_examinee_total,,63
ssc,108227,2021,nonscience_examinee_passed,,63
ssc,108227,2023,science_avg_gpa,3.92,3.81
ssc,108227,2023,nonscience_examinee_total,,48
ssc,108227,2023,nonscience_examinee_passed,,38
ssc,108227,2023,nonscience_avg_gpa,3.1,3.04
ssc,108227,2025,nonscience_avg_gpa,3.56,3.5
ssc,108227,2026,science_avg_gpa,3.93,3.9
ssc,130896,2015,nonscience_examinee_total,,17
ssc,130896,2015,nonscience_examinee_passed,,17
ssc,130896,2016,nonscience_examinee_total,,41
ssc,130896,2016,nonscience_examinee_passed,,31
ssc,130896,2017,science_examinee_total,,5
ssc,130896,2017,science_examinee_passed,,2
ssc,130896,2017,nonscience_examinee_total,,77
ssc,130896,2017,nonscience_examinee_passed,,62
ssc,130896,2018,science_examinee_total,,10
ssc,130896,2018,science_examinee_passed,,7
ssc,130896,2018,nonscience_examinee_total,,80
ssc,130896,2018,nonscience_examinee_passed,,56
ssc,130896,2019,science_examinee_total,,5
ssc,130896,2019,science_examinee_passed,,2
ssc,130896,2019,nonscience_examinee_total,,83
ssc,130896,2019,nonscience_examinee_passed,,48
ssc,130896,2019,nonscience_avg_gpa,1.72,1.7
ssc,130896,2020,science_examinee_total,,14
ssc,130896,2020,science_examinee_passed,,13
ssc,130896,2020,nonscience_examinee_total,,73
ssc,130896,2020,nonscience_examinee_passed,,49
ssc,130896,2021,science_examinee_total,,12
ssc,130896,2021,science_examinee_passed,,8
ssc,130896,2021,nonscience_examinee_total,,90
ssc,130896,2021,nonscience_examinee_passed,,81
ssc,130896,2021,nonscience_avg_gpa,2.89,2.79
ssc,130896,2022,science_examinee_total,,8
ssc,130896,2022,science_examinee_passed,,4
ssc,130896,2022,nonscience_examinee_total,,60
ssc,130896,2022,nonscience_examinee_passed,,43
ssc,130896,2022,nonscience_avg_gpa,2.46,2.42
ssc,130896,2023,science_examinee_total,,13
ssc,130896,2023,science_examinee_passed,,12
ssc,130896,2023,nonscience_examinee_total,,82
ssc,130896,2023,nonscience_examinee_passed,,34
ssc,130896,2023,nonscience_avg_gpa,1.4,1.37
ssc,130896,2024,science_examinee_total,,13
ssc,130896,2024,science_examinee_passed,,10
ssc,130896,2024,nonscience_examinee_total,,71
ssc,130896,2024,nonscience_examinee_passed,,36
ssc,130896,2025,science_examinee_total,,16
ssc,130896,2025,science_examinee_passed,,7
ssc,130896,2025,nonscience_examinee_total,,48
ssc,130896,2025,nonscience_examinee_passed,,19
ssc,130896,2026,science_examinee_total,,29
ssc,130896,2026,science_examinee_passed,,23
ssc,130896,2026,science_avg_gpa,3.14,3.03
ssc,130896,2026,nonscience_examinee_total,,59
ssc,130896,2026,nonscience_examinee_passed,,29
ssc,108238,2011,nonscience_examinee_total,123,153
ssc,108238,2011,nonscience_examinee_passed,118,146
ssc,108238,2011,nonscience_avg_gpa,3.89,3.87
ssc,108238,2012,nonscience_examinee_total,128,157
ssc,108238,2012,nonscience_examinee_passed,116,138
ssc,108238,2012,nonscience_avg_gpa,3.33,3.29
ssc,108238,2013,nonscience_examinee_total,134,167
ssc,108238,2013,nonscience_examinee_passed,134,166
ssc,108238,2015,nonscience_examinee_total,124,150
ssc,108238,2015,nonscience_examinee_passed,124,148
ssc,108238,2016,nonscience_examinee_total,83,94
ssc,108238,2016,nonscience_examinee_passed,83,93
ssc,108238,2017,nonscience_examinee_total,86,104
ssc,108238,2017,nonscience_examinee_passed,85,100
ssc,108238,2018,nonscience_examinee_total,76,97
ssc,108238,2018,nonscience_examinee_passed,72,82
ssc,108238,2019,nonscience_examinee_total,63,80
ssc,108238,2019,nonscience_examinee_passed,60,76
ssc,108238,2020,nonscience_examinee_total,81,94
ssc,108238,2020,nonscience_examinee_passed,74,86
ssc,108238,2021,science_avg_gpa,4.2,4.14
ssc,108238,2021,nonscience_examinee_total,89,116
ssc,108238,2021,nonscience_examinee_passed,88,112
ssc,108238,2021,nonscience_avg_gpa,3.46,3.43
ssc,108238,2022,nonscience_examinee_total,79,106
ssc,108238,2022,nonscience_examinee_passed,71,94
ssc,108238,2024,nonscience_examinee_total,56,74
ssc,108238,2024,nonscience_examinee_passed,50,65
ssc,108238,2025,nonscience_examinee_total,67,88
ssc,108238,2025,nonscience_examinee_passed,62,76
ssc,108238,2026,nonscience_examinee_total,65,80
ssc,108238,2026,nonscience_examinee_passed,62,73
ssc,132107,2013,science_avg_gpa,4.97,4.94
ssc,132107,2017,nonscience_avg_gpa,4.63,4.59
ssc,132107,2019,science_avg_gpa,4.85,4.83
ssc,132107,2019,nonscience_avg_gpa,4.15,4.11
ssc,132107,2020,nonscience_avg_gpa,4.28,4.24
ssc,132107,2023,science_avg_gpa,4.85,4.83
ssc,132107,2024,science_avg_gpa,4.88,4.86
ssc,132107,2024,nonscience_avg_gpa,4.43,4.39
ssc,132107,2026,nonscience_avg_gpa,4.19,4.15
ssc,136836,2017,nonscience_examinee_total,,15
ssc,136836,2017,nonscience_examinee_passed,,12
ssc,136836,2018,science_examinee_total,,7
ssc,136836,2018,science_examinee_passed,,6
ssc,136836,2018,nonscience_examinee_total,,7
ssc,136836,2018,nonscience_examinee_passed,,7
ssc,136836,2019,nonscience_examinee_total,,8
ssc,136836,2019,nonscience_examinee_passed,,8
ssc,136836,2020,science_examinee_total,,14
ssc,136836,2020,science_examinee_passed,,13
ssc,136836,2020,nonscience_examinee_total,,17
ssc,136836,2020,nonscience_examinee_passed,,16
ssc,136836,2021,nonscience_examinee_total,,27
ssc,136836,2021,nonscience_examinee_passed,,27
ssc,136836,2022,science_examinee_total,,2
ssc,136836,2022,science_examinee_passed,,1
ssc,136836,2022,nonscience_examinee_total,,11
ssc,136836,2022,nonscience_examinee_passed,,10
ssc,136836,2023,nonscience_examinee_total,,32
ssc,136836,2023,nonscience_examinee_passed,,22
ssc,136836,2023,nonscience_avg_gpa,2.46,2.38
ssc,136836,2024,nonscience_examinee_total,38,40
ssc,136836,2024,nonscience_avg_gpa,2.44,2.38
ssc,136836,2025,science_examinee_total,,31
ssc,136836,2025,science_examinee_passed,,21
ssc,136836,2025,nonscience_examinee_total,39,42
ssc,136836,2025,nonscience_examinee_passed,22,24
ssc,136836,2026,science_examinee_total,,49
ssc,136836,2026,science_examinee_passed,,27
ssc,136836,2026,nonscience_examinee_total,,66
ssc,136836,2026,nonscience_examinee_passed,,30
ssc,138623,2021,science_examinee_total,,4
ssc,138623,2021,science_examinee_passed,,4
ssc,138623,2021,nonscience_examinee_total,,13
ssc,138623,2021,nonscience_examinee_passed,,11
ssc,138623,2021,nonscience_avg_gpa,2.42,2.23
ssc,138623,2022,science_examinee_total,,2
ssc,138623,2022,science_examinee_passed,,2
ssc,138623,2022,nonscience_examinee_total,,10
ssc,138623,2022,nonscience_examinee_passed,,10
ssc,138623,2023,science_examinee_total,,7
ssc,138623,2023,science_examinee_passed,,7
ssc,138623,2023,nonscience_examinee_total,,10
ssc,138623,2023,nonscience_examinee_passed,,9
ssc,138623,2024,science_examinee_total,,11
ssc,138623,2024,science_examinee_passed,,10
ssc,138623,2024,nonscience_examinee_total,,11
ssc,138623,2024,nonscience_examinee_passed,,10
ssc,138623,2024,nonscience_avg_gpa,3.1,2.81
ssc,133987,2012,science_examinee_total,,1
ssc,133987,2012,science_examinee_passed,,1
ssc,133987,2012,nonscience_examinee_total,,3
ssc,133987,2012,nonscience_examinee_passed,,3
ssc,133987,2013,science_examinee_total,,7
ssc,133987,2013,science_examinee_passed,,7
ssc,133987,2013,nonscience_examinee_total,,5
ssc,133987,2013,nonscience_examinee_passed,,5
ssc,133987,2014,nonscience_examinee_total,,34
ssc,133987,2014,nonscience_examinee_passed,,28
ssc,133987,2014,nonscience_avg_gpa,3.15,3.06
ssc,133987,2015,science_examinee_total,,17
ssc,133987,2015,science_examinee_passed,,15
ssc,133987,2015,nonscience_examinee_total,,44
ssc,133987,2015,nonscience_examinee_passed,,23
ssc,133987,2016,nonscience_examinee_total,,48
ssc,133987,2016,nonscience_examinee_passed,,40
ssc,133987,2016,nonscience_avg_gpa,2.81,2.69
ssc,133987,2017,nonscience_examinee_total,,42
ssc,133987,2017,nonscience_examinee_passed,,28
ssc,133987,2017,nonscience_avg_gpa,2.43,2.37
ssc,133987,2018,science_avg_gpa,3.67,3.5
ssc,133987,2018,nonscience_examinee_total,,50
ssc,133987,2018,nonscience_examinee_passed,,41
ssc,133987,2018,nonscience_avg_gpa,2.81,2.76
ssc,133987,2019,science_examinee_total,,19
ssc,133987,2019,science_examinee_passed,,15
ssc,133987,2019,science_avg_gpa,3.2,3.03
ssc,133987,2019,nonscience_examinee_total,,39
ssc,133987,2019,nonscience_examinee_passed,,29
ssc,133987,2019,nonscience_avg_gpa,2.84,2.48
ssc,133987,2020,science_avg_gpa,3.38,3.2
ssc,133987,2020,nonscience_examinee_total,,42
ssc,133987,2020,nonscience_examinee_passed,,36
ssc,133987,2021,science_avg_gpa,4.06,3.83
ssc,133987,2021,nonscience_examinee_total,,27
ssc,133987,2021,nonscience_examinee_passed,,21
ssc,133987,2021,nonscience_avg_gpa,2.27,2.18
ssc,133987,2022,science_avg_gpa,4.81,4.49
ssc,133987,2022,nonscience_examinee_total,,15
ssc,133987,2022,nonscience_examinee_passed,,11
ssc,133987,2023,science_avg_gpa,4.73,3.9
ssc,133987,2023,nonscience_examinee_total,,9
ssc,133987,2023,nonscience_examinee_passed,,7
ssc,133987,2024,nonscience_examinee_total,,4
ssc,133987,2024,nonscience_examinee_passed,,3
ssc,133987,2025,science_examinee_total,,4
ssc,133987,2025,science_examinee_passed,,3
ssc,133987,2025,nonscience_examinee_total,,4
ssc,133987,2025,nonscience_examinee_passed,,4
ssc,133987,2026,nonscience_examinee_total,14,25
ssc,133987,2026,nonscience_examinee_passed,8,14
ssc,108236,2011,nonscience_examinee_total,,46
ssc,108236,2011,nonscience_examinee_passed,,42
ssc,108236,2012,nonscience_examinee_total,,73
ssc,108236,2012,nonscience_examinee_passed,,64
ssc,108236,2013,nonscience_examinee_total,,57
ssc,108236,2013,nonscience_examinee_passed,,52
ssc,108236,2014,nonscience_examinee_total,,78
ssc,108236,2014,nonscience_examinee_passed,,69
ssc,108236,2015,nonscience_examinee_total,,73
ssc,108236,2015,nonscience_examinee_passed,,67
ssc,108236,2016,science_examinee_total,,18
ssc,108236,2016,science_examinee_passed,,15
ssc,108236,2016,nonscience_examinee_total,,56
ssc,108236,2016,nonscience_examinee_passed,,50
ssc,108236,2017,nonscience_examinee_total,,48
ssc,108236,2017,nonscience_examinee_passed,,40
ssc,108236,2018,nonscience_examinee_total,,50
ssc,108236,2018,nonscience_examinee_passed,,43
ssc,108236,2019,science_examinee_total,,39
ssc,108236,2019,science_examinee_passed,,34
ssc,108236,2019,nonscience_examinee_total,,74
ssc,108236,2019,nonscience_examinee_passed,,59
ssc,108236,2019,nonscience_avg_gpa,2.7,2.66
ssc,108236,2020,nonscience_examinee_total,,49
ssc,108236,2020,nonscience_examinee_passed,,36
ssc,108236,2021,science_examinee_total,,30
ssc,108236,2021,science_examinee_passed,,28
ssc,108236,2021,nonscience_examinee_total,,60
ssc,108236,2021,nonscience_examinee_passed,,55
ssc,108236,2022,science_examinee_total,,19
ssc,108236,2022,science_examinee_passed,,15
ssc,108236,2022,nonscience_examinee_total,,45
ssc,108236,2022,nonscience_examinee_passed,,32
ssc,108236,2023,science_examinee_total,,16
ssc,108236,2023,science_examinee_passed,,13
ssc,108236,2023,nonscience_examinee_total,,61
ssc,108236,2023,nonscience_examinee_passed,,30
ssc,108236,2024,nonscience_examinee_total,,55
ssc,108236,2024,nonscience_examinee_passed,,48
ssc,108236,2025,science_examinee_total,,15
ssc,108236,2025,science_examinee_passed,,8
ssc,108236,2025,nonscience_examinee_total,,37
ssc,108236,2025,nonscience_examinee_passed,,20
ssc,108236,2026,nonscience_examinee_total,,32
ssc,108236,2026,nonscience_examinee_passed,,24
ssc,134446,2012,science_examinee_total,,9
ssc,134446,2012,science_examinee_passed,,7
ssc,134446,2012,science_avg_gpa,3.15,2.8
ssc,134446,2012,nonscience_examinee_total,,8
ssc,134446,2012,nonscience_examinee_passed,,7
ssc,134446,2013,science_examinee_total,,3
ssc,134446,2013,science_examinee_passed,,3
ssc,134446,2013,nonscience_examinee_total,,1
ssc,134446,2013,nonscience_examinee_passed,,1
ssc,134446,2015,science_examinee_total,,78
ssc,134446,2015,science_examinee_passed,,67
ssc,134446,2015,science_avg_gpa,3.4,3.36
ssc,134446,2015,nonscience_examinee_total,,77
ssc,134446,2015,nonscience_examinee_passed,,70
ssc,134446,2016,nonscience_examinee_total,,59
ssc,134446,2016,nonscience_examinee_passed,,48
ssc,134446,2017,nonscience_examinee_total,,52
ssc,134446,2017,nonscience_examinee_passed,,45
ssc,134446,2018,science_examinee_total,,25
ssc,134446,2018,science_examinee_passed,,23
ssc,134446,2018,nonscience_examinee_total,,32
ssc,134446,2018,nonscience_examinee_passed,,28
ssc,134446,2019,science_avg_gpa,4.03,3.97
ssc,134446,2019,nonscience_examinee_total,,41
ssc,134446,2019,nonscience_examinee_passed,,27
ssc,134446,2020,science_examinee_total,,61
ssc,134446,2020,science_examinee_passed,,50
ssc,134446,2020,science_avg_gpa,3.31,3.25
ssc,134446,2020,nonscience_examinee_total,,49
ssc,134446,2020,nonscience_examinee_passed,,30
ssc,134446,2021,nonscience_examinee_total,,46
ssc,134446,2021,nonscience_examinee_passed,,43
ssc,134446,2022,nonscience_examinee_total,,13
ssc,134446,2022,nonscience_examinee_passed,,12
ssc,134446,2023,science_examinee_total,,22
ssc,134446,2023,science_examinee_passed,,14
ssc,134446,2023,nonscience_examinee_total,,13
ssc,134446,2023,nonscience_examinee_passed,,9
ssc,134446,2024,science_examinee_total,,40
ssc,134446,2024,science_examinee_passed,,24
ssc,134446,2024,nonscience_examinee_total,,38
ssc,134446,2024,nonscience_examinee_passed,,17
ssc,134446,2025,science_examinee_total,,44
ssc,134446,2025,science_examinee_passed,,22
ssc,134446,2025,science_avg_gpa,1.86,1.81
ssc,134446,2025,nonscience_examinee_total,,44
ssc,134446,2025,nonscience_examinee_passed,,22
ssc,134446,2025,nonscience_avg_gpa,1.48,1.45
ssc,134446,2026,science_examinee_total,,30
ssc,134446,2026,science_examinee_passed,,16
ssc,134446,2026,nonscience_examinee_total,,49
ssc,134446,2026,nonscience_examinee_passed,,19
ssc,134446,2026,nonscience_avg_gpa,1.2,1.13
ssc,108589,2011,nonscience_examinee_total,,38
ssc,108589,2011,nonscience_examinee_passed,,38
ssc,108589,2012,nonscience_examinee_total,,40
ssc,108589,2012,nonscience_examinee_passed,,40
ssc,108589,2013,nonscience_examinee_total,30,40
ssc,108589,2013,nonscience_examinee_passed,29,38
ssc,108589,2013,nonscience_avg_gpa,4.06,3.96
ssc,108589,2014,science_examinee_total,,9
ssc,108589,2014,science_examinee_passed,,9
ssc,108589,2014,nonscience_examinee_total,27,38
ssc,108589,2014,nonscience_examinee_passed,27,37
ssc,108589,2015,science_examinee_total,,11
ssc,108589,2015,science_examinee_passed,,11
ssc,108589,2015,nonscience_examinee_total,,45
ssc,108589,2015,nonscience_examinee_passed,,42
ssc,108589,2016,nonscience_examinee_total,19,47
ssc,108589,2016,nonscience_examinee_passed,19,47
ssc,108589,2017,nonscience_examinee_total,,29
ssc,108589,2017,nonscience_examinee_passed,,28
ssc,108589,2018,nonscience_examinee_total,,38
ssc,108589,2018,nonscience_examinee_passed,,27
ssc,108589,2018,nonscience_avg_gpa,2.88,2.81
ssc,108589,2019,nonscience_examinee_total,,45
ssc,108589,2019,nonscience_examinee_passed,,44
ssc,108589,2020,nonscience_examinee_total,,56
ssc,108589,2020,nonscience_examinee_passed,,55
ssc,108589,2020,nonscience_avg_gpa,3.75,3.68
ssc,108589,2021,nonscience_avg_gpa,3.66,3.52
ssc,108589,2022,nonscience_examinee_total,,37
ssc,108589,2022,nonscience_examinee_passed,,34
ssc,108589,2022,nonscience_avg_gpa,3.65,3.55
ssc,108589,2023,nonscience_examinee_total,,33
ssc,108589,2023,nonscience_examinee_passed,,23
ssc,108589,2024,science_examinee_total,,1
ssc,108589,2024,science_examinee_passed,,1
ssc,108589,2024,nonscience_examinee_total,27,43
ssc,108589,2024,nonscience_examinee_passed,26,41
ssc,108589,2025,science_examinee_total,,5
ssc,108589,2025,science_examinee_passed,,5
ssc,108589,2025,nonscience_examinee_total,,33
ssc,108589,2025,nonscience_examinee_passed,,15
ssc,108589,2025,nonscience_avg_gpa,1.78,1.73
ssc,108589,2026,nonscience_examinee_total,31,50
ssc,108589,2026,nonscience_examinee_passed,24,38
ssc,108277,2020,nonscience_avg_gpa,4.15,4.13
ssc,108277,2022,science_avg_gpa,4.96,4.94
ssc,108277,2024,nonscience_avg_gpa,4.53,4.45
ssc,108277,2026,nonscience_avg_gpa,3.72,3.7
ssc,108267,2011,science_examinee_total,,10
ssc,108267,2011,science_examinee_passed,,4
ssc,108267,2011,nonscience_examinee_total,,32
ssc,108267,2011,nonscience_examinee_passed,,25
ssc,108267,2012,nonscience_examinee_total,55,60
ssc,108267,2012,nonscience_examinee_passed,52,57
ssc,108267,2013,science_examinee_total,,12
ssc,108267,2013,science_examinee_passed,,12
ssc,108267,2013,nonscience_examinee_total,,45
ssc,108267,2013,nonscience_examinee_passed,,44
ssc,108267,2014,nonscience_examinee_total,80,81
ssc,108267,2014,nonscience_examinee_passed,80,81
ssc,108267,2015,nonscience_examinee_total,82,88
ssc,108267,2015,nonscience_examinee_passed,79,85
ssc,108267,2017,nonscience_examinee_total,152,162
ssc,108267,2017,nonscience_examinee_passed,150,159
ssc,108267,2017,nonscience_avg_gpa,4.3,4.28
ssc,108267,2018,nonscience_examinee_total,,92
ssc,108267,2018,nonscience_examinee_passed,,56
ssc,108267,2019,science_examinee_total,,68
ssc,108267,2019,science_examinee_passed,,61
ssc,108267,2019,science_avg_gpa,3.39,3.34
ssc,108267,2019,nonscience_examinee_total,,118
ssc,108267,2019,nonscience_examinee_passed,,74
ssc,108267,2019,nonscience_avg_gpa,2,1.95
ssc,108267,2020,science_avg_gpa,3.46,3.42
ssc,108267,2020,nonscience_examinee_total,,159
ssc,108267,2020,nonscience_examinee_passed,,110
ssc,108267,2021,nonscience_examinee_total,145,169
ssc,108267,2021,nonscience_examinee_passed,133,154
ssc,108267,2021,nonscience_avg_gpa,3.13,3.02
ssc,108267,2023,nonscience_examinee_total,,105
ssc,108267,2023,nonscience_examinee_passed,,69
ssc,108267,2023,nonscience_avg_gpa,2.34,2.32
ssc,108267,2024,science_avg_gpa,4.02,3.96
ssc,108267,2024,nonscience_examinee_total,,126
ssc,108267,2024,nonscience_examinee_passed,,103
ssc,108267,2024,nonscience_avg_gpa,2.66,2.64
ssc,108267,2025,science_avg_gpa,3.1,3.04
ssc,108267,2025,nonscience_examinee_total,,83
ssc,108267,2025,nonscience_examinee_passed,,53
ssc,108267,2025,nonscience_avg_gpa,2.26,2.24
ssc,108267,2026,nonscience_examinee_total,60,87
ssc,108267,2026,nonscience_examinee_passed,47,63
ssc,130865,2011,nonscience_examinee_total,535,537
ssc,130865,2011,nonscience_examinee_passed,522,523
ssc,130865,2012,science_avg_gpa,4.95,4.93
ssc,130865,2018,science_avg_gpa,4.52,4.5
ssc,130865,2019,nonscience_avg_gpa,3.64,3.62
ssc,130865,2022,science_avg_gpa,4.79,4.77
ssc,130865,2022,nonscience_avg_gpa,4.14,4.1
ssc,130865,2023,science_avg_gpa,4.6,4.58
ssc,130865,2024,science_avg_gpa,4.6,4.58
ssc,130865,2024,nonscience_avg_gpa,3.85,3.8
ssc,130865,2025,science_avg_gpa,4.39,4.37
ssc,130865,2025,nonscience_examinee_total,418,453
ssc,130865,2025,nonscience_examinee_passed,337,363
ssc,130865,2025,nonscience_avg_gpa,3.05,3.03
ssc,130865,2026,science_avg_gpa,4.21,4.19
ssc,130881,2011,nonscience_examinee_total,,46
ssc,130881,2011,nonscience_examinee_passed,,26
ssc,130881,2012,science_examinee_total,,9
ssc,130881,2012,science_examinee_passed,,8
ssc,130881,2012,science_avg_gpa,3.86,3.43
ssc,130881,2012,nonscience_examinee_total,,67
ssc,130881,2012,nonscience_examinee_passed,,57
ssc,130881,2013,science_examinee_total,,5
ssc,130881,2013,science_examinee_passed,,5
ssc,130881,2013,nonscience_examinee_total,,28
ssc,130881,2013,nonscience_examinee_passed,,27
ssc,130881,2014,science_examinee_total,,1
ssc,130881,2014,science_examinee_passed,,1
ssc,130881,2014,nonscience_examinee_total,34,36
ssc,130881,2015,science_examinee_total,,2
ssc,130881,2015,science_examinee_passed,,2
ssc,130881,2015,nonscience_examinee_total,,19
ssc,130881,2015,nonscience_examinee_passed,,16
ssc,130881,2016,nonscience_examinee_total,,15
ssc,130881,2016,nonscience_examinee_passed,,14
ssc,130881,2017,nonscience_examinee_total,,74
ssc,130881,2017,nonscience_examinee_passed,,68
ssc,130881,2018,science_examinee_total,,3
ssc,130881,2018,science_examinee_passed,,1
ssc,130881,2018,nonscience_examinee_total,,109
ssc,130881,2018,nonscience_examinee_passed,,67
ssc,130881,2018,nonscience_avg_gpa,2.07,2.04
ssc,130881,2019,science_examinee_total,,14
ssc,130881,2019,science_examinee_passed,,9
ssc,130881,2019,nonscience_examinee_total,,105
ssc,130881,2019,nonscience_examinee_passed,,75
ssc,130881,2020,science_examinee_total,,11
ssc,130881,2020,science_examinee_passed,,8
ssc,130881,2020,nonscience_examinee_total,64,73
ssc,130881,2020,nonscience_examinee_passed,58,67
ssc,130881,2021,science_examinee_total,,14
ssc,130881,2021,science_examinee_passed,,10
ssc,130881,2021,science_avg_gpa,2.71,2.52
ssc,130881,2021,nonscience_examinee_total,,131
ssc,130881,2021,nonscience_examinee_passed,,99
ssc,130881,2021,nonscience_avg_gpa,2.61,2.55
ssc,130881,2022,nonscience_examinee_total,151,194
ssc,130881,2022,nonscience_examinee_passed,125,164
ssc,130881,2022,nonscience_avg_gpa,3.1,3.07
ssc,130881,2023,science_examinee_total,,4
ssc,130881,2023,science_examinee_passed,,4
ssc,130881,2023,nonscience_avg_gpa,2.23,2.19
ssc,130881,2024,science_avg_gpa,4.32,3.93
ssc,130881,2024,nonscience_examinee_total,134,173
ssc,130881,2024,nonscience_examinee_passed,90,117
ssc,130881,2024,nonscience_avg_gpa,2.32,2.3
ssc,130881,2025,science_examinee_total,,6
ssc,130881,2025,science_examinee_passed,,3
ssc,130881,2025,nonscience_examinee_total,,169
ssc,130881,2025,nonscience_examinee_passed,,68
ssc,130881,2026,science_examinee_total,,15
ssc,130881,2026,science_examinee_passed,,10
ssc,130881,2026,nonscience_examinee_total,,87
ssc,130881,2026,nonscience_examinee_passed,,39
ssc,130881,2026,nonscience_avg_gpa,1.28,1.26
ssc,130864,2016,science_examinee_total,,1
ssc,130864,2016,science_examinee_passed,,1
ssc,130864,2017,nonscience_examinee_total,,3
ssc,130864,2017,nonscience_examinee_passed,,3
ssc,130864,2020,science_examinee_total,,1
ssc,130864,2020,science_avg_gpa,,0.0
ssc,130864,2020,nonscience_examinee_total,,5
ssc,130864,2020,nonscience_examinee_passed,,1
ssc,130864,2021,nonscience_examinee_total,,17
ssc,130864,2021,nonscience_examinee_passed,,17
ssc,130864,2022,science_examinee_total,,1
ssc,130864,2022,science_examinee_passed,,1
ssc,130864,2022,nonscience_examinee_total,,11
ssc,130864,2022,nonscience_examinee_passed,,7
ssc,130864,2022,nonscience_avg_gpa,2.14,1.94
ssc,130864,2023,science_examinee_total,,5
ssc,130864,2023,science_avg_gpa,,0.0
ssc,130864,2023,nonscience_examinee_total,,27
ssc,130864,2023,nonscience_examinee_passed,,5
ssc,130864,2023,nonscience_avg_gpa,0.64,0.62
ssc,130864,2024,science_examinee_total,,15
ssc,130864,2024,science_examinee_passed,,11
ssc,130864,2024,nonscience_examinee_total,,62
ssc,130864,2024,nonscience_examinee_passed,,47
ssc,130864,2024,nonscience_avg_gpa,2.39,2.28
ssc,130864,2025,science_examinee_total,,14
ssc,130864,2025,science_examinee_passed,,7
ssc,130864,2025,science_avg_gpa,1.63,1.51
ssc,130864,2025,nonscience_examinee_total,,38
ssc,130864,2025,nonscience_examinee_passed,,13
ssc,130864,2025,nonscience_avg_gpa,1.2,1.13
ssc,130864,2026,science_examinee_total,,30
ssc,130864,2026,science_examinee_passed,,13
ssc,130864,2026,nonscience_examinee_total,,83
ssc,130864,2026,nonscience_examinee_passed,,36
ssc,130864,2026,nonscience_avg_gpa,1.25,1.21
ssc,108368,2011,nonscience_examinee_total,160,180
ssc,108368,2011,nonscience_examinee_passed,155,172
ssc,108368,2011,nonscience_avg_gpa,3.76,3.74
ssc,108368,2012,nonscience_examinee_total,153,195
ssc,108368,2012,nonscience_examinee_passed,144,182
ssc,108368,2013,nonscience_examinee_total,209,251
ssc,108368,2013,nonscience_examinee_passed,191,226
ssc,108368,2014,nonscience_examinee_total,264,301
ssc,108368,2014,nonscience_examinee_passed,234,267
ssc,108368,2014,nonscience_avg_gpa,3.48,3.4
ssc,108368,2015,nonscience_examinee_total,215,242
ssc,108368,2015,nonscience_examinee_passed,124,143
ssc,108368,2016,nonscience_examinee_total,254,277
ssc,108368,2016,nonscience_examinee_passed,250,272
ssc,108368,2018,nonscience_examinee_total,,281
ssc,108368,2018,nonscience_examinee_passed,,247
ssc,108368,2019,nonscience_examinee_total,,299
ssc,108368,2019,nonscience_examinee_passed,,202
ssc,108368,2020,nonscience_examinee_total,265,321
ssc,108368,2020,nonscience_examinee_passed,212,264
ssc,108368,2021,nonscience_examinee_total,257,311
ssc,108368,2021,nonscience_examinee_passed,243,291
ssc,108368,2021,nonscience_avg_gpa,3.26,3.22
ssc,108368,2023,science_avg_gpa,3.74,3.7
ssc,108368,2023,nonscience_examinee_total,153,201
ssc,108368,2023,nonscience_examinee_passed,110,142
ssc,108368,2023,nonscience_avg_gpa,2.56,2.54
ssc,108368,2024,science_avg_gpa,4.14,4.09
ssc,108368,2025,nonscience_examinee_total,125,170
ssc,108368,2025,nonscience_examinee_passed,105,140
ssc,108368,2026,nonscience_examinee_total,95,151
ssc,108368,2026,nonscience_examinee_passed,85,123
ssc,107882,2011,nonscience_examinee_total,116,133
ssc,107882,2011,nonscience_examinee_passed,115,131
ssc,107882,2012,nonscience_examinee_total,126,146
ssc,107882,2012,nonscience_examinee_passed,125,145
ssc,107882,2013,nonscience_examinee_total,151,169
ssc,107882,2013,nonscience_examinee_passed,151,168
ssc,107882,2014,nonscience_examinee_total,142,159
ssc,107882,2014,nonscience_examinee_passed,141,157
ssc,107882,2015,nonscience_examinee_total,144,163
ssc,107882,2015,nonscience_examinee_passed,142,159
ssc,107882,2016,nonscience_examinee_total,177,189
ssc,107882,2016,nonscience_examinee_passed,167,174
ssc,107882,2017,nonscience_examinee_total,186,191
ssc,107882,2017,nonscience_examinee_passed,184,189
ssc,107882,2023,nonscience_avg_gpa,3.51,3.46
ssc,108369,2011,nonscience_examinee_total,52,59
ssc,108369,2011,nonscience_examinee_passed,46,53
ssc,108369,2012,nonscience_examinee_total,,63
ssc,108369,2012,nonscience_examinee_passed,,63
ssc,108369,2013,nonscience_examinee_total,64,66
ssc,108369,2013,nonscience_examinee_passed,56,58
ssc,108369,2014,science_examinee_total,,5
ssc,108369,2014,science_examinee_passed,,4
ssc,108369,2015,science_examinee_total,,14
ssc,108369,2015,science_examinee_passed,,14
ssc,108369,2015,nonscience_examinee_total,,61
ssc,108369,2015,nonscience_examinee_passed,,50
ssc,108369,2016,nonscience_examinee_total,56,64
ssc,108369,2016,nonscience_examinee_passed,56,64
ssc,108369,2017,nonscience_examinee_total,40,52
ssc,108369,2017,nonscience_examinee_passed,39,51
ssc,108369,2018,science_examinee_total,,28
ssc,108369,2018,science_examinee_passed,,27
ssc,108369,2018,nonscience_examinee_total,,60
ssc,108369,2018,nonscience_examinee_passed,,56
ssc,108369,2019,nonscience_examinee_total,,97
ssc,108369,2019,nonscience_examinee_passed,,62
ssc,108369,2020,science_examinee_total,,6
ssc,108369,2020,science_examinee_passed,,5
ssc,108369,2020,nonscience_examinee_total,,55
ssc,108369,2020,nonscience_examinee_passed,,50
ssc,108369,2021,science_examinee_total,,8
ssc,108369,2021,science_examinee_passed,,7
ssc,108369,2021,nonscience_examinee_total,33,79
ssc,108369,2021,nonscience_examinee_passed,27,73
ssc,108369,2021,nonscience_avg_gpa,3.39,3.3
ssc,108369,2022,nonscience_examinee_total,18,33
ssc,108369,2022,nonscience_examinee_passed,18,33
ssc,108369,2023,science_examinee_total,,12
ssc,108369,2023,science_examinee_passed,,12
ssc,108369,2023,nonscience_examinee_total,,36
ssc,108369,2023,nonscience_examinee_passed,,29
ssc,108369,2024,nonscience_examinee_total,,31
ssc,108369,2024,nonscience_examinee_passed,,30
ssc,108369,2025,nonscience_examinee_total,,37
ssc,108369,2025,nonscience_examinee_passed,,35
ssc,108369,2026,science_examinee_total,,7
ssc,108369,2026,science_examinee_passed,,7
ssc,108369,2026,nonscience_examinee_total,,37
ssc,108369,2026,nonscience_examinee_passed,,32
ssc,132085,2015,nonscience_examinee_total,,42
ssc,132085,2015,nonscience_examinee_passed,,42
ssc,132085,2017,nonscience_examinee_total,,35
ssc,132085,2017,nonscience_examinee_passed,,33
ssc,132085,2018,nonscience_examinee_total,,48
ssc,132085,2018,nonscience_examinee_passed,,43
ssc,132085,2019,nonscience_examinee_total,,33
ssc,132085,2019,nonscience_examinee_passed,,29
ssc,132085,2019,nonscience_avg_gpa,3.2,3.11
ssc,132085,2020,nonscience_examinee_total,,44
ssc,132085,2020,nonscience_examinee_passed,,41
ssc,132085,2021,science_avg_gpa,4.57,4.49
ssc,132085,2021,nonscience_avg_gpa,3.91,3.84
ssc,132085,2022,nonscience_examinee_total,,40
ssc,132085,2022,nonscience_examinee_passed,,37
ssc,132085,2023,nonscience_examinee_total,,47
ssc,132085,2023,nonscience_examinee_passed,,47
ssc,132085,2024,nonscience_examinee_total,,32
ssc,132085,2024,nonscience_examinee_passed,,31
ssc,132085,2025,nonscience_examinee_total,,42
ssc,132085,2025,nonscience_examinee_passed,,38
ssc,132085,2026,nonscience_examinee_total,,35
ssc,132085,2026,nonscience_examinee_passed,,34
ssc,108197,2011,science_examinee_total,,6
ssc,108197,2011,science_examinee_passed,,6
ssc,108197,2011,nonscience_examinee_total,89,100
ssc,108197,2011,nonscience_examinee_passed,83,94
ssc,108197,2012,science_examinee_total,,8
ssc,108197,2012,science_examinee_passed,,7
ssc,108197,2012,nonscience_examinee_total,98,105
ssc,108197,2012,nonscience_examinee_passed,88,95
ssc,108197,2012,nonscience_avg_gpa,3.07,3.04
ssc,108197,2013,science_examinee_total,,7
ssc,108197,2013,science_examinee_passed,,6
ssc,108197,2013,nonscience_examinee_total,,99
ssc,108197,2013,nonscience_examinee_passed,,90
ssc,108197,2013,nonscience_avg_gpa,3.28,3.25
ssc,108197,2014,science_examinee_total,,6
ssc,108197,2014,science_examinee_passed,,6
ssc,108197,2014,nonscience_examinee_total,97,105
ssc,108197,2014,nonscience_examinee_passed,95,103
ssc,108197,2015,science_examinee_total,,2
ssc,108197,2015,science_examinee_passed,,2
ssc,108197,2015,nonscience_examinee_total,,43
ssc,108197,2015,nonscience_examinee_passed,,34
ssc,108197,2016,nonscience_examinee_total,,96
ssc,108197,2016,nonscience_examinee_passed,,85
ssc,108197,2018,science_avg_gpa,4.14,3.82
ssc,108197,2018,nonscience_examinee_total,,115
ssc,108197,2018,nonscience_examinee_passed,,73
ssc,108197,2019,nonscience_examinee_total,,114
ssc,108197,2019,nonscience_examinee_passed,,87
ssc,108197,2020,nonscience_examinee_total,,77
ssc,108197,2020,nonscience_examinee_passed,,60
ssc,108197,2021,nonscience_examinee_total,75,92
ssc,108197,2021,nonscience_examinee_passed,59,75
ssc,108197,2022,nonscience_examinee_total,,67
ssc,108197,2022,nonscience_examinee_passed,,57
ssc,108197,2023,science_examinee_total,,14
ssc,108197,2023,science_examinee_passed,,12
ssc,108197,2023,nonscience_examinee_total,,69
ssc,108197,2023,nonscience_examinee_passed,,52
ssc,108197,2024,nonscience_examinee_total,,66
ssc,108197,2024,nonscience_examinee_passed,,49
ssc,108197,2024,nonscience_avg_gpa,2.47,2.43
ssc,108197,2025,nonscience_examinee_total,,74
ssc,108197,2025,nonscience_examinee_passed,,36
ssc,108197,2025,nonscience_avg_gpa,1.48,1.46
ssc,108197,2026,science_examinee_total,,22
ssc,108197,2026,science_examinee_passed,,10
ssc,108197,2026,nonscience_examinee_total,,63
ssc,108197,2026,nonscience_examinee_passed,,33
ssc,108325,2011,science_examinee_total,,8
ssc,108325,2011,science_examinee_passed,,8
ssc,108325,2011,nonscience_examinee_total,39,50
ssc,108325,2011,nonscience_examinee_passed,32,43
ssc,108325,2012,nonscience_examinee_total,,65
ssc,108325,2012,nonscience_examinee_passed,,58
ssc,108325,2013,nonscience_examinee_total,27,35
ssc,108325,2013,nonscience_examinee_passed,24,30
ssc,108325,2013,nonscience_avg_gpa,3.05,2.87
ssc,108325,2014,nonscience_examinee_total,41,55
ssc,108325,2014,nonscience_examinee_passed,39,52
ssc,108325,2015,science_examinee_total,,9
ssc,108325,2015,science_examinee_passed,,8
ssc,108325,2015,nonscience_examinee_total,46,55
ssc,108325,2015,nonscience_examinee_passed,30,38
ssc,108325,2015,nonscience_avg_gpa,2.53,2.44
ssc,108325,2016,science_examinee_total,,15
ssc,108325,2016,science_examinee_passed,,13
ssc,108325,2016,nonscience_examinee_total,,89
ssc,108325,2016,nonscience_examinee_passed,,71
ssc,108325,2016,nonscience_avg_gpa,2.75,2.69
ssc,108325,2017,nonscience_examinee_total,,82
ssc,108325,2017,nonscience_examinee_passed,,74
ssc,108325,2018,nonscience_examinee_total,60,86
ssc,108325,2018,nonscience_examinee_passed,51,76
ssc,108325,2019,science_examinee_total,,37
ssc,108325,2019,science_examinee_passed,,32
ssc,108325,2019,nonscience_examinee_total,,68
ssc,108325,2019,nonscience_examinee_passed,,55
ssc,108325,2020,nonscience_examinee_total,,52
ssc,108325,2020,nonscience_examinee_passed,,44
ssc,108325,2021,science_examinee_total,,14
ssc,108325,2021,science_examinee_passed,,14
ssc,108325,2021,nonscience_examinee_total,54,86
ssc,108325,2021,nonscience_examinee_passed,52,81
ssc,108325,2021,nonscience_avg_gpa,3.12,3.05
ssc,108325,2022,nonscience_examinee_total,32,61
ssc,108325,2022,nonscience_examinee_passed,29,47
ssc,108325,2023,science_examinee_total,,24
ssc,108325,2023,science_examinee_passed,,23
ssc,108325,2023,science_avg_gpa,3.84,3.68
ssc,108325,2023,nonscience_examinee_total,,84
ssc,108325,2023,nonscience_examinee_passed,,39
ssc,108325,2024,nonscience_examinee_total,,85
ssc,108325,2024,nonscience_examinee_passed,,65
ssc,108325,2025,science_examinee_total,,19
ssc,108325,2025,science_examinee_passed,,12
ssc,108325,2025,nonscience_examinee_total,,62
ssc,108325,2025,nonscience_examinee_passed,,10
ssc,108325,2026,science_examinee_total,,26
ssc,108325,2026,science_examinee_passed,,21
ssc,108325,2026,nonscience_examinee_total,,74
ssc,108325,2026,nonscience_examinee_passed,,38
ssc,108330,2011,science_examinee_total,,1
ssc,108330,2011,science_examinee_passed,,1
ssc,108330,2011,nonscience_examinee_total,,141
ssc,108330,2011,nonscience_examinee_passed,,92
ssc,108330,2012,science_examinee_total,,3
ssc,108330,2012,science_examinee_passed,,2
ssc,108330,2012,nonscience_examinee_total,,115
ssc,108330,2012,nonscience_examinee_passed,,77
ssc,108330,2012,nonscience_avg_gpa,1.92,1.89
ssc,108330,2013,science_examinee_total,,6
ssc,108330,2013,science_examinee_passed,,4
ssc,108330,2013,nonscience_examinee_total,,115
ssc,108330,2013,nonscience_examinee_passed,,85
ssc,108330,2013,nonscience_avg_gpa,2.3,2.16
ssc,108330,2014,science_examinee_total,,5
ssc,108330,2014,science_examinee_passed,,4
ssc,108330,2014,nonscience_examinee_total,88,95
ssc,108330,2014,nonscience_examinee_passed,77,81
ssc,108330,2014,nonscience_avg_gpa,2.75,2.66
ssc,108330,2015,science_examinee_total,,2
ssc,108330,2015,science_examinee_passed,,1
ssc,108330,2015,nonscience_examinee_total,,64
ssc,108330,2015,nonscience_examinee_passed,,44
ssc,108330,2016,science_examinee_total,,5
ssc,108330,2016,science_examinee_passed,,3
ssc,108330,2016,nonscience_examinee_total,,72
ssc,108330,2016,nonscience_examinee_passed,,55
ssc,108330,2017,science_examinee_total,,10
ssc,108330,2017,science_examinee_passed,,9
ssc,108330,2017,nonscience_examinee_total,,62
ssc,108330,2017,nonscience_examinee_passed,,51
ssc,108330,2018,science_examinee_total,,13
ssc,108330,2018,science_examinee_passed,,13
ssc,108330,2018,nonscience_examinee_total,,105
ssc,108330,2018,nonscience_examinee_passed,,78
ssc,108330,2018,nonscience_avg_gpa,2.37,2.35
ssc,108330,2019,science_examinee_total,,9
ssc,108330,2019,science_examinee_passed,,7
ssc,108330,2019,nonscience_examinee_total,,102
ssc,108330,2019,nonscience_examinee_passed,,65
ssc,108330,2019,nonscience_avg_gpa,1.97,1.93
ssc,108330,2020,nonscience_examinee_total,,113
ssc,108330,2020,nonscience_examinee_passed,,90
ssc,108330,2021,science_examinee_total,,36
ssc,108330,2021,science_examinee_passed,,32
ssc,108330,2021,science_avg_gpa,3.56,3.46
ssc,108330,2021,nonscience_examinee_total,,98
ssc,108330,2021,nonscience_examinee_passed,,86
ssc,108330,2022,nonscience_examinee_total,,65
ssc,108330,2022,nonscience_examinee_passed,,56
ssc,108330,2023,science_examinee_total,,27
ssc,108330,2023,science_examinee_passed,,20
ssc,108330,2023,nonscience_examinee_total,,87
ssc,108330,2023,nonscience_examinee_passed,,50
ssc,108330,2024,science_examinee_total,,17
ssc,108330,2024,science_examinee_passed,,11
ssc,108330,2024,nonscience_examinee_total,,89
ssc,108330,2024,nonscience_examinee_passed,,61
ssc,108330,2025,science_examinee_total,,22
ssc,108330,2025,science_examinee_passed,,10
ssc,108330,2025,nonscience_examinee_total,,67
ssc,108330,2025,nonscience_examinee_passed,,12
ssc,108330,2026,nonscience_examinee_total,,65
ssc,108330,2026,nonscience_examinee_passed,,32
ssc,108322,2011,science_examinee_total,,4
ssc,108322,2011,science_examinee_passed,,4
ssc,108322,2011,nonscience_examinee_total,71,72
ssc,108322,2012,science_examinee_total,,10
ssc,108322,2012,science_examinee_passed,,9
ssc,108322,2012,nonscience_examinee_total,85,86
ssc,108322,2012,nonscience_examinee_passed,85,86
ssc,108322,2013,nonscience_examinee_total,73,74
ssc,108322,2013,nonscience_examinee_passed,69,70
ssc,108322,2014,nonscience_avg_gpa,3.9,3.86
ssc,108322,2015,nonscience_examinee_total,,93
ssc,108322,2015,nonscience_examinee_passed,,93
ssc,108322,2016,nonscience_examinee_total,,151
ssc,108322,2016,nonscience_examinee_passed,,125
ssc,108322,2016,nonscience_avg_gpa,2.98,2.96
ssc,108322,2017,nonscience_examinee_total,107,132
ssc,108322,2017,nonscience_examinee_passed,107,129
ssc,108322,2018,nonscience_examinee_total,,97
ssc,108322,2018,nonscience_examinee_passed,,93
ssc,108322,2019,nonscience_examinee_total,,95
ssc,108322,2019,nonscience_examinee_passed,,89
ssc,108322,2020,nonscience_examinee_total,59,108
ssc,108322,2020,nonscience_examinee_passed,52,93
ssc,108322,2021,nonscience_examinee_total,72,104
ssc,108322,2021,nonscience_examinee_passed,70,101
ssc,108322,2022,nonscience_examinee_total,66,102
ssc,108322,2022,nonscience_examinee_passed,56,90
ssc,108322,2022,nonscience_avg_gpa,3.22,3.18
ssc,108322,2023,nonscience_examinee_total,,88
ssc,108322,2023,nonscience_examinee_passed,,85
ssc,108322,2024,nonscience_examinee_total,,73
ssc,108322,2024,nonscience_examinee_passed,,69
ssc,108322,2025,nonscience_examinee_total,,70
ssc,108322,2025,nonscience_examinee_passed,,57
ssc,108322,2025,nonscience_avg_gpa,2.74,2.7
ssc,108322,2026,nonscience_examinee_total,,54
ssc,108322,2026,nonscience_examinee_passed,,42
ssc,108322,2026,nonscience_avg_gpa,2.59,2.54
ssc,108337,2011,science_avg_gpa,3.33,3.22
ssc,108337,2011,nonscience_examinee_total,,120
ssc,108337,2011,nonscience_examinee_passed,,87
ssc,108337,2011,nonscience_avg_gpa,2.76,2.72
ssc,108337,2012,science_avg_gpa,4.45,4.33
ssc,108337,2012,nonscience_examinee_total,89,107
ssc,108337,2012,nonscience_examinee_passed,79,94
ssc,108337,2013,science_avg_gpa,4.68,4.41
ssc,108337,2013,nonscience_examinee_total,,118
ssc,108337,2013,nonscience_examinee_passed,,96
ssc,108337,2013,nonscience_avg_gpa,2.88,2.78
ssc,108337,2015,nonscience_examinee_total,53,72
ssc,108337,2015,nonscience_examinee_passed,48,67
ssc,108337,2016,science_avg_gpa,4.28,4.17
ssc,108337,2016,nonscience_examinee_total,74,98
ssc,108337,2016,nonscience_examinee_passed,53,67
ssc,108337,2017,nonscience_examinee_total,71,107
ssc,108337,2017,nonscience_examinee_passed,65,95
ssc,108337,2018,nonscience_examinee_total,,86
ssc,108337,2018,nonscience_examinee_passed,,73
ssc,108337,2019,nonscience_examinee_total,,115
ssc,108337,2019,nonscience_examinee_passed,,89
ssc,108337,2020,nonscience_examinee_total,,105
ssc,108337,2020,nonscience_examinee_passed,,92
ssc,108337,2020,nonscience_avg_gpa,3.15,3.12
ssc,108337,2021,nonscience_examinee_total,95,141
ssc,108337,2021,nonscience_examinee_passed,84,125
ssc,108337,2022,nonscience_examinee_total,91,128
ssc,108337,2022,nonscience_examinee_passed,87,117
ssc,108337,2022,nonscience_avg_gpa,3.19,3.17
ssc,108337,2023,nonscience_examinee_total,33,93
ssc,108337,2023,nonscience_examinee_passed,21,66
ssc,108337,2024,nonscience_examinee_total,,74
ssc,108337,2024,nonscience_examinee_passed,,63
ssc,108337,2025,nonscience_examinee_total,,79
ssc,108337,2025,nonscience_examinee_passed,,19
ssc,108337,2026,nonscience_examinee_total,,76
ssc,108337,2026,nonscience_examinee_passed,,50
ssc,133939,2012,nonscience_examinee_total,,43
ssc,133939,2012,nonscience_examinee_passed,,32
ssc,133939,2014,science_examinee_total,,1
ssc,133939,2014,science_avg_gpa,,0.0
ssc,133939,2015,science_examinee_total,,4
ssc,133939,2015,science_examinee_passed,,3
ssc,133939,2015,nonscience_examinee_total,,67
ssc,133939,2015,nonscience_examinee_passed,,56
ssc,133939,2016,science_examinee_total,,12
ssc,133939,2016,science_examinee_passed,,11
ssc,133939,2016,nonscience_examinee_total,,69
ssc,133939,2016,nonscience_examinee_passed,,58
ssc,133939,2017,nonscience_examinee_total,,114
ssc,133939,2017,nonscience_examinee_passed,,91
ssc,133939,2017,nonscience_avg_gpa,2.98,2.93
ssc,133939,2018,science_avg_gpa,4.16,4.01
ssc,133939,2018,nonscience_examinee_total,208,215
ssc,133939,2018,nonscience_examinee_passed,154,157
ssc,133939,2018,nonscience_avg_gpa,2.54,2.5
ssc,133939,2019,nonscience_examinee_total,,230
ssc,133939,2019,nonscience_examinee_passed,,135
ssc,133939,2019,nonscience_avg_gpa,1.93,1.88
ssc,133939,2020,science_avg_gpa,3.64,3.57
ssc,133939,2020,nonscience_examinee_total,,299
ssc,133939,2020,nonscience_examinee_passed,,207
ssc,133939,2020,nonscience_avg_gpa,2.23,2.21
ssc,133939,2021,science_examinee_total,,18
ssc,133939,2021,science_examinee_passed,,12
ssc,133939,2021,nonscience_examinee_total,235,282
ssc,133939,2021,nonscience_examinee_passed,197,237
ssc,133939,2021,nonscience_avg_gpa,2.77,2.71
ssc,133939,2022,nonscience_examinee_total,156,182
ssc,133939,2022,nonscience_examinee_passed,129,152
ssc,133939,2022,nonscience_avg_gpa,2.88,2.86
ssc,133939,2023,science_examinee_total,,56
ssc,133939,2023,science_examinee_passed,,51
ssc,133939,2023,nonscience_examinee_total,158,187
ssc,133939,2023,nonscience_examinee_passed,104,115
ssc,133939,2023,nonscience_avg_gpa,2.04,2.02
ssc,133939,2024,science_avg_gpa,3.76,3.63
ssc,133939,2024,nonscience_examinee_total,,233
ssc,133939,2024,nonscience_examinee_passed,,160
ssc,133939,2024,nonscience_avg_gpa,2.26,2.2
ssc,133939,2025,science_examinee_total,,37
ssc,133939,2025,science_examinee_passed,,24
ssc,133939,2025,nonscience_examinee_total,70,205
ssc,133939,2025,nonscience_examinee_passed,14,87
ssc,133939,2025,nonscience_avg_gpa,1.54,1.46
ssc,133939,2026,science_avg_gpa,2.28,2.22
ssc,133939,2026,nonscience_examinee_total,87,219
ssc,133939,2026,nonscience_examinee_passed,41,107
ssc,133939,2026,nonscience_avg_gpa,1.6,1.53
ssc,108179,2011,nonscience_examinee_total,,105
ssc,108179,2011,nonscience_examinee_passed,,84
ssc,108179,2011,nonscience_avg_gpa,2.7,2.67
ssc,108179,2012,nonscience_examinee_total,74,83
ssc,108179,2012,nonscience_examinee_passed,62,70
ssc,108179,2013,science_examinee_total,,4
ssc,108179,2013,science_examinee_passed,,2
ssc,108179,2013,nonscience_examinee_total,82,93
ssc,108179,2013,nonscience_examinee_passed,65,69
ssc,108179,2014,nonscience_examinee_total,,104
ssc,108179,2014,nonscience_examinee_passed,,89
ssc,108179,2015,science_examinee_total,,2
ssc,108179,2015,science_examinee_passed,,1
ssc,108179,2015,nonscience_examinee_total,,90
ssc,108179,2015,nonscience_examinee_passed,,60
ssc,108179,2015,nonscience_avg_gpa,2.18,2.14
ssc,108179,2016,science_examinee_total,,14
ssc,108179,2016,science_examinee_passed,,11
ssc,108179,2016,nonscience_examinee_total,,92
ssc,108179,2016,nonscience_examinee_passed,,68
ssc,108179,2017,science_examinee_total,,21
ssc,108179,2017,science_examinee_passed,,16
ssc,108179,2017,nonscience_examinee_total,,135
ssc,108179,2017,nonscience_examinee_passed,,103
ssc,108179,2017,nonscience_avg_gpa,2.78,2.74
ssc,108179,2018,science_examinee_total,,31
ssc,108179,2018,science_examinee_passed,,24
ssc,108179,2018,nonscience_examinee_total,,138
ssc,108179,2018,nonscience_examinee_passed,,85
ssc,108179,2019,science_examinee_total,,23
ssc,108179,2019,science_examinee_passed,,16
ssc,108179,2019,nonscience_examinee_total,127,161
ssc,108179,2019,nonscience_examinee_passed,80,95
ssc,108179,2020,nonscience_examinee_total,,208
ssc,108179,2020,nonscience_examinee_passed,,156
ssc,108179,2021,nonscience_examinee_total,,190
ssc,108179,2021,nonscience_examinee_passed,,167
ssc,108179,2022,science_examinee_total,,16
ssc,108179,2022,science_examinee_passed,,15
ssc,108179,2022,nonscience_examinee_total,43,132
ssc,108179,2022,nonscience_examinee_passed,33,90
ssc,108179,2022,nonscience_avg_gpa,2.11,2.09
ssc,108179,2023,nonscience_examinee_total,148,195
ssc,108179,2023,nonscience_examinee_passed,99,122
ssc,108179,2023,nonscience_avg_gpa,2.14,2.11
ssc,108179,2024,nonscience_examinee_total,,135
ssc,108179,2024,nonscience_examinee_passed,,88
ssc,108179,2025,science_examinee_total,,44
ssc,108179,2025,science_examinee_passed,,29
ssc,108179,2025,science_avg_gpa,2.54,2.48
ssc,108179,2025,nonscience_examinee_total,,151
ssc,108179,2025,nonscience_examinee_passed,,51
ssc,108179,2025,nonscience_avg_gpa,1.14,1.12
ssc,108179,2026,nonscience_examinee_total,74,125
ssc,108179,2026,nonscience_examinee_passed,43,69
ssc,108179,2026,nonscience_avg_gpa,1.69,1.67
ssc,108324,2011,nonscience_examinee_total,44,62
ssc,108324,2011,nonscience_examinee_passed,43,61
ssc,108324,2012,science_examinee_total,,15
ssc,108324,2012,science_examinee_passed,,13
ssc,108324,2012,science_avg_gpa,4.03,3.76
ssc,108324,2012,nonscience_examinee_total,66,80
ssc,108324,2012,nonscience_examinee_passed,57,71
ssc,108324,2013,science_examinee_total,,12
ssc,108324,2013,science_examinee_passed,,12
ssc,108324,2013,nonscience_examinee_total,69,82
ssc,108324,2013,nonscience_examinee_passed,60,73
ssc,108324,2015,science_examinee_total,,17
ssc,108324,2015,science_examinee_passed,,16
ssc,108324,2015,nonscience_examinee_total,,94
ssc,108324,2015,nonscience_examinee_passed,,84
ssc,108324,2016,nonscience_examinee_total,98,126
ssc,108324,2016,nonscience_examinee_passed,91,117
ssc,108324,2017,nonscience_examinee_total,,127
ssc,108324,2017,nonscience_examinee_passed,,114
ssc,108324,2018,nonscience_examinee_total,,127
ssc,108324,2018,nonscience_examinee_passed,,111
ssc,108324,2019,science_examinee_total,,25
ssc,108324,2019,science_examinee_passed,,23
ssc,108324,2019,nonscience_examinee_total,,104
ssc,108324,2019,nonscience_examinee_passed,,81
ssc,108324,2019,nonscience_avg_gpa,2.5,2.47
ssc,108324,2020,nonscience_examinee_total,,111
ssc,108324,2020,nonscience_examinee_passed,,93
ssc,108324,2021,nonscience_examinee_total,57,125
ssc,108324,2021,nonscience_examinee_passed,54,117
ssc,108324,2021,nonscience_avg_gpa,3.15,3.08
ssc,108324,2023,nonscience_examinee_total,,63
ssc,108324,2023,nonscience_examinee_passed,,50
ssc,108324,2024,nonscience_examinee_total,,44
ssc,108324,2024,nonscience_examinee_passed,,40
ssc,108324,2024,nonscience_avg_gpa,3.21,3.14
ssc,108324,2025,nonscience_examinee_total,,52
ssc,108324,2025,nonscience_examinee_passed,,19
ssc,108324,2026,nonscience_examinee_total,,66
ssc,108324,2026,nonscience_examinee_passed,,49
ssc,108324,2026,nonscience_avg_gpa,2.48,2.44
ssc,108323,2011,nonscience_examinee_total,37,42
ssc,108323,2011,nonscience_examinee_passed,36,41
ssc,108323,2012,nonscience_examinee_total,,38
ssc,108323,2012,nonscience_examinee_passed,,38
ssc,108323,2013,nonscience_examinee_total,39,48
ssc,108323,2013,nonscience_examinee_passed,29,36
ssc,108323,2014,nonscience_examinee_total,44,50
ssc,108323,2014,nonscience_examinee_passed,40,46
ssc,108323,2014,nonscience_avg_gpa,3.62,3.47
ssc,108323,2015,nonscience_examinee_total,,47
ssc,108323,2015,nonscience_examinee_passed,,41
ssc,108323,2017,nonscience_examinee_total,,54
ssc,108323,2017,nonscience_examinee_passed,,48
ssc,108323,2018,nonscience_examinee_total,,63
ssc,108323,2018,nonscience_examinee_passed,,49
ssc,108323,2018,nonscience_avg_gpa,2.88,2.79
ssc,108323,2019,science_examinee_total,,17
ssc,108323,2019,science_examinee_passed,,12
ssc,108323,2019,nonscience_examinee_total,,65
ssc,108323,2019,nonscience_examinee_passed,,41
ssc,108323,2019,nonscience_avg_gpa,2.21,2.14
ssc,108323,2020,nonscience_examinee_total,,64
ssc,108323,2020,nonscience_examinee_passed,,49
ssc,108323,2021,nonscience_examinee_total,58,73
ssc,108323,2021,nonscience_examinee_passed,56,70
ssc,108323,2021,nonscience_avg_gpa,3.58,3.53
ssc,108323,2022,nonscience_examinee_total,,57
ssc,108323,2022,nonscience_examinee_passed,,51
ssc,108323,2023,nonscience_examinee_total,36,53
ssc,108323,2023,nonscience_examinee_passed,35,51
ssc,108323,2024,nonscience_examinee_total,,40
ssc,108323,2024,nonscience_examinee_passed,,40
ssc,108323,2025,nonscience_examinee_total,,31
ssc,108323,2025,nonscience_examinee_passed,,28
ssc,108323,2026,science_examinee_total,,26
ssc,108323,2026,science_examinee_passed,,25
ssc,108323,2026,nonscience_examinee_total,29,43
ssc,108323,2026,nonscience_examinee_passed,25,37
ssc,108323,2026,nonscience_avg_gpa,3.28,3.2
ssc,108191,2012,nonscience_avg_gpa,3.58,3.56
ssc,108191,2014,nonscience_avg_gpa,3.57,3.55
ssc,108191,2018,science_avg_gpa,4.06,4.03
ssc,108191,2018,nonscience_avg_gpa,2.93,2.91
ssc,108191,2020,nonscience_examinee_total,141,142
ssc,108191,2020,nonscience_examinee_passed,109,110
ssc,108191,2020,nonscience_avg_gpa,2.7,2.68
ssc,108191,2021,science_avg_gpa,4.27,4.23
ssc,108191,2021,nonscience_examinee_total,209,228
ssc,108191,2021,nonscience_examinee_passed,196,215
ssc,108191,2023,science_avg_gpa,4.23,4.16
ssc,108191,2024,nonscience_examinee_total,105,121
ssc,108191,2024,nonscience_examinee_passed,104,120
ssc,108191,2025,science_avg_gpa,3.6,3.58
ssc,108191,2025,nonscience_avg_gpa,2.82,2.74
ssc,108191,2026,science_avg_gpa,4.07,4.02
ssc,108191,2026,nonscience_examinee_total,166,194
ssc,108191,2026,nonscience_examinee_passed,138,166
ssc,130882,2011,nonscience_examinee_total,,27
ssc,130882,2011,nonscience_examinee_passed,,18
ssc,130882,2011,nonscience_avg_gpa,2.46,2.37
ssc,130882,2012,science_examinee_total,,8
ssc,130882,2012,science_examinee_passed,,7
ssc,130882,2012,nonscience_examinee_total,59,62
ssc,130882,2012,nonscience_examinee_passed,51,54
ssc,130882,2013,science_examinee_total,,1
ssc,130882,2013,science_examinee_passed,,1
ssc,130882,2013,nonscience_examinee_total,,56
ssc,130882,2013,nonscience_examinee_passed,,50
ssc,130882,2013,nonscience_avg_gpa,3.02,2.97
ssc,130882,2014,nonscience_examinee_total,126,128
ssc,130882,2014,nonscience_examinee_passed,111,113
ssc,130882,2015,nonscience_examinee_total,,128
ssc,130882,2015,nonscience_examinee_passed,,99
ssc,130882,2015,nonscience_avg_gpa,2.54,2.52
ssc,130882,2016,science_examinee_total,,5
ssc,130882,2016,science_examinee_passed,,4
ssc,130882,2016,science_avg_gpa,3.55,2.84
ssc,130882,2016,nonscience_examinee_total,122,127
ssc,130882,2016,nonscience_examinee_passed,104,107
ssc,130882,2016,nonscience_avg_gpa,2.86,2.84
ssc,130882,2017,science_examinee_total,,4
ssc,130882,2017,science_examinee_passed,,2
ssc,130882,2017,science_avg_gpa,2.61,1.96
ssc,130882,2017,nonscience_examinee_total,,161
ssc,130882,2017,nonscience_examinee_passed,,131
ssc,130882,2017,nonscience_avg_gpa,3.07,3.01
ssc,130882,2018,science_examinee_total,,7
ssc,130882,2018,science_examinee_passed,,5
ssc,130882,2018,nonscience_examinee_total,,109
ssc,130882,2018,nonscience_examinee_passed,,67
ssc,130882,2018,nonscience_avg_gpa,2.28,2.08
ssc,130882,2019,science_examinee_total,,3
ssc,130882,2019,science_examinee_passed,,3
ssc,130882,2019,nonscience_examinee_total,,84
ssc,130882,2019,nonscience_examinee_passed,,57
ssc,130882,2020,science_examinee_total,,9
ssc,130882,2020,science_examinee_passed,,5
ssc,130882,2020,nonscience_examinee_total,,106
ssc,130882,2020,nonscience_examinee_passed,,70
ssc,130882,2021,science_examinee_total,,17
ssc,130882,2021,science_examinee_passed,,16
ssc,130882,2021,science_avg_gpa,3.72,3.5
ssc,130882,2021,nonscience_examinee_total,123,141
ssc,130882,2021,nonscience_examinee_passed,115,132
ssc,130882,2022,nonscience_examinee_total,,139
ssc,130882,2022,nonscience_examinee_passed,,104
ssc,130882,2022,nonscience_avg_gpa,2.47,2.4
ssc,130882,2023,science_avg_gpa,4.09,3.87
ssc,130882,2023,nonscience_examinee_total,,192
ssc,130882,2023,nonscience_examinee_passed,,121
ssc,130882,2023,nonscience_avg_gpa,2.17,2.13
ssc,130882,2024,nonscience_examinee_total,,232
ssc,130882,2024,nonscience_examinee_passed,,149
ssc,130882,2024,nonscience_avg_gpa,2.04,2.0
ssc,130882,2025,science_examinee_total,,23
ssc,130882,2025,science_examinee_passed,,13
ssc,130882,2025,science_avg_gpa,2.06,1.97
ssc,130882,2025,nonscience_examinee_total,,142
ssc,130882,2025,nonscience_examinee_passed,,40
ssc,130882,2025,nonscience_avg_gpa,0.91,0.89
ssc,130882,2026,nonscience_examinee_total,,87
ssc,130882,2026,nonscience_examinee_passed,,31
ssc,108188,2012,nonscience_examinee_total,487,518
ssc,108188,2012,nonscience_examinee_passed,463,493
ssc,108188,2013,nonscience_examinee_total,345,442
ssc,108188,2013,nonscience_examinee_passed,331,409
ssc,108188,2013,nonscience_avg_gpa,3.5,3.47
ssc,108188,2014,nonscience_examinee_total,480,554
ssc,108188,2014,nonscience_examinee_passed,474,542
ssc,108188,2015,nonscience_examinee_total,455,495
ssc,108188,2015,nonscience_examinee_passed,434,450
ssc,108188,2016,science_avg_gpa,4.38,4.36
ssc,108188,2016,nonscience_examinee_total,458,492
ssc,108188,2016,nonscience_examinee_passed,417,448
ssc,108188,2017,science_avg_gpa,4.7,4.67
ssc,108188,2017,nonscience_examinee_total,536,552
ssc,108188,2017,nonscience_examinee_passed,495,508
ssc,108188,2018,nonscience_examinee_total,503,506
ssc,108188,2018,nonscience_examinee_passed,452,454
ssc,108188,2019,nonscience_examinee_total,418,427
ssc,108188,2019,nonscience_examinee_passed,363,371
ssc,108188,2020,nonscience_examinee_total,295,297
ssc,108188,2020,nonscience_examinee_passed,280,282
ssc,108188,2023,nonscience_avg_gpa,3.88,3.86
ssc,108188,2024,science_avg_gpa,4.67,4.65
ssc,108188,2025,science_avg_gpa,4.24,4.2
ssc,108188,2025,nonscience_examinee_total,298,337
ssc,108188,2025,nonscience_examinee_passed,180,206
ssc,108221,2011,nonscience_examinee_total,222,254
ssc,108221,2011,nonscience_examinee_passed,216,244
ssc,108221,2011,nonscience_avg_gpa,4.12,4.1
ssc,108221,2012,science_avg_gpa,4.41,4.38
ssc,108221,2012,nonscience_examinee_total,240,259
ssc,108221,2012,nonscience_examinee_passed,229,246
ssc,108221,2013,science_avg_gpa,4.45,4.42
ssc,108221,2013,nonscience_examinee_total,214,231
ssc,108221,2013,nonscience_examinee_passed,209,225
ssc,108221,2013,nonscience_avg_gpa,4.09,4.07
ssc,108221,2014,science_avg_gpa,4.65,4.6
ssc,108221,2017,nonscience_examinee_total,221,251
ssc,108221,2017,nonscience_examinee_passed,217,242
ssc,108221,2018,science_avg_gpa,4.73,4.71
ssc,108221,2019,nonscience_avg_gpa,3.62,3.58
ssc,108221,2021,science_avg_gpa,4.7,4.66
ssc,108221,2022,science_avg_gpa,4.68,4.64
ssc,108221,2023,nonscience_avg_gpa,3.96,3.94
ssc,108221,2024,science_avg_gpa,4.42,4.4
ssc,108221,2026,science_avg_gpa,4.14,4.11
ssc,108221,2026,nonscience_avg_gpa,3.19,3.15
ssc,108172,2011,nonscience_examinee_total,76,77
ssc,108172,2011,nonscience_examinee_passed,70,71
ssc,108172,2012,nonscience_examinee_total,,51
ssc,108172,2012,nonscience_examinee_passed,,42
ssc,108172,2013,science_examinee_total,,16
ssc,108172,2013,science_examinee_passed,,15
ssc,108172,2013,science_avg_gpa,4.21,3.94
ssc,108172,2013,nonscience_examinee_total,,41
ssc,108172,2013,nonscience_examinee_passed,,37
ssc,108172,2014,nonscience_examinee_total,,67
ssc,108172,2014,nonscience_examinee_passed,,61
ssc,108172,2014,nonscience_avg_gpa,3.13,3.04
ssc,108172,2015,nonscience_examinee_total,,46
ssc,108172,2015,nonscience_examinee_passed,,37
ssc,108172,2016,science_examinee_total,,17
ssc,108172,2016,science_examinee_passed,,17
ssc,108172,2016,nonscience_examinee_total,,59
ssc,108172,2016,nonscience_examinee_passed,,46
ssc,108172,2016,nonscience_avg_gpa,2.53,2.49
ssc,108172,2017,nonscience_examinee_total,,73
ssc,108172,2017,nonscience_examinee_passed,,60
ssc,108172,2017,nonscience_avg_gpa,2.87,2.83
ssc,108172,2018,science_examinee_total,,26
ssc,108172,2018,science_examinee_passed,,25
ssc,108172,2018,nonscience_examinee_total,,78
ssc,108172,2018,nonscience_examinee_passed,,52
ssc,108172,2018,nonscience_avg_gpa,2.23,2.17
ssc,108172,2019,science_examinee_total,,27
ssc,108172,2019,science_examinee_passed,,27
ssc,108172,2019,nonscience_examinee_total,,98
ssc,108172,2019,nonscience_examinee_passed,,65
ssc,108172,2020,science_examinee_total,,34
ssc,108172,2020,science_examinee_passed,,27
ssc,108172,2020,nonscience_examinee_total,,84
ssc,108172,2020,nonscience_examinee_passed,,51
ssc,108172,2021,nonscience_examinee_total,,80
ssc,108172,2021,nonscience_examinee_passed,,72
ssc,108172,2022,nonscience_examinee_total,39,55
ssc,108172,2022,nonscience_examinee_passed,33,44
ssc,108172,2022,nonscience_avg_gpa,2.76,2.71
ssc,108172,2023,nonscience_examinee_total,,51
ssc,108172,2023,nonscience_examinee_passed,,28
ssc,108172,2024,nonscience_examinee_total,,58
ssc,108172,2024,nonscience_examinee_passed,,41
ssc,108172,2025,nonscience_examinee_total,,36
ssc,108172,2025,nonscience_examinee_passed,,16
ssc,108172,2025,nonscience_avg_gpa,1.37,1.33
ssc,108172,2026,science_examinee_total,,31
ssc,108172,2026,science_examinee_passed,,31
ssc,108172,2026,nonscience_examinee_total,,36
ssc,108172,2026,nonscience_examinee_passed,,33
ssc,108180,2011,science_examinee_total,,9
ssc,108180,2011,science_examinee_passed,,7
ssc,108180,2011,nonscience_examinee_total,81,98
ssc,108180,2011,nonscience_examinee_passed,64,81
ssc,108180,2011,nonscience_avg_gpa,2.91,2.88
ssc,108180,2012,science_examinee_total,,19
ssc,108180,2012,science_examinee_passed,,18
ssc,108180,2012,nonscience_examinee_total,93,98
ssc,108180,2012,nonscience_examinee_passed,80,83
ssc,108180,2013,science_examinee_total,,15
ssc,108180,2013,science_examinee_passed,,13
ssc,108180,2013,nonscience_examinee_total,,116
ssc,108180,2013,nonscience_examinee_passed,,103
ssc,108180,2014,nonscience_examinee_total,104,113
ssc,108180,2014,nonscience_examinee_passed,95,104
ssc,108180,2014,nonscience_avg_gpa,3.45,3.29
ssc,108180,2015,nonscience_examinee_total,74,81
ssc,108180,2015,nonscience_examinee_passed,58,63
ssc,108180,2016,nonscience_examinee_total,,118
ssc,108180,2016,nonscience_examinee_passed,,102
ssc,108180,2016,nonscience_avg_gpa,2.97,2.94
ssc,108180,2017,nonscience_examinee_total,,66
ssc,108180,2017,nonscience_examinee_passed,,58
ssc,108180,2018,nonscience_examinee_total,98,110
ssc,108180,2018,nonscience_examinee_passed,86,97
ssc,108180,2019,science_avg_gpa,3.59,3.51
ssc,108180,2019,nonscience_examinee_total,,75
ssc,108180,2019,nonscience_examinee_passed,,50
ssc,108180,2020,nonscience_examinee_total,,117
ssc,108180,2020,nonscience_examinee_passed,,65
ssc,108180,2021,science_examinee_total,,24
ssc,108180,2021,science_examinee_passed,,21
ssc,108180,2021,science_avg_gpa,3.47,3.33
ssc,108180,2021,nonscience_examinee_total,106,129
ssc,108180,2021,nonscience_examinee_passed,89,110
ssc,108180,2021,nonscience_avg_gpa,2.67,2.65
ssc,108180,2022,nonscience_examinee_total,59,77
ssc,108180,2022,nonscience_examinee_passed,54,72
ssc,108180,2023,nonscience_examinee_total,,69
ssc,108180,2023,nonscience_examinee_passed,,48
ssc,108180,2024,nonscience_examinee_total,32,43
ssc,108180,2024,nonscience_examinee_passed,13,19
ssc,108180,2024,nonscience_avg_gpa,1.48,1.45
ssc,108180,2025,science_examinee_total,,19
ssc,108180,2025,science_examinee_passed,,10
ssc,108180,2025,nonscience_examinee_total,,36
ssc,108180,2025,nonscience_examinee_passed,,16
ssc,108180,2026,science_examinee_total,,14
ssc,108180,2026,science_examinee_passed,,12
ssc,108180,2026,nonscience_examinee_total,,44
ssc,108180,2026,nonscience_examinee_passed,,30
ssc,108327,2011,science_examinee_total,,14
ssc,108327,2011,science_examinee_passed,,12
ssc,108327,2011,nonscience_examinee_total,44,48
ssc,108327,2011,nonscience_examinee_passed,39,43
ssc,108327,2012,nonscience_examinee_total,31,35
ssc,108327,2012,nonscience_examinee_passed,26,30
ssc,108327,2013,science_examinee_total,,11
ssc,108327,2013,science_examinee_passed,,10
ssc,108327,2013,nonscience_examinee_total,,56
ssc,108327,2013,nonscience_examinee_passed,,55
ssc,108327,2014,nonscience_examinee_total,50,57
ssc,108327,2014,nonscience_examinee_passed,48,55
ssc,108327,2014,nonscience_avg_gpa,3.92,3.85
ssc,108327,2015,nonscience_examinee_total,41,44
ssc,108327,2015,nonscience_examinee_passed,40,43
ssc,108327,2016,nonscience_examinee_total,61,75
ssc,108327,2016,nonscience_examinee_passed,52,62
ssc,108327,2017,nonscience_examinee_total,54,72
ssc,108327,2017,nonscience_examinee_passed,53,71
ssc,108327,2017,nonscience_avg_gpa,3.95,3.89
ssc,108327,2018,nonscience_examinee_total,,79
ssc,108327,2018,nonscience_examinee_passed,,71
ssc,108327,2019,nonscience_examinee_total,,69
ssc,108327,2019,nonscience_examinee_passed,,58
ssc,108327,2020,nonscience_examinee_total,,85
ssc,108327,2020,nonscience_examinee_passed,,70
ssc,108327,2021,nonscience_examinee_total,,84
ssc,108327,2021,nonscience_examinee_passed,,80
ssc,108327,2021,nonscience_avg_gpa,3.52,3.44
ssc,108327,2023,nonscience_examinee_total,,50
ssc,108327,2023,nonscience_examinee_passed,,47
ssc,108327,2024,nonscience_examinee_total,,31
ssc,108327,2024,nonscience_examinee_passed,,25
ssc,108327,2024,nonscience_avg_gpa,3.05,2.95
ssc,108327,2025,nonscience_examinee_total,,47
ssc,108327,2025,nonscience_examinee_passed,,24
ssc,108327,2026,nonscience_examinee_total,,31
ssc,108327,2026,nonscience_examinee_passed,,24
ssc,108327,2026,nonscience_avg_gpa,2.61,2.52
ssc,108183,2012,nonscience_avg_gpa,4.24,4.18
ssc,108183,2014,nonscience_examinee_total,68,73
ssc,108183,2014,nonscience_examinee_passed,66,71
ssc,108183,2014,nonscience_avg_gpa,4.01,3.95
ssc,108183,2015,nonscience_examinee_total,82,90
ssc,108183,2015,nonscience_examinee_passed,80,88
ssc,108183,2016,nonscience_examinee_total,61,64
ssc,108183,2016,nonscience_examinee_passed,53,55
ssc,108183,2017,nonscience_examinee_total,73,78
ssc,108183,2017,nonscience_examinee_passed,72,77
ssc,108183,2018,nonscience_examinee_total,67,75
ssc,108183,2018,nonscience_examinee_passed,49,56
ssc,108183,2019,nonscience_examinee_total,,84
ssc,108183,2019,nonscience_examinee_passed,,78
ssc,108183,2020,nonscience_examinee_total,,40
ssc,108183,2020,nonscience_examinee_passed,,37
ssc,108183,2021,nonscience_examinee_total,93,109
ssc,108183,2021,nonscience_examinee_passed,91,107
ssc,108183,2022,nonscience_examinee_total,63,70
ssc,108183,2022,nonscience_examinee_passed,60,67
ssc,108183,2023,nonscience_examinee_total,,40
ssc,108183,2023,nonscience_examinee_passed,,39
ssc,108183,2024,nonscience_examinee_total,,52
ssc,108183,2024,nonscience_examinee_passed,,45
ssc,108183,2024,nonscience_avg_gpa,3.16,3.1
ssc,108183,2025,nonscience_examinee_total,,50
ssc,108183,2025,nonscience_examinee_passed,,36
ssc,108183,2026,nonscience_examinee_total,13,50
ssc,108183,2026,nonscience_examinee_passed,8,39
ssc,108326,2012,nonscience_examinee_total,,50
ssc,108326,2012,nonscience_examinee_passed,,36
ssc,108326,2013,science_examinee_total,,4
ssc,108326,2013,science_examinee_passed,,3
ssc,108326,2013,nonscience_examinee_total,,48
ssc,108326,2013,nonscience_examinee_passed,,43
ssc,108326,2014,science_examinee_total,,5
ssc,108326,2014,science_examinee_passed,,4
ssc,108326,2015,nonscience_examinee_total,,39
ssc,108326,2015,nonscience_examinee_passed,,37
ssc,108326,2016,nonscience_examinee_total,14,87
ssc,108326,2016,nonscience_examinee_passed,14,73
ssc,108326,2016,nonscience_avg_gpa,3.24,3.2
ssc,108326,2017,nonscience_examinee_total,,94
ssc,108326,2017,nonscience_examinee_passed,,81
ssc,108326,2017,nonscience_avg_gpa,3.37,3.34
ssc,108326,2019,science_avg_gpa,3.26,3.18
ssc,108326,2019,nonscience_examinee_total,20,95
ssc,108326,2019,nonscience_examinee_passed,20,67
ssc,108326,2021,nonscience_examinee_total,24,108
ssc,108326,2021,nonscience_examinee_passed,24,99
ssc,108326,2022,nonscience_examinee_total,,76
ssc,108326,2022,nonscience_examinee_passed,,69
ssc,108326,2023,nonscience_examinee_total,53,66
ssc,108326,2023,nonscience_examinee_passed,38,49
ssc,108326,2024,nonscience_examinee_total,,72
ssc,108326,2024,nonscience_examinee_passed,,54
ssc,108326,2024,nonscience_avg_gpa,2.65,2.61
ssc,108326,2025,nonscience_examinee_total,57,78
ssc,108326,2025,nonscience_examinee_passed,23,40
ssc,108326,2026,nonscience_examinee_total,27,94
ssc,108326,2026,nonscience_examinee_passed,27,71
ssc,108167,2012,nonscience_examinee_total,,76
ssc,108167,2012,nonscience_examinee_passed,,67
ssc,108167,2012,nonscience_avg_gpa,3.25,3.2
ssc,108167,2013,nonscience_examinee_total,,48
ssc,108167,2013,nonscience_examinee_passed,,47
ssc,108167,2015,nonscience_examinee_total,,46
ssc,108167,2015,nonscience_examinee_passed,,39
ssc,108167,2016,nonscience_examinee_total,,63
ssc,108167,2016,nonscience_examinee_passed,,53
ssc,108167,2016,nonscience_avg_gpa,2.96,2.91
ssc,108167,2018,nonscience_examinee_total,,56
ssc,108167,2018,nonscience_examinee_passed,,54
ssc,108167,2019,nonscience_examinee_total,,34
ssc,108167,2019,nonscience_examinee_passed,,34
ssc,108167,2020,nonscience_examinee_total,,35
ssc,108167,2020,nonscience_examinee_passed,,28
ssc,108167,2021,nonscience_examinee_total,,57
ssc,108167,2021,nonscience_examinee_passed,,52
ssc,108167,2021,nonscience_avg_gpa,3.28,3.22
ssc,108167,2022,science_examinee_total,,16
ssc,108167,2022,science_examinee_passed,,13
ssc,108167,2022,nonscience_examinee_total,53,56
ssc,108167,2022,nonscience_examinee_passed,47,50
ssc,108167,2023,nonscience_examinee_total,,53
ssc,108167,2023,nonscience_examinee_passed,,43
ssc,108167,2024,nonscience_examinee_total,30,40
ssc,108167,2024,nonscience_examinee_passed,26,30
ssc,108167,2025,nonscience_examinee_total,,45
ssc,108167,2025,nonscience_examinee_passed,,22
ssc,108167,2026,nonscience_examinee_total,,32
ssc,108167,2026,nonscience_examinee_passed,,23
ssc,130875,2012,science_examinee_total,,7
ssc,130875,2012,science_examinee_passed,,6
ssc,130875,2012,nonscience_examinee_total,,27
ssc,130875,2012,nonscience_examinee_passed,,22
ssc,130875,2013,science_examinee_total,,9
ssc,130875,2013,science_examinee_passed,,4
ssc,130875,2013,nonscience_examinee_total,,42
ssc,130875,2013,nonscience_examinee_passed,,28
ssc,130875,2013,nonscience_avg_gpa,2.26,2.15
ssc,130875,2014,science_avg_gpa,2.96,2.71
ssc,130875,2014,nonscience_examinee_total,,40
ssc,130875,2014,nonscience_examinee_passed,,32
ssc,130875,2014,nonscience_avg_gpa,2.9,2.75
ssc,130875,2015,nonscience_examinee_total,,42
ssc,130875,2015,nonscience_examinee_passed,,29
ssc,130875,2016,nonscience_examinee_total,,82
ssc,130875,2016,nonscience_examinee_passed,,63
ssc,130875,2016,nonscience_avg_gpa,2.7,2.54
ssc,130875,2017,nonscience_examinee_total,,70
ssc,130875,2017,nonscience_examinee_passed,,43
ssc,130875,2017,nonscience_avg_gpa,2.3,2.23
ssc,130875,2018,science_examinee_total,,15
ssc,130875,2018,science_examinee_passed,,15
ssc,130875,2018,nonscience_examinee_total,71,78
ssc,130875,2018,nonscience_examinee_passed,46,49
ssc,130875,2018,nonscience_avg_gpa,2.1,2.08
ssc,130875,2019,science_examinee_total,,13
ssc,130875,2019,science_examinee_passed,,10
ssc,130875,2019,nonscience_examinee_total,,71
ssc,130875,2019,nonscience_examinee_passed,,48
ssc,130875,2019,nonscience_avg_gpa,2.06,2.03
ssc,130875,2020,science_examinee_total,,14
ssc,130875,2020,science_examinee_passed,,14
ssc,130875,2020,nonscience_examinee_total,,64
ssc,130875,2020,nonscience_examinee_passed,,43
ssc,130875,2020,nonscience_avg_gpa,2.13,2.1
ssc,130875,2021,nonscience_examinee_total,,68
ssc,130875,2021,nonscience_examinee_passed,,61
ssc,130875,2022,nonscience_examinee_total,46,57
ssc,130875,2022,nonscience_examinee_passed,35,41
ssc,130875,2023,nonscience_examinee_total,,50
ssc,130875,2023,nonscience_examinee_passed,,32
ssc,130875,2024,nonscience_examinee_total,,35
ssc,130875,2024,nonscience_examinee_passed,,31
ssc,130875,2025,nonscience_examinee_total,,25
ssc,130875,2025,nonscience_examinee_passed,,19
ssc,130875,2026,science_examinee_total,,28
ssc,130875,2026,science_examinee_passed,,24
ssc,130875,2026,nonscience_examinee_total,7,13
ssc,130875,2026,nonscience_examinee_passed,5,9
ssc,108195,2012,science_examinee_total,,3
ssc,108195,2012,science_examinee_passed,,2
ssc,108195,2012,nonscience_examinee_total,39,46
ssc,108195,2012,nonscience_examinee_passed,28,32
ssc,108195,2013,science_examinee_total,,3
ssc,108195,2013,science_examinee_passed,,2
ssc,108195,2013,nonscience_examinee_total,,46
ssc,108195,2013,nonscience_examinee_passed,,35
ssc,108195,2013,nonscience_avg_gpa,2.91,2.79
ssc,108195,2014,science_examinee_total,,3
ssc,108195,2014,science_examinee_passed,,3
ssc,108195,2014,nonscience_examinee_total,,56
ssc,108195,2014,nonscience_examinee_passed,,54
ssc,108195,2015,science_examinee_total,,1
ssc,108195,2015,science_avg_gpa,,0.0
ssc,108195,2015,nonscience_examinee_total,,48
ssc,108195,2015,nonscience_examinee_passed,,35
ssc,108195,2016,nonscience_examinee_total,,50
ssc,108195,2016,nonscience_examinee_passed,,46
ssc,108195,2018,science_examinee_total,,13
ssc,108195,2018,science_examinee_passed,,13
ssc,108195,2018,nonscience_examinee_total,,97
ssc,108195,2018,nonscience_examinee_passed,,71
ssc,108195,2018,nonscience_avg_gpa,2.52,2.46
ssc,108195,2019,nonscience_examinee_total,,128
ssc,108195,2019,nonscience_examinee_passed,,77
ssc,108195,2019,nonscience_avg_gpa,1.89,1.87
ssc,108195,2020,nonscience_examinee_total,,144
ssc,108195,2020,nonscience_examinee_passed,,111
ssc,108195,2021,nonscience_examinee_total,98,108
ssc,108195,2021,nonscience_examinee_passed,84,94
ssc,108195,2022,nonscience_examinee_total,40,44
ssc,108195,2023,nonscience_examinee_total,,109
ssc,108195,2023,nonscience_examinee_passed,,80
ssc,108195,2024,nonscience_examinee_total,,69
ssc,108195,2024,nonscience_examinee_passed,,57
ssc,108195,2025,science_avg_gpa,2.73,2.64
ssc,108195,2025,nonscience_examinee_total,,72
ssc,108195,2025,nonscience_examinee_passed,,17
ssc,108195,2026,nonscience_examinee_total,49,61
ssc,108195,2026,nonscience_examinee_passed,44,50
ssc,108329,2011,science_examinee_total,,45
ssc,108329,2011,science_examinee_passed,,26
ssc,108329,2011,science_avg_gpa,2.06,2.02
ssc,108329,2011,nonscience_examinee_total,321,370
ssc,108329,2011,nonscience_examinee_passed,229,257
ssc,108329,2011,nonscience_avg_gpa,2.14,2.1
ssc,108329,2012,science_avg_gpa,2.64,2.52
ssc,108329,2012,nonscience_examinee_total,,748
ssc,108329,2012,nonscience_examinee_passed,,510
ssc,108329,2012,nonscience_avg_gpa,2.06,1.99
ssc,108329,2013,science_examinee_total,,54
ssc,108329,2013,science_examinee_passed,,41
ssc,108329,2013,science_avg_gpa,2.52,2.47
ssc,108329,2013,nonscience_examinee_total,,289
ssc,108329,2013,nonscience_examinee_passed,,223
ssc,108329,2013,nonscience_avg_gpa,2.22,2.12
ssc,108329,2014,science_examinee_total,,12
ssc,108329,2014,science_examinee_passed,,8
ssc,108329,2014,nonscience_avg_gpa,2.67,2.62
ssc,108329,2015,science_examinee_total,,4
ssc,108329,2015,science_examinee_passed,,2
ssc,108329,2015,science_avg_gpa,2.04,1.53
ssc,108329,2015,nonscience_examinee_total,,71
ssc,108329,2015,nonscience_examinee_passed,,49
ssc,108329,2015,nonscience_avg_gpa,2.43,2.05
ssc,108329,2016,nonscience_examinee_total,,42
ssc,108329,2016,nonscience_examinee_passed,,32
ssc,108329,2017,science_examinee_total,,6
ssc,108329,2017,science_examinee_passed,,6
ssc,108329,2017,nonscience_examinee_total,52,57
ssc,108329,2017,nonscience_examinee_passed,44,48
ssc,108329,2017,nonscience_avg_gpa,3.41,3.35
ssc,108329,2018,science_examinee_total,,20
ssc,108329,2018,science_examinee_passed,,10
ssc,108329,2018,nonscience_examinee_total,,66
ssc,108329,2018,nonscience_examinee_passed,,35
ssc,108329,2018,nonscience_avg_gpa,1.7,1.68
ssc,108329,2019,science_examinee_total,,16
ssc,108329,2019,science_examinee_passed,,6
ssc,108329,2019,nonscience_examinee_total,,99
ssc,108329,2019,nonscience_examinee_passed,,60
ssc,108329,2019,nonscience_avg_gpa,1.8,1.77
ssc,108329,2020,science_examinee_total,,12
ssc,108329,2020,science_examinee_passed,,10
ssc,108329,2020,nonscience_examinee_total,51,53
ssc,108329,2020,nonscience_examinee_passed,29,30
ssc,108329,2021,science_examinee_total,,9
ssc,108329,2021,science_examinee_passed,,7
ssc,108329,2021,nonscience_examinee_total,,69
ssc,108329,2021,nonscience_examinee_passed,,51
ssc,108329,2021,nonscience_avg_gpa,2.15,2.06
ssc,108329,2022,science_examinee_total,,2
ssc,108329,2022,science_examinee_passed,,2
ssc,108329,2022,nonscience_examinee_total,,7
ssc,108329,2022,nonscience_examinee_passed,,4
ssc,108329,2023,science_examinee_total,,2
ssc,108329,2023,science_examinee_passed,,1
ssc,108329,2023,nonscience_examinee_total,,10
ssc,108329,2023,nonscience_examinee_passed,,4
ssc,108329,2024,science_examinee_total,,1
ssc,108329,2024,science_avg_gpa,,0.0
ssc,108329,2024,nonscience_examinee_total,,6
ssc,108329,2024,nonscience_examinee_passed,,1
ssc,108329,2024,nonscience_avg_gpa,0.81,0.54
ssc,108329,2025,science_examinee_total,,3
ssc,108329,2025,science_avg_gpa,,0.0
ssc,108329,2025,nonscience_examinee_total,,18
ssc,108329,2025,nonscience_examinee_passed,,3
ssc,108329,2025,nonscience_avg_gpa,0.63,0.6
ssc,108329,2026,science_examinee_total,,3
ssc,108329,2026,science_examinee_passed,,2
ssc,108329,2026,nonscience_examinee_total,,32
ssc,108329,2026,nonscience_examinee_passed,,4
ssc,108348,2014,nonscience_examinee_total,,27
ssc,108348,2014,nonscience_examinee_passed,,24
ssc,108348,2014,nonscience_avg_gpa,3.83,3.69
ssc,108348,2015,nonscience_examinee_total,,20
ssc,108348,2015,nonscience_examinee_passed,,18
ssc,108348,2018,nonscience_examinee_total,,37
ssc,108348,2018,nonscience_examinee_passed,,35
ssc,108348,2019,science_examinee_total,,33
ssc,108348,2019,science_examinee_passed,,33
ssc,108348,2019,nonscience_examinee_total,,28
ssc,108348,2019,nonscience_examinee_passed,,16
ssc,108348,2022,science_examinee_total,,18
ssc,108348,2022,science_examinee_passed,,11
ssc,108348,2022,nonscience_examinee_total,31,32
ssc,108348,2022,nonscience_examinee_passed,26,27
ssc,108348,2023,science_examinee_total,,13
ssc,108348,2023,science_examinee_passed,,8
ssc,108348,2023,nonscience_examinee_total,,28
ssc,108348,2023,nonscience_examinee_passed,,17
ssc,108348,2024,science_examinee_total,,19
ssc,108348,2024,science_examinee_passed,,19
ssc,108348,2024,nonscience_examinee_total,,29
ssc,108348,2024,nonscience_examinee_passed,,28
ssc,108348,2025,nonscience_examinee_total,,22
ssc,108348,2025,nonscience_examinee_passed,,15
ssc,108348,2026,science_examinee_total,,9
ssc,108348,2026,science_examinee_passed,,8
ssc,108346,2011,science_examinee_total,,6
ssc,108346,2011,science_examinee_passed,,4
ssc,108346,2011,nonscience_examinee_total,,36
ssc,108346,2011,nonscience_examinee_passed,,30
ssc,108346,2012,science_examinee_total,,7
ssc,108346,2012,science_examinee_passed,,6
ssc,108346,2012,nonscience_examinee_total,37,45
ssc,108346,2012,nonscience_examinee_passed,34,42
ssc,108346,2012,nonscience_avg_gpa,3.27,3.19
ssc,108346,2013,nonscience_examinee_total,,27
ssc,108346,2013,nonscience_examinee_passed,,21
ssc,108346,2014,science_examinee_total,,6
ssc,108346,2014,science_examinee_passed,,6
ssc,108346,2014,nonscience_examinee_total,,38
ssc,108346,2014,nonscience_examinee_passed,,37
ssc,108346,2015,nonscience_examinee_total,,19
ssc,108346,2015,nonscience_examinee_passed,,18
ssc,108346,2016,science_examinee_total,,3
ssc,108346,2016,science_examinee_passed,,3
ssc,108346,2016,nonscience_examinee_total,37,40
ssc,108346,2016,nonscience_examinee_passed,34,37
ssc,108346,2017,nonscience_examinee_total,,45
ssc,108346,2017,nonscience_examinee_passed,,45
ssc,108346,2018,science_examinee_total,,11
ssc,108346,2018,science_examinee_passed,,11
ssc,108346,2018,nonscience_examinee_total,,35
ssc,108346,2018,nonscience_examinee_passed,,29
ssc,108346,2019,science_examinee_total,,20
ssc,108346,2019,science_examinee_passed,,20
ssc,108346,2019,nonscience_examinee_total,,43
ssc,108346,2019,nonscience_examinee_passed,,38
ssc,108346,2020,science_examinee_total,,25
ssc,108346,2020,science_examinee_passed,,25
ssc,108346,2020,nonscience_examinee_total,,43
ssc,108346,2020,nonscience_examinee_passed,,27
ssc,108346,2021,science_avg_gpa,3.97,3.74
ssc,108346,2021,nonscience_examinee_total,,66
ssc,108346,2021,nonscience_examinee_passed,,61
ssc,108346,2021,nonscience_avg_gpa,3.32,3.07
ssc,108346,2022,nonscience_examinee_total,,55
ssc,108346,2022,nonscience_examinee_passed,,48
ssc,108346,2022,nonscience_avg_gpa,3.39,3.26
ssc,108346,2023,science_examinee_total,,14
ssc,108346,2023,science_examinee_passed,,12
ssc,108346,2023,nonscience_examinee_total,,34
ssc,108346,2023,nonscience_examinee_passed,,23
ssc,108346,2024,science_examinee_total,,9
ssc,108346,2024,science_examinee_passed,,8
ssc,108346,2024,nonscience_examinee_total,,23
ssc,108346,2024,nonscience_examinee_passed,,18
ssc,108346,2025,science_examinee_total,,8
ssc,108346,2025,science_examinee_passed,,7
ssc,108346,2025,nonscience_examinee_total,,31
ssc,108346,2025,nonscience_examinee_passed,,15
ssc,108346,2025,nonscience_avg_gpa,1.65,1.55
ssc,108346,2026,science_examinee_total,,4
ssc,108346,2026,science_examinee_passed,,3
ssc,108346,2026,nonscience_examinee_total,,31
ssc,108346,2026,nonscience_examinee_passed,,11
ssc,108346,2026,nonscience_avg_gpa,1.1,1.06
ssc,108343,2011,nonscience_examinee_total,28,31
ssc,108343,2011,nonscience_examinee_passed,27,30
ssc,108343,2012,science_avg_gpa,4.74,4.57
ssc,108343,2012,nonscience_examinee_total,,24
ssc,108343,2012,nonscience_examinee_passed,,24
ssc,108343,2013,nonscience_examinee_total,23,31
ssc,108343,2013,nonscience_examinee_passed,23,27
ssc,108343,2014,science_avg_gpa,4.8,4.57
ssc,108343,2014,nonscience_examinee_total,28,35
ssc,108343,2014,nonscience_examinee_passed,28,33
ssc,108343,2015,nonscience_examinee_total,34,36
ssc,108343,2015,nonscience_examinee_passed,33,35
ssc,108343,2017,nonscience_examinee_total,,33
ssc,108343,2017,nonscience_examinee_passed,,32
ssc,108343,2018,nonscience_examinee_total,,21
ssc,108343,2018,nonscience_examinee_passed,,21
ssc,108343,2019,science_avg_gpa,4.09,3.91
ssc,108343,2019,nonscience_examinee_total,,19
ssc,108343,2019,nonscience_examinee_passed,,16
ssc,108343,2020,science_avg_gpa,3.92,3.74
ssc,108343,2020,nonscience_examinee_total,,44
ssc,108343,2020,nonscience_examinee_passed,,39
ssc,108343,2021,nonscience_examinee_total,,27
ssc,108343,2021,nonscience_examinee_passed,,25
ssc,108343,2021,nonscience_avg_gpa,3.58,3.45
ssc,108343,2022,nonscience_examinee_total,,12
ssc,108343,2022,nonscience_examinee_passed,,10
ssc,108343,2023,science_examinee_total,,10
ssc,108343,2023,science_examinee_passed,,6
ssc,108343,2023,nonscience_examinee_total,,20
ssc,108343,2023,nonscience_examinee_passed,,10
ssc,108343,2024,nonscience_examinee_total,,13
ssc,108343,2024,nonscience_examinee_passed,,10
ssc,108343,2025,science_examinee_total,,9
ssc,108343,2025,science_examinee_passed,,7
ssc,108343,2025,nonscience_examinee_total,,14
ssc,108343,2025,nonscience_examinee_passed,,7
ssc,108343,2025,nonscience_avg_gpa,1.72,1.6
ssc,108343,2026,nonscience_examinee_total,,15
ssc,108343,2026,nonscience_examinee_passed,,11
ssc,108360,2011,nonscience_examinee_total,69,82
ssc,108360,2011,nonscience_examinee_passed,67,80
ssc,108360,2011,nonscience_avg_gpa,4.42,4.37
ssc,108360,2014,nonscience_examinee_total,36,59
ssc,108360,2014,nonscience_examinee_passed,36,58
ssc,108360,2016,nonscience_examinee_total,36,55
ssc,108360,2016,nonscience_examinee_passed,36,53
ssc,108360,2017,nonscience_examinee_total,36,66
ssc,108360,2017,nonscience_examinee_passed,36,64
ssc,108360,2019,nonscience_examinee_total,56,90
ssc,108360,2019,nonscience_examinee_passed,56,88
ssc,108360,2020,science_avg_gpa,4.83,4.76
ssc,108360,2020,nonscience_examinee_total,30,57
ssc,108360,2020,nonscience_examinee_passed,30,53
ssc,108360,2020,nonscience_avg_gpa,3.99,3.85
ssc,108360,2021,science_avg_gpa,4.94,4.79
ssc,108360,2023,nonscience_examinee_total,37,53
ssc,108360,2023,nonscience_examinee_passed,30,42
ssc,108360,2025,science_avg_gpa,4.09,4.03
ssc,108360,2025,nonscience_examinee_total,48,80
ssc,108360,2025,nonscience_examinee_passed,44,62
ssc,108360,2025,nonscience_avg_gpa,3.02,2.99
ssc,108360,2026,science_avg_gpa,4.46,4.36
ssc,108360,2026,nonscience_examinee_total,33,83
ssc,108360,2026,nonscience_examinee_passed,27,71
ssc,108345,2011,nonscience_examinee_total,56,60
ssc,108345,2011,nonscience_examinee_passed,54,57
ssc,108345,2012,nonscience_examinee_total,38,39
ssc,108345,2012,nonscience_examinee_passed,38,39
ssc,108345,2013,nonscience_examinee_total,,45
ssc,108345,2013,nonscience_examinee_passed,,42
ssc,108345,2015,nonscience_examinee_total,,36
ssc,108345,2015,nonscience_examinee_passed,,36
ssc,108345,2016,nonscience_examinee_total,,41
ssc,108345,2016,nonscience_examinee_passed,,31
ssc,108345,2018,nonscience_examinee_total,,37
ssc,108345,2018,nonscience_examinee_passed,,37
ssc,108345,2019,science_examinee_total,,18
ssc,108345,2019,science_examinee_passed,,17
ssc,108345,2019,nonscience_examinee_total,,37
ssc,108345,2019,nonscience_examinee_passed,,24
ssc,108345,2020,science_examinee_total,,24
ssc,108345,2020,science_examinee_passed,,24
ssc,108345,2020,nonscience_examinee_total,,75
ssc,108345,2020,nonscience_examinee_passed,,68
ssc,108345,2021,nonscience_examinee_total,,67
ssc,108345,2021,nonscience_examinee_passed,,58
ssc,108345,2022,science_examinee_total,,22
ssc,108345,2022,science_examinee_passed,,13
ssc,108345,2022,nonscience_examinee_total,,72
ssc,108345,2022,nonscience_examinee_passed,,43
ssc,108345,2023,nonscience_examinee_total,,72
ssc,108345,2023,nonscience_examinee_passed,,39
ssc,108345,2023,nonscience_avg_gpa,1.57,1.55
ssc,108345,2024,nonscience_examinee_total,,23
ssc,108345,2024,nonscience_examinee_passed,,21
ssc,108345,2025,science_examinee_total,,2
ssc,108345,2025,science_examinee_passed,,2
ssc,108345,2025,nonscience_examinee_total,,7
ssc,108345,2025,nonscience_avg_gpa,,0.0
ssc,108345,2026,science_examinee_total,,3
ssc,108345,2026,science_examinee_passed,,3
ssc,108345,2026,nonscience_examinee_total,,8
ssc,108345,2026,nonscience_examinee_passed,,4
ssc,108344,2011,nonscience_examinee_total,,27
ssc,108344,2011,nonscience_examinee_passed,,22
ssc,108344,2012,science_examinee_total,,11
ssc,108344,2012,science_examinee_passed,,10
ssc,108344,2012,nonscience_examinee_total,,42
ssc,108344,2012,nonscience_examinee_passed,,38
ssc,108344,2015,nonscience_examinee_total,,40
ssc,108344,2015,nonscience_examinee_passed,,33
ssc,108344,2016,nonscience_examinee_total,,34
ssc,108344,2016,nonscience_examinee_passed,,29
ssc,108344,2017,science_examinee_total,,5
ssc,108344,2017,science_examinee_passed,,4
ssc,108344,2017,nonscience_examinee_total,,21
ssc,108344,2017,nonscience_examinee_passed,,17
ssc,108344,2018,science_examinee_total,,9
ssc,108344,2018,science_examinee_passed,,6
ssc,108344,2018,science_avg_gpa,2.89,2.57
ssc,108344,2018,nonscience_examinee_total,,23
ssc,108344,2018,nonscience_examinee_passed,,22
ssc,108344,2019,nonscience_examinee_total,,25
ssc,108344,2019,nonscience_examinee_passed,,22
ssc,108344,2020,nonscience_examinee_total,,19
ssc,108344,2020,nonscience_examinee_passed,,17
ssc,108344,2021,science_examinee_total,,12
ssc,108344,2021,science_examinee_passed,,6
ssc,108344,2021,nonscience_examinee_total,,15
ssc,108344,2021,nonscience_examinee_passed,,15
ssc,108344,2022,nonscience_examinee_total,,20
ssc,108344,2022,nonscience_examinee_passed,,19
ssc,108344,2023,science_examinee_total,,2
ssc,108344,2023,science_examinee_passed,,2
ssc,108344,2023,nonscience_examinee_total,15,18
ssc,108344,2023,nonscience_examinee_passed,10,11
ssc,108344,2024,science_examinee_total,,4
ssc,108344,2024,science_examinee_passed,,4
ssc,108344,2024,nonscience_examinee_total,,11
ssc,108344,2024,nonscience_examinee_passed,,10
ssc,108344,2025,science_examinee_total,,7
ssc,108344,2025,science_examinee_passed,,4
ssc,108344,2025,science_avg_gpa,2.32,1.99
ssc,108344,2025,nonscience_examinee_total,,14
ssc,108344,2025,nonscience_examinee_passed,,5
ssc,108344,2026,science_examinee_total,,5
ssc,108344,2026,science_examinee_passed,,4
ssc,108344,2026,nonscience_examinee_total,,17
ssc,108344,2026,nonscience_examinee_passed,,12
ssc,108339,2011,nonscience_examinee_total,,35
ssc,108339,2011,nonscience_examinee_passed,,32
ssc,108339,2011,nonscience_avg_gpa,3.53,3.43
ssc,108339,2012,nonscience_examinee_total,,23
ssc,108339,2012,nonscience_examinee_passed,,22
ssc,108339,2016,nonscience_examinee_total,,34
ssc,108339,2016,nonscience_examinee_passed,,34
ssc,108339,2019,nonscience_examinee_total,,38
ssc,108339,2019,nonscience_examinee_passed,,31
ssc,108339,2020,science_examinee_total,,21
ssc,108339,2020,science_examinee_passed,,18
ssc,108339,2020,nonscience_examinee_total,,38
ssc,108339,2020,nonscience_examinee_passed,,37
ssc,108339,2021,nonscience_examinee_total,,37
ssc,108339,2021,nonscience_examinee_passed,,35
ssc,108339,2022,nonscience_examinee_total,,31
ssc,108339,2022,nonscience_examinee_passed,,26
ssc,108339,2022,nonscience_avg_gpa,3.13,3.03
ssc,108339,2023,nonscience_examinee_total,,36
ssc,108339,2023,nonscience_examinee_passed,,21
ssc,108339,2024,nonscience_examinee_total,,24
ssc,108339,2024,nonscience_examinee_passed,,19
ssc,108339,2025,nonscience_examinee_total,,32
ssc,108339,2025,nonscience_examinee_passed,,17
ssc,108339,2026,nonscience_examinee_total,27,30
ssc,108347,2011,nonscience_examinee_total,92,100
ssc,108347,2011,nonscience_examinee_passed,64,68
ssc,108347,2012,science_examinee_total,,15
ssc,108347,2012,science_examinee_passed,,13
ssc,108347,2012,nonscience_examinee_total,,97
ssc,108347,2012,nonscience_examinee_passed,,73
ssc,108347,2013,science_examinee_total,,7
ssc,108347,2013,science_examinee_passed,,6
ssc,108347,2013,science_avg_gpa,3.68,3.15
ssc,108347,2013,nonscience_examinee_total,81,88
ssc,108347,2013,nonscience_examinee_passed,72,78
ssc,108347,2014,science_examinee_total,,12
ssc,108347,2014,science_examinee_passed,,11
ssc,108347,2014,nonscience_examinee_total,,71
ssc,108347,2014,nonscience_examinee_passed,,64
ssc,108347,2015,science_examinee_total,,9
ssc,108347,2015,science_examinee_passed,,7
ssc,108347,2015,nonscience_examinee_total,,54
ssc,108347,2015,nonscience_examinee_passed,,37
ssc,108347,2016,science_examinee_total,,5
ssc,108347,2016,science_examinee_passed,,2
ssc,108347,2016,nonscience_examinee_total,,72
ssc,108347,2016,nonscience_examinee_passed,,60
ssc,108347,2017,science_examinee_total,,6
ssc,108347,2017,science_examinee_passed,,1
ssc,108347,2017,nonscience_examinee_total,,54
ssc,108347,2017,nonscience_examinee_passed,,44
ssc,108347,2017,nonscience_avg_gpa,3.06,2.94
ssc,108347,2018,science_examinee_total,,15
ssc,108347,2018,science_examinee_passed,,14
ssc,108347,2018,nonscience_examinee_total,,44
ssc,108347,2018,nonscience_examinee_passed,,34
ssc,108347,2018,nonscience_avg_gpa,2.6,2.54
ssc,108347,2019,nonscience_examinee_total,49,55
ssc,108347,2019,nonscience_examinee_passed,46,50
ssc,108347,2019,nonscience_avg_gpa,3.25,3.19
ssc,108347,2020,science_examinee_total,,7
ssc,108347,2020,science_examinee_passed,,7
ssc,108347,2020,nonscience_examinee_total,,52
ssc,108347,2020,nonscience_examinee_passed,,39
ssc,108347,2021,science_examinee_total,,4
ssc,108347,2021,science_examinee_passed,,3
ssc,108347,2021,nonscience_examinee_total,,75
ssc,108347,2021,nonscience_examinee_passed,,58
ssc,108347,2022,science_examinee_total,,4
ssc,108347,2022,science_examinee_passed,,2
ssc,108347,2022,nonscience_examinee_total,66,71
ssc,108347,2022,nonscience_examinee_passed,60,62
ssc,108347,2022,nonscience_avg_gpa,3.05,3.01
ssc,108347,2023,science_examinee_total,,6
ssc,108347,2023,science_examinee_passed,,4
ssc,108347,2023,nonscience_examinee_total,22,35
ssc,108347,2023,nonscience_examinee_passed,18,30
ssc,108347,2024,science_examinee_total,,7
ssc,108347,2024,science_examinee_passed,,4
ssc,108347,2024,nonscience_examinee_total,38,45
ssc,108347,2024,nonscience_examinee_passed,35,42
ssc,108347,2025,science_examinee_total,,5
ssc,108347,2025,science_examinee_passed,,3
ssc,108347,2025,nonscience_examinee_total,,52
ssc,108347,2025,nonscience_examinee_passed,,21
ssc,108347,2026,nonscience_examinee_total,,52
ssc,108347,2026,nonscience_examinee_passed,,31
ssc,108340,2011,nonscience_examinee_total,105,114
ssc,108340,2011,nonscience_examinee_passed,102,111
ssc,108340,2012,science_avg_gpa,4.68,4.56
ssc,108340,2012,nonscience_examinee_total,104,111
ssc,108340,2012,nonscience_examinee_passed,104,111
ssc,108340,2013,nonscience_examinee_total,128,141
ssc,108340,2013,nonscience_examinee_passed,128,141
ssc,108340,2015,nonscience_examinee_total,119,145
ssc,108340,2015,nonscience_examinee_passed,118,142
ssc,108340,2015,nonscience_avg_gpa,3.86,3.83
ssc,108340,2016,nonscience_avg_gpa,3.76,3.74
ssc,108340,2017,nonscience_examinee_total,170,194
ssc,108340,2017,nonscience_examinee_passed,165,185
ssc,108340,2017,nonscience_avg_gpa,4.08,4.06
ssc,108340,2018,nonscience_examinee_total,,211
ssc,108340,2018,nonscience_examinee_passed,,192
ssc,108340,2019,nonscience_examinee_total,,196
ssc,108340,2019,nonscience_examinee_passed,,191
ssc,108340,2020,nonscience_examinee_total,,250
ssc,108340,2020,nonscience_examinee_passed,,247
ssc,108340,2021,nonscience_examinee_total,143,227
ssc,108340,2021,nonscience_examinee_passed,137,216
ssc,108340,2021,nonscience_avg_gpa,3.7,3.6
ssc,108340,2022,nonscience_avg_gpa,3.52,3.47
ssc,108340,2023,nonscience_examinee_total,47,152
ssc,108340,2023,nonscience_examinee_passed,43,144
ssc,108340,2024,nonscience_examinee_total,107,155
ssc,108340,2024,nonscience_examinee_passed,94,139
ssc,108340,2024,nonscience_avg_gpa,3.24,3.22
ssc,108340,2025,nonscience_examinee_total,58,168
ssc,108340,2025,nonscience_examinee_passed,24,90
ssc,108340,2025,nonscience_avg_gpa,1.89,1.86
ssc,108340,2026,nonscience_examinee_total,99,156
ssc,108340,2026,nonscience_examinee_passed,71,101
ssc,108361,2011,nonscience_examinee_total,,36
ssc,108361,2011,nonscience_examinee_passed,,34
ssc,108361,2012,science_examinee_total,,12
ssc,108361,2012,science_examinee_passed,,12
ssc,108361,2012,nonscience_examinee_total,,22
ssc,108361,2012,nonscience_examinee_passed,,22
ssc,108361,2013,nonscience_examinee_total,,34
ssc,108361,2013,nonscience_examinee_passed,,31
ssc,108361,2014,nonscience_examinee_total,,35
ssc,108361,2014,nonscience_examinee_passed,,34
ssc,108361,2015,nonscience_examinee_total,,39
ssc,108361,2015,nonscience_examinee_passed,,30
ssc,108361,2016,nonscience_examinee_total,,27
ssc,108361,2016,nonscience_examinee_passed,,27
ssc,108361,2017,nonscience_examinee_total,,34
ssc,108361,2017,nonscience_examinee_passed,,34
ssc,108361,2018,nonscience_examinee_total,,30
ssc,108361,2018,nonscience_examinee_passed,,25
ssc,108361,2019,nonscience_examinee_total,,24
ssc,108361,2019,nonscience_examinee_passed,,20
ssc,108361,2020,nonscience_examinee_total,,30
ssc,108361,2020,nonscience_examinee_passed,,25
ssc,108361,2021,nonscience_examinee_total,,40
ssc,108361,2021,nonscience_examinee_passed,,37
ssc,108361,2021,nonscience_avg_gpa,3.36,3.27
ssc,108361,2022,nonscience_examinee_total,,26
ssc,108361,2022,nonscience_examinee_passed,,21
ssc,108361,2023,nonscience_examinee_total,,21
ssc,108361,2023,nonscience_examinee_passed,,15
ssc,108361,2024,science_avg_gpa,4.68,4.42
ssc,108361,2024,nonscience_examinee_total,,15
ssc,108361,2024,nonscience_examinee_passed,,14
ssc,108361,2025,science_examinee_total,,16
ssc,108361,2025,science_examinee_passed,,11
ssc,108361,2025,nonscience_examinee_total,,19
ssc,108361,2025,nonscience_examinee_passed,,9
ssc,108361,2026,nonscience_examinee_total,,30
ssc,108361,2026,nonscience_examinee_passed,,21
ssc,108342,2011,nonscience_examinee_total,66,88
ssc,108342,2011,nonscience_examinee_passed,65,84
ssc,108342,2012,nonscience_examinee_total,85,104
ssc,108342,2012,nonscience_examinee_passed,81,99
ssc,108342,2013,nonscience_examinee_total,74,86
ssc,108342,2013,nonscience_examinee_passed,74,86
ssc,108342,2015,science_avg_gpa,4.99,4.86
ssc,108342,2015,nonscience_avg_gpa,4.78,4.73
ssc,108342,2017,nonscience_examinee_total,,48
ssc,108342,2017,nonscience_examinee_passed,,48
ssc,108342,2018,science_avg_gpa,4.85,4.81
ssc,108342,2019,nonscience_examinee_total,68,76
ssc,108342,2019,nonscience_examinee_passed,68,75
ssc,108342,2020,nonscience_examinee_total,53,55
ssc,108342,2020,nonscience_examinee_passed,53,55
ssc,108342,2021,science_avg_gpa,4.97,4.91
ssc,108342,2021,nonscience_examinee_total,49,57
ssc,108342,2021,nonscience_examinee_passed,49,57
ssc,108342,2022,science_avg_gpa,4.94,4.87
ssc,108342,2023,science_avg_gpa,4.82,4.8
ssc,108342,2024,nonscience_avg_gpa,4.09,4.04
ssc,108342,2026,science_avg_gpa,4.35,4.32
ssc,108342,2026,nonscience_avg_gpa,3.61,3.55
ssc,108357,2013,nonscience_examinee_total,272,294
ssc,108357,2013,nonscience_examinee_passed,272,294
ssc,108357,2014,nonscience_avg_gpa,4.91,4.89
ssc,108357,2017,nonscience_examinee_total,210,228
ssc,108357,2017,nonscience_examinee_passed,208,226
ssc,108357,2017,nonscience_avg_gpa,4.66,4.64
ssc,108357,2020,nonscience_avg_gpa,4.61,4.57
ssc,108357,2021,nonscience_avg_gpa,4.69,4.67
ssc,108357,2022,science_avg_gpa,4.98,4.95
ssc,108357,2022,nonscience_avg_gpa,4.68,4.61
ssc,108357,2023,nonscience_avg_gpa,4.61,4.56
ssc,108357,2024,science_avg_gpa,4.84,4.82
ssc,108357,2024,nonscience_avg_gpa,4.42,4.37
ssc,108357,2025,nonscience_avg_gpa,3.98,3.96
ssc,108357,2026,science_avg_gpa,4.71,4.69
ssc,108357,2026,nonscience_avg_gpa,3.93,3.91
ssc,108359,2011,science_avg_gpa,4.78,4.74
ssc,108359,2012,science_avg_gpa,4.86,4.83
ssc,108359,2013,science_avg_gpa,4.85,4.81
ssc,108359,2015,nonscience_examinee_total,150,159
ssc,108359,2015,nonscience_examinee_passed,149,158
ssc,108359,2016,nonscience_examinee_total,125,128
ssc,108359,2016,nonscience_examinee_passed,124,127
ssc,108359,2017,science_avg_gpa,4.94,4.92
ssc,108359,2017,nonscience_examinee_total,141,151
ssc,108359,2017,nonscience_examinee_passed,140,150
ssc,108359,2018,nonscience_examinee_total,170,180
ssc,108359,2018,nonscience_examinee_passed,148,157
ssc,108359,2018,nonscience_avg_gpa,3.39,3.37
ssc,108359,2019,nonscience_examinee_total,164,187
ssc,108359,2019,nonscience_examinee_passed,149,170
ssc,108359,2021,science_avg_gpa,4.73,4.71
ssc,108359,2022,science_avg_gpa,4.8,4.76
ssc,108359,2023,science_avg_gpa,4.48,4.45
ssc,108359,2024,science_avg_gpa,4.54,4.51
ssc,108359,2024,nonscience_examinee_total,174,199
ssc,108359,2024,nonscience_examinee_passed,164,186
ssc,108359,2025,science_avg_gpa,4.19,4.17
ssc,108359,2025,nonscience_examinee_total,163,187
ssc,108359,2025,nonscience_examinee_passed,114,129
ssc,108359,2026,nonscience_examinee_total,181,229
ssc,108359,2026,nonscience_examinee_passed,146,180
ssc,134136,2012,nonscience_examinee_total,,64
ssc,134136,2012,nonscience_examinee_passed,,55
ssc,134136,2013,nonscience_examinee_total,,71
ssc,134136,2013,nonscience_examinee_passed,,65
ssc,134136,2014,science_examinee_total,,3
ssc,134136,2014,science_examinee_passed,,3
ssc,134136,2014,nonscience_examinee_total,93,96
ssc,134136,2014,nonscience_examinee_passed,88,91
ssc,134136,2015,nonscience_examinee_total,,133
ssc,134136,2015,nonscience_examinee_passed,,113
ssc,134136,2016,nonscience_examinee_total,265,278
ssc,134136,2016,nonscience_examinee_passed,218,222
ssc,134136,2017,nonscience_examinee_total,,342
ssc,134136,2017,nonscience_examinee_passed,,251
ssc,134136,2017,nonscience_avg_gpa,2.71,2.6
ssc,134136,2018,science_avg_gpa,4.08,4.01
ssc,134136,2018,nonscience_examinee_total,,404
ssc,134136,2018,nonscience_examinee_passed,,311
ssc,134136,2018,nonscience_avg_gpa,2.69,2.56
ssc,134136,2019,nonscience_examinee_total,,399
ssc,134136,2019,nonscience_examinee_passed,,286
ssc,134136,2019,nonscience_avg_gpa,2.29,2.21
ssc,134136,2020,nonscience_examinee_total,,413
ssc,134136,2020,nonscience_examinee_passed,,358
ssc,134136,2020,nonscience_avg_gpa,2.9,2.87
ssc,134136,2021,nonscience_avg_gpa,3.03,2.98
ssc,134136,2022,science_avg_gpa,3.85,3.78
ssc,134136,2022,nonscience_avg_gpa,2.98,2.92
ssc,134136,2023,nonscience_examinee_total,,360
ssc,134136,2023,nonscience_examinee_passed,,264
ssc,134136,2023,nonscience_avg_gpa,2.41,2.38
ssc,134136,2024,science_avg_gpa,3.88,3.84
ssc,134136,2024,nonscience_avg_gpa,2.59,2.57
ssc,134136,2025,science_avg_gpa,3.16,3.14
ssc,134136,2025,nonscience_examinee_total,,258
ssc,134136,2025,nonscience_examinee_passed,,105
ssc,134136,2025,nonscience_avg_gpa,1.36,1.32
ssc,134136,2026,science_avg_gpa,2.6,2.57
ssc,134136,2026,nonscience_examinee_total,,309
ssc,134136,2026,nonscience_examinee_passed,,143
ssc,134136,2026,nonscience_avg_gpa,1.42,1.39
ssc,139020,2023,nonscience_examinee_total,,103
ssc,139020,2023,nonscience_examinee_passed,,100
ssc,139020,2024,nonscience_examinee_total,130,138
ssc,139020,2024,nonscience_examinee_passed,129,137
ssc,139020,2025,science_avg_gpa,4.14,4.12
ssc,139020,2025,nonscience_examinee_total,134,146
ssc,139020,2025,nonscience_examinee_passed,123,134
ssc,108024,2011,science_examinee_total,,3
ssc,108024,2011,science_examinee_passed,,3
ssc,108024,2011,nonscience_examinee_total,59,68
ssc,108024,2011,nonscience_examinee_passed,49,55
ssc,108024,2012,science_examinee_total,,13
ssc,108024,2012,science_examinee_passed,,13
ssc,108024,2012,nonscience_examinee_total,92,101
ssc,108024,2012,nonscience_examinee_passed,72,77
ssc,108024,2012,nonscience_avg_gpa,2.38,2.36
ssc,108024,2013,nonscience_examinee_total,84,92
ssc,108024,2013,nonscience_examinee_passed,74,79
ssc,108024,2013,nonscience_avg_gpa,2.9,2.87
ssc,108024,2014,science_examinee_total,,10
ssc,108024,2014,science_examinee_passed,,9
ssc,108024,2014,nonscience_examinee_total,112,118
ssc,108024,2014,nonscience_examinee_passed,111,117
ssc,108024,2015,science_examinee_total,,14
ssc,108024,2015,science_examinee_passed,,9
ssc,108024,2015,nonscience_examinee_total,,71
ssc,108024,2015,nonscience_examinee_passed,,65
ssc,108024,2016,science_examinee_total,,14
ssc,108024,2016,science_examinee_passed,,12
ssc,108024,2016,science_avg_gpa,3.64,3.38
ssc,108024,2016,nonscience_examinee_total,,65
ssc,108024,2016,nonscience_examinee_passed,,59
ssc,108024,2016,nonscience_avg_gpa,3.23,3.18
ssc,108024,2017,nonscience_examinee_total,,91
ssc,108024,2017,nonscience_examinee_passed,,79
ssc,108024,2017,nonscience_avg_gpa,3.34,3.27
ssc,108024,2018,science_examinee_total,,20
ssc,108024,2018,science_examinee_passed,,17
ssc,108024,2018,nonscience_examinee_total,,103
ssc,108024,2018,nonscience_examinee_passed,,88
ssc,108024,2019,science_examinee_total,,15
ssc,108024,2019,science_examinee_passed,,15
ssc,108024,2019,nonscience_examinee_total,,100
ssc,108024,2019,nonscience_examinee_passed,,90
ssc,108024,2020,science_examinee_total,,16
ssc,108024,2020,science_examinee_passed,,15
ssc,108024,2020,nonscience_examinee_total,,73
ssc,108024,2020,nonscience_examinee_passed,,63
ssc,108024,2021,nonscience_examinee_total,,79
ssc,108024,2021,nonscience_examinee_passed,,71
ssc,108024,2021,nonscience_avg_gpa,3.06,3.02
ssc,108024,2022,nonscience_examinee_total,,85
ssc,108024,2022,nonscience_examinee_passed,,77
ssc,108024,2022,nonscience_avg_gpa,3.17,3.13
ssc,108024,2023,science_avg_gpa,3.91,3.78
ssc,108024,2023,nonscience_examinee_total,,91
ssc,108024,2023,nonscience_examinee_passed,,53
ssc,108024,2023,nonscience_avg_gpa,1.88,1.84
ssc,108024,2024,science_avg_gpa,4.14,3.88
ssc,108024,2024,nonscience_examinee_total,,141
ssc,108024,2024,nonscience_examinee_passed,,101
ssc,108024,2025,nonscience_examinee_total,,113
ssc,108024,2025,nonscience_examinee_passed,,40
ssc,108024,2026,nonscience_examinee_total,,126
ssc,108024,2026,nonscience_examinee_passed,,57
ssc,108024,2026,nonscience_avg_gpa,1.48,1.46
ssc,108063,2011,nonscience_examinee_total,,51
ssc,108063,2011,nonscience_examinee_passed,,41
ssc,108063,2012,nonscience_examinee_total,43,62
ssc,108063,2012,nonscience_examinee_passed,41,58
ssc,108063,2013,nonscience_examinee_total,,56
ssc,108063,2013,nonscience_examinee_passed,,51
ssc,108063,2014,nonscience_examinee_total,63,83
ssc,108063,2014,nonscience_examinee_passed,63,83
ssc,108063,2015,nonscience_examinee_total,,44
ssc,108063,2015,nonscience_examinee_passed,,41
ssc,108063,2016,nonscience_examinee_total,68,93
ssc,108063,2016,nonscience_examinee_passed,67,92
ssc,108063,2016,nonscience_avg_gpa,3.94,3.9
ssc,108063,2017,nonscience_examinee_total,86,104
ssc,108063,2017,nonscience_examinee_passed,83,100
ssc,108063,2018,nonscience_examinee_total,64,93
ssc,108063,2018,nonscience_examinee_passed,63,91
ssc,108063,2019,nonscience_examinee_total,66,96
ssc,108063,2019,nonscience_examinee_passed,63,82
ssc,108063,2019,nonscience_avg_gpa,3.03,3.0
ssc,108063,2020,nonscience_examinee_total,,103
ssc,108063,2020,nonscience_examinee_passed,,97
ssc,108063,2020,nonscience_avg_gpa,3.49,3.46
ssc,108063,2021,nonscience_avg_gpa,3.62,3.51
ssc,108063,2022,nonscience_examinee_total,43,70
ssc,108063,2022,nonscience_examinee_passed,43,69
ssc,108063,2022,nonscience_avg_gpa,3.73,3.68
ssc,108063,2023,science_examinee_total,,10
ssc,108063,2023,science_examinee_passed,,8
ssc,108063,2023,nonscience_examinee_total,65,85
ssc,108063,2023,nonscience_examinee_passed,59,72
ssc,108063,2023,nonscience_avg_gpa,3.14,3.1
ssc,108063,2024,nonscience_examinee_total,,66
ssc,108063,2024,nonscience_examinee_passed,,60
ssc,108063,2025,nonscience_examinee_total,,64
ssc,108063,2025,nonscience_examinee_passed,,26
ssc,108063,2026,nonscience_examinee_total,,81
ssc,108063,2026,nonscience_examinee_passed,,60
ssc,108014,2011,nonscience_examinee_total,63,75
ssc,108014,2011,nonscience_examinee_passed,63,75
ssc,108014,2012,nonscience_examinee_total,56,68
ssc,108014,2012,nonscience_examinee_passed,55,67
ssc,108014,2013,nonscience_examinee_total,63,84
ssc,108014,2013,nonscience_examinee_passed,62,83
ssc,108014,2014,nonscience_examinee_total,75,92
ssc,108014,2014,nonscience_examinee_passed,75,92
ssc,108014,2015,nonscience_examinee_total,97,112
ssc,108014,2015,nonscience_examinee_passed,90,103
ssc,108014,2016,nonscience_examinee_total,103,120
ssc,108014,2016,nonscience_examinee_passed,103,119
ssc,108014,2017,nonscience_examinee_total,87,88
ssc,108014,2017,nonscience_examinee_passed,81,82
ssc,108014,2021,nonscience_avg_gpa,3.92,3.88
ssc,108014,2022,nonscience_avg_gpa,4.28,4.24
ssc,108014,2024,science_avg_gpa,4.74,4.7
ssc,108014,2025,nonscience_examinee_total,35,70
ssc,108014,2025,nonscience_examinee_passed,30,55
ssc,108012,2011,science_avg_gpa,4.27,4.2
ssc,108012,2011,nonscience_examinee_total,71,75
ssc,108012,2011,nonscience_examinee_passed,65,68
ssc,108012,2011,nonscience_avg_gpa,3.7,3.6
ssc,108012,2012,nonscience_examinee_total,113,121
ssc,108012,2012,nonscience_examinee_passed,110,117
ssc,108012,2013,nonscience_examinee_total,73,78
ssc,108012,2013,nonscience_examinee_passed,71,75
ssc,108012,2014,nonscience_examinee_total,92,98
ssc,108012,2014,nonscience_examinee_passed,91,96
ssc,108012,2015,nonscience_examinee_total,60,67
ssc,108012,2015,nonscience_examinee_passed,59,63
ssc,108012,2016,nonscience_examinee_total,75,82
ssc,108012,2016,nonscience_examinee_passed,71,74
ssc,108012,2017,nonscience_examinee_total,91,100
ssc,108012,2017,nonscience_examinee_passed,86,92
ssc,108012,2018,nonscience_examinee_total,,77
ssc,108012,2018,nonscience_examinee_passed,,76
ssc,108012,2019,nonscience_examinee_total,,84
ssc,108012,2019,nonscience_examinee_passed,,76
ssc,108012,2020,nonscience_examinee_total,,103
ssc,108012,2020,nonscience_examinee_passed,,94
ssc,108012,2021,nonscience_examinee_total,98,108
ssc,108012,2021,nonscience_examinee_passed,93,103
ssc,108012,2021,nonscience_avg_gpa,3.53,3.47
ssc,108012,2022,nonscience_examinee_total,,73
ssc,108012,2022,nonscience_examinee_passed,,73
ssc,108012,2023,nonscience_examinee_total,49,54
ssc,108012,2023,nonscience_examinee_passed,49,53
ssc,108012,2024,nonscience_examinee_total,,47
ssc,108012,2024,nonscience_examinee_passed,,43
ssc,108012,2025,nonscience_examinee_total,,48
ssc,108012,2025,nonscience_examinee_passed,,31
ssc,108012,2026,science_avg_gpa,3.45,3.39
ssc,108012,2026,nonscience_examinee_total,,51
ssc,108012,2026,nonscience_examinee_passed,,37
ssc,108040,2015,science_avg_gpa,4.95,4.87
ssc,108040,2018,science_avg_gpa,4.92,4.89
ssc,108040,2019,science_avg_gpa,4.8,4.77
ssc,108040,2020,science_avg_gpa,4.93,4.91
ssc,108040,2023,nonscience_avg_gpa,4.59,4.52
ssc,108040,2024,nonscience_avg_gpa,4.53,4.5
ssc,108040,2025,science_avg_gpa,4.9,4.88
ssc,108040,2025,nonscience_avg_gpa,4.32,4.3
ssc,108331,2016,science_examinee_total,,4
ssc,108331,2016,science_examinee_passed,,4
ssc,108331,2016,nonscience_examinee_total,,35
ssc,108331,2016,nonscience_examinee_passed,,34
ssc,108331,2017,nonscience_examinee_total,,65
ssc,108331,2017,nonscience_examinee_passed,,58
ssc,108331,2018,nonscience_examinee_total,,153
ssc,108331,2018,nonscience_examinee_passed,,99
ssc,108331,2019,nonscience_examinee_total,,215
ssc,108331,2019,nonscience_examinee_passed,,157
ssc,108331,2020,nonscience_examinee_total,,343
ssc,108331,2020,nonscience_examinee_passed,,246
ssc,108331,2020,nonscience_avg_gpa,2.42,2.38
ssc,108331,2021,nonscience_examinee_total,328,371
ssc,108331,2021,nonscience_examinee_passed,303,345
ssc,108331,2021,nonscience_avg_gpa,3.06,3.04
ssc,108331,2022,nonscience_examinee_total,187,199
ssc,108331,2022,nonscience_examinee_passed,175,187
ssc,108331,2022,nonscience_avg_gpa,3.48,3.46
ssc,108331,2023,nonscience_examinee_total,,266
ssc,108331,2023,nonscience_examinee_passed,,201
ssc,108331,2023,nonscience_avg_gpa,2.65,2.6
ssc,108331,2024,science_avg_gpa,3.47,3.44
ssc,108331,2024,nonscience_examinee_total,243,264
ssc,108331,2024,nonscience_examinee_passed,178,195
ssc,108331,2024,nonscience_avg_gpa,2.47,2.43
ssc,108331,2025,science_avg_gpa,3.32,3.24
ssc,108331,2025,nonscience_examinee_total,304,319
ssc,108331,2025,nonscience_examinee_passed,165,171
ssc,108331,2025,nonscience_avg_gpa,1.89,1.85
ssc,108331,2026,science_avg_gpa,2.65,2.57
ssc,108331,2026,nonscience_examinee_total,296,346
ssc,108331,2026,nonscience_examinee_passed,187,217
ssc,108331,2026,nonscience_avg_gpa,2.09,2.06
ssc,138743,2025,science_examinee_total,,33
ssc,138743,2025,science_examinee_passed,,18
ssc,138743,2025,nonscience_examinee_total,,111
ssc,138743,2025,nonscience_examinee_passed,,36
ssc,138743,2025,nonscience_avg_gpa,1.17,1.14
ssc,138743,2026,nonscience_examinee_total,,162
ssc,138743,2026,nonscience_examinee_passed,,76
ssc,138743,2026,nonscience_avg_gpa,1.53,1.45
ssc,108371,2011,science_examinee_total,,1
ssc,108371,2011,science_avg_gpa,,0.0
ssc,108371,2011,nonscience_examinee_total,32,34
ssc,108371,2011,nonscience_examinee_passed,26,27
ssc,108371,2011,nonscience_avg_gpa,3.11,3.02
ssc,108371,2012,science_avg_gpa,3.54,3.27
ssc,108371,2012,nonscience_examinee_total,,22
ssc,108371,2012,nonscience_examinee_passed,,19
ssc,108371,2013,nonscience_avg_gpa,3.54,3.48
ssc,108371,2014,nonscience_examinee_total,57,59
ssc,108371,2014,nonscience_examinee_passed,51,53
ssc,108371,2015,nonscience_examinee_total,49,58
ssc,108371,2015,nonscience_examinee_passed,44,53
ssc,108371,2016,science_examinee_total,,3
ssc,108371,2016,science_examinee_passed,,3
ssc,108371,2016,nonscience_examinee_total,,26
ssc,108371,2016,nonscience_examinee_passed,,21
ssc,108371,2017,nonscience_examinee_total,20,27
ssc,108371,2017,nonscience_examinee_passed,15,22
ssc,108371,2018,nonscience_examinee_total,27,38
ssc,108371,2018,nonscience_examinee_passed,26,32
ssc,108371,2019,science_examinee_total,,2
ssc,108371,2019,science_examinee_passed,,2
ssc,108371,2019,nonscience_examinee_total,,31
ssc,108371,2019,nonscience_examinee_passed,,19
ssc,108371,2020,science_examinee_total,,9
ssc,108371,2020,science_examinee_passed,,3
ssc,108371,2020,nonscience_examinee_total,,47
ssc,108371,2020,nonscience_examinee_passed,,23
ssc,108371,2021,nonscience_examinee_total,,94
ssc,108371,2021,nonscience_examinee_passed,,91
ssc,108371,2022,nonscience_examinee_total,32,38
ssc,108371,2022,nonscience_examinee_passed,30,36
ssc,108371,2023,nonscience_examinee_total,,52
ssc,108371,2023,nonscience_examinee_passed,,41
ssc,108371,2023,nonscience_avg_gpa,3.04,2.92
ssc,108371,2024,nonscience_examinee_total,,126
ssc,108371,2024,nonscience_examinee_passed,,81
ssc,108371,2025,nonscience_examinee_total,,105
ssc,108371,2025,nonscience_examinee_passed,,63
ssc,108371,2025,nonscience_avg_gpa,2.09,2.05
ssc,108371,2026,nonscience_examinee_total,,93
ssc,108371,2026,nonscience_examinee_passed,,55
ssc,108371,2026,nonscience_avg_gpa,2.05,2.0
ssc,108370,2011,nonscience_examinee_total,42,50
ssc,108370,2011,nonscience_examinee_passed,37,45
ssc,108370,2012,science_examinee_total,,6
ssc,108370,2012,science_examinee_passed,,5
ssc,108370,2012,nonscience_examinee_total,,37
ssc,108370,2012,nonscience_examinee_passed,,33
ssc,108370,2012,nonscience_avg_gpa,3.35,3.26
ssc,108370,2013,nonscience_examinee_total,,47
ssc,108370,2013,nonscience_examinee_passed,,44
ssc,108370,2014,science_examinee_total,,10
ssc,108370,2014,science_examinee_passed,,10
ssc,108370,2014,nonscience_examinee_total,39,49
ssc,108370,2014,nonscience_examinee_passed,39,48
ssc,108370,2015,science_examinee_total,,4
ssc,108370,2015,science_examinee_passed,,3
ssc,108370,2015,nonscience_examinee_total,,54
ssc,108370,2015,nonscience_examinee_passed,,51
ssc,108370,2016,nonscience_examinee_total,,78
ssc,108370,2016,nonscience_examinee_passed,,67
ssc,108370,2016,nonscience_avg_gpa,3.25,3.21
ssc,108370,2017,nonscience_examinee_total,,64
ssc,108370,2017,nonscience_examinee_passed,,64
ssc,108370,2019,nonscience_examinee_total,56,73
ssc,108370,2019,nonscience_examinee_passed,50,67
ssc,108370,2020,nonscience_examinee_total,,74
ssc,108370,2020,nonscience_examinee_passed,,61
ssc,108370,2021,nonscience_examinee_total,,80
ssc,108370,2021,nonscience_examinee_passed,,80
ssc,108370,2023,nonscience_examinee_total,,67
ssc,108370,2023,nonscience_examinee_passed,,60
ssc,108370,2023,nonscience_avg_gpa,3.37,3.32
ssc,108370,2024,science_examinee_total,,7
ssc,108370,2024,science_examinee_passed,,7
ssc,108370,2024,nonscience_examinee_total,17,56
ssc,108370,2024,nonscience_examinee_passed,17,52
ssc,108370,2025,science_avg_gpa,4.37,4.03
ssc,108370,2025,nonscience_examinee_total,,72
ssc,108370,2025,nonscience_examinee_passed,,47
ssc,108370,2025,nonscience_avg_gpa,2.42,2.39
ssc,108370,2026,science_avg_gpa,3.72,3.49
ssc,108370,2026,nonscience_examinee_total,32,57
ssc,108370,2026,nonscience_examinee_passed,26,44
ssc,108377,2011,science_examinee_total,,6
ssc,108377,2011,science_examinee_passed,,3
ssc,108377,2011,nonscience_examinee_total,,65
ssc,108377,2011,nonscience_examinee_passed,,49
ssc,108377,2012,nonscience_examinee_total,61,71
ssc,108377,2012,nonscience_examinee_passed,56,66
ssc,108377,2013,science_examinee_total,,5
ssc,108377,2013,science_examinee_passed,,5
ssc,108377,2013,nonscience_examinee_total,,42
ssc,108377,2013,nonscience_examinee_passed,,38
ssc,108377,2013,nonscience_avg_gpa,3.21,3.13
ssc,108377,2014,science_examinee_total,,2
ssc,108377,2014,science_examinee_passed,,2
ssc,108377,2014,nonscience_examinee_total,41,46
ssc,108377,2014,nonscience_examinee_passed,40,45
ssc,108377,2015,science_examinee_total,,2
ssc,108377,2015,science_examinee_passed,,1
ssc,108377,2015,nonscience_examinee_total,29,30
ssc,108377,2016,science_examinee_total,,5
ssc,108377,2016,science_examinee_passed,,5
ssc,108377,2016,nonscience_examinee_total,39,46
ssc,108377,2016,nonscience_examinee_passed,38,45
ssc,108377,2017,nonscience_examinee_total,,33
ssc,108377,2017,nonscience_examinee_passed,,32
ssc,108377,2018,nonscience_examinee_total,,28
ssc,108377,2018,nonscience_examinee_passed,,21
ssc,108377,2019,science_examinee_total,,9
ssc,108377,2019,science_examinee_passed,,9
ssc,108377,2019,nonscience_examinee_total,,36
ssc,108377,2019,nonscience_examinee_passed,,28
ssc,108377,2020,science_examinee_total,,2
ssc,108377,2020,science_examinee_passed,,2
ssc,108377,2020,nonscience_examinee_total,,49
ssc,108377,2020,nonscience_examinee_passed,,42
ssc,108377,2021,science_examinee_total,,6
ssc,108377,2021,science_examinee_passed,,5
ssc,108377,2021,science_avg_gpa,3.78,3.15
ssc,108377,2021,nonscience_examinee_total,,46
ssc,108377,2021,nonscience_examinee_passed,,41
ssc,108377,2021,nonscience_avg_gpa,3.04,2.91
ssc,108377,2022,nonscience_examinee_total,,27
ssc,108377,2022,nonscience_examinee_passed,,22
ssc,108377,2022,nonscience_avg_gpa,2.7,2.6
ssc,108377,2023,science_examinee_total,,4
ssc,108377,2023,science_examinee_passed,,3
ssc,108377,2023,nonscience_examinee_total,,29
ssc,108377,2023,nonscience_examinee_passed,,20
ssc,108377,2024,science_examinee_total,,1
ssc,108377,2024,science_examinee_passed,,1
ssc,108377,2024,nonscience_examinee_total,,22
ssc,108377,2024,nonscience_examinee_passed,,19
ssc,108377,2025,nonscience_examinee_total,,15
ssc,108377,2025,nonscience_examinee_passed,,9
ssc,108377,2026,science_examinee_total,,7
ssc,108377,2026,science_examinee_passed,,2
ssc,108377,2026,nonscience_examinee_total,,14
ssc,108377,2026,nonscience_examinee_passed,,7
ssc,130892,2011,science_examinee_total,,2
ssc,130892,2011,science_examinee_passed,,2
ssc,130892,2011,nonscience_examinee_total,27,29
ssc,130892,2011,nonscience_examinee_passed,26,28
ssc,130892,2012,nonscience_examinee_total,,23
ssc,130892,2012,nonscience_examinee_passed,,23
ssc,130892,2014,science_examinee_total,,5
ssc,130892,2014,science_examinee_passed,,5
ssc,130892,2015,science_examinee_total,,2
ssc,130892,2015,science_examinee_passed,,2
ssc,130892,2015,nonscience_examinee_total,,16
ssc,130892,2015,nonscience_examinee_passed,,16
ssc,130892,2016,science_examinee_total,,4
ssc,130892,2016,science_examinee_passed,,3
ssc,130892,2016,nonscience_examinee_total,,23
ssc,130892,2016,nonscience_examinee_passed,,18
ssc,130892,2017,science_examinee_total,,5
ssc,130892,2017,science_examinee_passed,,5
ssc,130892,2018,science_examinee_total,,2
ssc,130892,2018,science_examinee_passed,,2
ssc,130892,2018,nonscience_examinee_total,,18
ssc,130892,2018,nonscience_examinee_passed,,17
ssc,130892,2019,science_examinee_total,,6
ssc,130892,2019,science_examinee_passed,,6
ssc,130892,2019,nonscience_examinee_total,,20
ssc,130892,2019,nonscience_examinee_passed,,12
ssc,130892,2020,science_examinee_total,,6
ssc,130892,2020,science_examinee_passed,,6
ssc,130892,2021,nonscience_examinee_total,,34
ssc,130892,2021,nonscience_examinee_passed,,28
ssc,130892,2021,nonscience_avg_gpa,2.63,2.55
ssc,130892,2022,science_examinee_total,,6
ssc,130892,2022,science_examinee_passed,,4
ssc,130892,2023,science_examinee_total,,10
ssc,130892,2023,science_examinee_passed,,10
ssc,130892,2023,nonscience_examinee_total,,19
ssc,130892,2023,nonscience_examinee_passed,,17
ssc,130892,2024,nonscience_examinee_total,,17
ssc,130892,2024,nonscience_examinee_passed,,16
ssc,130892,2025,science_examinee_total,,5
ssc,130892,2025,science_examinee_passed,,4
ssc,130892,2025,nonscience_examinee_total,,16
ssc,130892,2025,nonscience_examinee_passed,,13
ssc,130892,2026,science_examinee_total,,13
ssc,130892,2026,science_examinee_passed,,8
ssc,130892,2026,nonscience_examinee_total,,10
ssc,130892,2026,nonscience_examinee_passed,,1
ssc,130892,2026,nonscience_avg_gpa,0.31,0.28
ssc,134462,2017,science_examinee_total,,5
ssc,134462,2017,science_examinee_passed,,5
ssc,134462,2017,nonscience_examinee_total,,16
ssc,134462,2017,nonscience_examinee_passed,,15
ssc,134462,2017,nonscience_avg_gpa,4.36,4.09
ssc,134462,2018,science_examinee_total,,1
ssc,134462,2018,science_avg_gpa,,0.0
ssc,134462,2018,nonscience_examinee_total,90,93
ssc,134462,2018,nonscience_examinee_passed,49,50
ssc,134462,2018,nonscience_avg_gpa,1.99,1.82
ssc,134462,2019,science_avg_gpa,4.08,3.89
ssc,134462,2019,nonscience_examinee_total,,259
ssc,134462,2019,nonscience_examinee_passed,,187
ssc,134462,2019,nonscience_avg_gpa,2.28,2.26
ssc,134462,2020,science_examinee_total,,4
ssc,134462,2020,science_examinee_passed,,1
ssc,134462,2020,nonscience_examinee_total,,113
ssc,134462,2020,nonscience_examinee_passed,,56
ssc,134462,2021,science_examinee_total,,3
ssc,134462,2021,science_examinee_passed,,3
ssc,134462,2021,nonscience_examinee_total,,143
ssc,134462,2021,nonscience_examinee_passed,,123
ssc,134462,2021,nonscience_avg_gpa,2.66,2.59
ssc,134462,2022,nonscience_examinee_total,,38
ssc,134462,2022,nonscience_examinee_passed,,26
ssc,134462,2023,science_examinee_total,,1
ssc,134462,2023,science_examinee_passed,,1
ssc,134462,2023,nonscience_examinee_total,,32
ssc,134462,2023,nonscience_examinee_passed,,8
ssc,134462,2023,nonscience_avg_gpa,0.78,0.76
ssc,134462,2024,science_examinee_total,,5
ssc,134462,2024,science_examinee_passed,,2
ssc,134462,2024,nonscience_examinee_total,,28
ssc,134462,2024,nonscience_examinee_passed,,13
ssc,134462,2025,science_examinee_total,,7
ssc,134462,2025,science_examinee_passed,,4
ssc,134462,2025,nonscience_examinee_total,,28
ssc,134462,2025,nonscience_examinee_passed,,8
ssc,134462,2025,nonscience_avg_gpa,0.95,0.91
ssc,134462,2026,science_examinee_total,,3
ssc,134462,2026,science_examinee_passed,,2
ssc,134462,2026,nonscience_examinee_total,,15
ssc,134462,2026,nonscience_examinee_passed,,7
ssc,108372,2011,science_examinee_total,,9
ssc,108372,2011,science_examinee_passed,,8
ssc,108372,2011,nonscience_examinee_total,,55
ssc,108372,2011,nonscience_examinee_passed,,47
ssc,108372,2012,science_examinee_total,,12
ssc,108372,2012,science_examinee_passed,,12
ssc,108372,2012,nonscience_examinee_total,,68
ssc,108372,2012,nonscience_examinee_passed,,52
ssc,108372,2013,nonscience_examinee_total,,68
ssc,108372,2013,nonscience_examinee_passed,,55
ssc,108372,2014,science_examinee_total,,8
ssc,108372,2014,science_examinee_passed,,8
ssc,108372,2014,nonscience_examinee_total,34,50
ssc,108372,2014,nonscience_examinee_passed,26,41
ssc,108372,2015,science_examinee_total,,14
ssc,108372,2015,science_examinee_passed,,9
ssc,108372,2015,nonscience_examinee_total,,48
ssc,108372,2015,nonscience_examinee_passed,,24
ssc,108372,2016,science_examinee_total,,18
ssc,108372,2016,science_examinee_passed,,18
ssc,108372,2016,nonscience_examinee_total,,68
ssc,108372,2016,nonscience_examinee_passed,,60
ssc,108372,2016,nonscience_avg_gpa,3.16,3.07
ssc,108372,2017,nonscience_examinee_total,,48
ssc,108372,2017,nonscience_examinee_passed,,40
ssc,108372,2018,nonscience_examinee_total,,64
ssc,108372,2018,nonscience_examinee_passed,,35
ssc,108372,2019,science_examinee_total,,16
ssc,108372,2019,science_examinee_passed,,11
ssc,108372,2019,nonscience_examinee_total,,74
ssc,108372,2019,nonscience_examinee_passed,,47
ssc,108372,2020,nonscience_examinee_total,,68
ssc,108372,2020,nonscience_examinee_passed,,60
ssc,108372,2021,nonscience_examinee_total,,66
ssc,108372,2021,nonscience_examinee_passed,,55
ssc,108372,2021,nonscience_avg_gpa,2.96,2.91
ssc,108372,2022,science_examinee_total,,11
ssc,108372,2022,science_examinee_passed,,5
ssc,108372,2022,nonscience_examinee_total,,79
ssc,108372,2022,nonscience_examinee_passed,,67
ssc,108372,2023,nonscience_examinee_total,,62
ssc,108372,2023,nonscience_examinee_passed,,39
ssc,108372,2023,nonscience_avg_gpa,2.09,2.05
ssc,108372,2024,nonscience_examinee_total,,38
ssc,108372,2024,nonscience_examinee_passed,,22
ssc,108372,2025,nonscience_examinee_total,,80
ssc,108372,2025,nonscience_examinee_passed,,42
ssc,108372,2026,nonscience_examinee_total,,79
ssc,108372,2026,nonscience_examinee_passed,,41
ssc,130921,2017,science_examinee_total,,16
ssc,130921,2017,science_examinee_passed,,13
ssc,130921,2017,nonscience_examinee_total,,13
ssc,130921,2017,nonscience_examinee_passed,,12
ssc,130921,2018,science_examinee_total,,16
ssc,130921,2018,science_examinee_passed,,16
ssc,130921,2018,nonscience_examinee_total,,39
ssc,130921,2018,nonscience_examinee_passed,,33
ssc,130921,2018,nonscience_avg_gpa,3.13,3.05
ssc,130921,2019,science_examinee_total,,13
ssc,130921,2019,science_examinee_passed,,12
ssc,130921,2019,science_avg_gpa,4.18,3.86
ssc,130921,2019,nonscience_examinee_total,,73
ssc,130921,2019,nonscience_examinee_passed,,62
ssc,130921,2019,nonscience_avg_gpa,2.79,2.76
ssc,130921,2020,science_avg_gpa,4.06,3.82
ssc,130921,2020,nonscience_examinee_total,,84
ssc,130921,2020,nonscience_examinee_passed,,53
ssc,130921,2020,nonscience_avg_gpa,2.18,2.08
ssc,130921,2021,science_examinee_total,,10
ssc,130921,2021,science_examinee_passed,,10
ssc,130921,2021,nonscience_examinee_total,111,126
ssc,130921,2021,nonscience_examinee_passed,90,105
ssc,130921,2021,nonscience_avg_gpa,3.01,2.89
ssc,130921,2022,nonscience_examinee_total,120,135
ssc,130921,2022,nonscience_examinee_passed,100,112
ssc,130921,2022,nonscience_avg_gpa,2.88,2.84
ssc,130921,2023,science_examinee_total,,14
ssc,130921,2023,science_examinee_passed,,13
ssc,130921,2023,nonscience_examinee_total,,113
ssc,130921,2023,nonscience_examinee_passed,,53
ssc,130921,2023,nonscience_avg_gpa,1.6,1.51
ssc,130921,2024,science_examinee_total,,30
ssc,130921,2024,science_examinee_passed,,19
ssc,130921,2024,nonscience_examinee_total,,124
ssc,130921,2024,nonscience_examinee_passed,,44
ssc,130921,2025,nonscience_examinee_total,,158
ssc,130921,2025,nonscience_examinee_passed,,87
ssc,130921,2026,science_avg_gpa,2.75,2.57
ssc,130921,2026,nonscience_examinee_total,,227
ssc,130921,2026,nonscience_examinee_passed,,132
ssc,130921,2026,nonscience_avg_gpa,1.73,1.71
ssc,130912,2017,science_avg_gpa,4.94,4.92
ssc,130912,2020,nonscience_avg_gpa,3.81,3.79
ssc,130912,2021,nonscience_avg_gpa,4.18,4.15
ssc,130912,2022,nonscience_avg_gpa,4.18,4.16
ssc,130912,2024,science_avg_gpa,4.53,4.51
ssc,130912,2026,science_avg_gpa,4.32,4.3
ssc,130912,2026,nonscience_avg_gpa,3.58,3.5
ssc,108365,2011,science_examinee_total,,19
ssc,108365,2011,science_examinee_passed,,18
ssc,108365,2011,nonscience_examinee_total,103,105
ssc,108365,2011,nonscience_examinee_passed,92,93
ssc,108365,2012,science_examinee_total,,3
ssc,108365,2012,science_examinee_passed,,3
ssc,108365,2012,nonscience_examinee_total,59,60
ssc,108365,2012,nonscience_examinee_passed,50,51
ssc,108365,2012,nonscience_avg_gpa,2.96,2.91
ssc,108365,2013,science_examinee_total,,5
ssc,108365,2013,science_examinee_passed,,3
ssc,108365,2013,nonscience_examinee_total,,42
ssc,108365,2013,nonscience_examinee_passed,,36
ssc,108365,2013,nonscience_avg_gpa,2.69,2.62
ssc,108365,2014,science_examinee_total,,6
ssc,108365,2014,science_examinee_passed,,6
ssc,108365,2014,nonscience_examinee_total,,42
ssc,108365,2014,nonscience_examinee_passed,,40
ssc,108365,2014,nonscience_avg_gpa,3.63,3.54
ssc,108365,2015,nonscience_examinee_total,,36
ssc,108365,2015,nonscience_examinee_passed,,20
ssc,108365,2016,science_examinee_total,,1
ssc,108365,2016,science_examinee_passed,,1
ssc,108365,2016,nonscience_examinee_total,,37
ssc,108365,2016,nonscience_examinee_passed,,23
ssc,108365,2017,science_examinee_total,,5
ssc,108365,2017,science_examinee_passed,,5
ssc,108365,2017,nonscience_examinee_total,,38
ssc,108365,2017,nonscience_examinee_passed,,34
ssc,108365,2018,nonscience_examinee_total,,49
ssc,108365,2018,nonscience_examinee_passed,,43
ssc,108365,2019,science_examinee_total,,1
ssc,108365,2019,science_examinee_passed,,1
ssc,108365,2019,nonscience_examinee_total,,32
ssc,108365,2019,nonscience_examinee_passed,,18
ssc,108365,2020,nonscience_examinee_total,,51
ssc,108365,2020,nonscience_examinee_passed,,43
ssc,108365,2020,nonscience_avg_gpa,3.03,2.91
ssc,108365,2021,science_examinee_total,,2
ssc,108365,2021,science_examinee_passed,,2
ssc,108365,2021,nonscience_examinee_total,,39
ssc,108365,2021,nonscience_examinee_passed,,35
ssc,108365,2021,nonscience_avg_gpa,2.95,2.88
ssc,108365,2022,nonscience_examinee_total,86,103
ssc,108365,2022,nonscience_examinee_passed,65,75
ssc,108365,2023,science_examinee_total,,7
ssc,108365,2023,science_examinee_passed,,6
ssc,108365,2023,nonscience_examinee_total,,72
ssc,108365,2023,nonscience_examinee_passed,,48
ssc,108365,2023,nonscience_avg_gpa,2.3,2.2
ssc,108365,2024,nonscience_examinee_total,68,79
ssc,108365,2024,nonscience_examinee_passed,57,64
ssc,108365,2024,nonscience_avg_gpa,2.8,2.72
ssc,108365,2025,nonscience_examinee_total,,59
ssc,108365,2025,nonscience_examinee_passed,,40
ssc,108365,2025,nonscience_avg_gpa,2.35,2.31
ssc,108365,2026,nonscience_examinee_total,,62
ssc,108365,2026,nonscience_examinee_passed,,28
ssc,108365,2026,nonscience_avg_gpa,1.52,1.42
ssc,107893,2011,nonscience_examinee_total,96,108
ssc,107893,2011,nonscience_examinee_passed,87,96
ssc,107893,2012,science_examinee_total,,9
ssc,107893,2012,science_examinee_passed,,9
ssc,107893,2012,nonscience_examinee_total,87,94
ssc,107893,2012,nonscience_examinee_passed,84,91
ssc,107893,2013,nonscience_examinee_total,81,88
ssc,107893,2013,nonscience_examinee_passed,74,81
ssc,107893,2014,science_examinee_total,,16
ssc,107893,2014,science_examinee_passed,,14
ssc,107893,2014,nonscience_examinee_total,73,77
ssc,107893,2014,nonscience_examinee_passed,65,68
ssc,107893,2015,nonscience_examinee_total,82,95
ssc,107893,2015,nonscience_examinee_passed,75,82
ssc,107893,2016,nonscience_examinee_total,76,93
ssc,107893,2016,nonscience_examinee_passed,72,88
ssc,107893,2017,science_examinee_total,,17
ssc,107893,2017,science_examinee_passed,,14
ssc,107893,2017,nonscience_examinee_total,78,98
ssc,107893,2017,nonscience_examinee_passed,76,94
ssc,107893,2017,nonscience_avg_gpa,4.04,4.0
ssc,107893,2018,nonscience_examinee_total,,106
ssc,107893,2018,nonscience_examinee_passed,,83
ssc,107893,2019,nonscience_examinee_total,84,106
ssc,107893,2019,nonscience_examinee_passed,66,88
ssc,107893,2020,nonscience_examinee_total,85,97
ssc,107893,2020,nonscience_examinee_passed,42,43
ssc,107893,2021,nonscience_examinee_total,,125
ssc,107893,2021,nonscience_examinee_passed,,118
ssc,107893,2021,nonscience_avg_gpa,3.17,3.1
ssc,107893,2022,science_avg_gpa,3.57,3.39
ssc,107893,2022,nonscience_examinee_total,30,76
ssc,107893,2022,nonscience_examinee_passed,28,67
ssc,107893,2023,nonscience_examinee_total,45,61
ssc,107893,2023,nonscience_examinee_passed,37,44
ssc,107893,2023,nonscience_avg_gpa,2.72,2.67
ssc,107893,2024,nonscience_examinee_total,,56
ssc,107893,2024,nonscience_examinee_passed,,51
ssc,107893,2025,nonscience_examinee_total,31,46
ssc,107893,2025,nonscience_examinee_passed,21,33
ssc,107893,2025,nonscience_avg_gpa,2.78,2.72
ssc,107893,2026,nonscience_examinee_total,41,59
ssc,107893,2026,nonscience_examinee_passed,33,44
ssc,107893,2026,nonscience_avg_gpa,2.76,2.71
ssc,138964,2026,science_examinee_total,,18
ssc,138964,2026,science_examinee_passed,,8
ssc,138964,2026,nonscience_examinee_total,107,143
ssc,138964,2026,nonscience_examinee_passed,51,66
ssc,108178,2011,science_avg_gpa,3.39,3.34
ssc,108178,2011,nonscience_examinee_total,428,451
ssc,108178,2011,nonscience_examinee_passed,343,361
ssc,108178,2012,nonscience_examinee_total,407,441
ssc,108178,2012,nonscience_examinee_passed,311,328
ssc,108178,2013,nonscience_examinee_total,368,399
ssc,108178,2013,nonscience_examinee_passed,277,301
ssc,108178,2014,nonscience_examinee_total,429,447
ssc,108178,2014,nonscience_examinee_passed,358,373
ssc,108178,2014,nonscience_avg_gpa,2.76,2.73
ssc,108178,2015,nonscience_examinee_total,394,418
ssc,108178,2015,nonscience_examinee_passed,268,277
ssc,108178,2015,nonscience_avg_gpa,2.09,2.05
ssc,108178,2016,nonscience_examinee_total,431,452
ssc,108178,2016,nonscience_examinee_passed,336,353
ssc,108178,2016,nonscience_avg_gpa,2.52,2.49
ssc,108178,2017,nonscience_examinee_total,415,448
ssc,108178,2017,nonscience_examinee_passed,335,348
ssc,108178,2018,nonscience_examinee_total,488,535
ssc,108178,2018,nonscience_examinee_passed,364,388
ssc,108178,2018,nonscience_avg_gpa,2.43,2.41
ssc,108178,2019,nonscience_examinee_total,420,467
ssc,108178,2019,nonscience_examinee_passed,276,311
ssc,108178,2019,nonscience_avg_gpa,2.13,2.11
ssc,108178,2020,nonscience_examinee_total,,534
ssc,108178,2020,nonscience_examinee_passed,,309
ssc,108178,2021,nonscience_examinee_total,,620
ssc,108178,2021,nonscience_examinee_passed,,552
ssc,108178,2021,nonscience_avg_gpa,2.74,2.7
ssc,108178,2022,science_avg_gpa,3.16,3.1
ssc,108178,2022,nonscience_examinee_total,53,359
ssc,108178,2022,nonscience_examinee_passed,46,281
ssc,108178,2022,nonscience_avg_gpa,2.67,2.63
ssc,108178,2023,science_avg_gpa,3.62,3.59
ssc,108178,2023,nonscience_examinee_total,378,431
ssc,108178,2023,nonscience_examinee_passed,238,255
ssc,108178,2023,nonscience_avg_gpa,2.01,1.98
ssc,108178,2024,science_avg_gpa,2.89,2.86
ssc,108178,2024,nonscience_examinee_total,312,391
ssc,108178,2024,nonscience_examinee_passed,217,250
ssc,108178,2024,nonscience_avg_gpa,2.05,2.02
ssc,108178,2025,science_avg_gpa,2.92,2.87
ssc,108178,2025,nonscience_examinee_total,,321
ssc,108178,2025,nonscience_examinee_passed,,125
ssc,108178,2026,science_avg_gpa,2.68,2.64
ssc,108178,2026,nonscience_examinee_total,249,315
ssc,108178,2026,nonscience_examinee_passed,136,173
ssc,137788,2021,nonscience_examinee_total,325,371
ssc,137788,2021,nonscience_examinee_passed,281,321
ssc,137788,2021,nonscience_avg_gpa,2.94,2.88
ssc,137788,2022,science_avg_gpa,3.77,3.72
ssc,137788,2022,nonscience_examinee_total,302,350
ssc,137788,2022,nonscience_examinee_passed,225,258
ssc,137788,2022,nonscience_avg_gpa,2.61,2.5
ssc,137788,2023,nonscience_examinee_total,323,382
ssc,137788,2023,nonscience_examinee_passed,146,170
ssc,137788,2023,nonscience_avg_gpa,1.46,1.41
ssc,137788,2024,science_avg_gpa,2.85,2.82
ssc,137788,2024,nonscience_examinee_total,,365
ssc,137788,2024,nonscience_examinee_passed,,220
ssc,137788,2024,nonscience_avg_gpa,1.76,1.74
ssc,137788,2025,nonscience_examinee_total,,382
ssc,137788,2025,nonscience_examinee_passed,,132
ssc,137788,2025,nonscience_avg_gpa,1.1,1.08
ssc,137788,2026,science_avg_gpa,1.98,1.94
ssc,137788,2026,nonscience_examinee_total,,425
ssc,137788,2026,nonscience_examinee_passed,,168
ssc,137788,2026,nonscience_avg_gpa,1.2,1.16
ssc,130871,2011,nonscience_examinee_total,,50
ssc,130871,2011,nonscience_examinee_passed,,43
ssc,130871,2011,nonscience_avg_gpa,2.99,2.93
ssc,130871,2012,science_examinee_total,,10
ssc,130871,2012,science_examinee_passed,,10
ssc,130871,2012,nonscience_examinee_total,,66
ssc,130871,2012,nonscience_examinee_passed,,62
ssc,130871,2013,nonscience_examinee_total,,67
ssc,130871,2013,nonscience_examinee_passed,,65
ssc,130871,2014,nonscience_examinee_total,73,91
ssc,130871,2014,nonscience_examinee_passed,73,91
ssc,130871,2015,science_examinee_total,,21
ssc,130871,2015,science_examinee_passed,,20
ssc,130871,2015,nonscience_examinee_total,,79
ssc,130871,2015,nonscience_examinee_passed,,65
ssc,130871,2016,nonscience_examinee_total,,95
ssc,130871,2016,nonscience_examinee_passed,,80
ssc,130871,2017,nonscience_examinee_total,,91
ssc,130871,2017,nonscience_examinee_passed,,82
ssc,130871,2017,nonscience_avg_gpa,3.43,3.39
ssc,130871,2018,science_examinee_total,,36
ssc,130871,2018,science_examinee_passed,,22
ssc,130871,2018,nonscience_examinee_total,,83
ssc,130871,2018,nonscience_examinee_passed,,54
ssc,130871,2018,nonscience_avg_gpa,2.24,2.21
ssc,130871,2019,science_examinee_total,,34
ssc,130871,2019,science_examinee_passed,,28
ssc,130871,2019,science_avg_gpa,3.2,3.01
ssc,130871,2019,nonscience_examinee_total,,98
ssc,130871,2019,nonscience_examinee_passed,,76
ssc,130871,2019,nonscience_avg_gpa,2.76,2.65
ssc,130871,2020,nonscience_examinee_total,,81
ssc,130871,2020,nonscience_examinee_passed,,75
ssc,130871,2021,nonscience_examinee_total,31,68
ssc,130871,2021,nonscience_examinee_passed,31,67
ssc,130871,2022,science_avg_gpa,4.42,4.22
ssc,130871,2022,nonscience_examinee_total,47,90
ssc,130871,2022,nonscience_examinee_passed,39,75
ssc,130871,2023,nonscience_examinee_total,,89
ssc,130871,2023,nonscience_examinee_passed,,70
ssc,130871,2024,nonscience_examinee_total,71,84
ssc,130871,2024,nonscience_examinee_passed,59,72
ssc,130871,2025,nonscience_examinee_total,71,91
ssc,130871,2025,nonscience_examinee_passed,52,67
ssc,130871,2026,nonscience_examinee_total,47,60
ssc,130871,2026,nonscience_examinee_passed,29,36
ssc,108192,2012,science_avg_gpa,3.58,3.46
ssc,108192,2012,nonscience_examinee_total,,85
ssc,108192,2012,nonscience_examinee_passed,,80
ssc,108192,2015,nonscience_examinee_total,,54
ssc,108192,2015,nonscience_examinee_passed,,41
ssc,108192,2015,nonscience_avg_gpa,2.72,2.67
ssc,108192,2016,nonscience_examinee_total,,107
ssc,108192,2016,nonscience_examinee_passed,,89
ssc,108192,2017,nonscience_examinee_total,,115
ssc,108192,2017,nonscience_examinee_passed,,107
ssc,108192,2018,nonscience_examinee_total,,86
ssc,108192,2018,nonscience_examinee_passed,,70
ssc,108192,2018,nonscience_avg_gpa,3.06,3.02
ssc,108192,2019,science_examinee_total,,49
ssc,108192,2019,science_examinee_passed,,36
ssc,108192,2019,science_avg_gpa,2.89,2.83
ssc,108192,2019,nonscience_examinee_total,,123
ssc,108192,2019,nonscience_examinee_passed,,89
ssc,108192,2020,nonscience_examinee_total,,140
ssc,108192,2020,nonscience_examinee_passed,,98
ssc,108192,2021,science_examinee_total,,39
ssc,108192,2021,science_examinee_passed,,32
ssc,108192,2021,science_avg_gpa,2.93,2.85
ssc,108192,2021,nonscience_examinee_total,159,165
ssc,108192,2021,nonscience_examinee_passed,148,152
ssc,108192,2021,nonscience_avg_gpa,2.8,2.78
ssc,108192,2022,nonscience_examinee_total,,111
ssc,108192,2022,nonscience_examinee_passed,,87
ssc,108192,2022,nonscience_avg_gpa,2.58,2.56
ssc,108192,2023,science_examinee_total,,46
ssc,108192,2023,science_examinee_passed,,37
ssc,108192,2023,nonscience_examinee_total,120,144
ssc,108192,2023,nonscience_examinee_passed,92,110
ssc,108192,2024,science_avg_gpa,3.64,3.55
ssc,108192,2024,nonscience_examinee_total,92,108
ssc,108192,2024,nonscience_examinee_passed,73,84
ssc,108192,2025,science_examinee_total,,58
ssc,108192,2025,science_examinee_passed,,40
ssc,108192,2025,science_avg_gpa,2.79,2.74
ssc,108192,2025,nonscience_examinee_total,99,110
ssc,108192,2025,nonscience_examinee_passed,61,65
ssc,108192,2026,nonscience_examinee_total,,92
ssc,108192,2026,nonscience_examinee_passed,,40
ssc,108198,2011,science_examinee_total,,1
ssc,108198,2011,science_avg_gpa,,0.0
ssc,108198,2011,nonscience_examinee_total,,31
ssc,108198,2011,nonscience_examinee_passed,,17
ssc,108198,2011,nonscience_avg_gpa,1.76,1.65
ssc,108198,2012,science_examinee_total,,1
ssc,108198,2012,science_examinee_passed,,1
ssc,108198,2012,nonscience_examinee_total,,12
ssc,108198,2012,nonscience_examinee_passed,,8
ssc,108198,2013,science_examinee_total,,1
ssc,108198,2013,science_examinee_passed,,1
ssc,108198,2013,nonscience_examinee_total,,13
ssc,108198,2013,nonscience_examinee_passed,,9
ssc,108198,2014,science_examinee_total,,5
ssc,108198,2014,science_examinee_passed,,5
ssc,108198,2014,nonscience_examinee_total,25,27
ssc,108198,2014,nonscience_examinee_passed,22,24
ssc,108198,2014,nonscience_avg_gpa,3.38,3.25
ssc,108198,2015,science_examinee_total,,1
ssc,108198,2015,science_examinee_passed,,1
ssc,108198,2015,nonscience_examinee_total,,22
ssc,108198,2015,nonscience_examinee_passed,,18
ssc,108198,2015,nonscience_avg_gpa,2.96,2.83
ssc,108198,2016,science_examinee_total,,4
ssc,108198,2016,science_examinee_passed,,1
ssc,108198,2016,nonscience_examinee_total,,31
ssc,108198,2016,nonscience_examinee_passed,,13
ssc,108198,2017,nonscience_examinee_total,,54
ssc,108198,2017,nonscience_examinee_passed,,44
ssc,108198,2018,science_examinee_total,,4
ssc,108198,2018,science_examinee_passed,,4
ssc,108198,2018,nonscience_examinee_total,,31
ssc,108198,2018,nonscience_examinee_passed,,25
ssc,108198,2019,science_examinee_total,,17
ssc,108198,2019,science_examinee_passed,,12
ssc,108198,2019,nonscience_examinee_total,,50
ssc,108198,2019,nonscience_examinee_passed,,17
ssc,108198,2020,science_examinee_total,,16
ssc,108198,2020,science_examinee_passed,,9
ssc,108198,2020,nonscience_examinee_total,,86
ssc,108198,2020,nonscience_examinee_passed,,63
ssc,108198,2021,science_examinee_total,,9
ssc,108198,2021,science_examinee_passed,,6
ssc,108198,2021,nonscience_examinee_total,,66
ssc,108198,2021,nonscience_examinee_passed,,59
ssc,108198,2021,nonscience_avg_gpa,2.67,2.63
ssc,108198,2022,nonscience_examinee_total,,42
ssc,108198,2022,nonscience_examinee_passed,,36
ssc,108198,2023,science_examinee_total,,9
ssc,108198,2023,science_examinee_passed,,8
ssc,108198,2023,nonscience_examinee_total,,59
ssc,108198,2023,nonscience_examinee_passed,,43
ssc,108198,2023,nonscience_avg_gpa,2.36,2.32
ssc,108198,2024,science_examinee_total,,17
ssc,108198,2024,science_examinee_passed,,13
ssc,108198,2024,nonscience_examinee_total,,48
ssc,108198,2024,nonscience_examinee_passed,,29
ssc,108198,2025,science_examinee_total,,13
ssc,108198,2025,science_examinee_passed,,5
ssc,108198,2025,nonscience_examinee_total,,44
ssc,108198,2025,nonscience_examinee_passed,,18
ssc,108198,2025,nonscience_avg_gpa,1.27,1.24
ssc,108198,2026,science_avg_gpa,2.3,2.15
ssc,108198,2026,nonscience_examinee_total,,50
ssc,108198,2026,nonscience_examinee_passed,,11
ssc,108198,2026,nonscience_avg_gpa,0.77,0.74
ssc,108388,2011,nonscience_examinee_total,259,270
ssc,108388,2011,nonscience_examinee_passed,257,268
ssc,108388,2013,nonscience_examinee_total,264,273
ssc,108388,2013,nonscience_examinee_passed,261,270
ssc,108388,2014,nonscience_examinee_total,291,305
ssc,108388,2014,nonscience_examinee_passed,288,300
ssc,108388,2015,nonscience_examinee_total,277,298
ssc,108388,2015,nonscience_examinee_passed,272,292
ssc,108388,2016,nonscience_examinee_total,254,269
ssc,108388,2016,nonscience_examinee_passed,251,265
ssc,108388,2017,nonscience_examinee_total,277,303
ssc,108388,2017,nonscience_examinee_passed,275,301
ssc,108388,2019,science_avg_gpa,4.58,4.56
ssc,108388,2019,nonscience_examinee_total,256,284
ssc,108388,2019,nonscience_examinee_passed,249,276
ssc,108388,2019,nonscience_avg_gpa,3.65,3.63
ssc,108388,2021,science_avg_gpa,4.69,4.66
ssc,108388,2021,nonscience_examinee_total,241,290
ssc,108388,2021,nonscience_examinee_passed,235,283
ssc,108388,2024,science_avg_gpa,4.6,4.57
ssc,108388,2024,nonscience_examinee_total,198,250
ssc,108388,2024,nonscience_examinee_passed,181,231
ssc,108388,2025,nonscience_avg_gpa,3.09,3.06
ssc,108388,2026,science_avg_gpa,4.27,4.25
ssc,108393,2011,nonscience_examinee_total,129,134
ssc,108393,2011,nonscience_examinee_passed,110,113
ssc,108393,2011,nonscience_avg_gpa,3.24,3.22
ssc,108393,2012,nonscience_examinee_total,154,164
ssc,108393,2012,nonscience_examinee_passed,126,136
ssc,108393,2012,nonscience_avg_gpa,2.97,2.95
ssc,108393,2013,nonscience_examinee_total,117,135
ssc,108393,2013,nonscience_examinee_passed,100,114
ssc,108393,2013,nonscience_avg_gpa,2.93,2.91
ssc,108393,2014,science_examinee_total,,31
ssc,108393,2014,science_examinee_passed,,28
ssc,108393,2014,nonscience_examinee_total,116,130
ssc,108393,2014,nonscience_examinee_passed,102,113
ssc,108393,2015,nonscience_examinee_total,,123
ssc,108393,2015,nonscience_examinee_passed,,108
ssc,108393,2015,nonscience_avg_gpa,3.12,3.1
ssc,108393,2016,science_examinee_total,,32
ssc,108393,2016,science_examinee_passed,,32
ssc,108393,2016,nonscience_examinee_total,129,143
ssc,108393,2016,nonscience_examinee_passed,116,124
ssc,108393,2017,nonscience_examinee_total,,150
ssc,108393,2017,nonscience_examinee_passed,,139
ssc,108393,2018,nonscience_examinee_total,,150
ssc,108393,2018,nonscience_examinee_passed,,119
ssc,108393,2019,nonscience_examinee_total,,72
ssc,108393,2019,nonscience_examinee_passed,,69
ssc,108393,2020,nonscience_examinee_total,,86
ssc,108393,2020,nonscience_examinee_passed,,40
ssc,108393,2021,nonscience_examinee_total,148,175
ssc,108393,2021,nonscience_examinee_passed,139,164
ssc,108393,2021,nonscience_avg_gpa,3.02,2.99
ssc,108393,2022,nonscience_examinee_total,,222
ssc,108393,2022,nonscience_examinee_passed,,164
ssc,108393,2023,nonscience_examinee_total,,208
ssc,108393,2023,nonscience_examinee_passed,,125
ssc,108393,2023,nonscience_avg_gpa,1.9,1.88
ssc,108393,2024,nonscience_examinee_total,,126
ssc,108393,2024,nonscience_examinee_passed,,80
ssc,108393,2024,nonscience_avg_gpa,2.06,2.03
ssc,108393,2025,science_avg_gpa,1.99,1.89
ssc,108393,2025,nonscience_examinee_total,,163
ssc,108393,2025,nonscience_examinee_passed,,76
ssc,108393,2026,nonscience_examinee_total,,141
ssc,108393,2026,nonscience_examinee_passed,,83
ssc,108393,2026,nonscience_avg_gpa,1.96,1.94
ssc,108391,2011,nonscience_examinee_total,103,121
ssc,108391,2011,nonscience_examinee_passed,99,117
ssc,108391,2012,nonscience_examinee_total,100,124
ssc,108391,2012,nonscience_examinee_passed,98,121
ssc,108391,2013,nonscience_examinee_total,91,103
ssc,108391,2013,nonscience_examinee_passed,91,103
ssc,108391,2014,nonscience_examinee_total,134,151
ssc,108391,2014,nonscience_examinee_passed,132,148
ssc,108391,2014,nonscience_avg_gpa,3.83,3.81
ssc,108391,2015,nonscience_examinee_total,,99
ssc,108391,2015,nonscience_examinee_passed,,71
ssc,108391,2016,nonscience_examinee_total,136,184
ssc,108391,2016,nonscience_examinee_passed,134,180
ssc,108391,2017,nonscience_examinee_total,88,108
ssc,108391,2017,nonscience_examinee_passed,88,108
ssc,108391,2018,nonscience_examinee_total,109,150
ssc,108391,2018,nonscience_examinee_passed,102,132
ssc,108391,2019,nonscience_examinee_total,99,118
ssc,108391,2019,nonscience_examinee_passed,93,111
ssc,108391,2020,nonscience_examinee_total,113,150
ssc,108391,2020,nonscience_examinee_passed,110,146
ssc,108391,2021,science_avg_gpa,4.35,4.2
ssc,108391,2021,nonscience_avg_gpa,3.4,3.33
ssc,108391,2022,nonscience_avg_gpa,3.81,3.74
ssc,108391,2023,science_avg_gpa,4.19,4.14
ssc,108391,2023,nonscience_avg_gpa,3.26,3.23
ssc,108391,2024,nonscience_avg_gpa,2.93,2.91
ssc,108391,2025,science_avg_gpa,3.47,3.44
ssc,108391,2025,nonscience_examinee_total,128,186
ssc,108391,2025,nonscience_examinee_passed,88,124
ssc,108391,2026,science_avg_gpa,3.13,3.1
ssc,108391,2026,nonscience_examinee_total,,201
ssc,108391,2026,nonscience_examinee_passed,,146
ssc,108391,2026,nonscience_avg_gpa,2.46,2.44
ssc,108341,2011,nonscience_examinee_total,,80
ssc,108341,2011,nonscience_examinee_passed,,76
ssc,108341,2012,nonscience_examinee_total,71,80
ssc,108341,2012,nonscience_examinee_passed,66,75
ssc,108341,2013,nonscience_examinee_total,,85
ssc,108341,2013,nonscience_examinee_passed,,82
ssc,108341,2013,nonscience_avg_gpa,3.53,3.48
ssc,108341,2014,nonscience_examinee_total,65,82
ssc,108341,2014,nonscience_examinee_passed,63,79
ssc,108341,2014,nonscience_avg_gpa,3.88,3.84
ssc,108341,2015,nonscience_examinee_total,,56
ssc,108341,2015,nonscience_examinee_passed,,50
ssc,108341,2015,nonscience_avg_gpa,3.46,3.33
ssc,108341,2016,nonscience_examinee_total,,65
ssc,108341,2016,nonscience_examinee_passed,,59
ssc,108341,2017,nonscience_examinee_total,77,113
ssc,108341,2017,nonscience_examinee_passed,62,94
ssc,108341,2017,nonscience_avg_gpa,3.19,3.16
ssc,108341,2018,nonscience_examinee_total,,108
ssc,108341,2018,nonscience_examinee_passed,,70
ssc,108341,2018,nonscience_avg_gpa,2.29,2.21
ssc,108341,2019,nonscience_examinee_total,50,119
ssc,108341,2019,nonscience_examinee_passed,30,46
ssc,108341,2019,nonscience_avg_gpa,1.17,1.15
ssc,108341,2020,nonscience_examinee_total,,114
ssc,108341,2020,nonscience_examinee_passed,,81
ssc,108341,2021,nonscience_examinee_total,,117
ssc,108341,2021,nonscience_examinee_passed,,113
ssc,108341,2022,nonscience_examinee_total,,85
ssc,108341,2022,nonscience_examinee_passed,,67
ssc,108341,2022,nonscience_avg_gpa,2.62,2.56
ssc,108341,2023,nonscience_examinee_total,,65
ssc,108341,2023,nonscience_examinee_passed,,44
ssc,108341,2024,nonscience_examinee_total,,47
ssc,108341,2024,nonscience_examinee_passed,,31
ssc,108341,2025,science_examinee_total,,17
ssc,108341,2025,science_examinee_passed,,13
ssc,108341,2025,nonscience_examinee_total,,29
ssc,108341,2025,nonscience_examinee_passed,,16
ssc,108341,2026,science_examinee_total,,12
ssc,108341,2026,science_examinee_passed,,4
ssc,108341,2026,nonscience_examinee_total,,34
ssc,108341,2026,nonscience_examinee_passed,,10
ssc,108582,2011,science_examinee_total,,6
ssc,108582,2011,science_examinee_passed,,6
ssc,108582,2011,nonscience_examinee_total,21,25
ssc,108582,2011,nonscience_examinee_passed,21,25
ssc,108582,2012,nonscience_examinee_total,22,41
ssc,108582,2012,nonscience_examinee_passed,22,39
ssc,108582,2013,nonscience_examinee_total,,18
ssc,108582,2013,nonscience_examinee_passed,,17
ssc,108582,2014,science_examinee_total,,1
ssc,108582,2014,science_examinee_passed,,1
ssc,108582,2014,nonscience_examinee_total,48,49
ssc,108582,2014,nonscience_examinee_passed,45,46
ssc,108582,2016,nonscience_examinee_total,18,21
ssc,108582,2017,nonscience_examinee_total,32,40
ssc,108582,2017,nonscience_examinee_passed,32,40
ssc,108582,2019,nonscience_examinee_total,,23
ssc,108582,2019,nonscience_examinee_passed,,19
ssc,108582,2019,nonscience_avg_gpa,2.96,2.84
ssc,108582,2020,science_examinee_total,,14
ssc,108582,2020,science_examinee_passed,,13
ssc,108582,2020,nonscience_examinee_total,,36
ssc,108582,2020,nonscience_examinee_passed,,32
ssc,108582,2021,nonscience_examinee_total,39,40
ssc,108582,2021,nonscience_examinee_passed,37,38
ssc,108582,2021,nonscience_avg_gpa,3.63,3.45
ssc,108582,2022,nonscience_examinee_total,26,27
ssc,108582,2022,nonscience_examinee_passed,24,25
ssc,108582,2022,nonscience_avg_gpa,3.94,3.79
ssc,108582,2023,science_examinee_total,,9
ssc,108582,2023,science_examinee_passed,,7
ssc,108582,2023,science_avg_gpa,3.81,3.38
ssc,108582,2023,nonscience_examinee_total,,10
ssc,108582,2023,nonscience_examinee_passed,,8
ssc,108582,2023,nonscience_avg_gpa,3.62,2.9
ssc,108582,2024,nonscience_examinee_total,14,16
ssc,108582,2024,nonscience_examinee_passed,14,16
ssc,108582,2025,science_examinee_total,,6
ssc,108582,2025,science_examinee_passed,,4
ssc,108582,2025,nonscience_examinee_total,,37
ssc,108582,2025,nonscience_examinee_passed,,26
ssc,108582,2025,nonscience_avg_gpa,2.56,2.43
ssc,108366,2011,nonscience_examinee_total,55,57
ssc,108366,2011,nonscience_examinee_passed,48,50
ssc,108366,2012,nonscience_examinee_total,50,57
ssc,108366,2012,nonscience_examinee_passed,46,53
ssc,108366,2012,nonscience_avg_gpa,3.67,3.61
ssc,108366,2013,nonscience_examinee_total,44,45
ssc,108366,2013,nonscience_examinee_passed,43,44
ssc,108366,2014,science_examinee_total,,15
ssc,108366,2014,science_examinee_passed,,15
ssc,108366,2014,nonscience_examinee_total,48,54
ssc,108366,2014,nonscience_examinee_passed,47,53
ssc,108366,2014,nonscience_avg_gpa,4.08,4.0
ssc,108366,2015,nonscience_examinee_total,,56
ssc,108366,2015,nonscience_examinee_passed,,56
ssc,108366,2016,nonscience_examinee_total,,46
ssc,108366,2016,nonscience_examinee_passed,,46
ssc,108366,2017,nonscience_examinee_total,40,51
ssc,108366,2017,nonscience_examinee_passed,40,51
ssc,108366,2018,nonscience_examinee_total,,64
ssc,108366,2018,nonscience_examinee_passed,,55
ssc,108366,2019,nonscience_examinee_total,,55
ssc,108366,2019,nonscience_examinee_passed,,47
ssc,108366,2019,nonscience_avg_gpa,3.22,3.16
ssc,108366,2020,science_examinee_total,,20
ssc,108366,2020,science_examinee_passed,,20
ssc,108366,2020,nonscience_examinee_total,,63
ssc,108366,2020,nonscience_examinee_passed,,39
ssc,108366,2021,nonscience_examinee_total,80,85
ssc,108366,2021,nonscience_examinee_passed,77,81
ssc,108366,2021,nonscience_avg_gpa,3.38,3.34
ssc,108366,2022,science_examinee_total,,13
ssc,108366,2022,science_examinee_passed,,11
ssc,108366,2022,nonscience_examinee_total,35,53
ssc,108366,2022,nonscience_examinee_passed,35,51
ssc,108366,2023,nonscience_examinee_total,,64
ssc,108366,2023,nonscience_examinee_passed,,38
ssc,108366,2024,nonscience_examinee_total,57,73
ssc,108366,2024,nonscience_examinee_passed,49,58
ssc,108366,2025,nonscience_examinee_total,,59
ssc,108366,2025,nonscience_examinee_passed,,40
ssc,108366,2025,nonscience_avg_gpa,2.24,2.2
ssc,108366,2026,science_avg_gpa,3.36,3.13
ssc,108366,2026,nonscience_examinee_total,,51
ssc,108366,2026,nonscience_examinee_passed,,24
ssc,108242,2011,nonscience_examinee_total,,129
ssc,108242,2011,nonscience_examinee_passed,,107
ssc,108242,2012,science_examinee_total,,27
ssc,108242,2012,science_examinee_passed,,26
ssc,108242,2012,nonscience_examinee_total,,107
ssc,108242,2012,nonscience_examinee_passed,,75
ssc,108242,2012,nonscience_avg_gpa,2.1,2.08
ssc,108242,2013,nonscience_examinee_total,160,161
ssc,108242,2013,nonscience_examinee_passed,136,137
ssc,108242,2013,nonscience_avg_gpa,2.89,2.87
ssc,108242,2014,nonscience_examinee_total,260,266
ssc,108242,2014,nonscience_examinee_passed,243,248
ssc,108242,2014,nonscience_avg_gpa,3.67,3.6
ssc,108242,2015,science_examinee_total,,27
ssc,108242,2015,science_examinee_passed,,25
ssc,108242,2015,nonscience_examinee_total,,101
ssc,108242,2015,nonscience_examinee_passed,,90
ssc,108242,2015,nonscience_avg_gpa,3.15,3.09
ssc,108242,2016,science_examinee_total,,23
ssc,108242,2016,science_examinee_passed,,16
ssc,108242,2016,nonscience_examinee_total,,115
ssc,108242,2016,nonscience_examinee_passed,,88
ssc,108242,2017,nonscience_examinee_total,174,184
ssc,108242,2017,nonscience_examinee_passed,142,150
ssc,108242,2017,nonscience_avg_gpa,3.02,2.99
ssc,108242,2018,nonscience_examinee_total,,191
ssc,108242,2018,nonscience_examinee_passed,,143
ssc,108242,2018,nonscience_avg_gpa,2.54,2.5
ssc,108242,2019,science_examinee_total,,51
ssc,108242,2019,science_examinee_passed,,45
ssc,108242,2019,nonscience_examinee_total,,225
ssc,108242,2019,nonscience_examinee_passed,,159
ssc,108242,2019,nonscience_avg_gpa,2.29,2.27
ssc,108242,2020,nonscience_examinee_total,,172
ssc,108242,2020,nonscience_examinee_passed,,114
ssc,108242,2021,nonscience_examinee_total,153,154
ssc,108242,2021,nonscience_examinee_passed,141,142
ssc,108242,2021,nonscience_avg_gpa,2.89,2.85
ssc,108242,2022,nonscience_examinee_total,,102
ssc,108242,2022,nonscience_examinee_passed,,78
ssc,108242,2022,nonscience_avg_gpa,2.67,2.62
ssc,108242,2023,science_avg_gpa,3.02,2.97
ssc,108242,2023,nonscience_examinee_total,186,198
ssc,108242,2023,nonscience_examinee_passed,101,106
ssc,108242,2023,nonscience_avg_gpa,1.87,1.85
ssc,108242,2024,nonscience_examinee_total,129,139
ssc,108242,2024,nonscience_examinee_passed,91,95
ssc,108242,2025,nonscience_examinee_total,,100
ssc,108242,2025,nonscience_examinee_passed,,46
ssc,108242,2026,nonscience_examinee_total,85,100
ssc,108242,2026,nonscience_examinee_passed,70,76
ssc,108242,2026,nonscience_avg_gpa,2.55,2.52
ssc,108262,2011,nonscience_examinee_total,135,151
ssc,108262,2011,nonscience_examinee_passed,118,131
ssc,108262,2012,nonscience_examinee_total,102,104
ssc,108262,2013,nonscience_avg_gpa,3.41,3.33
ssc,108262,2015,nonscience_examinee_total,,126
ssc,108262,2015,nonscience_examinee_passed,,94
ssc,108262,2016,nonscience_avg_gpa,2.97,2.94
ssc,108262,2017,nonscience_avg_gpa,2.62,2.59
ssc,108262,2018,science_avg_gpa,3.5,3.48
ssc,108262,2018,nonscience_examinee_total,,199
ssc,108262,2018,nonscience_examinee_passed,,133
ssc,108262,2018,nonscience_avg_gpa,2.35,2.28
ssc,108262,2019,science_avg_gpa,3,2.96
ssc,108262,2019,nonscience_examinee_total,,217
ssc,108262,2019,nonscience_examinee_passed,,122
ssc,108262,2019,nonscience_avg_gpa,1.76,1.71
ssc,108262,2020,nonscience_examinee_total,,241
ssc,108262,2020,nonscience_examinee_passed,,195
ssc,108262,2021,nonscience_examinee_total,,201
ssc,108262,2021,nonscience_examinee_passed,,180
ssc,108262,2022,science_avg_gpa,3.92,3.87
ssc,108262,2023,science_avg_gpa,3.45,3.42
ssc,108262,2023,nonscience_examinee_total,,144
ssc,108262,2023,nonscience_examinee_passed,,90
ssc,108262,2023,nonscience_avg_gpa,2.08,2.06
ssc,108262,2024,nonscience_examinee_total,172,182
ssc,108262,2024,nonscience_examinee_passed,134,140
ssc,108262,2025,nonscience_examinee_total,133,164
ssc,108262,2025,nonscience_examinee_passed,81,103
ssc,108262,2026,nonscience_examinee_total,124,152
ssc,108262,2026,nonscience_examinee_passed,92,107
ssc,108044,2011,science_examinee_total,,4
ssc,108044,2011,science_examinee_passed,,4
ssc,108044,2011,nonscience_examinee_total,36,37
ssc,108044,2012,science_examinee_total,,4
ssc,108044,2012,science_examinee_passed,,4
ssc,108044,2012,nonscience_examinee_total,26,29
ssc,108044,2012,nonscience_examinee_passed,26,29
ssc,108044,2013,science_examinee_total,,5
ssc,108044,2013,science_examinee_passed,,5
ssc,108044,2013,nonscience_examinee_total,18,19
ssc,108044,2014,science_examinee_total,,5
ssc,108044,2014,science_examinee_passed,,5
ssc,108044,2014,nonscience_examinee_total,18,19
ssc,108044,2014,nonscience_avg_gpa,3.7,3.51
ssc,108044,2015,science_examinee_total,,11
ssc,108044,2015,science_examinee_passed,,10
ssc,108044,2015,nonscience_examinee_total,,94
ssc,108044,2015,nonscience_examinee_passed,,77
ssc,108044,2016,nonscience_examinee_total,,80
ssc,108044,2016,nonscience_examinee_passed,,64
ssc,108044,2018,nonscience_examinee_total,,116
ssc,108044,2018,nonscience_examinee_passed,,86
ssc,108044,2018,nonscience_avg_gpa,2.51,2.44
ssc,108044,2019,science_examinee_total,,15
ssc,108044,2019,science_examinee_passed,,15
ssc,108044,2019,nonscience_examinee_total,,123
ssc,108044,2019,nonscience_examinee_passed,,99
ssc,108044,2020,science_examinee_total,,18
ssc,108044,2020,science_examinee_passed,,18
ssc,108044,2020,nonscience_examinee_total,,94
ssc,108044,2020,nonscience_examinee_passed,,64
ssc,108044,2020,nonscience_avg_gpa,2.26,2.19
ssc,108044,2021,science_avg_gpa,3.63,3.5
ssc,108044,2022,nonscience_examinee_total,69,80
ssc,108044,2022,nonscience_examinee_passed,52,63
ssc,108044,2022,nonscience_avg_gpa,2.81,2.78
ssc,108044,2023,science_examinee_total,,22
ssc,108044,2023,science_examinee_passed,,18
ssc,108044,2023,nonscience_examinee_total,79,88
ssc,108044,2023,nonscience_examinee_passed,45,50
ssc,108044,2023,nonscience_avg_gpa,1.85,1.81
ssc,108044,2024,science_examinee_total,,3
ssc,108044,2024,science_examinee_passed,,2
ssc,108044,2024,nonscience_examinee_total,54,56
ssc,108044,2024,nonscience_examinee_passed,39,40
ssc,108044,2025,science_examinee_total,,6
ssc,108044,2025,science_examinee_passed,,5
ssc,108044,2025,nonscience_examinee_total,,34
ssc,108044,2025,nonscience_examinee_passed,,16
ssc,108044,2025,nonscience_avg_gpa,1.72,1.67
ssc,108044,2026,science_examinee_total,,10
ssc,108044,2026,science_examinee_passed,,9
ssc,108044,2026,nonscience_examinee_total,,37
ssc,108044,2026,nonscience_examinee_passed,,34
ssc,108523,2011,science_examinee_total,,5
ssc,108523,2011,science_examinee_passed,,3
ssc,108523,2011,nonscience_examinee_total,,58
ssc,108523,2011,nonscience_examinee_passed,,58
ssc,108523,2012,nonscience_examinee_total,,46
ssc,108523,2012,nonscience_examinee_passed,,43
ssc,108523,2012,nonscience_avg_gpa,3.03,2.96
ssc,108523,2013,science_examinee_total,,13
ssc,108523,2013,science_examinee_passed,,13
ssc,108523,2013,nonscience_examinee_total,,48
ssc,108523,2013,nonscience_examinee_passed,,42
ssc,108523,2014,nonscience_examinee_total,46,52
ssc,108523,2014,nonscience_examinee_passed,45,51
ssc,108523,2015,nonscience_examinee_total,52,58
ssc,108523,2015,nonscience_examinee_passed,48,54
ssc,108523,2016,nonscience_examinee_total,,66
ssc,108523,2016,nonscience_examinee_passed,,64
ssc,108523,2017,nonscience_examinee_total,,74
ssc,108523,2017,nonscience_examinee_passed,,72
ssc,108523,2018,science_examinee_total,,52
ssc,108523,2018,science_examinee_passed,,47
ssc,108523,2018,science_avg_gpa,3.79,3.72
ssc,108523,2018,nonscience_examinee_total,,70
ssc,108523,2018,nonscience_examinee_passed,,48
ssc,108523,2019,nonscience_examinee_total,,54
ssc,108523,2019,nonscience_examinee_passed,,46
ssc,108523,2020,nonscience_examinee_total,,59
ssc,108523,2020,nonscience_examinee_passed,,56
ssc,108523,2021,nonscience_examinee_total,81,108
ssc,108523,2021,nonscience_examinee_passed,73,98
ssc,108523,2021,nonscience_avg_gpa,3.15,3.09
ssc,108523,2022,nonscience_examinee_total,64,91
ssc,108523,2022,nonscience_examinee_passed,62,74
ssc,108523,2023,nonscience_examinee_total,,83
ssc,108523,2023,nonscience_examinee_passed,,62
ssc,108523,2023,nonscience_avg_gpa,2.47,2.41
ssc,108523,2024,science_examinee_total,,28
ssc,108523,2024,science_examinee_passed,,23
ssc,108523,2024,nonscience_examinee_total,,55
ssc,108523,2024,nonscience_examinee_passed,,47
ssc,108523,2025,nonscience_examinee_total,,46
ssc,108523,2025,nonscience_examinee_passed,,17
ssc,108523,2026,nonscience_examinee_total,26,44
ssc,108523,2026,nonscience_examinee_passed,15,29
ssc,108234,2011,nonscience_examinee_total,,92
ssc,108234,2011,nonscience_examinee_passed,,79
ssc,108234,2011,nonscience_avg_gpa,3.11,3.08
ssc,108234,2012,nonscience_avg_gpa,3.24,3.21
ssc,108234,2013,science_avg_gpa,4.04,3.91
ssc,108234,2013,nonscience_avg_gpa,3.74,3.69
ssc,108234,2016,nonscience_examinee_total,,82
ssc,108234,2016,nonscience_examinee_passed,,61
ssc,108234,2017,nonscience_examinee_total,,86
ssc,108234,2017,nonscience_examinee_passed,,81
ssc,108234,2018,nonscience_examinee_total,,73
ssc,108234,2018,nonscience_examinee_passed,,65
ssc,108234,2019,nonscience_examinee_total,,84
ssc,108234,2019,nonscience_examinee_passed,,73
ssc,108234,2020,nonscience_examinee_total,,68
ssc,108234,2020,nonscience_examinee_passed,,56
ssc,108234,2021,nonscience_avg_gpa,2.59,2.57
ssc,108234,2022,nonscience_examinee_total,,98
ssc,108234,2022,nonscience_examinee_passed,,83
ssc,108234,2022,nonscience_avg_gpa,2.76,2.73
ssc,108234,2023,science_avg_gpa,3.89,3.77
ssc,108234,2023,nonscience_examinee_total,,78
ssc,108234,2023,nonscience_examinee_passed,,56
ssc,108234,2024,science_avg_gpa,3.5,3.45
ssc,108234,2024,nonscience_examinee_total,,61
ssc,108234,2024,nonscience_examinee_passed,,45
ssc,108234,2025,nonscience_examinee_total,,84
ssc,108234,2025,nonscience_examinee_passed,,53
ssc,108234,2026,nonscience_examinee_total,,96
ssc,108234,2026,nonscience_examinee_passed,,65
ssc,108521,2011,nonscience_examinee_total,80,88
ssc,108521,2011,nonscience_examinee_passed,70,77
ssc,108521,2011,nonscience_avg_gpa,3.34,3.31
ssc,108521,2012,science_avg_gpa,3.27,3.19
ssc,108521,2012,nonscience_examinee_total,,87
ssc,108521,2012,nonscience_examinee_passed,,66
ssc,108521,2013,nonscience_examinee_total,80,90
ssc,108521,2013,nonscience_examinee_passed,65,70
ssc,108521,2013,nonscience_avg_gpa,2.86,2.8
ssc,108521,2014,nonscience_examinee_total,81,85
ssc,108521,2014,nonscience_examinee_passed,72,73
ssc,108521,2015,nonscience_examinee_total,,82
ssc,108521,2015,nonscience_examinee_passed,,54
ssc,108521,2016,science_examinee_total,,32
ssc,108521,2016,science_examinee_passed,,29
ssc,108521,2016,nonscience_examinee_total,,67
ssc,108521,2016,nonscience_examinee_passed,,46
ssc,108521,2016,nonscience_avg_gpa,2.24,2.14
ssc,108521,2017,nonscience_examinee_total,,67
ssc,108521,2017,nonscience_examinee_passed,,55
ssc,108521,2017,nonscience_avg_gpa,3.07,3.03
ssc,108521,2018,nonscience_examinee_total,,86
ssc,108521,2018,nonscience_examinee_passed,,50
ssc,108521,2018,nonscience_avg_gpa,1.97,1.92
ssc,108521,2019,science_examinee_total,,30
ssc,108521,2019,science_examinee_passed,,25
ssc,108521,2019,nonscience_examinee_total,,81
ssc,108521,2019,nonscience_examinee_passed,,54
ssc,108521,2019,nonscience_avg_gpa,2.21,2.19
ssc,108521,2020,science_examinee_total,,33
ssc,108521,2020,science_examinee_passed,,28
ssc,108521,2020,nonscience_examinee_total,,65
ssc,108521,2020,nonscience_examinee_passed,,48
ssc,108521,2021,science_avg_gpa,3.69,3.32
ssc,108521,2021,nonscience_examinee_total,77,96
ssc,108521,2021,nonscience_examinee_passed,70,86
ssc,108521,2021,nonscience_avg_gpa,2.84,2.69
ssc,108521,2022,nonscience_examinee_total,15,38
ssc,108521,2022,nonscience_examinee_passed,10,29
ssc,108521,2022,nonscience_avg_gpa,2.68,2.61
ssc,108521,2023,science_examinee_total,,24
ssc,108521,2023,science_examinee_passed,,19
ssc,108521,2023,science_avg_gpa,3.31,3.17
ssc,108521,2023,nonscience_examinee_total,,44
ssc,108521,2023,nonscience_examinee_passed,,30
ssc,108521,2024,nonscience_examinee_total,,49
ssc,108521,2024,nonscience_examinee_passed,,19
ssc,108521,2024,nonscience_avg_gpa,1.25,1.22
ssc,108521,2025,nonscience_examinee_total,,59
ssc,108521,2025,nonscience_examinee_passed,,17
ssc,108521,2026,nonscience_examinee_total,,65
ssc,108521,2026,nonscience_examinee_passed,,39
ssc,108521,2026,nonscience_avg_gpa,1.85,1.79
ssc,108226,2011,science_examinee_total,,12
ssc,108226,2011,science_examinee_passed,,11
ssc,108226,2011,nonscience_examinee_total,127,141
ssc,108226,2011,nonscience_examinee_passed,98,107
ssc,108226,2011,nonscience_avg_gpa,2.66,2.64
ssc,108226,2012,science_examinee_total,,10
ssc,108226,2012,science_examinee_passed,,10
ssc,108226,2012,nonscience_examinee_total,,155
ssc,108226,2012,nonscience_examinee_passed,,117
ssc,108226,2013,nonscience_examinee_total,133,136
ssc,108226,2013,nonscience_examinee_passed,99,101
ssc,108226,2013,nonscience_avg_gpa,2.5,2.48
ssc,108226,2014,science_examinee_total,,16
ssc,108226,2014,science_examinee_passed,,15
ssc,108226,2014,nonscience_examinee_total,143,144
ssc,108226,2014,nonscience_examinee_passed,128,129
ssc,108226,2014,nonscience_avg_gpa,3.08,3.02
ssc,108226,2015,science_examinee_total,,3
ssc,108226,2015,science_examinee_passed,,2
ssc,108226,2015,nonscience_examinee_total,,130
ssc,108226,2015,nonscience_examinee_passed,,88
ssc,108226,2015,nonscience_avg_gpa,2.21,2.19
ssc,108226,2016,science_examinee_total,,19
ssc,108226,2016,science_examinee_passed,,19
ssc,108226,2016,nonscience_examinee_total,131,132
ssc,108226,2016,nonscience_avg_gpa,3.06,3.04
ssc,108226,2017,science_examinee_total,,3
ssc,108226,2017,science_examinee_passed,,2
ssc,108226,2017,nonscience_examinee_total,127,135
ssc,108226,2017,nonscience_examinee_passed,91,95
ssc,108226,2017,nonscience_avg_gpa,2.69,2.67
ssc,108226,2018,science_examinee_total,,5
ssc,108226,2018,science_examinee_passed,,4
ssc,108226,2018,nonscience_examinee_total,,64
ssc,108226,2018,nonscience_examinee_passed,,56
ssc,108226,2018,nonscience_avg_gpa,2.97,2.83
ssc,108226,2019,science_examinee_total,,6
ssc,108226,2019,science_examinee_passed,,2
ssc,108226,2019,nonscience_examinee_total,,38
ssc,108226,2019,nonscience_examinee_passed,,19
ssc,108226,2020,science_examinee_total,,9
ssc,108226,2020,science_examinee_passed,,6
ssc,108226,2020,nonscience_examinee_total,,30
ssc,108226,2020,nonscience_examinee_passed,,21
ssc,108226,2021,science_examinee_total,,5
ssc,108226,2021,science_examinee_passed,,5
ssc,108226,2021,nonscience_examinee_total,,45
ssc,108226,2021,nonscience_examinee_passed,,39
ssc,108226,2022,science_examinee_total,,3
ssc,108226,2022,science_examinee_passed,,3
ssc,108226,2022,nonscience_examinee_total,,33
ssc,108226,2022,nonscience_examinee_passed,,27
ssc,108226,2023,science_examinee_total,,2
ssc,108226,2023,science_examinee_passed,,2
ssc,108226,2023,nonscience_examinee_total,,30
ssc,108226,2023,nonscience_examinee_passed,,19
ssc,108226,2023,nonscience_avg_gpa,2.07,2.0
ssc,108226,2024,science_examinee_total,,5
ssc,108226,2024,science_examinee_passed,,5
ssc,108226,2024,nonscience_examinee_total,,25
ssc,108226,2024,nonscience_examinee_passed,,11
ssc,108226,2025,science_examinee_total,,3
ssc,108226,2025,science_examinee_passed,,3
ssc,108226,2025,nonscience_examinee_total,,29
ssc,108226,2025,nonscience_examinee_passed,,13
ssc,108226,2025,nonscience_avg_gpa,1.31,1.26
ssc,108226,2026,science_examinee_total,,6
ssc,108226,2026,science_examinee_passed,,5
ssc,108226,2026,nonscience_examinee_total,,24
ssc,108226,2026,nonscience_examinee_passed,,10
ssc,108468,2011,nonscience_examinee_total,226,283
ssc,108468,2011,nonscience_examinee_passed,202,239
ssc,108468,2012,nonscience_examinee_total,207,262
ssc,108468,2012,nonscience_examinee_passed,197,250
ssc,108468,2013,nonscience_examinee_total,172,209
ssc,108468,2013,nonscience_examinee_passed,168,200
ssc,108468,2013,nonscience_avg_gpa,4.17,4.15
ssc,108468,2014,nonscience_avg_gpa,4.53,4.51
ssc,108468,2015,nonscience_examinee_total,176,205
ssc,108468,2015,nonscience_examinee_passed,169,194
ssc,108468,2017,nonscience_examinee_total,218,263
ssc,108468,2017,nonscience_examinee_passed,196,238
ssc,108468,2018,science_avg_gpa,4.25,4.21
ssc,108468,2018,nonscience_examinee_total,156,211
ssc,108468,2018,nonscience_examinee_passed,146,183
ssc,108468,2018,nonscience_avg_gpa,3.07,3.05
ssc,108468,2019,nonscience_examinee_total,,244
ssc,108468,2019,nonscience_examinee_passed,,193
ssc,108468,2020,nonscience_examinee_total,,232
ssc,108468,2020,nonscience_examinee_passed,,222
ssc,108468,2021,science_avg_gpa,4.25,4.21
ssc,108468,2021,nonscience_examinee_total,133,194
ssc,108468,2021,nonscience_examinee_passed,132,193
ssc,108468,2022,nonscience_avg_gpa,3.88,3.86
ssc,108468,2023,nonscience_examinee_total,141,185
ssc,108468,2023,nonscience_examinee_passed,135,177
ssc,108468,2024,nonscience_avg_gpa,3.96,3.94
ssc,108468,2025,science_avg_gpa,4.27,4.23
ssc,108468,2025,nonscience_examinee_total,,199
ssc,108468,2025,nonscience_examinee_passed,,148
ssc,108468,2026,science_avg_gpa,3.47,3.41
ssc,108468,2026,nonscience_examinee_total,97,170
ssc,108468,2026,nonscience_examinee_passed,74,136
ssc,108499,2011,science_examinee_total,,8
ssc,108499,2011,science_examinee_passed,,8
ssc,108499,2011,nonscience_examinee_total,,78
ssc,108499,2011,nonscience_examinee_passed,,67
ssc,108499,2012,science_examinee_total,,19
ssc,108499,2012,science_examinee_passed,,13
ssc,108499,2012,nonscience_examinee_total,,91
ssc,108499,2012,nonscience_examinee_passed,,82
ssc,108499,2012,nonscience_avg_gpa,3.17,3.13
ssc,108499,2013,science_examinee_total,,25
ssc,108499,2013,science_examinee_passed,,19
ssc,108499,2013,science_avg_gpa,3.19,2.94
ssc,108499,2013,nonscience_examinee_total,,85
ssc,108499,2013,nonscience_examinee_passed,,74
ssc,108499,2013,nonscience_avg_gpa,2.85,2.81
ssc,108499,2014,science_examinee_total,,26
ssc,108499,2014,science_examinee_passed,,24
ssc,108499,2014,nonscience_examinee_total,86,109
ssc,108499,2014,nonscience_examinee_passed,83,101
ssc,108499,2015,nonscience_examinee_total,80,102
ssc,108499,2015,nonscience_examinee_passed,65,84
ssc,108499,2016,nonscience_examinee_total,111,125
ssc,108499,2016,nonscience_examinee_passed,100,112
ssc,108499,2017,nonscience_examinee_total,76,101
ssc,108499,2017,nonscience_examinee_passed,75,99
ssc,108499,2017,nonscience_avg_gpa,3.9,3.86
ssc,108499,2018,nonscience_examinee_total,97,116
ssc,108499,2018,nonscience_examinee_passed,82,97
ssc,108499,2019,science_avg_gpa,3.46,3.39
ssc,108499,2019,nonscience_examinee_total,,165
ssc,108499,2019,nonscience_examinee_passed,,90
ssc,108499,2019,nonscience_avg_gpa,1.82,1.76
ssc,108499,2020,nonscience_examinee_total,,170
ssc,108499,2020,nonscience_examinee_passed,,135
ssc,108499,2021,nonscience_examinee_total,125,162
ssc,108499,2021,nonscience_examinee_passed,117,153
ssc,108499,2021,nonscience_avg_gpa,3.16,3.12
ssc,108499,2022,nonscience_examinee_total,94,135
ssc,108499,2022,nonscience_examinee_passed,88,127
ssc,108499,2023,science_avg_gpa,4.21,4.08
ssc,108499,2023,nonscience_examinee_total,,153
ssc,108499,2023,nonscience_examinee_passed,,99
ssc,108499,2023,nonscience_avg_gpa,2.23,2.2
ssc,108499,2024,nonscience_examinee_total,128,186
ssc,108499,2024,nonscience_examinee_passed,109,154
ssc,108499,2024,nonscience_avg_gpa,2.9,2.87
ssc,108499,2025,nonscience_examinee_total,129,177
ssc,108499,2025,nonscience_examinee_passed,79,103
ssc,108499,2025,nonscience_avg_gpa,2.04,2.02
ssc,108499,2026,science_avg_gpa,3.96,3.87
ssc,108499,2026,nonscience_examinee_total,112,173
ssc,108499,2026,nonscience_examinee_passed,85,119
ssc,108499,2026,nonscience_avg_gpa,2.23,2.21
ssc,133983,2015,science_examinee_total,,5
ssc,133983,2015,science_examinee_passed,,5
ssc,133983,2015,nonscience_examinee_total,37,45
ssc,133983,2015,nonscience_examinee_passed,37,43
ssc,133983,2016,science_examinee_total,,6
ssc,133983,2016,science_examinee_passed,,6
ssc,133983,2016,nonscience_examinee_total,,64
ssc,133983,2016,nonscience_examinee_passed,,58
ssc,133983,2016,nonscience_avg_gpa,3.59,3.53
ssc,133983,2017,nonscience_examinee_total,,137
ssc,133983,2017,nonscience_examinee_passed,,109
ssc,133983,2018,nonscience_examinee_total,,169
ssc,133983,2018,nonscience_examinee_passed,,137
ssc,133983,2018,nonscience_avg_gpa,2.99,2.97
ssc,133983,2019,nonscience_examinee_total,,196
ssc,133983,2019,nonscience_examinee_passed,,131
ssc,133983,2019,nonscience_avg_gpa,2.12,2.09
ssc,133983,2020,science_avg_gpa,4.12,4.05
ssc,133983,2020,nonscience_examinee_total,221,292
ssc,133983,2020,nonscience_examinee_passed,164,201
ssc,133983,2020,nonscience_avg_gpa,2.29,2.24
ssc,133983,2021,nonscience_examinee_total,215,315
ssc,133983,2021,nonscience_examinee_passed,177,258
ssc,133983,2021,nonscience_avg_gpa,2.72,2.64
ssc,133983,2022,science_avg_gpa,4.11,3.99
ssc,133983,2022,nonscience_examinee_total,142,253
ssc,133983,2022,nonscience_examinee_passed,132,221
ssc,133983,2023,nonscience_examinee_total,156,265
ssc,133983,2023,nonscience_examinee_passed,115,168
ssc,133983,2023,nonscience_avg_gpa,2.14,2.1
ssc,133983,2024,science_avg_gpa,4.18,4.13
ssc,133983,2024,nonscience_examinee_total,,292
ssc,133983,2024,nonscience_examinee_passed,,222
ssc,133983,2024,nonscience_avg_gpa,2.42,2.4
ssc,133983,2025,science_avg_gpa,3.35,3.3
ssc,133983,2025,nonscience_examinee_total,167,272
ssc,133983,2025,nonscience_examinee_passed,118,169
ssc,133983,2025,nonscience_avg_gpa,2.2,2.14
ssc,133983,2026,nonscience_examinee_total,,314
ssc,133983,2026,nonscience_examinee_passed,,174
ssc,133983,2026,nonscience_avg_gpa,1.77,1.74
ssc,108476,2011,nonscience_examinee_total,154,169
ssc,108476,2011,nonscience_examinee_passed,147,162
ssc,108476,2011,nonscience_avg_gpa,4,3.95
ssc,108476,2012,nonscience_examinee_total,133,140
ssc,108476,2012,nonscience_examinee_passed,128,135
ssc,108476,2012,nonscience_avg_gpa,4.36,4.33
ssc,108476,2013,science_avg_gpa,4.53,4.45
ssc,108476,2013,nonscience_examinee_total,151,154
ssc,108476,2013,nonscience_examinee_passed,144,146
ssc,108476,2013,nonscience_avg_gpa,4.24,4.21
ssc,108476,2014,nonscience_examinee_total,83,86
ssc,108476,2014,nonscience_examinee_passed,82,85
ssc,108476,2015,science_examinee_total,,24
ssc,108476,2015,science_examinee_passed,,24
ssc,108476,2015,nonscience_examinee_total,,76
ssc,108476,2015,nonscience_examinee_passed,,66
ssc,108476,2015,nonscience_avg_gpa,3.17,3.13
ssc,108476,2016,nonscience_examinee_total,108,123
ssc,108476,2016,nonscience_examinee_passed,107,120
ssc,108476,2017,nonscience_examinee_total,,105
ssc,108476,2017,nonscience_examinee_passed,,94
ssc,108476,2018,nonscience_examinee_total,,152
ssc,108476,2018,nonscience_examinee_passed,,135
ssc,108476,2019,science_examinee_total,,74
ssc,108476,2019,science_examinee_passed,,64
ssc,108476,2019,nonscience_examinee_total,,126
ssc,108476,2019,nonscience_examinee_passed,,70
ssc,108476,2020,science_avg_gpa,3.79,3.73
ssc,108476,2020,nonscience_examinee_total,,128
ssc,108476,2020,nonscience_examinee_passed,,90
ssc,108476,2021,nonscience_examinee_total,102,151
ssc,108476,2021,nonscience_examinee_passed,99,146
ssc,108476,2022,nonscience_examinee_total,35,76
ssc,108476,2022,nonscience_examinee_passed,35,74
ssc,108476,2023,science_avg_gpa,4.61,4.52
ssc,108476,2024,science_avg_gpa,4.32,4.23
ssc,108476,2024,nonscience_examinee_total,58,124
ssc,108476,2024,nonscience_examinee_passed,48,105
ssc,108476,2024,nonscience_avg_gpa,2.84,2.82
ssc,108476,2025,nonscience_examinee_total,,148
ssc,108476,2025,nonscience_examinee_passed,,111
ssc,108476,2026,nonscience_examinee_total,,120
ssc,108476,2026,nonscience_examinee_passed,,63
ssc,132087,2016,science_examinee_total,,32
ssc,132087,2016,science_examinee_passed,,29
ssc,132087,2016,science_avg_gpa,3.59,3.48
ssc,132087,2016,nonscience_examinee_total,,89
ssc,132087,2016,nonscience_examinee_passed,,80
ssc,132087,2017,science_avg_gpa,4.48,4.08
ssc,132087,2017,nonscience_examinee_total,96,98
ssc,132087,2017,nonscience_avg_gpa,3.44,3.26
ssc,132087,2018,science_avg_gpa,3.77,3.71
ssc,132087,2018,nonscience_examinee_total,,92
ssc,132087,2018,nonscience_examinee_passed,,70
ssc,132087,2018,nonscience_avg_gpa,2.66,2.6
ssc,132087,2019,science_avg_gpa,3.86,3.71
ssc,132087,2019,nonscience_examinee_total,95,106
ssc,132087,2019,nonscience_examinee_passed,44,49
ssc,132087,2019,nonscience_avg_gpa,1.77,1.52
ssc,132087,2020,nonscience_examinee_total,,167
ssc,132087,2020,nonscience_examinee_passed,,130
ssc,132087,2021,science_avg_gpa,4.19,4.12
ssc,132087,2021,nonscience_avg_gpa,3.09,2.84
ssc,132087,2022,nonscience_avg_gpa,2.86,2.7
ssc,132087,2023,science_avg_gpa,4.02,3.94
ssc,132087,2023,nonscience_examinee_total,,110
ssc,132087,2023,nonscience_examinee_passed,,80
ssc,132087,2023,nonscience_avg_gpa,2.49,2.24
ssc,132087,2024,science_avg_gpa,4.13,4.07
ssc,132087,2024,nonscience_examinee_total,,79
ssc,132087,2024,nonscience_examinee_passed,,52
ssc,132087,2024,nonscience_avg_gpa,2.13,2.05
ssc,132087,2025,science_avg_gpa,3.42,3.25
ssc,132087,2025,nonscience_examinee_total,,73
ssc,132087,2025,nonscience_examinee_passed,,31
ssc,132087,2025,nonscience_avg_gpa,1.53,1.47
ssc,132087,2026,science_avg_gpa,3.74,3.72
ssc,132087,2026,nonscience_examinee_total,75,122
ssc,132087,2026,nonscience_examinee_passed,60,83
ssc,132087,2026,nonscience_avg_gpa,2.19,2.15
ssc,108490,2011,science_examinee_total,,11
ssc,108490,2011,science_examinee_passed,,9
ssc,108490,2011,nonscience_examinee_total,,70
ssc,108490,2011,nonscience_examinee_passed,,62
ssc,108490,2011,nonscience_avg_gpa,3.09,3.0
ssc,108490,2012,science_examinee_total,,10
ssc,108490,2012,science_examinee_passed,,9
ssc,108490,2012,nonscience_examinee_total,63,75
ssc,108490,2012,nonscience_examinee_passed,53,62
ssc,108490,2013,science_examinee_total,,7
ssc,108490,2013,science_examinee_passed,,2
ssc,108490,2013,nonscience_examinee_total,56,65
ssc,108490,2013,nonscience_examinee_passed,53,61
ssc,108490,2014,nonscience_examinee_total,71,89
ssc,108490,2014,nonscience_examinee_passed,66,81
ssc,108490,2014,nonscience_avg_gpa,3.36,3.29
ssc,108490,2015,nonscience_examinee_total,64,73
ssc,108490,2015,nonscience_examinee_passed,54,60
ssc,108490,2015,nonscience_avg_gpa,2.7,2.66
ssc,108490,2016,nonscience_examinee_total,68,92
ssc,108490,2016,nonscience_examinee_passed,58,80
ssc,108490,2016,nonscience_avg_gpa,3.38,3.23
ssc,108490,2017,nonscience_examinee_total,,133
ssc,108490,2017,nonscience_examinee_passed,,114
ssc,108490,2017,nonscience_avg_gpa,3.16,3.11
ssc,108490,2018,nonscience_examinee_total,,135
ssc,108490,2018,nonscience_examinee_passed,,122
ssc,108490,2018,nonscience_avg_gpa,3.22,3.17
ssc,108490,2019,nonscience_examinee_total,101,133
ssc,108490,2019,nonscience_examinee_passed,93,118
ssc,108490,2019,nonscience_avg_gpa,2.93,2.9
ssc,108490,2020,nonscience_examinee_total,,119
ssc,108490,2020,nonscience_examinee_passed,,102
ssc,108490,2021,nonscience_avg_gpa,3.41,3.35
ssc,108490,2022,nonscience_avg_gpa,3.69,3.64
ssc,108490,2023,nonscience_avg_gpa,3.73,3.65
ssc,108490,2024,nonscience_examinee_total,75,116
ssc,108490,2024,nonscience_examinee_passed,72,112
ssc,108490,2025,nonscience_avg_gpa,2.58,2.55
ssc,108490,2026,nonscience_examinee_total,,77
ssc,108490,2026,nonscience_examinee_passed,,59
ssc,108490,2026,nonscience_avg_gpa,2.7,2.67
ssc,108494,2011,science_examinee_total,,13
ssc,108494,2011,science_examinee_passed,,9
ssc,108494,2011,nonscience_examinee_total,,167
ssc,108494,2011,nonscience_examinee_passed,,114
ssc,108494,2011,nonscience_avg_gpa,2.08,2.04
ssc,108494,2012,science_examinee_total,,20
ssc,108494,2012,science_examinee_passed,,14
ssc,108494,2012,science_avg_gpa,2.61,2.48
ssc,108494,2012,nonscience_examinee_total,,181
ssc,108494,2012,nonscience_examinee_passed,,73
ssc,108494,2012,nonscience_avg_gpa,1.49,1.22
ssc,108494,2013,science_examinee_total,,13
ssc,108494,2013,science_examinee_passed,,8
ssc,108494,2013,science_avg_gpa,2.68,2.06
ssc,108494,2013,nonscience_examinee_total,,190
ssc,108494,2013,nonscience_examinee_passed,,106
ssc,108494,2013,nonscience_avg_gpa,1.97,1.54
ssc,108494,2014,science_examinee_total,,7
ssc,108494,2014,science_examinee_passed,,7
ssc,108494,2014,nonscience_examinee_total,98,125
ssc,108494,2014,nonscience_examinee_passed,62,78
ssc,108494,2014,nonscience_avg_gpa,2.9,2.11
ssc,108494,2015,science_examinee_total,,7
ssc,108494,2015,science_examinee_passed,,6
ssc,108494,2015,nonscience_examinee_total,,44
ssc,108494,2015,nonscience_examinee_passed,,28
ssc,108494,2015,nonscience_avg_gpa,2,1.96
ssc,108494,2016,science_examinee_total,,12
ssc,108494,2016,science_examinee_passed,,6
ssc,108494,2016,science_avg_gpa,1.98,1.81
ssc,108494,2016,nonscience_examinee_total,,91
ssc,108494,2016,nonscience_examinee_passed,,47
ssc,108494,2016,nonscience_avg_gpa,2.05,1.66
ssc,108494,2017,science_examinee_total,,9
ssc,108494,2017,science_examinee_passed,,5
ssc,108494,2017,science_avg_gpa,2.18,1.7
ssc,108494,2017,nonscience_examinee_total,,65
ssc,108494,2017,nonscience_examinee_passed,,49
ssc,108494,2017,nonscience_avg_gpa,2.57,2.45
ssc,108494,2018,science_examinee_total,,8
ssc,108494,2018,science_examinee_passed,,6
ssc,108494,2018,science_avg_gpa,3.63,2.72
ssc,108494,2018,nonscience_examinee_total,,78
ssc,108494,2018,nonscience_examinee_passed,,30
ssc,108494,2018,nonscience_avg_gpa,1.59,1.18
ssc,108494,2019,science_examinee_total,,7
ssc,108494,2019,science_examinee_passed,,3
ssc,108494,2019,science_avg_gpa,2.18,1.56
ssc,108494,2019,nonscience_examinee_total,,114
ssc,108494,2019,nonscience_examinee_passed,,34
ssc,108494,2019,nonscience_avg_gpa,0.92,0.86
ssc,108494,2020,science_examinee_total,,7
ssc,108494,2020,science_examinee_passed,,5
ssc,108494,2020,nonscience_examinee_total,,159
ssc,108494,2020,nonscience_examinee_passed,,90
ssc,108494,2021,science_examinee_total,,17
ssc,108494,2021,science_examinee_passed,,16
ssc,108494,2021,nonscience_examinee_total,,202
ssc,108494,2021,nonscience_examinee_passed,,172
ssc,108494,2021,nonscience_avg_gpa,2.5,2.43
ssc,108494,2022,nonscience_examinee_total,,144
ssc,108494,2022,nonscience_examinee_passed,,108
ssc,108494,2022,nonscience_avg_gpa,2.5,2.39
ssc,108494,2023,science_examinee_total,,31
ssc,108494,2023,science_examinee_passed,,26
ssc,108494,2023,nonscience_examinee_total,,295
ssc,108494,2023,nonscience_examinee_passed,,164
ssc,108494,2023,nonscience_avg_gpa,1.83,1.71
ssc,108494,2024,science_avg_gpa,3.06,2.95
ssc,108494,2024,nonscience_examinee_total,,267
ssc,108494,2024,nonscience_examinee_passed,,165
ssc,108494,2024,nonscience_avg_gpa,1.78,1.76
ssc,108494,2025,nonscience_examinee_total,97,288
ssc,108494,2025,nonscience_examinee_passed,55,121
ssc,108494,2025,nonscience_avg_gpa,1.35,1.31
ssc,108494,2026,science_avg_gpa,2.59,2.56
ssc,108494,2026,nonscience_examinee_total,,408
ssc,108494,2026,nonscience_examinee_passed,,131
ssc,108494,2026,nonscience_avg_gpa,0.92,0.9
ssc,108484,2011,science_examinee_total,,1
ssc,108484,2011,science_examinee_passed,,1
ssc,108484,2011,nonscience_examinee_total,,35
ssc,108484,2011,nonscience_examinee_passed,,30
ssc,108484,2012,nonscience_examinee_total,,44
ssc,108484,2012,nonscience_examinee_passed,,38
ssc,108484,2013,nonscience_examinee_total,,32
ssc,108484,2013,nonscience_examinee_passed,,26
ssc,108484,2014,nonscience_examinee_total,,30
ssc,108484,2014,nonscience_examinee_passed,,29
ssc,108484,2015,nonscience_examinee_total,,31
ssc,108484,2015,nonscience_examinee_passed,,24
ssc,108484,2016,science_examinee_total,,4
ssc,108484,2016,science_examinee_passed,,4
ssc,108484,2016,nonscience_examinee_total,,44
ssc,108484,2016,nonscience_examinee_passed,,29
ssc,108484,2017,nonscience_examinee_total,,47
ssc,108484,2017,nonscience_examinee_passed,,43
ssc,108484,2018,science_examinee_total,,8
ssc,108484,2018,science_examinee_passed,,3
ssc,108484,2018,nonscience_examinee_total,,71
ssc,108484,2018,nonscience_examinee_passed,,54
ssc,108484,2019,science_examinee_total,,10
ssc,108484,2019,science_examinee_passed,,9
ssc,108484,2019,nonscience_examinee_total,,61
ssc,108484,2019,nonscience_examinee_passed,,45
ssc,108484,2020,nonscience_examinee_total,,54
ssc,108484,2020,nonscience_examinee_passed,,33
ssc,108484,2021,science_examinee_total,,2
ssc,108484,2021,science_examinee_passed,,2
ssc,108484,2021,nonscience_examinee_total,,59
ssc,108484,2021,nonscience_examinee_passed,,56
ssc,108484,2022,science_examinee_total,,1
ssc,108484,2022,science_examinee_passed,,1
ssc,108484,2022,nonscience_examinee_total,,32
ssc,108484,2022,nonscience_examinee_passed,,30
ssc,108484,2023,science_examinee_total,,10
ssc,108484,2023,science_examinee_passed,,10
ssc,108484,2023,nonscience_examinee_total,,61
ssc,108484,2023,nonscience_examinee_passed,,46
ssc,108484,2024,science_examinee_total,,2
ssc,108484,2024,science_examinee_passed,,2
ssc,108484,2024,nonscience_examinee_total,,35
ssc,108484,2024,nonscience_examinee_passed,,24
ssc,108484,2024,nonscience_avg_gpa,2.07,2.02
ssc,108484,2025,science_examinee_total,,3
ssc,108484,2025,science_examinee_passed,,3
ssc,108484,2025,nonscience_examinee_total,,32
ssc,108484,2025,nonscience_examinee_passed,,20
ssc,108484,2026,science_examinee_total,,1
ssc,108484,2026,science_avg_gpa,,0.0
ssc,108484,2026,nonscience_examinee_total,,36
ssc,108484,2026,nonscience_examinee_passed,,30
ssc,108513,2011,science_avg_gpa,3.51,3.45
ssc,108513,2011,nonscience_examinee_total,206,324
ssc,108513,2011,nonscience_examinee_passed,186,278
ssc,108513,2011,nonscience_avg_gpa,3.04,3.02
ssc,108513,2012,nonscience_examinee_total,265,346
ssc,108513,2012,nonscience_examinee_passed,245,307
ssc,108513,2012,nonscience_avg_gpa,3.16,3.14
ssc,108513,2013,nonscience_examinee_total,209,280
ssc,108513,2013,nonscience_examinee_passed,203,259
ssc,108513,2014,science_avg_gpa,3.76,3.7
ssc,108513,2014,nonscience_examinee_total,301,365
ssc,108513,2014,nonscience_examinee_passed,270,325
ssc,108513,2014,nonscience_avg_gpa,3.17,3.14
ssc,108513,2015,nonscience_examinee_total,222,279
ssc,108513,2015,nonscience_examinee_passed,186,230
ssc,108513,2016,science_avg_gpa,3.84,3.8
ssc,108513,2016,nonscience_examinee_total,306,358
ssc,108513,2016,nonscience_examinee_passed,272,321
ssc,108513,2016,nonscience_avg_gpa,3.07,3.05
ssc,108513,2017,science_avg_gpa,3.93,3.9
ssc,108513,2017,nonscience_examinee_total,293,366
ssc,108513,2017,nonscience_examinee_passed,252,307
ssc,108513,2017,nonscience_avg_gpa,3.09,3.07
ssc,108513,2018,science_avg_gpa,3.83,3.77
ssc,108513,2018,nonscience_examinee_total,,365
ssc,108513,2018,nonscience_examinee_passed,,319
ssc,108513,2018,nonscience_avg_gpa,2.97,2.92
ssc,108513,2019,nonscience_examinee_total,,358
ssc,108513,2019,nonscience_examinee_passed,,278
ssc,108513,2020,nonscience_examinee_total,,337
ssc,108513,2020,nonscience_examinee_passed,,264
ssc,108513,2021,nonscience_examinee_total,,319
ssc,108513,2021,nonscience_examinee_passed,,307
ssc,108513,2022,nonscience_examinee_total,184,266
ssc,108513,2022,nonscience_examinee_passed,174,242
ssc,108513,2022,nonscience_avg_gpa,3.31,3.29
ssc,108513,2023,science_avg_gpa,4.02,3.98
ssc,108513,2023,nonscience_examinee_total,199,268
ssc,108513,2023,nonscience_examinee_passed,166,216
ssc,108513,2024,nonscience_examinee_total,54,197
ssc,108513,2024,nonscience_examinee_passed,40,173
ssc,108513,2025,nonscience_examinee_total,,178
ssc,108513,2025,nonscience_examinee_passed,,126
ssc,108513,2026,nonscience_examinee_total,,134
ssc,108513,2026,nonscience_examinee_passed,,94
ssc,108498,2011,nonscience_examinee_total,74,102
ssc,108498,2011,nonscience_examinee_passed,73,97
ssc,108498,2012,nonscience_examinee_total,78,107
ssc,108498,2012,nonscience_examinee_passed,68,92
ssc,108498,2013,science_examinee_total,,18
ssc,108498,2013,science_examinee_passed,,16
ssc,108498,2013,nonscience_examinee_total,,103
ssc,108498,2013,nonscience_examinee_passed,,91
ssc,108498,2013,nonscience_avg_gpa,3.07,3.01
ssc,108498,2014,nonscience_examinee_total,94,119
ssc,108498,2014,nonscience_examinee_passed,91,114
ssc,108498,2015,nonscience_examinee_total,88,107
ssc,108498,2015,nonscience_examinee_passed,81,93
ssc,108498,2016,nonscience_examinee_total,110,142
ssc,108498,2016,nonscience_examinee_passed,99,119
ssc,108498,2017,nonscience_examinee_total,124,164
ssc,108498,2017,nonscience_examinee_passed,105,142
ssc,108498,2017,nonscience_avg_gpa,3.46,3.44
ssc,108498,2018,nonscience_examinee_total,163,201
ssc,108498,2018,nonscience_examinee_passed,146,179
ssc,108498,2019,nonscience_examinee_total,,202
ssc,108498,2019,nonscience_examinee_passed,,125
ssc,108498,2020,nonscience_examinee_total,187,254
ssc,108498,2020,nonscience_examinee_passed,178,231
ssc,108498,2020,nonscience_avg_gpa,3.28,3.26
ssc,108498,2021,science_avg_gpa,4.49,4.39
ssc,108498,2022,nonscience_examinee_total,104,194
ssc,108498,2022,nonscience_examinee_passed,95,173
ssc,108498,2022,nonscience_avg_gpa,3.5,3.47
ssc,108498,2023,science_avg_gpa,4.1,4.04
ssc,108498,2023,nonscience_avg_gpa,3.5,3.45
ssc,108498,2025,nonscience_avg_gpa,3,2.97
ssc,108498,2026,nonscience_examinee_total,95,192
ssc,108498,2026,nonscience_examinee_passed,85,156
ssc,108496,2011,science_examinee_total,,2
ssc,108496,2011,science_avg_gpa,,0.0
ssc,108496,2011,nonscience_examinee_total,,31
ssc,108496,2011,nonscience_examinee_passed,,28
ssc,108496,2011,nonscience_avg_gpa,2.74,2.66
ssc,108496,2012,science_examinee_total,,4
ssc,108496,2012,science_examinee_passed,,3
ssc,108496,2012,nonscience_examinee_total,,17
ssc,108496,2012,nonscience_examinee_passed,,9
ssc,108496,2013,science_examinee_total,,4
ssc,108496,2013,science_examinee_passed,,1
ssc,108496,2013,science_avg_gpa,1.15,0.86
ssc,108496,2013,nonscience_examinee_total,,16
ssc,108496,2013,nonscience_examinee_passed,,11
ssc,108496,2013,nonscience_avg_gpa,2.1,1.71
ssc,108496,2014,science_examinee_total,,2
ssc,108496,2014,science_examinee_passed,,2
ssc,108496,2014,nonscience_examinee_total,,16
ssc,108496,2014,nonscience_examinee_passed,,14
ssc,108496,2015,nonscience_examinee_total,,9
ssc,108496,2015,nonscience_examinee_passed,,5
ssc,108496,2015,nonscience_avg_gpa,2.6,2.03
ssc,108496,2016,avg_gpa,,0.0
ssc,108496,2016,nonscience_examinee_total,,5
ssc,108496,2016,nonscience_avg_gpa,,0.0
ssc,108496,2017,nonscience_examinee_total,10,19
ssc,108496,2017,nonscience_examinee_passed,10,17
ssc,108496,2018,science_examinee_total,,2
ssc,108496,2018,science_examinee_passed,,2
ssc,108496,2018,nonscience_examinee_total,,15
ssc,108496,2018,nonscience_examinee_passed,,14
ssc,108496,2019,nonscience_examinee_total,,9
ssc,108496,2019,nonscience_examinee_passed,,9
ssc,108496,2020,nonscience_examinee_total,,18
ssc,108496,2020,nonscience_examinee_passed,,17
ssc,108496,2021,nonscience_examinee_total,,14
ssc,108496,2021,nonscience_examinee_passed,,14
ssc,108496,2022,nonscience_examinee_total,,10
ssc,108496,2022,nonscience_examinee_passed,,9
ssc,108496,2023,nonscience_examinee_total,,19
ssc,108496,2023,nonscience_examinee_passed,,13
ssc,108496,2023,nonscience_avg_gpa,2.44,2.31
ssc,108496,2024,nonscience_examinee_total,,23
ssc,108496,2024,nonscience_examinee_passed,,15
ssc,108496,2024,nonscience_avg_gpa,2.65,2.54
ssc,108496,2025,nonscience_examinee_total,,20
ssc,108496,2025,nonscience_examinee_passed,,9
ssc,108496,2026,science_examinee_total,,3
ssc,108496,2026,science_examinee_passed,,3
ssc,108496,2026,nonscience_examinee_total,,17
ssc,108496,2026,nonscience_examinee_passed,,10
ssc,108491,2011,nonscience_examinee_total,43,58
ssc,108491,2011,nonscience_examinee_passed,40,52
ssc,108491,2012,nonscience_examinee_total,47,69
ssc,108491,2012,nonscience_examinee_passed,47,65
ssc,108491,2013,nonscience_examinee_total,45,66
ssc,108491,2013,nonscience_examinee_passed,44,64
ssc,108491,2013,nonscience_avg_gpa,3.86,3.81
ssc,108491,2014,nonscience_examinee_total,60,77
ssc,108491,2014,nonscience_examinee_passed,60,74
ssc,108491,2015,nonscience_examinee_total,65,88
ssc,108491,2015,nonscience_examinee_passed,57,74
ssc,108491,2016,nonscience_examinee_total,71,87
ssc,108491,2016,nonscience_examinee_passed,69,82
ssc,108491,2017,nonscience_examinee_total,62,74
ssc,108491,2017,nonscience_examinee_passed,49,60
ssc,108491,2017,nonscience_avg_gpa,3.34,3.29
ssc,108491,2018,nonscience_examinee_total,81,99
ssc,108491,2018,nonscience_examinee_passed,65,81
ssc,108491,2018,nonscience_avg_gpa,3.11,3.08
ssc,108491,2019,nonscience_examinee_total,,61
ssc,108491,2019,nonscience_examinee_passed,,57
ssc,108491,2020,nonscience_examinee_total,,62
ssc,108491,2020,nonscience_examinee_passed,,61
ssc,108491,2021,nonscience_examinee_total,53,77
ssc,108491,2021,nonscience_examinee_passed,53,76
ssc,108491,2022,nonscience_examinee_total,44,75
ssc,108491,2022,nonscience_examinee_passed,44,73
ssc,108491,2023,nonscience_examinee_total,44,56
ssc,108491,2023,nonscience_examinee_passed,43,53
ssc,108491,2024,nonscience_examinee_total,,38
ssc,108491,2024,nonscience_examinee_passed,,36
ssc,108491,2025,nonscience_examinee_total,27,47
ssc,108491,2025,nonscience_examinee_passed,23,36
ssc,108493,2011,nonscience_examinee_total,,45
ssc,108493,2011,nonscience_examinee_passed,,41
ssc,108493,2012,science_examinee_total,,10
ssc,108493,2012,science_examinee_passed,,10
ssc,108493,2012,nonscience_examinee_total,,41
ssc,108493,2012,nonscience_examinee_passed,,35
ssc,108493,2013,science_examinee_total,,6
ssc,108493,2013,science_examinee_passed,,5
ssc,108493,2013,nonscience_examinee_total,,30
ssc,108493,2013,nonscience_examinee_passed,,25
ssc,108493,2014,nonscience_avg_gpa,3.58,3.46
ssc,108493,2015,science_examinee_total,,8
ssc,108493,2015,science_examinee_passed,,8
ssc,108493,2015,nonscience_examinee_total,,16
ssc,108493,2015,nonscience_examinee_passed,,14
ssc,108493,2016,science_examinee_total,,7
ssc,108493,2016,science_examinee_passed,,7
ssc,108493,2016,nonscience_examinee_total,,19
ssc,108493,2016,nonscience_examinee_passed,,17
ssc,108493,2017,science_examinee_total,,7
ssc,108493,2017,science_examinee_passed,,7
ssc,108493,2017,nonscience_examinee_total,,37
ssc,108493,2017,nonscience_examinee_passed,,36
ssc,108493,2018,science_examinee_total,,8
ssc,108493,2018,science_examinee_passed,,8
ssc,108493,2018,nonscience_examinee_total,,25
ssc,108493,2018,nonscience_examinee_passed,,23
ssc,108493,2019,science_examinee_total,,4
ssc,108493,2019,science_examinee_passed,,4
ssc,108493,2019,nonscience_examinee_total,,42
ssc,108493,2019,nonscience_examinee_passed,,33
ssc,108493,2020,science_examinee_total,,13
ssc,108493,2020,science_examinee_passed,,12
ssc,108493,2020,nonscience_examinee_total,,43
ssc,108493,2020,nonscience_examinee_passed,,38
ssc,108493,2020,nonscience_avg_gpa,2.89,2.83
ssc,108493,2021,science_examinee_total,,9
ssc,108493,2021,science_examinee_passed,,9
ssc,108493,2021,nonscience_examinee_total,,47
ssc,108493,2021,nonscience_examinee_passed,,46
ssc,108493,2022,nonscience_examinee_total,,47
ssc,108493,2022,nonscience_examinee_passed,,42
ssc,108493,2022,nonscience_avg_gpa,2.92,2.86
ssc,108493,2023,science_examinee_total,,6
ssc,108493,2023,science_examinee_passed,,6
ssc,108493,2023,nonscience_examinee_total,,55
ssc,108493,2023,nonscience_examinee_passed,,46
ssc,108493,2024,nonscience_examinee_total,,33
ssc,108493,2024,nonscience_examinee_passed,,30
ssc,108493,2025,science_examinee_total,,7
ssc,108493,2025,science_examinee_passed,,7
ssc,108493,2025,nonscience_examinee_total,,25
ssc,108493,2025,nonscience_examinee_passed,,21
ssc,108493,2026,nonscience_examinee_total,,19
ssc,108493,2026,nonscience_examinee_passed,,18
ssc,108515,2011,nonscience_examinee_total,57,76
ssc,108515,2011,nonscience_examinee_passed,56,75
ssc,108515,2012,nonscience_examinee_total,42,53
ssc,108515,2012,nonscience_examinee_passed,41,52
ssc,108515,2012,nonscience_avg_gpa,4.38,4.3
ssc,108515,2014,nonscience_examinee_total,35,49
ssc,108515,2014,nonscience_examinee_passed,35,49
ssc,108515,2015,nonscience_examinee_total,59,71
ssc,108515,2015,nonscience_examinee_passed,59,71
ssc,108515,2017,nonscience_examinee_total,50,74
ssc,108515,2017,nonscience_examinee_passed,49,73
ssc,108515,2018,nonscience_examinee_total,39,50
ssc,108515,2018,nonscience_examinee_passed,37,42
ssc,108515,2019,nonscience_examinee_total,64,96
ssc,108515,2019,nonscience_examinee_passed,61,85
ssc,108515,2020,nonscience_examinee_total,,82
ssc,108515,2020,nonscience_examinee_passed,,78
ssc,108515,2023,nonscience_avg_gpa,4.18,3.98
ssc,108515,2024,nonscience_examinee_total,33,51
ssc,108515,2024,nonscience_examinee_passed,32,49
ssc,108515,2026,science_avg_gpa,4.66,4.59
ssc,108517,2011,nonscience_examinee_total,93,122
ssc,108517,2011,nonscience_examinee_passed,93,122
ssc,108517,2013,nonscience_examinee_total,110,150
ssc,108517,2013,nonscience_examinee_passed,109,148
ssc,108517,2015,nonscience_examinee_total,94,121
ssc,108517,2015,nonscience_examinee_passed,82,108
ssc,108517,2016,nonscience_examinee_total,124,131
ssc,108517,2016,nonscience_examinee_passed,113,116
ssc,108517,2017,nonscience_examinee_total,113,130
ssc,108517,2017,nonscience_examinee_passed,106,123
ssc,108517,2017,nonscience_avg_gpa,3.73,3.68
ssc,108517,2018,nonscience_examinee_total,,100
ssc,108517,2018,nonscience_examinee_passed,,92
ssc,108517,2019,nonscience_examinee_total,,155
ssc,108517,2019,nonscience_examinee_passed,,138
ssc,108517,2019,nonscience_avg_gpa,3.2,3.17
ssc,108517,2021,nonscience_examinee_total,97,163
ssc,108517,2021,nonscience_examinee_passed,94,158
ssc,108517,2022,nonscience_examinee_total,92,170
ssc,108517,2022,nonscience_examinee_passed,85,149
ssc,108517,2022,nonscience_avg_gpa,3.21,3.19
ssc,108517,2023,nonscience_avg_gpa,3.06,3.04
ssc,108517,2024,nonscience_examinee_total,96,150
ssc,108517,2024,nonscience_examinee_passed,93,134
ssc,108517,2025,science_avg_gpa,4.46,4.42
ssc,108517,2025,nonscience_examinee_total,85,145
ssc,108517,2025,nonscience_examinee_passed,82,128
ssc,108517,2026,nonscience_examinee_total,52,96
ssc,108517,2026,nonscience_examinee_passed,52,95
ssc,108529,2011,science_examinee_total,,14
ssc,108529,2011,science_examinee_passed,,12
ssc,108529,2011,nonscience_examinee_total,,93
ssc,108529,2011,nonscience_examinee_passed,,88
ssc,108529,2012,science_examinee_total,,20
ssc,108529,2012,science_examinee_passed,,17
ssc,108529,2012,nonscience_examinee_total,,64
ssc,108529,2012,nonscience_examinee_passed,,44
ssc,108529,2012,nonscience_avg_gpa,2.26,2.22
ssc,108529,2013,science_avg_gpa,3.28,3.05
ssc,108529,2013,nonscience_examinee_total,,48
ssc,108529,2013,nonscience_examinee_passed,,39
ssc,108529,2014,science_examinee_total,,20
ssc,108529,2014,science_examinee_passed,,19
ssc,108529,2014,nonscience_examinee_total,60,72
ssc,108529,2014,nonscience_examinee_passed,49,58
ssc,108529,2015,science_examinee_total,,17
ssc,108529,2015,science_examinee_passed,,17
ssc,108529,2015,nonscience_examinee_total,,70
ssc,108529,2015,nonscience_examinee_passed,,39
ssc,108529,2016,science_avg_gpa,4.18,4.06
ssc,108529,2016,nonscience_examinee_total,,85
ssc,108529,2016,nonscience_examinee_passed,,66
ssc,108529,2016,nonscience_avg_gpa,2.65,2.62
ssc,108529,2017,science_avg_gpa,3.8,3.71
ssc,108529,2017,nonscience_examinee_total,,87
ssc,108529,2017,nonscience_examinee_passed,,74
ssc,108529,2017,nonscience_avg_gpa,3.22,3.14
ssc,108529,2018,nonscience_examinee_total,,137
ssc,108529,2018,nonscience_examinee_passed,,69
ssc,108529,2019,nonscience_examinee_total,,129
ssc,108529,2019,nonscience_examinee_passed,,65
ssc,108529,2020,nonscience_examinee_total,,87
ssc,108529,2020,nonscience_examinee_passed,,78
ssc,108529,2021,nonscience_examinee_total,,112
ssc,108529,2021,nonscience_examinee_passed,,104
ssc,108529,2022,nonscience_examinee_total,,96
ssc,108529,2022,nonscience_examinee_passed,,73
ssc,108529,2022,nonscience_avg_gpa,2.55,2.49
ssc,108529,2023,science_examinee_total,,24
ssc,108529,2023,science_examinee_passed,,21
ssc,108529,2023,nonscience_examinee_total,,88
ssc,108529,2023,nonscience_examinee_passed,,71
ssc,108529,2024,nonscience_examinee_total,,81
ssc,108529,2024,nonscience_examinee_passed,,64
ssc,108529,2024,nonscience_avg_gpa,2.47,2.44
ssc,108529,2025,science_examinee_total,,29
ssc,108529,2025,science_examinee_passed,,13
ssc,108529,2025,nonscience_examinee_total,49,73
ssc,108529,2025,nonscience_examinee_passed,35,43
ssc,108529,2025,nonscience_avg_gpa,1.96,1.93
ssc,108529,2026,nonscience_examinee_total,,86
ssc,108529,2026,nonscience_examinee_passed,,60
ssc,137676,2020,science_examinee_total,,41
ssc,137676,2020,science_examinee_passed,,34
ssc,137676,2020,nonscience_examinee_total,,122
ssc,137676,2020,nonscience_examinee_passed,,79
ssc,137676,2021,science_avg_gpa,3.59,3.45
ssc,137676,2021,nonscience_examinee_total,,121
ssc,137676,2021,nonscience_examinee_passed,,101
ssc,137676,2021,nonscience_avg_gpa,2.52,2.46
ssc,137676,2022,nonscience_examinee_total,,44
ssc,137676,2022,nonscience_examinee_passed,,34
ssc,137676,2022,nonscience_avg_gpa,2.68,2.62
ssc,137676,2023,science_avg_gpa,3.26,3.12
ssc,137676,2023,nonscience_examinee_total,,56
ssc,137676,2023,nonscience_examinee_passed,,24
ssc,137676,2023,nonscience_avg_gpa,1.25,1.21
ssc,137676,2024,science_avg_gpa,3.56,3.44
ssc,137676,2024,nonscience_examinee_total,,73
ssc,137676,2024,nonscience_examinee_passed,,45
ssc,137676,2025,nonscience_examinee_total,,99
ssc,137676,2025,nonscience_examinee_passed,,47
ssc,137676,2026,science_avg_gpa,2.74,2.71
ssc,137676,2026,nonscience_examinee_total,,157
ssc,137676,2026,nonscience_examinee_passed,,87
ssc,137676,2026,nonscience_avg_gpa,1.7,1.68
ssc,108528,2011,nonscience_examinee_total,91,104
ssc,108528,2011,nonscience_examinee_passed,89,100
ssc,108528,2011,nonscience_avg_gpa,4.07,4.03
ssc,108528,2012,nonscience_examinee_total,108,126
ssc,108528,2012,nonscience_examinee_passed,104,121
ssc,108528,2013,nonscience_examinee_total,108,117
ssc,108528,2013,nonscience_examinee_passed,107,116
ssc,108528,2014,nonscience_avg_gpa,4.04,3.99
ssc,108528,2015,nonscience_examinee_total,107,147
ssc,108528,2015,nonscience_examinee_passed,100,128
ssc,108528,2016,nonscience_examinee_total,129,154
ssc,108528,2016,nonscience_examinee_passed,113,127
ssc,108528,2017,nonscience_examinee_total,146,191
ssc,108528,2017,nonscience_examinee_passed,141,177
ssc,108528,2017,nonscience_avg_gpa,3.68,3.66
ssc,108528,2018,nonscience_examinee_total,146,189
ssc,108528,2018,nonscience_examinee_passed,137,171
ssc,108528,2019,nonscience_examinee_total,,128
ssc,108528,2019,nonscience_examinee_passed,,104
ssc,108528,2020,nonscience_avg_gpa,3.28,3.26
ssc,108528,2021,science_avg_gpa,4.33,4.27
ssc,108528,2021,nonscience_examinee_total,117,180
ssc,108528,2021,nonscience_examinee_passed,115,178
ssc,108528,2021,nonscience_avg_gpa,3.58,3.56
ssc,108528,2022,nonscience_examinee_total,99,185
ssc,108528,2022,nonscience_examinee_passed,96,169
ssc,108528,2023,science_avg_gpa,4.49,4.43
ssc,108528,2023,nonscience_examinee_total,96,155
ssc,108528,2023,nonscience_examinee_passed,85,124
ssc,108528,2023,nonscience_avg_gpa,2.86,2.84
ssc,108528,2024,nonscience_examinee_total,105,148
ssc,108528,2024,nonscience_examinee_passed,90,125
ssc,108528,2024,nonscience_avg_gpa,3.06,3.04
ssc,108528,2025,nonscience_examinee_total,99,139
ssc,108528,2025,nonscience_examinee_passed,81,101
ssc,108528,2026,nonscience_examinee_total,73,122
ssc,108528,2026,nonscience_examinee_passed,65,106
ssc,108527,2011,nonscience_examinee_total,138,151
ssc,108527,2011,nonscience_examinee_passed,122,134
ssc,108527,2011,nonscience_avg_gpa,3.07,3.05
ssc,108527,2012,nonscience_examinee_total,118,136
ssc,108527,2012,nonscience_examinee_passed,98,111
ssc,108527,2012,nonscience_avg_gpa,2.81,2.77
ssc,108527,2013,science_avg_gpa,4.43,4.33
ssc,108527,2013,nonscience_examinee_total,98,108
ssc,108527,2013,nonscience_examinee_passed,88,97
ssc,108527,2013,nonscience_avg_gpa,3.2,3.17
ssc,108527,2014,science_avg_gpa,4.09,3.96
ssc,108527,2014,nonscience_examinee_total,,170
ssc,108527,2014,nonscience_examinee_passed,,148
ssc,108527,2014,nonscience_avg_gpa,3.12,3.01
ssc,108527,2015,nonscience_examinee_total,,150
ssc,108527,2015,nonscience_examinee_passed,,110
ssc,108527,2015,nonscience_avg_gpa,2.61,2.5
ssc,108527,2016,nonscience_examinee_total,,135
ssc,108527,2016,nonscience_examinee_passed,,109
ssc,108527,2016,nonscience_avg_gpa,3.1,2.85
ssc,108527,2017,nonscience_examinee_total,,131
ssc,108527,2017,nonscience_examinee_passed,,118
ssc,108527,2017,nonscience_avg_gpa,3.51,3.46
ssc,108527,2018,nonscience_examinee_total,,153
ssc,108527,2018,nonscience_examinee_passed,,134
ssc,108527,2018,nonscience_avg_gpa,3.25,3.14
ssc,108527,2019,nonscience_examinee_total,127,174
ssc,108527,2019,nonscience_examinee_passed,86,105
ssc,108527,2019,nonscience_avg_gpa,2.08,1.98
ssc,108527,2020,science_avg_gpa,3.85,3.8
ssc,108527,2020,nonscience_examinee_total,,165
ssc,108527,2020,nonscience_examinee_passed,,125
ssc,108527,2021,nonscience_examinee_total,,122
ssc,108527,2021,nonscience_examinee_passed,,113
ssc,108527,2021,nonscience_avg_gpa,2.87,2.8
ssc,108527,2022,nonscience_examinee_total,70,101
ssc,108527,2022,nonscience_examinee_passed,65,90
ssc,108527,2022,nonscience_avg_gpa,3.3,3.21
ssc,108527,2023,science_avg_gpa,3.48,3.41
ssc,108527,2023,nonscience_examinee_total,80,108
ssc,108527,2023,nonscience_examinee_passed,61,83
ssc,108527,2023,nonscience_avg_gpa,2.58,2.55
ssc,108527,2024,nonscience_examinee_total,71,104
ssc,108527,2024,nonscience_examinee_passed,58,80
ssc,108527,2025,nonscience_examinee_total,,82
ssc,108527,2025,nonscience_examinee_passed,,36
ssc,108527,2025,nonscience_avg_gpa,1.56,1.54
ssc,108527,2026,nonscience_examinee_total,,58
ssc,108527,2026,nonscience_examinee_passed,,42
ssc,134106,2015,nonscience_examinee_total,,57
ssc,134106,2015,nonscience_examinee_passed,,51
ssc,134106,2016,science_avg_gpa,4.04,4.0
ssc,134106,2016,nonscience_examinee_total,223,238
ssc,134106,2016,nonscience_examinee_passed,161,170
ssc,134106,2016,nonscience_avg_gpa,2.6,2.58
ssc,134106,2017,science_avg_gpa,4.54,4.45
ssc,134106,2017,nonscience_avg_gpa,3.56,3.41
ssc,134106,2018,science_examinee_total,,101
ssc,134106,2018,science_examinee_passed,,86
ssc,134106,2018,science_avg_gpa,3.46,3.39
ssc,134106,2018,nonscience_examinee_total,,257
ssc,134106,2018,nonscience_examinee_passed,,196
ssc,134106,2019,nonscience_examinee_total,,252
ssc,134106,2019,nonscience_examinee_passed,,164
ssc,134106,2020,nonscience_examinee_total,,275
ssc,134106,2020,nonscience_examinee_passed,,248
ssc,134106,2020,nonscience_avg_gpa,3.32,3.3
ssc,134106,2021,science_avg_gpa,4.15,4.07
ssc,134106,2021,nonscience_examinee_total,225,302
ssc,134106,2021,nonscience_examinee_passed,216,289
ssc,134106,2021,nonscience_avg_gpa,3.46,3.39
ssc,134106,2022,science_avg_gpa,4.66,4.62
ssc,134106,2022,nonscience_avg_gpa,3.76,3.71
ssc,134106,2023,science_avg_gpa,4.57,4.54
ssc,134106,2023,nonscience_examinee_total,40,204
ssc,134106,2023,nonscience_examinee_passed,28,173
ssc,134106,2024,nonscience_examinee_total,154,201
ssc,134106,2024,nonscience_examinee_passed,137,179
ssc,134106,2024,nonscience_avg_gpa,3.27,3.23
ssc,134106,2025,nonscience_examinee_total,163,187
ssc,134106,2025,nonscience_examinee_passed,68,80
ssc,134106,2025,nonscience_avg_gpa,1.55,1.52
ssc,134106,2026,science_avg_gpa,2.79,2.77
ssc,134106,2026,nonscience_examinee_total,185,209
ssc,134106,2026,nonscience_examinee_passed,118,127
ssc,134106,2026,nonscience_avg_gpa,1.91,1.88
ssc,136318,2021,nonscience_examinee_total,,6
ssc,136318,2021,nonscience_examinee_passed,,6
ssc,136318,2022,science_avg_gpa,4.91,4.7
ssc,136318,2026,nonscience_examinee_total,,4
ssc,136318,2026,nonscience_examinee_passed,,3
ssc,136318,2026,nonscience_avg_gpa,4.26,3.2
ssc,134587,2021,nonscience_examinee_total,,16
ssc,134587,2021,nonscience_examinee_passed,,16
ssc,134587,2022,nonscience_examinee_total,,14
ssc,134587,2022,nonscience_examinee_passed,,14
ssc,134587,2023,science_examinee_total,,7
ssc,134587,2023,science_examinee_passed,,6
ssc,134587,2023,nonscience_examinee_total,,4
ssc,134587,2023,nonscience_examinee_passed,,4
ssc,134587,2024,nonscience_examinee_total,,6
ssc,134587,2024,nonscience_examinee_passed,,6
ssc,134587,2025,science_examinee_total,,8
ssc,134587,2025,science_examinee_passed,,6
ssc,134587,2025,science_avg_gpa,3.55,3.1
ssc,134587,2025,nonscience_examinee_total,,7
ssc,134587,2025,nonscience_examinee_passed,,4
ssc,134587,2026,nonscience_examinee_total,,9
ssc,134587,2026,nonscience_examinee_passed,,7
ssc,108196,2011,science_examinee_total,,32
ssc,108196,2011,science_examinee_passed,,32
ssc,108196,2011,nonscience_examinee_total,72,80
ssc,108196,2011,nonscience_examinee_passed,70,78
ssc,108196,2012,nonscience_examinee_total,67,80
ssc,108196,2012,nonscience_examinee_passed,67,80
ssc,108196,2013,nonscience_examinee_total,126,143
ssc,108196,2013,nonscience_examinee_passed,123,140
ssc,108196,2014,nonscience_examinee_total,173,179
ssc,108196,2014,nonscience_examinee_passed,164,169
ssc,108196,2015,nonscience_examinee_total,,171
ssc,108196,2015,nonscience_examinee_passed,,144
ssc,108196,2016,science_examinee_total,,51
ssc,108196,2016,science_examinee_passed,,49
ssc,108196,2016,nonscience_examinee_total,122,127
ssc,108196,2016,nonscience_examinee_passed,120,125
ssc,108196,2016,nonscience_avg_gpa,3.62,3.6
ssc,108196,2017,nonscience_examinee_total,,158
ssc,108196,2017,nonscience_examinee_passed,,135
ssc,108196,2017,nonscience_avg_gpa,3.35,3.3
ssc,108196,2018,nonscience_examinee_total,,123
ssc,108196,2018,nonscience_examinee_passed,,108
ssc,108196,2019,science_avg_gpa,3.68,3.64
ssc,108196,2019,nonscience_examinee_total,,156
ssc,108196,2019,nonscience_examinee_passed,,107
ssc,108196,2019,nonscience_avg_gpa,2.23,2.2
ssc,108196,2020,science_avg_gpa,4.27,4.21
ssc,108196,2020,nonscience_examinee_total,,185
ssc,108196,2020,nonscience_examinee_passed,,151
ssc,108196,2021,nonscience_examinee_total,,212
ssc,108196,2021,nonscience_examinee_passed,,198
ssc,108196,2021,nonscience_avg_gpa,3.18,3.12
ssc,108196,2022,nonscience_examinee_total,,124
ssc,108196,2022,nonscience_examinee_passed,,99
ssc,108196,2023,nonscience_examinee_total,134,146
ssc,108196,2023,nonscience_examinee_passed,133,144
ssc,108196,2024,nonscience_examinee_total,17,73
ssc,108196,2024,nonscience_examinee_passed,17,66
ssc,108196,2024,nonscience_avg_gpa,3.37,3.33
ssc,108196,2025,nonscience_examinee_total,,85
ssc,108196,2025,nonscience_examinee_passed,,47
ssc,108552,2011,science_examinee_total,,7
ssc,108552,2011,science_examinee_passed,,6
ssc,108552,2011,nonscience_examinee_total,,51
ssc,108552,2011,nonscience_examinee_passed,,51
ssc,108552,2012,science_examinee_total,,8
ssc,108552,2012,science_examinee_passed,,8
ssc,108552,2012,nonscience_examinee_total,,37
ssc,108552,2012,nonscience_examinee_passed,,33
ssc,108552,2013,nonscience_examinee_total,,36
ssc,108552,2013,nonscience_examinee_passed,,29
ssc,108552,2014,science_examinee_total,,8
ssc,108552,2014,science_examinee_passed,,8
ssc,108552,2014,nonscience_examinee_total,,29
ssc,108552,2014,nonscience_examinee_passed,,29
ssc,108552,2015,nonscience_examinee_total,,36
ssc,108552,2015,nonscience_examinee_passed,,24
ssc,108552,2016,science_examinee_total,,15
ssc,108552,2016,science_examinee_passed,,15
ssc,108552,2016,nonscience_examinee_total,,75
ssc,108552,2016,nonscience_examinee_passed,,61
ssc,108552,2017,nonscience_examinee_total,,83
ssc,108552,2017,nonscience_examinee_passed,,62
ssc,108552,2018,nonscience_examinee_total,,88
ssc,108552,2018,nonscience_examinee_passed,,64
ssc,108552,2018,nonscience_avg_gpa,2.52,2.5
ssc,108552,2019,nonscience_examinee_total,,104
ssc,108552,2019,nonscience_examinee_passed,,84
ssc,108552,2020,science_examinee_total,,26
ssc,108552,2020,science_examinee_passed,,26
ssc,108552,2020,nonscience_examinee_total,,85
ssc,108552,2020,nonscience_examinee_passed,,50
ssc,108552,2021,science_examinee_total,,16
ssc,108552,2021,science_examinee_passed,,13
ssc,108552,2021,nonscience_examinee_total,,93
ssc,108552,2021,nonscience_examinee_passed,,89
ssc,108552,2022,nonscience_examinee_total,59,85
ssc,108552,2022,nonscience_examinee_passed,49,62
ssc,108552,2023,nonscience_examinee_total,,64
ssc,108552,2023,nonscience_examinee_passed,,43
ssc,108552,2024,nonscience_examinee_total,,42
ssc,108552,2024,nonscience_examinee_passed,,28
ssc,108552,2025,science_examinee_total,,12
ssc,108552,2025,science_examinee_passed,,11
ssc,108552,2025,nonscience_examinee_total,14,34
ssc,108552,2025,nonscience_examinee_passed,6,16
ssc,108552,2025,nonscience_avg_gpa,1.69,1.64
ssc,108552,2026,nonscience_examinee_total,,35
ssc,108552,2026,nonscience_examinee_passed,,17
ssc,133944,2025,nonscience_examinee_total,,63
ssc,133944,2025,nonscience_examinee_passed,,35
ssc,133944,2025,nonscience_avg_gpa,1.91,1.85
ssc,133944,2026,science_avg_gpa,2.39,2.33
ssc,133944,2026,nonscience_examinee_total,,56
ssc,133944,2026,nonscience_examinee_passed,,32
ssc,133944,2026,nonscience_avg_gpa,1.83,1.8
ssc,135230,2017,nonscience_examinee_total,,19
ssc,135230,2017,nonscience_examinee_passed,,11
ssc,135230,2018,science_examinee_total,,20
ssc,135230,2018,science_examinee_passed,,19
ssc,135230,2018,nonscience_examinee_total,,28
ssc,135230,2018,nonscience_examinee_passed,,26
ssc,135230,2018,nonscience_avg_gpa,3.25,3.14
ssc,135230,2019,science_examinee_total,,13
ssc,135230,2019,science_examinee_passed,,11
ssc,135230,2019,nonscience_examinee_total,,33
ssc,135230,2019,nonscience_examinee_passed,,25
ssc,135230,2020,science_avg_gpa,4.02,3.84
ssc,135230,2020,nonscience_examinee_total,,25
ssc,135230,2020,nonscience_examinee_passed,,23
ssc,135230,2021,science_examinee_total,,2
ssc,135230,2021,science_avg_gpa,,0.0
ssc,135230,2021,nonscience_examinee_total,,23
ssc,135230,2021,nonscience_examinee_passed,,22
ssc,135230,2021,nonscience_avg_gpa,3.45,3.3
ssc,135230,2022,science_examinee_total,,6
ssc,135230,2022,science_examinee_passed,,6
ssc,135230,2022,nonscience_examinee_total,,38
ssc,135230,2022,nonscience_examinee_passed,,38
ssc,135230,2023,science_examinee_total,,11
ssc,135230,2023,science_examinee_passed,,3
ssc,135230,2023,science_avg_gpa,1.05,0.95
ssc,135230,2023,nonscience_examinee_total,,61
ssc,135230,2023,nonscience_examinee_passed,,34
ssc,135230,2023,nonscience_avg_gpa,1.74,1.68
ssc,135230,2024,science_examinee_total,,11
ssc,135230,2024,science_examinee_passed,,5
ssc,135230,2024,nonscience_examinee_total,,39
ssc,135230,2024,nonscience_examinee_passed,,32
ssc,135230,2024,nonscience_avg_gpa,2.81,2.67
ssc,135230,2025,science_examinee_total,,7
ssc,135230,2025,science_examinee_passed,,3
ssc,135230,2025,nonscience_examinee_total,,22
ssc,135230,2025,nonscience_examinee_passed,,10
ssc,135230,2026,science_examinee_total,,5
ssc,135230,2026,science_examinee_passed,,4
ssc,135230,2026,nonscience_examinee_total,,15
ssc,135230,2026,nonscience_examinee_passed,,6
ssc,135230,2026,nonscience_avg_gpa,1.57,1.46
ssc,108193,2011,science_avg_gpa,4.53,4.42
ssc,108193,2011,nonscience_examinee_total,122,135
ssc,108193,2011,nonscience_examinee_passed,121,134
ssc,108193,2012,nonscience_examinee_total,128,141
ssc,108193,2012,nonscience_examinee_passed,127,139
ssc,108193,2013,nonscience_examinee_total,92,96
ssc,108193,2013,nonscience_examinee_passed,89,93
ssc,108193,2014,nonscience_examinee_total,132,149
ssc,108193,2014,nonscience_examinee_passed,132,149
ssc,108193,2015,nonscience_examinee_total,,139
ssc,108193,2015,nonscience_examinee_passed,,127
ssc,108193,2015,nonscience_avg_gpa,3.39,3.36
ssc,108193,2016,nonscience_examinee_total,,127
ssc,108193,2016,nonscience_examinee_passed,,112
ssc,108193,2017,science_avg_gpa,3.89,3.81
ssc,108193,2017,nonscience_examinee_total,,106
ssc,108193,2017,nonscience_examinee_passed,,97
ssc,108193,2018,nonscience_examinee_total,105,122
ssc,108193,2018,nonscience_examinee_passed,95,111
ssc,108193,2019,nonscience_examinee_total,,162
ssc,108193,2019,nonscience_examinee_passed,,129
ssc,108193,2019,nonscience_avg_gpa,2.7,2.68
ssc,108193,2020,science_avg_gpa,4.51,4.43
ssc,108193,2020,nonscience_examinee_total,,187
ssc,108193,2020,nonscience_examinee_passed,,169
ssc,108193,2020,nonscience_avg_gpa,3.46,3.44
ssc,108193,2021,science_avg_gpa,4.16,4.09
ssc,108193,2021,nonscience_examinee_total,122,186
ssc,108193,2021,nonscience_examinee_passed,109,170
ssc,108193,2021,nonscience_avg_gpa,3.48,3.31
ssc,108193,2022,science_avg_gpa,4.59,4.44
ssc,108193,2022,nonscience_examinee_total,112,174
ssc,108193,2022,nonscience_examinee_passed,96,147
ssc,108193,2022,nonscience_avg_gpa,3.71,3.24
ssc,108193,2023,science_avg_gpa,4.64,4.58
ssc,108193,2023,nonscience_examinee_total,117,168
ssc,108193,2023,nonscience_examinee_passed,114,161
ssc,108193,2023,nonscience_avg_gpa,3.81,3.79
ssc,108193,2024,nonscience_examinee_total,108,141
ssc,108193,2024,nonscience_examinee_passed,103,132
ssc,108193,2024,nonscience_avg_gpa,3.67,3.65
ssc,108193,2025,science_avg_gpa,4.28,4.24
ssc,108193,2025,nonscience_examinee_total,,187
ssc,108193,2025,nonscience_examinee_passed,,122
ssc,108193,2025,nonscience_avg_gpa,2.42,2.38
ssc,108193,2026,science_avg_gpa,2.89,2.84
ssc,108193,2026,nonscience_examinee_total,,121
ssc,108193,2026,nonscience_examinee_passed,,52
ssc,108193,2026,nonscience_avg_gpa,1.4,1.38
ssc,136112,2026,science_examinee_total,,7
ssc,136112,2026,science_examinee_passed,,6
ssc,136112,2026,nonscience_examinee_total,,19
ssc,136112,2026,nonscience_examinee_passed,,7
ssc,136112,2026,nonscience_avg_gpa,1.4,1.33
ssc,136253,2020,nonscience_examinee_total,,12
ssc,136253,2020,nonscience_examinee_passed,,10
ssc,136253,2021,nonscience_examinee_total,,13
ssc,136253,2021,nonscience_examinee_passed,,11
ssc,136253,2021,nonscience_avg_gpa,3.48,3.21
ssc,136253,2023,nonscience_examinee_total,,4
ssc,136253,2023,nonscience_examinee_passed,,2
ssc,136253,2024,nonscience_examinee_total,,12
ssc,136253,2024,nonscience_examinee_passed,,12
ssc,136253,2025,nonscience_examinee_total,,19
ssc,136253,2025,nonscience_examinee_passed,,12
ssc,136253,2026,science_avg_gpa,3.37,3.31
ssc,136253,2026,nonscience_examinee_total,,27
ssc,136253,2026,nonscience_examinee_passed,,14
ssc,136253,2026,nonscience_avg_gpa,1.78,1.71
ssc,134536,2017,nonscience_avg_gpa,4.16,4.06
ssc,134536,2018,science_avg_gpa,3.72,3.69
ssc,134536,2018,nonscience_examinee_total,,206
ssc,134536,2018,nonscience_examinee_passed,,123
ssc,134536,2018,nonscience_avg_gpa,2.09,1.99
ssc,134536,2019,science_avg_gpa,3.71,3.66
ssc,134536,2019,nonscience_examinee_total,216,217
ssc,134536,2019,nonscience_examinee_passed,142,143
ssc,134536,2019,nonscience_avg_gpa,2.16,2.1
ssc,134536,2020,nonscience_examinee_total,175,177
ssc,134536,2020,nonscience_examinee_passed,142,144
ssc,134536,2020,nonscience_avg_gpa,2.69,2.66
ssc,134536,2021,science_examinee_total,,44
ssc,134536,2021,science_examinee_passed,,42
ssc,134536,2021,nonscience_examinee_total,,135
ssc,134536,2021,nonscience_examinee_passed,,127
ssc,134536,2021,nonscience_avg_gpa,2.98,2.96
ssc,134536,2022,nonscience_examinee_total,91,94
ssc,134536,2022,nonscience_examinee_passed,83,86
ssc,134536,2023,science_avg_gpa,4.62,4.52
ssc,134536,2023,nonscience_examinee_total,73,75
ssc,134536,2023,nonscience_examinee_passed,69,71
ssc,134536,2023,nonscience_avg_gpa,3.73,3.63
ssc,134536,2024,nonscience_examinee_total,75,77
ssc,134536,2024,nonscience_examinee_passed,70,72
ssc,134536,2024,nonscience_avg_gpa,3.81,3.62
ssc,134536,2025,science_examinee_total,,32
ssc,134536,2025,science_examinee_passed,,21
ssc,134536,2025,science_avg_gpa,2.85,2.77
ssc,134536,2025,nonscience_examinee_total,,47
ssc,134536,2025,nonscience_examinee_passed,,32
ssc,134536,2025,nonscience_avg_gpa,2.2,2.15
ssc,134536,2026,nonscience_examinee_total,,88
ssc,134536,2026,nonscience_examinee_passed,,41
ssc,134536,2026,nonscience_avg_gpa,1.4,1.35
ssc,133892,2013,nonscience_examinee_total,,25
ssc,133892,2013,nonscience_examinee_passed,,25
ssc,133892,2014,science_examinee_total,,6
ssc,133892,2014,science_examinee_passed,,6
ssc,133892,2014,nonscience_examinee_total,,26
ssc,133892,2014,nonscience_examinee_passed,,26
ssc,133892,2015,nonscience_examinee_total,,41
ssc,133892,2015,nonscience_examinee_passed,,40
ssc,133892,2017,nonscience_examinee_total,,18
ssc,133892,2017,nonscience_examinee_passed,,17
ssc,133892,2018,nonscience_examinee_total,,39
ssc,133892,2018,nonscience_examinee_passed,,38
ssc,133892,2019,science_examinee_total,,6
ssc,133892,2019,science_examinee_passed,,6
ssc,133892,2019,nonscience_examinee_total,,23
ssc,133892,2019,nonscience_examinee_passed,,19
ssc,133892,2020,science_examinee_total,,6
ssc,133892,2020,science_examinee_passed,,6
ssc,133892,2020,nonscience_examinee_total,,41
ssc,133892,2020,nonscience_examinee_passed,,36
ssc,133892,2020,nonscience_avg_gpa,3.4,3.23
ssc,133892,2021,science_examinee_total,,4
ssc,133892,2021,science_examinee_passed,,4
ssc,133892,2021,nonscience_examinee_total,,41
ssc,133892,2021,nonscience_examinee_passed,,40
ssc,133892,2022,nonscience_examinee_total,,37
ssc,133892,2022,nonscience_examinee_passed,,31
ssc,133892,2022,nonscience_avg_gpa,3.25,3.07
ssc,133892,2023,nonscience_examinee_total,,62
ssc,133892,2023,nonscience_examinee_passed,,49
ssc,133892,2024,science_examinee_total,,6
ssc,133892,2024,science_examinee_passed,,6
ssc,133892,2024,nonscience_examinee_total,,45
ssc,133892,2024,nonscience_examinee_passed,,24
ssc,133892,2024,nonscience_avg_gpa,1.73,1.69
ssc,133892,2025,science_avg_gpa,4.23,4.05
ssc,133892,2025,nonscience_examinee_total,,70
ssc,133892,2025,nonscience_examinee_passed,,34
ssc,133892,2025,nonscience_avg_gpa,1.67,1.65
ssc,133892,2026,science_examinee_total,,27
ssc,133892,2026,science_examinee_passed,,20
ssc,133892,2026,nonscience_examinee_total,,69
ssc,133892,2026,nonscience_examinee_passed,,24
ssc,138709,2021,nonscience_examinee_total,,26
ssc,138709,2021,nonscience_examinee_passed,,26
ssc,107844,2011,nonscience_examinee_total,254,281
ssc,107844,2011,nonscience_examinee_passed,221,247
ssc,107844,2012,nonscience_examinee_total,267,277
ssc,107844,2012,nonscience_examinee_passed,251,255
ssc,107844,2012,nonscience_avg_gpa,3.99,3.97
ssc,107844,2013,science_examinee_total,,16
ssc,107844,2013,science_examinee_passed,,16
ssc,107844,2013,nonscience_examinee_total,198,211
ssc,107844,2013,nonscience_examinee_passed,170,181
ssc,107844,2013,nonscience_avg_gpa,3.12,3.1
ssc,107844,2014,nonscience_examinee_total,232,236
ssc,107844,2014,nonscience_examinee_passed,216,219
ssc,107844,2015,nonscience_examinee_total,,208
ssc,107844,2015,nonscience_examinee_passed,,196
ssc,107844,2015,nonscience_avg_gpa,3.76,3.74
ssc,107844,2016,nonscience_examinee_total,200,211
ssc,107844,2016,nonscience_examinee_passed,192,199
ssc,107844,2017,nonscience_examinee_total,259,272
ssc,107844,2017,nonscience_examinee_passed,253,265
ssc,107844,2018,nonscience_examinee_total,,321
ssc,107844,2018,nonscience_examinee_passed,,199
ssc,107844,2019,nonscience_examinee_total,,260
ssc,107844,2019,nonscience_examinee_passed,,186
ssc,107844,2019,nonscience_avg_gpa,2.29,2.26
ssc,107844,2020,nonscience_examinee_total,,284
ssc,107844,2020,nonscience_examinee_passed,,243
ssc,107844,2021,nonscience_examinee_total,247,279
ssc,107844,2021,nonscience_examinee_passed,237,266
ssc,107844,2022,science_avg_gpa,4.52,4.48
ssc,107844,2022,nonscience_examinee_total,241,283
ssc,107844,2022,nonscience_examinee_passed,233,271
ssc,107844,2022,nonscience_avg_gpa,3.75,3.72
ssc,107844,2023,science_avg_gpa,4.22,4.18
ssc,107844,2023,nonscience_examinee_total,277,315
ssc,107844,2023,nonscience_examinee_passed,223,259
ssc,107844,2023,nonscience_avg_gpa,2.87,2.84
ssc,107844,2024,nonscience_examinee_total,248,277
ssc,107844,2024,nonscience_examinee_passed,195,223
ssc,107844,2024,nonscience_avg_gpa,2.76,2.74
ssc,107844,2025,science_avg_gpa,3.82,3.78
ssc,107844,2025,nonscience_examinee_total,,240
ssc,107844,2025,nonscience_examinee_passed,,168
ssc,107844,2026,nonscience_examinee_total,161,200
ssc,107844,2026,nonscience_examinee_passed,107,129
ssc,107844,2026,nonscience_avg_gpa,1.98,1.96
ssc,108550,2012,nonscience_avg_gpa,4.14,4.1
ssc,108550,2013,science_examinee_total,,30
ssc,108550,2013,science_examinee_passed,,28
ssc,108550,2014,nonscience_avg_gpa,3.7,3.66
ssc,108550,2015,nonscience_examinee_total,,115
ssc,108550,2015,nonscience_examinee_passed,,105
ssc,108550,2015,nonscience_avg_gpa,3.41,3.38
ssc,108550,2017,nonscience_examinee_total,123,140
ssc,108550,2017,nonscience_examinee_passed,103,118
ssc,108550,2018,nonscience_examinee_total,143,156
ssc,108550,2018,nonscience_examinee_passed,118,131
ssc,108550,2018,nonscience_avg_gpa,2.91,2.89
ssc,108550,2019,nonscience_examinee_total,,134
ssc,108550,2019,nonscience_examinee_passed,,106
ssc,108550,2020,nonscience_examinee_total,124,134
ssc,108550,2020,nonscience_examinee_passed,106,113
ssc,108550,2021,nonscience_examinee_total,114,133
ssc,108550,2021,nonscience_examinee_passed,110,128
ssc,108550,2021,nonscience_avg_gpa,3.28,3.25
ssc,108550,2022,nonscience_examinee_total,83,97
ssc,108550,2022,nonscience_examinee_passed,79,92
ssc,108550,2023,nonscience_examinee_total,,119
ssc,108550,2023,nonscience_examinee_passed,,103
ssc,108550,2023,nonscience_avg_gpa,2.84,2.82
ssc,108550,2024,nonscience_examinee_total,,98
ssc,108550,2024,nonscience_examinee_passed,,90
ssc,108550,2024,nonscience_avg_gpa,3.24,3.2
ssc,108550,2025,nonscience_examinee_total,,103
ssc,108550,2025,nonscience_examinee_passed,,75
ssc,108550,2025,nonscience_avg_gpa,2.57,2.55
ssc,108550,2026,nonscience_examinee_total,82,97
ssc,108550,2026,nonscience_examinee_passed,59,67
ssc,108550,2026,nonscience_avg_gpa,2.44,2.36
ssc,108548,2011,nonscience_examinee_total,155,167
ssc,108548,2011,nonscience_examinee_passed,133,143
ssc,108548,2012,nonscience_examinee_total,132,139
ssc,108548,2012,nonscience_examinee_passed,129,136
ssc,108548,2012,nonscience_avg_gpa,3.87,3.85
ssc,108548,2013,nonscience_examinee_total,104,125
ssc,108548,2013,nonscience_examinee_passed,92,106
ssc,108548,2014,nonscience_examinee_total,132,146
ssc,108548,2014,nonscience_examinee_passed,125,139
ssc,108548,2014,nonscience_avg_gpa,4.06,4.0
ssc,108548,2015,nonscience_examinee_total,143,154
ssc,108548,2015,nonscience_examinee_passed,140,150
ssc,108548,2015,nonscience_avg_gpa,4.18,4.13
ssc,108548,2016,nonscience_examinee_total,112,124
ssc,108548,2016,nonscience_examinee_passed,111,123
ssc,108548,2017,nonscience_examinee_total,89,106
ssc,108548,2017,nonscience_examinee_passed,71,88
ssc,108548,2017,nonscience_avg_gpa,3.48,3.44
ssc,108548,2018,nonscience_examinee_total,,106
ssc,108548,2018,nonscience_examinee_passed,,53
ssc,108548,2019,science_avg_gpa,4.02,3.99
ssc,108548,2019,nonscience_examinee_total,,188
ssc,108548,2019,nonscience_examinee_passed,,170
ssc,108548,2020,nonscience_examinee_total,134,157
ssc,108548,2020,nonscience_examinee_passed,120,138
ssc,108548,2021,nonscience_examinee_total,,117
ssc,108548,2021,nonscience_examinee_passed,,113
ssc,108548,2021,nonscience_avg_gpa,3.32,3.29
ssc,108548,2022,nonscience_examinee_total,64,82
ssc,108548,2022,nonscience_examinee_passed,53,68
ssc,108548,2022,nonscience_avg_gpa,3.09,3.05
ssc,108548,2023,nonscience_examinee_total,84,107
ssc,108548,2023,nonscience_examinee_passed,70,84
ssc,108548,2023,nonscience_avg_gpa,2.91,2.88
ssc,108548,2024,nonscience_examinee_total,,100
ssc,108548,2024,nonscience_examinee_passed,,77
ssc,108548,2024,nonscience_avg_gpa,2.61,2.53
ssc,108548,2025,science_avg_gpa,2.78,2.74
ssc,108548,2025,nonscience_examinee_total,,68
ssc,108548,2025,nonscience_examinee_passed,,31
ssc,108548,2026,nonscience_examinee_total,88,105
ssc,108548,2026,nonscience_examinee_passed,80,93
ssc,108539,2011,nonscience_examinee_total,93,99
ssc,108539,2011,nonscience_examinee_passed,85,90
ssc,108539,2011,nonscience_avg_gpa,3.48,3.45
ssc,108539,2012,science_examinee_total,,23
ssc,108539,2012,science_examinee_passed,,23
ssc,108539,2012,nonscience_examinee_total,,96
ssc,108539,2012,nonscience_examinee_passed,,83
ssc,108539,2013,science_examinee_total,,11
ssc,108539,2013,science_examinee_passed,,11
ssc,108539,2013,nonscience_examinee_total,64,67
ssc,108539,2013,nonscience_examinee_passed,55,58
ssc,108539,2014,nonscience_avg_gpa,3.74,3.5
ssc,108539,2015,nonscience_examinee_total,36,42
ssc,108539,2015,nonscience_examinee_passed,35,41
ssc,108539,2016,nonscience_examinee_total,,95
ssc,108539,2016,nonscience_examinee_passed,,92
ssc,108539,2017,science_avg_gpa,4.62,4.51
ssc,108539,2017,nonscience_examinee_total,,108
ssc,108539,2017,nonscience_examinee_passed,,104
ssc,108539,2017,nonscience_avg_gpa,3.96,3.92
ssc,108539,2018,science_examinee_total,,64
ssc,108539,2018,science_examinee_passed,,41
ssc,108539,2018,nonscience_examinee_total,,106
ssc,108539,2018,nonscience_examinee_passed,,83
ssc,108539,2019,science_examinee_total,,60
ssc,108539,2019,science_examinee_passed,,52
ssc,108539,2019,nonscience_examinee_total,,119
ssc,108539,2019,nonscience_examinee_passed,,74
ssc,108539,2020,nonscience_examinee_total,,104
ssc,108539,2020,nonscience_examinee_passed,,75
ssc,108539,2020,nonscience_avg_gpa,2.31,2.25
ssc,108539,2021,science_avg_gpa,4,3.94
ssc,108539,2021,nonscience_examinee_total,158,171
ssc,108539,2021,nonscience_examinee_passed,149,161
ssc,108539,2021,nonscience_avg_gpa,3.24,3.2
ssc,108539,2022,science_avg_gpa,4.61,4.45
ssc,108539,2022,nonscience_examinee_total,135,137
ssc,108539,2022,nonscience_examinee_passed,117,119
ssc,108539,2022,nonscience_avg_gpa,3.51,3.45
ssc,108539,2023,science_avg_gpa,4.24,4.18
ssc,108539,2023,nonscience_examinee_total,135,146
ssc,108539,2023,nonscience_examinee_passed,116,125
ssc,108539,2023,nonscience_avg_gpa,3.24,3.22
ssc,108539,2025,nonscience_examinee_total,,123
ssc,108539,2025,nonscience_examinee_passed,,91
ssc,108539,2025,nonscience_avg_gpa,2.69,2.6
ssc,108539,2026,nonscience_examinee_total,,90
ssc,108539,2026,nonscience_examinee_passed,,46
ssc,108539,2026,nonscience_avg_gpa,1.73,1.71
ssc,108546,2011,nonscience_examinee_total,197,204
ssc,108546,2011,nonscience_examinee_passed,186,189
ssc,108546,2011,nonscience_avg_gpa,3.65,3.6
ssc,108546,2012,nonscience_examinee_total,153,162
ssc,108546,2012,nonscience_examinee_passed,151,158
ssc,108546,2013,science_avg_gpa,4.58,4.43
ssc,108546,2013,nonscience_examinee_total,150,152
ssc,108546,2013,nonscience_examinee_passed,142,143
ssc,108546,2014,nonscience_examinee_total,200,212
ssc,108546,2014,nonscience_examinee_passed,193,202
ssc,108546,2014,nonscience_avg_gpa,3.81,3.79
ssc,108546,2015,nonscience_examinee_total,181,184
ssc,108546,2015,nonscience_examinee_passed,158,160
ssc,108546,2016,nonscience_examinee_total,276,277
ssc,108546,2016,nonscience_examinee_passed,245,246
ssc,108546,2017,nonscience_examinee_total,276,277
ssc,108546,2017,nonscience_examinee_passed,243,244
ssc,108546,2017,nonscience_avg_gpa,3.43,3.37
ssc,108546,2018,science_avg_gpa,4.3,4.26
ssc,108546,2018,nonscience_examinee_total,,254
ssc,108546,2018,nonscience_examinee_passed,,162
ssc,108546,2018,nonscience_avg_gpa,2.12,2.1
ssc,108546,2019,nonscience_examinee_total,,245
ssc,108546,2019,nonscience_examinee_passed,,141
ssc,108546,2020,nonscience_examinee_total,,316
ssc,108546,2020,nonscience_examinee_passed,,291
ssc,108546,2021,nonscience_examinee_total,228,248
ssc,108546,2021,nonscience_examinee_passed,215,233
ssc,108546,2021,nonscience_avg_gpa,3.31,3.24
ssc,108546,2022,nonscience_examinee_total,146,166
ssc,108546,2022,nonscience_examinee_passed,141,154
ssc,108546,2022,nonscience_avg_gpa,3.65,3.58
ssc,108546,2023,nonscience_examinee_total,119,139
ssc,108546,2023,nonscience_examinee_passed,105,124
ssc,108546,2023,nonscience_avg_gpa,3.32,3.27
ssc,108546,2024,nonscience_examinee_total,99,110
ssc,108546,2024,nonscience_examinee_passed,91,100
ssc,108546,2024,nonscience_avg_gpa,3.43,3.36
ssc,108546,2025,science_avg_gpa,3.51,3.48
ssc,108546,2025,nonscience_examinee_total,51,62
ssc,108546,2025,nonscience_examinee_passed,44,50
ssc,108546,2026,nonscience_examinee_total,,57
ssc,108546,2026,nonscience_examinee_passed,,41
ssc,134389,2012,science_examinee_total,,35
ssc,134389,2012,science_examinee_passed,,35
ssc,134389,2012,nonscience_examinee_total,,45
ssc,134389,2012,nonscience_examinee_passed,,44
ssc,134389,2013,science_examinee_total,,7
ssc,134389,2013,science_examinee_passed,,6
ssc,134389,2013,nonscience_examinee_total,,22
ssc,134389,2013,nonscience_examinee_passed,,17
ssc,134389,2015,science_examinee_total,,37
ssc,134389,2015,science_examinee_passed,,26
ssc,134389,2015,nonscience_examinee_total,,39
ssc,134389,2015,nonscience_examinee_passed,,30
ssc,134389,2016,science_avg_gpa,3.9,3.85
ssc,134389,2016,nonscience_examinee_total,,82
ssc,134389,2016,nonscience_examinee_passed,,75
ssc,134389,2017,science_avg_gpa,3.95,3.86
ssc,134389,2017,nonscience_examinee_total,,103
ssc,134389,2017,nonscience_examinee_passed,,80
ssc,134389,2017,nonscience_avg_gpa,2.9,2.87
ssc,134389,2018,science_examinee_total,,84
ssc,134389,2018,science_examinee_passed,,82
ssc,134389,2018,nonscience_examinee_total,,96
ssc,134389,2018,nonscience_examinee_passed,,77
ssc,134389,2018,nonscience_avg_gpa,2.61,2.58
ssc,134389,2019,science_examinee_total,,83
ssc,134389,2019,science_examinee_passed,,72
ssc,134389,2019,nonscience_examinee_total,,83
ssc,134389,2019,nonscience_examinee_passed,,78
ssc,134389,2020,science_avg_gpa,4.5,4.47
ssc,134389,2020,nonscience_examinee_total,,120
ssc,134389,2020,nonscience_examinee_passed,,103
ssc,134389,2021,science_examinee_total,,71
ssc,134389,2021,science_examinee_passed,,70
ssc,134389,2021,nonscience_avg_gpa,3.46,3.39
ssc,134389,2022,science_avg_gpa,4.17,4.06
ssc,134389,2023,science_avg_gpa,3.94,3.91
ssc,134389,2023,nonscience_examinee_total,,88
ssc,134389,2023,nonscience_examinee_passed,,64
ssc,134389,2023,nonscience_avg_gpa,2.77,2.58
ssc,134389,2024,science_avg_gpa,4.47,4.4
ssc,134389,2024,nonscience_examinee_total,,75
ssc,134389,2024,nonscience_examinee_passed,,71
ssc,134389,2025,science_avg_gpa,3.24,3.22
ssc,134389,2025,nonscience_examinee_total,,140
ssc,134389,2025,nonscience_examinee_passed,,60
ssc,134389,2025,nonscience_avg_gpa,1.41,1.39
ssc,134389,2026,science_examinee_total,,579
ssc,134389,2026,science_examinee_passed,,505
ssc,134389,2026,science_avg_gpa,3.4,3.37
ssc,134389,2026,nonscience_examinee_total,,273
ssc,134389,2026,nonscience_examinee_passed,,201
ssc,108570,2012,nonscience_examinee_total,58,64
ssc,108570,2012,nonscience_examinee_passed,58,63
ssc,108570,2013,nonscience_examinee_total,74,75
ssc,108570,2015,nonscience_examinee_total,47,61
ssc,108570,2015,nonscience_examinee_passed,47,61
ssc,108570,2016,nonscience_examinee_total,47,61
ssc,108570,2016,nonscience_examinee_passed,46,59
ssc,108570,2017,nonscience_examinee_total,,56
ssc,108570,2017,nonscience_examinee_passed,,48
ssc,108570,2018,nonscience_examinee_total,62,73
ssc,108570,2018,nonscience_examinee_passed,48,52
ssc,108570,2018,nonscience_avg_gpa,2.43,2.4
ssc,108570,2019,nonscience_examinee_total,,84
ssc,108570,2019,nonscience_examinee_passed,,76
ssc,108570,2020,nonscience_examinee_total,,56
ssc,108570,2020,nonscience_examinee_passed,,51
ssc,108570,2021,nonscience_examinee_total,58,71
ssc,108570,2021,nonscience_examinee_passed,55,67
ssc,108570,2021,nonscience_avg_gpa,3.43,3.28
ssc,108570,2023,nonscience_examinee_total,48,62
ssc,108570,2023,nonscience_examinee_passed,43,54
ssc,108570,2023,nonscience_avg_gpa,3.29,3.24
ssc,108570,2024,nonscience_examinee_total,50,68
ssc,108570,2024,nonscience_examinee_passed,36,49
ssc,108570,2025,nonscience_examinee_total,,69
ssc,108570,2025,nonscience_examinee_passed,,55
ssc,108570,2026,nonscience_examinee_total,14,58
ssc,108570,2026,nonscience_examinee_passed,11,53
ssc,108547,2014,science_avg_gpa,3.21,3.08
ssc,108547,2014,nonscience_examinee_total,79,80
ssc,108547,2014,nonscience_examinee_passed,77,78
ssc,108547,2015,nonscience_avg_gpa,4.23,4.06
ssc,108547,2016,nonscience_avg_gpa,4.07,3.94
ssc,108547,2017,nonscience_examinee_total,,105
ssc,108547,2017,nonscience_examinee_passed,,94
ssc,108547,2017,nonscience_avg_gpa,3.83,3.79
ssc,108547,2018,science_avg_gpa,3.54,3.5
ssc,108547,2018,nonscience_examinee_total,164,170
ssc,108547,2018,nonscience_examinee_passed,130,131
ssc,108547,2018,nonscience_avg_gpa,2.76,2.73
ssc,108547,2019,science_avg_gpa,3.79,3.75
ssc,108547,2019,nonscience_examinee_total,142,149
ssc,108547,2019,nonscience_examinee_passed,114,120
ssc,108547,2020,nonscience_examinee_total,,141
ssc,108547,2020,nonscience_examinee_passed,,128
ssc,108547,2021,science_avg_gpa,3.88,3.79
ssc,108547,2021,nonscience_examinee_total,,80
ssc,108547,2021,nonscience_examinee_passed,,78
ssc,108547,2022,nonscience_examinee_total,,56
ssc,108547,2022,nonscience_examinee_passed,,52
ssc,108547,2023,nonscience_examinee_total,,53
ssc,108547,2023,nonscience_examinee_passed,,48
ssc,108547,2023,nonscience_avg_gpa,3.79,3.64
ssc,108547,2024,science_avg_gpa,4.42,4.2
ssc,108547,2024,nonscience_examinee_total,,34
ssc,108547,2024,nonscience_examinee_passed,,33
ssc,108547,2025,nonscience_examinee_total,,17
ssc,108547,2025,nonscience_examinee_passed,,6
ssc,108547,2026,nonscience_examinee_total,,23
ssc,108547,2026,nonscience_examinee_passed,,12
ssc,108540,2012,nonscience_examinee_total,196,197
ssc,108540,2012,nonscience_examinee_passed,193,194
ssc,108540,2012,nonscience_avg_gpa,4.73,4.7
ssc,108540,2013,nonscience_avg_gpa,4.07,4.03
ssc,108540,2014,nonscience_avg_gpa,4.48,4.46
ssc,108540,2018,nonscience_examinee_total,,204
ssc,108540,2018,nonscience_examinee_passed,,188
ssc,108540,2018,nonscience_avg_gpa,3.43,3.4
ssc,108540,2019,nonscience_examinee_total,197,209
ssc,108540,2019,nonscience_examinee_passed,182,194
ssc,108540,2019,nonscience_avg_gpa,3.34,3.27
ssc,108540,2020,nonscience_examinee_total,190,212
ssc,108540,2020,nonscience_examinee_passed,184,206
ssc,108540,2020,nonscience_avg_gpa,3.93,3.86
ssc,108540,2021,nonscience_examinee_total,190,221
ssc,108540,2021,nonscience_examinee_passed,188,218
ssc,108540,2021,nonscience_avg_gpa,3.6,3.58
ssc,108540,2022,nonscience_avg_gpa,4.13,4.11
ssc,108540,2023,science_avg_gpa,4.57,4.55
ssc,108540,2026,nonscience_examinee_total,112,179
ssc,108540,2026,nonscience_examinee_passed,89,135
ssc,131890,2012,nonscience_examinee_total,,30
ssc,131890,2012,nonscience_examinee_passed,,27
ssc,131890,2015,nonscience_examinee_total,,34
ssc,131890,2015,nonscience_examinee_passed,,34
ssc,131890,2018,nonscience_examinee_total,,20
ssc,131890,2018,nonscience_examinee_passed,,20
ssc,131890,2019,nonscience_examinee_total,,16
ssc,131890,2019,nonscience_examinee_passed,,15
ssc,131890,2019,nonscience_avg_gpa,3.38,3.17
ssc,131890,2023,nonscience_examinee_total,,12
ssc,131890,2023,nonscience_examinee_passed,,8
ssc,131890,2024,nonscience_examinee_total,,17
ssc,131890,2024,nonscience_examinee_passed,,9
ssc,131890,2025,nonscience_examinee_total,,22
ssc,131890,2025,nonscience_examinee_passed,,14
ssc,131890,2026,nonscience_examinee_total,,13
ssc,131890,2026,nonscience_examinee_passed,,12
ssc,107845,2011,nonscience_examinee_total,43,47
ssc,107845,2011,nonscience_examinee_passed,43,47
ssc,107845,2013,nonscience_examinee_total,,39
ssc,107845,2013,nonscience_examinee_passed,,35
ssc,107845,2014,nonscience_examinee_total,44,47
ssc,107845,2014,nonscience_examinee_passed,44,47
ssc,107845,2015,nonscience_examinee_total,44,48
ssc,107845,2015,nonscience_examinee_passed,41,45
ssc,107845,2016,nonscience_examinee_total,,56
ssc,107845,2016,nonscience_examinee_passed,,51
ssc,107845,2017,nonscience_examinee_total,,69
ssc,107845,2017,nonscience_examinee_passed,,63
ssc,107845,2018,science_avg_gpa,3.87,3.81
ssc,107845,2018,nonscience_examinee_total,57,58
ssc,107845,2019,nonscience_examinee_total,,47
ssc,107845,2019,nonscience_examinee_passed,,43
ssc,107845,2021,nonscience_examinee_total,54,62
ssc,107845,2021,nonscience_examinee_passed,52,60
ssc,107845,2021,nonscience_avg_gpa,3.83,3.71
ssc,107845,2023,science_avg_gpa,4.83,4.69
ssc,107845,2024,science_avg_gpa,4.86,4.81
ssc,107845,2024,nonscience_examinee_total,26,43
ssc,107845,2024,nonscience_examinee_passed,26,43
ssc,107845,2025,nonscience_examinee_total,,52
ssc,107845,2025,nonscience_examinee_passed,,41
ssc,107845,2026,nonscience_examinee_total,22,61
ssc,107845,2026,nonscience_examinee_passed,17,50
ssc,107845,2026,nonscience_avg_gpa,3.11,3.06
ssc,134526,2016,science_examinee_total,,5
ssc,134526,2016,science_examinee_passed,,4
ssc,134526,2016,nonscience_examinee_total,,3
ssc,134526,2016,nonscience_examinee_passed,,1
ssc,134526,2017,nonscience_examinee_total,,30
ssc,134526,2017,nonscience_examinee_passed,,10
ssc,134526,2017,nonscience_avg_gpa,1.36,1.32
ssc,134526,2018,science_examinee_total,,27
ssc,134526,2018,science_examinee_passed,,26
ssc,134526,2018,nonscience_examinee_total,,42
ssc,134526,2018,nonscience_examinee_passed,,23
ssc,134526,2018,nonscience_avg_gpa,1.91,1.82
ssc,134526,2019,science_examinee_total,,29
ssc,134526,2019,science_examinee_passed,,21
ssc,134526,2019,science_avg_gpa,2.94,2.74
ssc,134526,2019,nonscience_examinee_total,,24
ssc,134526,2019,nonscience_examinee_passed,,9
ssc,134526,2020,nonscience_examinee_total,,20
ssc,134526,2020,nonscience_examinee_passed,,19
ssc,134526,2020,nonscience_avg_gpa,2.81,2.67
ssc,134526,2021,nonscience_examinee_total,,5
ssc,134526,2021,nonscience_examinee_passed,,5
ssc,134526,2022,nonscience_examinee_total,,2
ssc,134526,2022,nonscience_examinee_passed,,2
ssc,134526,2023,nonscience_examinee_total,,1
ssc,134526,2023,nonscience_examinee_passed,,1
ssc,134526,2024,nonscience_examinee_total,,4
ssc,134526,2024,nonscience_examinee_passed,,2
ssc,134526,2025,nonscience_examinee_total,,13
ssc,134526,2025,nonscience_examinee_passed,,8
ssc,134526,2026,science_examinee_total,,40
ssc,134526,2026,science_examinee_passed,,28
ssc,134526,2026,nonscience_examinee_total,,12
ssc,134526,2026,nonscience_examinee_passed,,9
ssc,136256,2018,nonscience_examinee_total,,3
ssc,136256,2018,nonscience_examinee_passed,,2
ssc,136256,2018,nonscience_avg_gpa,3.39,2.26
ssc,136256,2019,science_examinee_total,,8
ssc,136256,2019,science_examinee_passed,,8
ssc,136256,2019,nonscience_examinee_total,,5
ssc,136256,2019,nonscience_examinee_passed,,4
ssc,136256,2020,science_examinee_total,,3
ssc,136256,2020,science_examinee_passed,,3
ssc,136256,2020,nonscience_examinee_total,,8
ssc,136256,2020,nonscience_examinee_passed,,5
ssc,136256,2020,nonscience_avg_gpa,2.66,2.33
ssc,136256,2021,science_avg_gpa,4.06,3.38
ssc,136256,2021,nonscience_examinee_total,17,18
ssc,136256,2021,nonscience_avg_gpa,3.29,2.38
ssc,136256,2022,nonscience_examinee_total,,10
ssc,136256,2022,nonscience_examinee_passed,,6
ssc,136256,2023,nonscience_examinee_total,,11
ssc,136256,2023,nonscience_examinee_passed,,6
ssc,136256,2024,science_avg_gpa,3.25,3.15
ssc,136256,2024,nonscience_examinee_total,,11
ssc,136256,2024,nonscience_examinee_passed,,9
ssc,136256,2025,nonscience_examinee_total,,17
ssc,136256,2025,nonscience_examinee_passed,,12
ssc,136256,2026,science_examinee_total,,28
ssc,136256,2026,science_examinee_passed,,18
ssc,136256,2026,science_avg_gpa,2.32,2.23
ssc,136256,2026,nonscience_examinee_total,,7
ssc,136256,2026,nonscience_examinee_passed,,2
ssc,136256,2026,nonscience_avg_gpa,0.84,0.72
ssc,108572,2015,nonscience_avg_gpa,4.48,4.46
ssc,108572,2017,nonscience_avg_gpa,4.67,4.65
ssc,108572,2018,nonscience_avg_gpa,4.44,4.42
ssc,108572,2022,nonscience_avg_gpa,4.43,4.41
ssc,138424,2026,nonscience_examinee_total,,12
ssc,138424,2026,nonscience_examinee_passed,,5
ssc,108553,2020,nonscience_examinee_total,,19
ssc,108553,2020,nonscience_examinee_passed,,14
ssc,108553,2021,science_examinee_total,,12
ssc,108553,2021,science_examinee_passed,,8
ssc,108553,2021,nonscience_examinee_total,,38
ssc,108553,2021,nonscience_examinee_passed,,35
ssc,108553,2021,nonscience_avg_gpa,3.03,2.95
ssc,108553,2022,science_examinee_total,,9
ssc,108553,2022,science_examinee_passed,,3
ssc,108553,2022,nonscience_examinee_total,,18
ssc,108553,2022,nonscience_examinee_passed,,13
ssc,108553,2023,science_examinee_total,,7
ssc,108553,2023,science_examinee_passed,,5
ssc,108553,2023,nonscience_examinee_total,,31
ssc,108553,2023,nonscience_examinee_passed,,17
ssc,108553,2024,nonscience_examinee_total,,72
ssc,108553,2024,nonscience_examinee_passed,,45
ssc,108553,2024,nonscience_avg_gpa,1.98,1.96
ssc,108553,2025,nonscience_examinee_total,,36
ssc,108553,2025,nonscience_examinee_passed,,20
ssc,108553,2025,nonscience_avg_gpa,1.64,1.6
ssc,108553,2026,nonscience_examinee_total,,58
ssc,108553,2026,nonscience_examinee_passed,,42
ssc,108553,2026,nonscience_avg_gpa,2.29,2.25
ssc,134221,2015,science_examinee_total,,12
ssc,134221,2015,science_examinee_passed,,10
ssc,134221,2015,nonscience_examinee_total,,5
ssc,134221,2015,nonscience_examinee_passed,,4
ssc,134221,2016,nonscience_examinee_total,,5
ssc,134221,2016,nonscience_examinee_passed,,5
ssc,134221,2017,nonscience_examinee_total,,10
ssc,134221,2017,nonscience_examinee_passed,,5
ssc,134221,2018,nonscience_examinee_total,,14
ssc,134221,2018,nonscience_examinee_passed,,13
ssc,134221,2019,science_examinee_total,,31
ssc,134221,2019,science_examinee_passed,,30
ssc,134221,2019,nonscience_examinee_total,,9
ssc,134221,2019,nonscience_examinee_passed,,7
ssc,134221,2020,nonscience_examinee_total,,17
ssc,134221,2020,nonscience_examinee_passed,,14
ssc,134221,2021,nonscience_examinee_total,,18
ssc,134221,2021,nonscience_examinee_passed,,18
ssc,134221,2022,nonscience_examinee_total,,19
ssc,134221,2022,nonscience_examinee_passed,,19
ssc,134221,2023,science_examinee_total,,11
ssc,134221,2023,science_examinee_passed,,11
ssc,134221,2023,nonscience_examinee_total,,5
ssc,134221,2023,nonscience_examinee_passed,,4
ssc,134221,2024,nonscience_examinee_total,,4
ssc,134221,2024,nonscience_examinee_passed,,3
ssc,134221,2025,nonscience_examinee_total,,5
ssc,134221,2025,nonscience_examinee_passed,,3
ssc,134221,2026,science_examinee_total,,19
ssc,134221,2026,science_examinee_passed,,14
ssc,134221,2026,nonscience_examinee_total,,7
ssc,134221,2026,nonscience_examinee_passed,,5
ssc,134006,2017,science_examinee_total,,2
ssc,134006,2017,science_examinee_passed,,2
ssc,134006,2017,nonscience_examinee_total,,9
ssc,134006,2017,nonscience_examinee_passed,,6
ssc,134006,2017,nonscience_avg_gpa,3.2,2.49
ssc,134006,2018,science_examinee_total,,2
ssc,134006,2018,science_avg_gpa,,0.0
ssc,134006,2018,nonscience_examinee_total,,16
ssc,134006,2018,nonscience_examinee_passed,,12
ssc,134006,2019,science_examinee_total,,8
ssc,134006,2019,science_examinee_passed,,7
ssc,134006,2019,nonscience_examinee_total,,32
ssc,134006,2019,nonscience_examinee_passed,,13
ssc,134006,2020,science_avg_gpa,4.16,3.96
ssc,134006,2020,nonscience_examinee_total,,79
ssc,134006,2020,nonscience_examinee_passed,,75
ssc,134006,2020,nonscience_avg_gpa,3.26,3.22
ssc,134006,2021,nonscience_examinee_total,,67
ssc,134006,2021,nonscience_examinee_passed,,61
ssc,134006,2021,nonscience_avg_gpa,3.46,3.31
ssc,134006,2022,nonscience_examinee_total,,16
ssc,134006,2022,nonscience_examinee_passed,,14
ssc,134006,2022,nonscience_avg_gpa,3.64,3.42
ssc,134006,2023,science_examinee_total,,4
ssc,134006,2023,science_examinee_passed,,4
ssc,134006,2023,nonscience_examinee_total,,34
ssc,134006,2023,nonscience_examinee_passed,,33
ssc,134006,2024,science_examinee_total,,29
ssc,134006,2024,science_examinee_passed,,28
ssc,134006,2024,nonscience_examinee_total,,39
ssc,134006,2024,nonscience_examinee_passed,,37
ssc,134006,2025,science_examinee_total,,66
ssc,134006,2025,science_examinee_passed,,59
ssc,134006,2025,science_avg_gpa,3.86,3.68
ssc,134006,2025,nonscience_examinee_total,,81
ssc,134006,2025,nonscience_examinee_passed,,52
ssc,134006,2025,nonscience_avg_gpa,2.36,2.24
ssc,134006,2026,science_examinee_total,,59
ssc,134006,2026,science_examinee_passed,,30
ssc,134006,2026,nonscience_examinee_total,,63
ssc,134006,2026,nonscience_examinee_passed,,33
ssc,134006,2026,nonscience_avg_gpa,1.57,1.55
ssc,108538,2011,nonscience_avg_gpa,4.33,4.3
ssc,108538,2013,science_avg_gpa,4.89,4.87
ssc,108538,2014,nonscience_avg_gpa,4.64,4.58
ssc,108538,2016,nonscience_examinee_total,214,235
ssc,108538,2016,nonscience_examinee_passed,204,225
ssc,108538,2016,nonscience_avg_gpa,4.01,3.99
ssc,108538,2017,nonscience_examinee_total,232,243
ssc,108538,2017,nonscience_examinee_passed,227,236
ssc,108538,2018,nonscience_examinee_total,207,223
ssc,108538,2018,nonscience_examinee_passed,191,206
ssc,108538,2018,nonscience_avg_gpa,3.6,3.58
ssc,108538,2019,science_avg_gpa,4.47,4.44
ssc,108538,2019,nonscience_examinee_total,173,203
ssc,108538,2019,nonscience_examinee_passed,160,189
ssc,108538,2019,nonscience_avg_gpa,3.5,3.46
ssc,108538,2021,nonscience_avg_gpa,3.92,3.86
ssc,108538,2025,science_avg_gpa,3.58,3.55
ssc,108538,2025,nonscience_examinee_total,156,213
ssc,108538,2025,nonscience_examinee_passed,109,135
ssc,108538,2026,nonscience_avg_gpa,2.28,2.26
ssc,131524,2011,nonscience_examinee_total,,11
ssc,131524,2011,nonscience_examinee_passed,,11
ssc,131524,2012,nonscience_examinee_total,,20
ssc,131524,2012,nonscience_examinee_passed,,19
ssc,131524,2013,nonscience_examinee_total,,8
ssc,131524,2013,nonscience_examinee_passed,,8
ssc,131524,2014,science_avg_gpa,3.61,3.54
ssc,131524,2014,nonscience_examinee_total,58,65
ssc,131524,2014,nonscience_examinee_passed,55,62
ssc,131524,2015,nonscience_avg_gpa,4.24,4.18
ssc,131524,2016,science_avg_gpa,4.42,4.23
ssc,131524,2016,nonscience_examinee_total,129,131
ssc,131524,2016,nonscience_examinee_passed,122,123
ssc,131524,2017,nonscience_examinee_total,27,28
ssc,131524,2017,nonscience_examinee_passed,24,25
ssc,131524,2017,nonscience_avg_gpa,3.74,3.6
ssc,131524,2018,nonscience_examinee_total,,45
ssc,131524,2018,nonscience_examinee_passed,,42
ssc,131524,2019,nonscience_examinee_total,,40
ssc,131524,2019,nonscience_examinee_passed,,35
ssc,108495,2011,nonscience_examinee_total,,65
ssc,108495,2011,nonscience_examinee_passed,,64
ssc,108495,2011,nonscience_avg_gpa,3.56,3.5
ssc,108495,2012,nonscience_examinee_total,,51
ssc,108495,2012,nonscience_examinee_passed,,49
ssc,108495,2013,nonscience_examinee_total,,64
ssc,108495,2013,nonscience_examinee_passed,,63
ssc,108495,2014,science_examinee_total,,14
ssc,108495,2014,science_examinee_passed,,11
ssc,108495,2014,nonscience_examinee_total,41,59
ssc,108495,2014,nonscience_examinee_passed,41,54
ssc,108495,2015,nonscience_examinee_total,,53
ssc,108495,2015,nonscience_examinee_passed,,50
ssc,108495,2016,nonscience_examinee_total,,63
ssc,108495,2016,nonscience_examinee_passed,,58
ssc,108495,2017,nonscience_examinee_total,,68
ssc,108495,2017,nonscience_examinee_passed,,62
ssc,108495,2018,nonscience_examinee_total,,95
ssc,108495,2018,nonscience_examinee_passed,,74
ssc,108495,2019,nonscience_examinee_total,,61
ssc,108495,2019,nonscience_examinee_passed,,61
ssc,108495,2020,nonscience_examinee_total,,61
ssc,108495,2020,nonscience_examinee_passed,,58
ssc,108495,2021,nonscience_examinee_total,,75
ssc,108495,2021,nonscience_examinee_passed,,67
ssc,108495,2021,nonscience_avg_gpa,2.86,2.75
ssc,108495,2022,nonscience_examinee_total,,74
ssc,108495,2022,nonscience_examinee_passed,,69
ssc,108495,2022,nonscience_avg_gpa,3.39,3.35
ssc,108495,2023,nonscience_examinee_total,40,85
ssc,108495,2023,nonscience_examinee_passed,37,66
ssc,108495,2024,science_avg_gpa,4.47,4.21
ssc,108495,2024,nonscience_examinee_total,35,64
ssc,108495,2024,nonscience_examinee_passed,28,55
ssc,108495,2024,nonscience_avg_gpa,3.09,3.04
ssc,108495,2025,science_examinee_total,,3
ssc,108495,2025,science_examinee_passed,,3
ssc,108495,2026,science_examinee_total,,13
ssc,108495,2026,science_examinee_passed,,13
ssc,108495,2026,nonscience_examinee_total,36,68
ssc,108495,2026,nonscience_examinee_passed,29,53
ssc,108502,2011,science_examinee_total,,14
ssc,108502,2011,science_examinee_passed,,11
ssc,108502,2011,nonscience_examinee_total,,46
ssc,108502,2011,nonscience_examinee_passed,,43
ssc,108502,2014,nonscience_avg_gpa,3.62,3.41
ssc,108502,2015,nonscience_examinee_total,,44
ssc,108502,2015,nonscience_examinee_passed,,39
ssc,108502,2017,nonscience_examinee_total,,51
ssc,108502,2017,nonscience_examinee_passed,,45
ssc,108502,2018,science_examinee_total,,25
ssc,108502,2018,science_examinee_passed,,25
ssc,108502,2018,nonscience_examinee_total,,62
ssc,108502,2018,nonscience_examinee_passed,,60
ssc,108502,2019,nonscience_examinee_total,,48
ssc,108502,2019,nonscience_examinee_passed,,38
ssc,108502,2020,nonscience_examinee_total,,53
ssc,108502,2020,nonscience_examinee_passed,,49
ssc,108502,2021,science_avg_gpa,4.14,3.96
ssc,108502,2021,nonscience_examinee_total,38,44
ssc,108502,2021,nonscience_examinee_passed,37,42
ssc,108502,2022,nonscience_examinee_total,,39
ssc,108502,2022,nonscience_examinee_passed,,38
ssc,108502,2023,nonscience_examinee_total,,36
ssc,108502,2023,nonscience_examinee_passed,,33
ssc,108502,2025,nonscience_examinee_total,,54
ssc,108502,2025,nonscience_examinee_passed,,44
ssc,108502,2026,nonscience_examinee_total,,42
ssc,108502,2026,nonscience_examinee_passed,,37
ssc,134173,2012,nonscience_examinee_total,,13
ssc,134173,2012,nonscience_examinee_passed,,12
ssc,134173,2013,science_examinee_total,,1
ssc,134173,2013,science_examinee_passed,,1
ssc,134173,2013,nonscience_examinee_total,,14
ssc,134173,2013,nonscience_examinee_passed,,14
ssc,134173,2014,science_examinee_total,,1
ssc,134173,2014,science_examinee_passed,,1
ssc,134173,2014,nonscience_examinee_total,,13
ssc,134173,2014,nonscience_examinee_passed,,13
ssc,134173,2015,science_examinee_total,,5
ssc,134173,2015,science_examinee_passed,,4
ssc,134173,2015,nonscience_examinee_total,,13
ssc,134173,2015,nonscience_examinee_passed,,7
ssc,134173,2016,science_examinee_total,,2
ssc,134173,2016,science_examinee_passed,,2
ssc,134173,2016,nonscience_examinee_total,,23
ssc,134173,2016,nonscience_examinee_passed,,22
ssc,134173,2017,science_examinee_total,,2
ssc,134173,2017,science_examinee_passed,,2
ssc,134173,2017,nonscience_examinee_total,,24
ssc,134173,2017,nonscience_examinee_passed,,23
ssc,134173,2018,nonscience_examinee_total,,21
ssc,134173,2018,nonscience_examinee_passed,,20
ssc,134173,2019,nonscience_examinee_total,,9
ssc,134173,2019,nonscience_examinee_passed,,8
ssc,134173,2020,nonscience_examinee_total,,12
ssc,134173,2020,nonscience_examinee_passed,,12
ssc,134173,2021,science_examinee_total,,6
ssc,134173,2021,science_examinee_passed,,5
ssc,134173,2021,nonscience_examinee_total,,9
ssc,134173,2021,nonscience_examinee_passed,,8
ssc,134173,2022,science_examinee_total,,8
ssc,134173,2022,science_examinee_passed,,8
ssc,134173,2022,nonscience_examinee_total,,12
ssc,134173,2022,nonscience_examinee_passed,,12
ssc,134173,2023,nonscience_examinee_total,,20
ssc,134173,2023,nonscience_examinee_passed,,17
ssc,134173,2023,nonscience_avg_gpa,3.25,3.08
ssc,134173,2024,nonscience_examinee_total,,15
ssc,134173,2024,nonscience_examinee_passed,,15
ssc,134173,2025,science_examinee_total,,5
ssc,134173,2025,science_examinee_passed,,4
ssc,134173,2025,nonscience_examinee_total,,12
ssc,134173,2025,nonscience_examinee_passed,,12
ssc,134173,2026,nonscience_examinee_total,,13
ssc,134173,2026,nonscience_examinee_passed,,10
ssc,108503,2011,nonscience_examinee_total,,100
ssc,108503,2011,nonscience_examinee_passed,,74
ssc,108503,2011,nonscience_avg_gpa,2.49,2.46
ssc,108503,2012,nonscience_examinee_total,89,99
ssc,108503,2012,nonscience_examinee_passed,81,88
ssc,108503,2012,nonscience_avg_gpa,3.21,3.15
ssc,108503,2013,science_examinee_total,,10
ssc,108503,2013,science_examinee_passed,,10
ssc,108503,2013,nonscience_examinee_total,,60
ssc,108503,2013,nonscience_examinee_passed,,51
ssc,108503,2014,nonscience_examinee_total,74,82
ssc,108503,2014,nonscience_examinee_passed,69,73
ssc,108503,2015,science_examinee_total,,12
ssc,108503,2015,science_examinee_passed,,7
ssc,108503,2015,nonscience_examinee_total,,91
ssc,108503,2015,nonscience_examinee_passed,,75
ssc,108503,2016,nonscience_examinee_total,99,102
ssc,108503,2016,nonscience_examinee_passed,83,85
ssc,108503,2016,nonscience_avg_gpa,2.97,2.94
ssc,108503,2017,nonscience_avg_gpa,4.32,4.27
ssc,108503,2018,nonscience_examinee_total,58,67
ssc,108503,2018,nonscience_examinee_passed,54,62
ssc,108503,2019,nonscience_examinee_total,,89
ssc,108503,2019,nonscience_examinee_passed,,62
ssc,108503,2019,nonscience_avg_gpa,2.3,2.28
ssc,108503,2020,science_examinee_total,,14
ssc,108503,2020,science_examinee_passed,,11
ssc,108503,2020,nonscience_examinee_total,,84
ssc,108503,2020,nonscience_examinee_passed,,69
ssc,108503,2021,science_examinee_total,,13
ssc,108503,2021,science_examinee_passed,,13
ssc,108503,2021,nonscience_examinee_total,,99
ssc,108503,2021,nonscience_examinee_passed,,82
ssc,108503,2021,nonscience_avg_gpa,2.88,2.77
ssc,108503,2022,science_examinee_total,,5
ssc,108503,2022,science_examinee_passed,,5
ssc,108503,2022,nonscience_examinee_total,,73
ssc,108503,2022,nonscience_examinee_passed,,56
ssc,108503,2022,nonscience_avg_gpa,2.76,2.61
ssc,108503,2023,science_examinee_total,,11
ssc,108503,2023,science_examinee_passed,,10
ssc,108503,2023,nonscience_examinee_total,69,78
ssc,108503,2023,nonscience_examinee_passed,45,47
ssc,108503,2023,nonscience_avg_gpa,2.05,2.03
ssc,108503,2024,nonscience_examinee_total,,72
ssc,108503,2024,nonscience_examinee_passed,,55
ssc,108503,2025,science_examinee_total,,5
ssc,108503,2025,science_examinee_passed,,2
ssc,108503,2025,nonscience_examinee_total,,48
ssc,108503,2025,nonscience_examinee_passed,,37
ssc,108503,2026,nonscience_examinee_total,40,50
ssc,108503,2026,nonscience_examinee_passed,26,29
ssc,108503,2026,nonscience_avg_gpa,2.26,2.17
ssc,108483,2011,nonscience_examinee_total,,29
ssc,108483,2011,nonscience_examinee_passed,,23
ssc,108483,2012,nonscience_examinee_total,,37
ssc,108483,2012,nonscience_examinee_passed,,35
ssc,108483,2013,science_examinee_total,,1
ssc,108483,2013,science_examinee_passed,,1
ssc,108483,2013,nonscience_examinee_total,,28
ssc,108483,2013,nonscience_examinee_passed,,26
ssc,108483,2014,nonscience_examinee_total,26,38
ssc,108483,2014,nonscience_examinee_passed,23,34
ssc,108483,2015,nonscience_examinee_total,24,31
ssc,108483,2015,nonscience_examinee_passed,23,30
ssc,108483,2016,science_examinee_total,,6
ssc,108483,2016,science_examinee_passed,,6
ssc,108483,2016,nonscience_examinee_total,,31
ssc,108483,2016,nonscience_examinee_passed,,26
ssc,108483,2017,science_examinee_total,,4
ssc,108483,2017,science_examinee_passed,,3
ssc,108483,2017,nonscience_examinee_total,,45
ssc,108483,2017,nonscience_examinee_passed,,35
ssc,108483,2017,nonscience_avg_gpa,2.99,2.92
ssc,108483,2018,nonscience_examinee_total,38,48
ssc,108483,2018,nonscience_examinee_passed,34,42
ssc,108483,2019,science_examinee_total,,3
ssc,108483,2019,science_examinee_passed,,2
ssc,108483,2019,nonscience_examinee_total,,49
ssc,108483,2019,nonscience_examinee_passed,,45
ssc,108483,2020,science_examinee_total,,2
ssc,108483,2020,science_examinee_passed,,2
ssc,108483,2020,nonscience_examinee_total,,47
ssc,108483,2020,nonscience_examinee_passed,,37
ssc,108483,2021,science_examinee_total,,3
ssc,108483,2021,science_examinee_passed,,3
ssc,108483,2021,nonscience_examinee_total,,64
ssc,108483,2021,nonscience_examinee_passed,,61
ssc,108483,2022,nonscience_examinee_total,,45
ssc,108483,2022,nonscience_examinee_passed,,41
ssc,108483,2023,nonscience_examinee_total,,59
ssc,108483,2023,nonscience_examinee_passed,,37
ssc,108483,2023,nonscience_avg_gpa,2.14,2.1
ssc,108483,2024,nonscience_examinee_total,40,76
ssc,108483,2024,nonscience_examinee_passed,37,61
ssc,108483,2024,nonscience_avg_gpa,3.15,3.11
ssc,108483,2025,science_examinee_total,,9
ssc,108483,2025,science_examinee_passed,,8
ssc,108483,2025,nonscience_examinee_total,,71
ssc,108483,2025,nonscience_examinee_passed,,50
ssc,108483,2026,science_examinee_total,,15
ssc,108483,2026,science_examinee_passed,,13
ssc,108483,2026,nonscience_examinee_total,,61
ssc,108483,2026,nonscience_examinee_passed,,47
ssc,108514,2011,nonscience_examinee_total,73,111
ssc,108514,2011,nonscience_examinee_passed,73,110
ssc,108514,2012,nonscience_examinee_total,73,115
ssc,108514,2012,nonscience_examinee_passed,73,115
ssc,108514,2013,nonscience_examinee_total,81,111
ssc,108514,2013,nonscience_examinee_passed,81,110
ssc,108514,2013,nonscience_avg_gpa,3.8,3.77
ssc,108514,2014,nonscience_examinee_total,88,139
ssc,108514,2014,nonscience_examinee_passed,88,138
ssc,108514,2015,nonscience_examinee_total,72,104
ssc,108514,2015,nonscience_examinee_passed,69,94
ssc,108514,2016,nonscience_examinee_total,87,122
ssc,108514,2016,nonscience_examinee_passed,85,112
ssc,108514,2017,science_avg_gpa,4.81,4.73
ssc,108514,2017,nonscience_examinee_total,88,137
ssc,108514,2017,nonscience_examinee_passed,87,132
ssc,108514,2017,nonscience_avg_gpa,4.1,4.07
ssc,108514,2018,nonscience_examinee_total,101,128
ssc,108514,2018,nonscience_examinee_passed,96,119
ssc,108514,2020,nonscience_examinee_total,108,157
ssc,108514,2020,nonscience_examinee_passed,106,147
ssc,108514,2020,nonscience_avg_gpa,3.78,3.73
ssc,108514,2022,nonscience_examinee_total,140,202
ssc,108514,2022,nonscience_examinee_passed,134,195
ssc,108514,2022,nonscience_avg_gpa,4.05,4.03
ssc,108514,2024,science_avg_gpa,4.7,4.66
ssc,108514,2026,science_avg_gpa,4.16,4.13
ssc,108514,2026,nonscience_avg_gpa,3.3,3.27
jsc,108019,2012,nonscience_avg_gpa,3.23,3.21
jsc,108019,2013,nonscience_avg_gpa,3.83,3.72
jsc,108019,2014,nonscience_avg_gpa,3.58,3.53
jsc,108019,2015,nonscience_avg_gpa,4.12,3.98
jsc,108019,2016,nonscience_avg_gpa,4.45,4.42
jsc,108019,2017,nonscience_avg_gpa,4.22,4.05
jsc,108019,2018,nonscience_avg_gpa,3.5,3.43
jsc,108023,2012,nonscience_examinee_total,,176
jsc,108023,2012,nonscience_examinee_passed,,140
jsc,108023,2012,nonscience_avg_gpa,2.51,2.34
jsc,108023,2013,nonscience_avg_gpa,2.87,2.84
jsc,108023,2014,nonscience_avg_gpa,2.8,2.72
jsc,108023,2015,nonscience_avg_gpa,3.3,3.27
jsc,108023,2016,nonscience_avg_gpa,3.47,3.4
jsc,108023,2017,nonscience_avg_gpa,2.83,2.79
jsc,108023,2018,nonscience_examinee_total,,218
jsc,108023,2018,nonscience_examinee_passed,,175
jsc,108023,2018,nonscience_avg_gpa,2.47,2.36
jsc,108023,2019,nonscience_examinee_total,,228
jsc,108023,2019,nonscience_examinee_passed,,187
jsc,108023,2019,nonscience_avg_gpa,2.38,2.34
jsc,108026,2011,nonscience_examinee_total,,28
jsc,108026,2011,nonscience_examinee_passed,,28
jsc,108026,2012,nonscience_examinee_total,,25
jsc,108026,2012,nonscience_examinee_passed,,19
jsc,108026,2012,nonscience_avg_gpa,2.43,2.33
jsc,108026,2014,nonscience_avg_gpa,3.73,3.65
jsc,108026,2016,nonscience_examinee_total,,40
jsc,108026,2016,nonscience_examinee_passed,,38
jsc,108026,2016,nonscience_avg_gpa,3.84,3.65
jsc,108026,2017,nonscience_avg_gpa,3.18,3.13
jsc,108026,2018,nonscience_examinee_total,,66
jsc,108026,2018,nonscience_examinee_passed,,50
jsc,108026,2018,nonscience_avg_gpa,2.14,2.05
jsc,108026,2019,nonscience_examinee_total,,72
jsc,108026,2019,nonscience_examinee_passed,,51
jsc,108026,2019,nonscience_avg_gpa,1.99,1.93
jsc,108543,2012,nonscience_avg_gpa,3.71,3.63
jsc,108543,2013,nonscience_avg_gpa,4.12,4.09
jsc,108543,2014,nonscience_avg_gpa,4.11,4.02
jsc,108543,2015,nonscience_avg_gpa,4.07,3.97
jsc,108543,2016,nonscience_avg_gpa,4.42,4.4
jsc,108543,2017,nonscience_avg_gpa,4.07,4.0
jsc,108543,2018,nonscience_avg_gpa,3.7,3.63
jsc,108543,2019,nonscience_avg_gpa,3.38,3.3
jsc,135273,2012,nonscience_examinee_total,,12
jsc,135273,2012,nonscience_examinee_passed,,12
jsc,135273,2013,nonscience_examinee_total,,12
jsc,135273,2013,nonscience_examinee_passed,,12
jsc,135273,2014,nonscience_examinee_total,,19
jsc,135273,2014,nonscience_examinee_passed,,19
jsc,135273,2015,nonscience_examinee_total,,15
jsc,135273,2015,nonscience_examinee_passed,,15
jsc,135273,2017,nonscience_examinee_total,,20
jsc,135273,2017,nonscience_examinee_passed,,20
jsc,135273,2018,nonscience_examinee_total,,21
jsc,135273,2018,nonscience_examinee_passed,,21
jsc,135273,2019,nonscience_examinee_total,,25
jsc,135273,2019,nonscience_examinee_passed,,25
jsc,108171,2012,nonscience_avg_gpa,3.38,3.22
jsc,108171,2013,nonscience_avg_gpa,3.43,3.37
jsc,108171,2016,nonscience_avg_gpa,3.83,3.73
jsc,108171,2017,nonscience_avg_gpa,3.47,3.43
jsc,108171,2018,nonscience_avg_gpa,2.95,2.79
jsc,108171,2019,nonscience_avg_gpa,3.26,3.02
jsc,107861,2019,nonscience_avg_gpa,4.27,4.23
jsc,107887,2012,nonscience_avg_gpa,4.63,4.53
jsc,107887,2018,nonscience_examinee_total,,68
jsc,107887,2018,nonscience_examinee_passed,,67
jsc,132127,2016,nonscience_avg_gpa,4.92,4.88
jsc,132127,2017,nonscience_avg_gpa,4.89,4.87
jsc,132127,2018,nonscience_avg_gpa,4.63,4.61
jsc,132127,2019,nonscience_avg_gpa,4.71,4.69
jsc,108146,2014,nonscience_avg_gpa,4.63,4.53
jsc,108146,2018,nonscience_avg_gpa,4.41,4.37
jsc,108258,2012,nonscience_avg_gpa,4.92,4.9
jsc,108258,2013,nonscience_avg_gpa,4.99,4.97
jsc,108258,2016,nonscience_avg_gpa,4.99,4.94
jsc,108258,2019,nonscience_avg_gpa,4.94,4.91
jsc,108576,2012,nonscience_avg_gpa,4.04,3.96
jsc,108576,2013,nonscience_avg_gpa,4.39,4.29
jsc,108576,2014,nonscience_avg_gpa,4.52,4.4
jsc,108576,2015,nonscience_avg_gpa,4.57,4.53
jsc,108576,2016,nonscience_avg_gpa,4.67,4.45
jsc,108576,2017,nonscience_avg_gpa,4.19,4.06
jsc,108576,2018,nonscience_avg_gpa,3.49,3.19
jsc,108576,2019,nonscience_avg_gpa,3.43,3.19
jsc,108579,2011,nonscience_examinee_total,,159
jsc,108579,2011,nonscience_examinee_passed,,159
jsc,108579,2012,nonscience_examinee_total,,178
jsc,108579,2012,nonscience_examinee_passed,,169
jsc,108579,2012,nonscience_avg_gpa,3.34,3.21
jsc,108579,2013,nonscience_avg_gpa,2.77,2.62
jsc,108579,2014,nonscience_avg_gpa,3.48,3.37
jsc,108579,2015,nonscience_avg_gpa,3.35,3.25
jsc,108579,2016,nonscience_avg_gpa,4.1,3.91
jsc,108579,2017,nonscience_examinee_total,,99
jsc,108579,2017,nonscience_examinee_passed,,47
jsc,108579,2017,nonscience_avg_gpa,1.61,1.39
jsc,108579,2018,nonscience_examinee_total,,234
jsc,108579,2018,nonscience_examinee_passed,,162
jsc,108579,2018,nonscience_avg_gpa,2.14,1.93
jsc,108579,2019,nonscience_examinee_total,,96
jsc,108579,2019,nonscience_examinee_passed,,72
jsc,108579,2019,nonscience_avg_gpa,2.06,1.91
jsc,108269,2012,nonscience_avg_gpa,2.83,2.77
jsc,108269,2013,nonscience_avg_gpa,4.01,3.92
jsc,108269,2014,nonscience_avg_gpa,4,3.91
jsc,108269,2015,nonscience_avg_gpa,4.19,4.14
jsc,108269,2016,nonscience_avg_gpa,3.7,3.66
jsc,108269,2017,nonscience_avg_gpa,3.33,3.28
jsc,108269,2018,nonscience_avg_gpa,3.1,3.05
jsc,108269,2019,nonscience_examinee_total,,126
jsc,108269,2019,nonscience_examinee_passed,,120
jsc,108269,2019,nonscience_avg_gpa,3.12,3.1
jsc,108575,2011,nonscience_examinee_total,,73
jsc,108575,2011,nonscience_examinee_passed,,73
jsc,108575,2013,nonscience_avg_gpa,3.38,3.31
jsc,108575,2014,nonscience_examinee_total,,69
jsc,108575,2014,nonscience_examinee_passed,,62
jsc,108575,2014,nonscience_avg_gpa,3.74,3.42
jsc,108575,2015,nonscience_avg_gpa,4.24,4.18
jsc,108575,2016,nonscience_avg_gpa,4.04,3.64
jsc,108575,2017,nonscience_avg_gpa,3.27,3.2
jsc,108575,2018,nonscience_examinee_total,,33
jsc,108575,2018,nonscience_examinee_passed,,27
jsc,108575,2018,nonscience_avg_gpa,2.67,2.18
jsc,108575,2019,nonscience_avg_gpa,2.98,2.36
jsc,107961,2012,nonscience_avg_gpa,3.76,3.65
jsc,107961,2013,nonscience_avg_gpa,4.69,4.66
jsc,107961,2014,nonscience_avg_gpa,4.58,4.53
jsc,107961,2015,nonscience_avg_gpa,4.58,4.54
jsc,107961,2016,nonscience_avg_gpa,4.68,4.63
jsc,107961,2017,nonscience_avg_gpa,4.38,4.33
jsc,107961,2018,nonscience_avg_gpa,4.02,3.98
jsc,108279,2012,nonscience_avg_gpa,4.24,4.2
jsc,108279,2013,nonscience_avg_gpa,4.57,4.54
jsc,108279,2014,nonscience_avg_gpa,4.47,4.44
jsc,108279,2015,nonscience_avg_gpa,4.7,4.64
jsc,108279,2017,nonscience_avg_gpa,4.45,4.42
jsc,108279,2018,nonscience_avg_gpa,4.01,3.98
jsc,132367,2012,nonscience_avg_gpa,4.34,4.31
jsc,132367,2016,nonscience_avg_gpa,4.9,4.83
jsc,132367,2017,nonscience_avg_gpa,4.74,4.71
jsc,132367,2019,nonscience_avg_gpa,4.64,4.6
jsc,108338,2011,nonscience_examinee_total,,72
jsc,108338,2011,nonscience_examinee_passed,,72
jsc,108338,2013,nonscience_avg_gpa,4.12,3.69
jsc,108338,2014,nonscience_avg_gpa,3.82,3.71
jsc,108338,2015,nonscience_avg_gpa,4.46,4.4
jsc,108338,2018,nonscience_examinee_total,,113
jsc,108338,2018,nonscience_examinee_passed,,113
jsc,108338,2019,nonscience_avg_gpa,4.27,4.19
jsc,108222,2012,nonscience_avg_gpa,4.5,4.43
jsc,108222,2017,nonscience_avg_gpa,4.77,4.74
jsc,108222,2018,nonscience_avg_gpa,4.03,3.99
jsc,108223,2016,nonscience_avg_gpa,4.87,4.83
jsc,108358,2012,nonscience_avg_gpa,4.83,4.79
jsc,108358,2017,nonscience_avg_gpa,4.92,4.87
jsc,108355,2012,nonscience_avg_gpa,4.84,4.82
jsc,108355,2015,nonscience_avg_gpa,4.95,4.92
jsc,108355,2016,nonscience_avg_gpa,4.94,4.92
jsc,108355,2017,nonscience_avg_gpa,4.89,4.87
jsc,108355,2018,nonscience_avg_gpa,4.75,4.73
jsc,108355,2019,nonscience_avg_gpa,4.74,4.68
jsc,108362,2012,nonscience_avg_gpa,4.24,4.21
jsc,108362,2017,nonscience_avg_gpa,4.69,4.65
jsc,108362,2018,nonscience_avg_gpa,4.03,4.0
jsc,108467,2012,nonscience_avg_gpa,4.1,4.07
jsc,108467,2013,nonscience_avg_gpa,4.37,4.33
jsc,108467,2014,nonscience_avg_gpa,4.08,4.06
jsc,108467,2015,nonscience_avg_gpa,4.24,4.19
jsc,108467,2016,nonscience_avg_gpa,4.46,4.41
jsc,108467,2017,nonscience_avg_gpa,3.89,3.85
jsc,108467,2018,nonscience_avg_gpa,3.78,3.75
jsc,108467,2019,nonscience_avg_gpa,3.69,3.66
jsc,108466,2012,nonscience_avg_gpa,2.98,2.81
jsc,108466,2013,nonscience_avg_gpa,3.7,3.53
jsc,108466,2014,nonscience_avg_gpa,2.73,2.69
jsc,108466,2015,nonscience_avg_gpa,3.09,2.93
jsc,108466,2017,nonscience_avg_gpa,3,2.92
jsc,108466,2018,nonscience_examinee_total,,179
jsc,108466,2018,nonscience_examinee_passed,,140
jsc,108466,2018,nonscience_avg_gpa,2.42,2.22
jsc,108466,2019,nonscience_avg_gpa,2.34,2.19
jsc,108525,2011,nonscience_examinee_total,,104
jsc,108525,2011,nonscience_examinee_passed,,104
jsc,108525,2012,nonscience_examinee_total,,107
jsc,108525,2012,nonscience_examinee_passed,,74
jsc,108525,2012,nonscience_avg_gpa,2.36,1.92
jsc,108525,2013,nonscience_avg_gpa,2.55,2.35
jsc,108525,2014,nonscience_examinee_total,,107
jsc,108525,2014,nonscience_examinee_passed,,65
jsc,108525,2014,nonscience_avg_gpa,2.19,2.01
jsc,108525,2015,nonscience_avg_gpa,2.47,2.36
jsc,108525,2016,nonscience_avg_gpa,3.04,2.98
jsc,108525,2017,nonscience_examinee_total,,142
jsc,108525,2017,nonscience_examinee_passed,,98
jsc,108525,2017,nonscience_avg_gpa,2.29,2.14
jsc,108525,2018,nonscience_examinee_total,,224
jsc,108525,2018,nonscience_examinee_passed,,168
jsc,108525,2018,nonscience_avg_gpa,2.24,2.12
jsc,108525,2019,nonscience_examinee_total,,208
jsc,108525,2019,nonscience_examinee_passed,,123
jsc,108525,2019,nonscience_avg_gpa,1.75,1.67
jsc,108542,2012,nonscience_avg_gpa,3.69,3.63
jsc,108542,2014,nonscience_avg_gpa,4.71,4.61
jsc,108542,2015,nonscience_avg_gpa,4.35,4.26
jsc,108542,2017,nonscience_avg_gpa,4.46,4.36
jsc,108542,2019,nonscience_avg_gpa,4.17,3.88
jsc,108541,2012,nonscience_avg_gpa,4.14,3.8
jsc,108541,2013,nonscience_avg_gpa,3.78,3.51
jsc,108541,2014,nonscience_avg_gpa,3.55,3.22
jsc,108541,2015,nonscience_avg_gpa,4.5,4.32
jsc,108541,2016,nonscience_avg_gpa,4.61,4.39
jsc,108541,2017,nonscience_avg_gpa,4,3.84
jsc,108541,2018,nonscience_avg_gpa,3.69,3.48
jsc,108541,2019,nonscience_avg_gpa,3.7,3.46
jsc,108129,2014,nonscience_avg_gpa,4.35,4.33
jsc,108130,2012,nonscience_avg_gpa,3.76,3.71
jsc,108130,2013,nonscience_avg_gpa,4.29,4.23
jsc,108130,2015,nonscience_avg_gpa,4.4,4.25
jsc,108130,2016,nonscience_avg_gpa,4.37,4.31
jsc,108130,2019,nonscience_avg_gpa,3.95,3.92
jsc,108571,2012,nonscience_avg_gpa,4.04,3.57
jsc,108571,2013,nonscience_avg_gpa,4.14,3.93
jsc,108571,2014,nonscience_avg_gpa,3.9,3.53
jsc,108571,2015,nonscience_avg_gpa,4.21,3.88
jsc,108571,2016,nonscience_avg_gpa,4.23,3.97
jsc,108571,2017,nonscience_avg_gpa,3.61,3.34
jsc,108571,2018,nonscience_avg_gpa,3.38,2.99
jsc,108571,2019,nonscience_avg_gpa,2.66,2.52
jsc,136992,2018,nonscience_avg_gpa,4.2,4.1
jsc,136992,2019,nonscience_avg_gpa,4.29,4.2
jsc,107865,2013,nonscience_avg_gpa,4.4,4.35
jsc,107865,2016,nonscience_avg_gpa,4.7,4.57
jsc,107865,2017,nonscience_avg_gpa,4.56,4.49
jsc,107865,2018,nonscience_avg_gpa,2.83,2.8
jsc,136582,2014,nonscience_avg_gpa,3.92,3.86
jsc,136582,2019,nonscience_avg_gpa,3.06,3.02
jsc,107964,2012,nonscience_avg_gpa,4.51,4.48
jsc,107964,2013,nonscience_avg_gpa,4.84,4.79
jsc,107964,2015,nonscience_avg_gpa,4.66,4.64
jsc,107964,2016,nonscience_avg_gpa,4.67,4.65
jsc,107964,2018,nonscience_avg_gpa,4.24,4.22
jsc,107964,2019,nonscience_avg_gpa,3.82,3.79
jsc,107965,2014,nonscience_avg_gpa,4.56,4.48
jsc,107965,2015,nonscience_avg_gpa,4.64,4.61
jsc,108485,2012,nonscience_avg_gpa,3.52,3.49
jsc,108485,2014,nonscience_avg_gpa,3.87,3.85
jsc,108485,2018,nonscience_examinee_total,,238
jsc,108485,2018,nonscience_examinee_passed,,236
jsc,108485,2018,nonscience_avg_gpa,3.77,3.75
jsc,108038,2012,nonscience_avg_gpa,3.33,3.05
jsc,108038,2013,nonscience_avg_gpa,4.03,3.85
jsc,108038,2014,nonscience_avg_gpa,3.87,3.76
jsc,108038,2015,nonscience_avg_gpa,3.59,3.43
jsc,108038,2016,nonscience_avg_gpa,3.65,3.46
jsc,108038,2017,nonscience_avg_gpa,3.35,3.26
jsc,136503,2015,nonscience_avg_gpa,4.4,4.22
jsc,136503,2016,nonscience_avg_gpa,4.65,4.61
jsc,136503,2017,nonscience_avg_gpa,4.54,4.5
jsc,136503,2018,nonscience_avg_gpa,4,3.95
jsc,136503,2019,nonscience_avg_gpa,3.92,3.9
jsc,132066,2012,nonscience_avg_gpa,3.92,3.88
jsc,132066,2013,nonscience_avg_gpa,4.6,4.51
jsc,132066,2014,nonscience_avg_gpa,4.33,4.29
jsc,132066,2016,nonscience_avg_gpa,4.22,4.19
jsc,132066,2017,nonscience_avg_gpa,4.31,4.27
jsc,132066,2018,nonscience_avg_gpa,3.57,3.55
jsc,132066,2019,nonscience_examinee_total,,134
jsc,132066,2019,nonscience_examinee_passed,,125
jsc,136991,2015,nonscience_examinee_total,,53
jsc,136991,2015,nonscience_examinee_passed,,51
jsc,136991,2018,nonscience_avg_gpa,3.04,3.02
jsc,136991,2019,nonscience_avg_gpa,3.13,3.11
jsc,137730,2019,nonscience_avg_gpa,3.68,3.65
jsc,108376,2015,nonscience_avg_gpa,4.58,4.55
jsc,108488,2012,nonscience_avg_gpa,4.21,4.19
jsc,108488,2013,nonscience_avg_gpa,4.62,4.58
jsc,108488,2014,nonscience_avg_gpa,4.44,4.41
jsc,108488,2015,nonscience_avg_gpa,4.58,4.56
jsc,108488,2016,nonscience_avg_gpa,4.71,4.69
jsc,108488,2017,nonscience_avg_gpa,4.58,4.56
jsc,108124,2013,nonscience_avg_gpa,4.71,4.65
jsc,108124,2014,nonscience_avg_gpa,4.63,4.61
jsc,108124,2016,nonscience_avg_gpa,4.71,4.68
jsc,108124,2019,nonscience_avg_gpa,4.34,4.32
jsc,108163,2011,nonscience_examinee_total,,390
jsc,108163,2011,nonscience_examinee_passed,,390
jsc,108163,2012,nonscience_avg_gpa,2.86,2.79
jsc,108163,2013,nonscience_avg_gpa,3.7,3.52
jsc,108163,2014,nonscience_avg_gpa,3.38,3.34
jsc,108163,2015,nonscience_avg_gpa,3.62,3.58
jsc,108163,2016,nonscience_avg_gpa,4.06,3.99
jsc,108163,2017,nonscience_avg_gpa,3.65,3.63
jsc,108163,2018,nonscience_avg_gpa,3.58,3.54
jsc,132081,2012,nonscience_avg_gpa,4.05,4.03
jsc,132081,2013,nonscience_avg_gpa,4.27,4.21
jsc,132081,2014,nonscience_avg_gpa,3.92,3.86
jsc,132081,2015,nonscience_avg_gpa,4.23,4.2
jsc,132081,2016,nonscience_avg_gpa,3.96,3.92
jsc,132081,2017,nonscience_avg_gpa,3.76,3.71
jsc,132081,2019,nonscience_avg_gpa,2.99,2.95
jsc,108264,2015,nonscience_avg_gpa,4.58,4.41
jsc,108264,2016,nonscience_avg_gpa,4.71,4.55
jsc,108264,2017,nonscience_avg_gpa,4.76,4.72
jsc,108264,2018,nonscience_avg_gpa,4.27,4.25
jsc,108239,2011,nonscience_examinee_total,,39
jsc,108239,2011,nonscience_examinee_passed,,39
jsc,108239,2013,nonscience_avg_gpa,3.05,2.79
jsc,108239,2014,nonscience_avg_gpa,3.57,3.49
jsc,108239,2015,nonscience_examinee_total,,29
jsc,108239,2015,nonscience_examinee_passed,,26
jsc,108239,2016,nonscience_avg_gpa,4.13,3.84
jsc,108239,2017,nonscience_examinee_total,,61
jsc,108239,2017,nonscience_examinee_passed,,49
jsc,108239,2017,nonscience_avg_gpa,2.63,2.59
jsc,108239,2018,nonscience_examinee_total,,44
jsc,108239,2018,nonscience_examinee_passed,,37
jsc,108239,2018,nonscience_avg_gpa,2.42,2.31
jsc,108261,2011,nonscience_examinee_total,,48
jsc,108261,2011,nonscience_examinee_passed,,48
jsc,108261,2012,nonscience_examinee_total,,115
jsc,108261,2012,nonscience_examinee_passed,,80
jsc,108261,2012,nonscience_avg_gpa,2.2,2.03
jsc,108261,2013,nonscience_avg_gpa,3.08,2.8
jsc,108261,2015,nonscience_avg_gpa,3.65,3.56
jsc,108261,2018,nonscience_examinee_total,,66
jsc,108261,2018,nonscience_examinee_passed,,64
jsc,108261,2019,nonscience_examinee_total,,59
jsc,108261,2019,nonscience_examinee_passed,,48
jsc,108261,2019,nonscience_avg_gpa,2.52,2.35
jsc,136993,2018,nonscience_avg_gpa,4.06,4.03
jsc,108232,2012,nonscience_avg_gpa,4.53,4.51
jsc,108232,2014,nonscience_avg_gpa,4.43,4.36
jsc,108232,2015,nonscience_avg_gpa,4.49,4.42
jsc,108232,2016,nonscience_avg_gpa,4.56,4.51
jsc,108232,2017,nonscience_avg_gpa,4.71,4.68
jsc,108232,2018,nonscience_avg_gpa,4,3.97
jsc,108580,2012,nonscience_avg_gpa,4.78,4.76
jsc,108580,2017,nonscience_avg_gpa,4.98,4.96
jsc,108580,2018,nonscience_avg_gpa,4.79,4.77
jsc,132088,2012,nonscience_avg_gpa,4.86,4.84
jsc,132088,2014,nonscience_avg_gpa,4.96,4.94
jsc,132088,2016,nonscience_avg_gpa,4.98,4.94
jsc,107962,2013,nonscience_avg_gpa,4.96,4.92
jsc,108168,2011,nonscience_examinee_total,,316
jsc,108168,2011,nonscience_examinee_passed,,316
jsc,108168,2012,nonscience_avg_gpa,2.39,1.93
jsc,108168,2013,nonscience_avg_gpa,3.69,3.15
jsc,108168,2014,nonscience_avg_gpa,3.47,3.01
jsc,108168,2015,nonscience_avg_gpa,3.51,2.96
jsc,108168,2016,nonscience_avg_gpa,3.72,3.48
jsc,108168,2017,nonscience_avg_gpa,3.34,3.2
jsc,108168,2018,nonscience_avg_gpa,2.62,2.45
jsc,108168,2019,nonscience_avg_gpa,2.81,2.56
jsc,136583,2015,nonscience_avg_gpa,4.5,4.42
jsc,136583,2016,nonscience_avg_gpa,4.54,4.48
jsc,136583,2017,nonscience_avg_gpa,4.58,4.49
jsc,136583,2018,nonscience_avg_gpa,4.1,4.07
jsc,108268,2011,nonscience_examinee_total,,21
jsc,108268,2011,nonscience_examinee_passed,,21
jsc,108268,2012,nonscience_examinee_total,,10
jsc,108268,2012,nonscience_examinee_passed,,10
jsc,108268,2013,nonscience_examinee_total,,10
jsc,108268,2013,nonscience_examinee_passed,,10
jsc,108268,2014,nonscience_examinee_total,,15
jsc,108268,2014,nonscience_examinee_passed,,15
jsc,108268,2015,nonscience_examinee_total,,21
jsc,108268,2015,nonscience_examinee_passed,,20
jsc,108268,2015,nonscience_avg_gpa,4.46,4.24
jsc,108268,2017,nonscience_examinee_total,,21
jsc,108268,2017,nonscience_examinee_passed,,21
jsc,108268,2018,nonscience_examinee_total,,33
jsc,108268,2018,nonscience_examinee_passed,,32
jsc,108268,2019,nonscience_examinee_total,,21
jsc,108268,2019,nonscience_examinee_passed,,21
jsc,132200,2012,nonscience_avg_gpa,4.13,3.85
jsc,132200,2013,nonscience_avg_gpa,4.13,4.09
jsc,132200,2014,nonscience_avg_gpa,4,3.88
jsc,132200,2015,nonscience_avg_gpa,4.28,4.2
jsc,132200,2016,nonscience_avg_gpa,4.17,3.93
jsc,132200,2017,nonscience_avg_gpa,3.91,3.87
jsc,132200,2018,nonscience_avg_gpa,3.26,3.18
jsc,108185,2012,nonscience_avg_gpa,4.07,4.02
jsc,108185,2013,nonscience_avg_gpa,4.45,4.37
jsc,108185,2014,nonscience_avg_gpa,4.1,4.08
jsc,108185,2017,nonscience_avg_gpa,4.43,4.41
jsc,108185,2019,nonscience_avg_gpa,3.83,3.81
jsc,107960,2014,nonscience_avg_gpa,4.63,4.61
jsc,108519,2012,nonscience_avg_gpa,3.61,3.53
jsc,108519,2013,nonscience_avg_gpa,4.1,3.97
jsc,108519,2015,nonscience_avg_gpa,3.91,3.86
jsc,108519,2016,nonscience_avg_gpa,3.97,3.95
jsc,108519,2017,nonscience_avg_gpa,3.43,3.41
jsc,108519,2018,nonscience_avg_gpa,3.4,3.36
jsc,108519,2019,nonscience_examinee_total,,238
jsc,108519,2019,nonscience_examinee_passed,,227
jsc,108241,2012,nonscience_avg_gpa,4.32,4.3
jsc,108241,2016,nonscience_avg_gpa,4.74,4.72
jsc,108518,2019,nonscience_avg_gpa,4.35,4.31
jsc,108492,2019,nonscience_avg_gpa,4.08,4.02
jsc,108486,2011,nonscience_examinee_total,,65
jsc,108486,2011,nonscience_examinee_passed,,65
jsc,108486,2012,nonscience_avg_gpa,3.37,3.33
jsc,108486,2014,nonscience_avg_gpa,3.96,3.92
jsc,108486,2018,nonscience_examinee_total,,77
jsc,108486,2018,nonscience_examinee_passed,,76
jsc,108504,2012,nonscience_avg_gpa,4.41,4.34
jsc,108504,2013,nonscience_avg_gpa,4.79,4.77
jsc,108504,2016,nonscience_avg_gpa,4.78,4.75
jsc,108516,2018,nonscience_avg_gpa,4.32,4.3
jsc,108516,2019,nonscience_avg_gpa,4.28,4.26
jsc,108520,2015,nonscience_avg_gpa,4.79,4.77
jsc,108520,2016,nonscience_avg_gpa,4.83,4.81
jsc,108520,2018,nonscience_avg_gpa,4.36,4.34
jsc,108522,2013,nonscience_avg_gpa,4.38,4.36
jsc,108522,2015,nonscience_avg_gpa,4.2,4.16
jsc,108522,2016,nonscience_avg_gpa,4.62,4.6
jsc,108522,2017,nonscience_avg_gpa,4.42,4.35
jsc,108522,2018,nonscience_avg_gpa,4.12,4.03
jsc,108522,2019,nonscience_avg_gpa,4.27,4.21
jsc,108526,2011,nonscience_examinee_total,,126
jsc,108526,2011,nonscience_examinee_passed,,125
jsc,108526,2012,nonscience_examinee_total,,172
jsc,108526,2012,nonscience_examinee_passed,,99
jsc,108526,2012,nonscience_avg_gpa,2.2,1.74
jsc,108526,2013,nonscience_avg_gpa,2.68,2.21
jsc,108526,2014,nonscience_examinee_total,,200
jsc,108526,2014,nonscience_examinee_passed,,114
jsc,108526,2014,nonscience_avg_gpa,2.34,1.99
jsc,108526,2015,nonscience_avg_gpa,2.93,2.62
jsc,108526,2016,nonscience_avg_gpa,3.09,2.7
jsc,108526,2017,nonscience_avg_gpa,2.59,2.34
jsc,108526,2018,nonscience_examinee_total,,88
jsc,108526,2018,nonscience_examinee_passed,,73
jsc,108526,2018,nonscience_avg_gpa,2.47,2.33
jsc,108526,2019,nonscience_examinee_total,,65
jsc,108526,2019,nonscience_examinee_passed,,44
jsc,108526,2019,nonscience_avg_gpa,1.71,1.63
jsc,137729,2016,nonscience_avg_gpa,4.86,4.78
jsc,108487,2011,nonscience_examinee_total,,189
jsc,108487,2011,nonscience_examinee_passed,,189
jsc,108487,2012,nonscience_examinee_total,,150
jsc,108487,2012,nonscience_examinee_passed,,142
jsc,108487,2012,nonscience_avg_gpa,3.02,2.96
jsc,108487,2013,nonscience_avg_gpa,3.72,3.61
jsc,108487,2014,nonscience_examinee_total,,204
jsc,108487,2014,nonscience_examinee_passed,,180
jsc,108487,2014,nonscience_avg_gpa,2.9,2.84
jsc,108487,2015,nonscience_avg_gpa,3.63,3.57
jsc,108487,2016,nonscience_avg_gpa,3.65,3.58
jsc,108487,2017,nonscience_avg_gpa,3.72,3.64
jsc,108487,2018,nonscience_examinee_total,,200
jsc,108487,2018,nonscience_examinee_passed,,191
jsc,108487,2019,nonscience_avg_gpa,2.72,2.67
jsc,107843,2015,nonscience_avg_gpa,4.95,4.93
jsc,107843,2016,nonscience_avg_gpa,4.97,4.94
jsc,107843,2019,nonscience_avg_gpa,4.76,4.74
jsc,107849,2013,nonscience_avg_gpa,4.48,4.45
jsc,107849,2014,nonscience_avg_gpa,4.41,4.39
jsc,107849,2016,nonscience_avg_gpa,4.56,4.54
jsc,107849,2018,nonscience_avg_gpa,4.16,4.12
jsc,107849,2019,nonscience_avg_gpa,3.74,3.71
jsc,107859,2014,nonscience_avg_gpa,4.69,4.67
jsc,107859,2015,nonscience_avg_gpa,4.78,4.63
jsc,107859,2016,nonscience_avg_gpa,4.9,4.67
jsc,107859,2017,nonscience_avg_gpa,4.87,4.74
jsc,107859,2018,nonscience_avg_gpa,4.58,4.47
jsc,107859,2019,nonscience_avg_gpa,4.76,4.56
jsc,107860,2011,nonscience_examinee_total,,117
jsc,107860,2011,nonscience_examinee_passed,,117
jsc,107860,2012,nonscience_examinee_total,,153
jsc,107860,2012,nonscience_examinee_passed,,122
jsc,107860,2012,nonscience_avg_gpa,2.75,2.54
jsc,107860,2013,nonscience_avg_gpa,3.75,3.42
jsc,107860,2014,nonscience_avg_gpa,3.81,3.62
jsc,107860,2015,nonscience_examinee_total,,133
jsc,107860,2015,nonscience_examinee_passed,,106
jsc,107860,2015,nonscience_avg_gpa,3.52,3.2
jsc,107860,2016,nonscience_avg_gpa,3.72,3.21
jsc,107860,2017,nonscience_avg_gpa,3.66,3.48
jsc,107860,2018,nonscience_examinee_total,,77
jsc,107860,2018,nonscience_examinee_passed,,70
jsc,107860,2018,nonscience_avg_gpa,3.41,3.24
jsc,107860,2019,nonscience_examinee_total,,69
jsc,107860,2019,nonscience_examinee_passed,,66
jsc,107860,2019,nonscience_avg_gpa,3.33,3.29
jsc,138186,2019,nonscience_avg_gpa,4.86,4.71
jsc,133937,2012,nonscience_avg_gpa,4.86,4.57
jsc,133937,2013,nonscience_avg_gpa,4.98,4.92
jsc,133937,2015,nonscience_avg_gpa,4.97,4.93
jsc,133937,2016,nonscience_avg_gpa,4.93,4.87
jsc,133937,2018,nonscience_avg_gpa,4.76,4.66
jsc,133937,2019,nonscience_avg_gpa,4.79,4.75
jsc,133988,2013,nonscience_avg_gpa,4.96,4.76
jsc,133988,2015,nonscience_avg_gpa,4.99,4.86
jsc,133988,2019,nonscience_avg_gpa,4.67,4.51
jsc,132090,2015,nonscience_avg_gpa,4.99,4.95
jsc,132090,2018,nonscience_avg_gpa,4.7,4.6
jsc,107848,2012,nonscience_avg_gpa,3.91,3.86
jsc,107848,2013,nonscience_avg_gpa,4.42,4.4
jsc,107848,2014,nonscience_avg_gpa,4.47,4.45
jsc,107848,2015,nonscience_avg_gpa,4.3,4.28
jsc,107848,2017,nonscience_avg_gpa,4.33,4.29
jsc,107854,2013,nonscience_avg_gpa,4.73,4.68
jsc,107854,2014,nonscience_avg_gpa,4.55,4.45
jsc,107854,2015,nonscience_avg_gpa,4.53,4.47
jsc,107854,2018,nonscience_avg_gpa,4.29,4.22
jsc,107854,2019,nonscience_avg_gpa,4.44,4.42
jsc,132143,2012,nonscience_avg_gpa,4.83,4.79
jsc,132143,2014,nonscience_avg_gpa,4.92,4.88
jsc,132143,2016,nonscience_avg_gpa,4.96,4.94
jsc,132143,2017,nonscience_avg_gpa,4.95,4.93
jsc,132143,2018,nonscience_avg_gpa,4.81,4.79
jsc,132143,2019,nonscience_avg_gpa,4.74,4.72
jsc,107850,2016,nonscience_avg_gpa,4.69,4.67
jsc,107850,2017,nonscience_avg_gpa,4.66,4.64
jsc,107858,2016,nonscience_avg_gpa,4.85,4.81
jsc,107858,2018,nonscience_avg_gpa,4.62,4.58
jsc,107858,2019,nonscience_avg_gpa,4.47,4.43
jsc,108046,2012,nonscience_avg_gpa,3.22,3.12
jsc,108046,2013,nonscience_avg_gpa,3.83,3.72
jsc,108046,2014,nonscience_avg_gpa,3.98,3.9
jsc,108046,2015,nonscience_avg_gpa,3.61,3.52
jsc,108046,2016,nonscience_avg_gpa,3.71,3.64
jsc,108046,2017,nonscience_avg_gpa,3.25,3.14
jsc,108046,2018,nonscience_examinee_total,,306
jsc,108046,2018,nonscience_examinee_passed,,251
jsc,108046,2018,nonscience_avg_gpa,2.73,2.58
jsc,108046,2019,nonscience_avg_gpa,2.62,2.6
jsc,107846,2012,nonscience_avg_gpa,3.94,3.86
jsc,107846,2016,nonscience_avg_gpa,4.61,4.55
jsc,107846,2017,nonscience_avg_gpa,4.57,4.53
jsc,108161,2019,nonscience_avg_gpa,4.71,4.69
jsc,136788,2015,nonscience_avg_gpa,4.94,4.81
jsc,136788,2017,nonscience_avg_gpa,4.94,4.91
jsc,136788,2018,nonscience_avg_gpa,4.71,4.69
jsc,136788,2019,nonscience_avg_gpa,4.79,4.69
jsc,108162,2016,nonscience_avg_gpa,4.87,4.85
jsc,108162,2017,nonscience_avg_gpa,4.75,4.73
jsc,108162,2019,nonscience_avg_gpa,4.48,4.46
jsc,108332,2011,nonscience_examinee_total,,40
jsc,108332,2011,nonscience_examinee_passed,,40
jsc,108332,2012,nonscience_examinee_total,,21
jsc,108332,2012,nonscience_examinee_passed,,21
jsc,108332,2014,nonscience_examinee_total,,57
jsc,108332,2014,nonscience_examinee_passed,,57
jsc,108332,2015,nonscience_avg_gpa,3.95,3.86
jsc,108332,2016,nonscience_examinee_total,,55
jsc,108332,2016,nonscience_examinee_passed,,50
jsc,108332,2016,nonscience_avg_gpa,3.64,3.57
jsc,108332,2018,nonscience_examinee_total,,53
jsc,108332,2018,nonscience_examinee_passed,,47
jsc,108332,2018,nonscience_avg_gpa,3.27,3.15
jsc,108332,2019,nonscience_examinee_total,,56
jsc,108332,2019,nonscience_examinee_passed,,56
jsc,107984,2012,nonscience_avg_gpa,4.88,4.85
jsc,107984,2017,nonscience_avg_gpa,4.91,4.89
jsc,108215,2017,nonscience_avg_gpa,4.73,4.6
jsc,108259,2012,nonscience_avg_gpa,4.95,4.89
jsc,108259,2013,nonscience_avg_gpa,4.98,4.96
jsc,108259,2014,nonscience_avg_gpa,4.98,4.95
jsc,108259,2015,nonscience_avg_gpa,4.98,4.92
jsc,108259,2019,nonscience_avg_gpa,4.78,4.75
jsc,108497,2012,nonscience_avg_gpa,4.65,4.63
jsc,108497,2014,nonscience_avg_gpa,4.85,4.79
jsc,108497,2015,nonscience_avg_gpa,4.92,4.9
jsc,108489,2013,nonscience_avg_gpa,4.83,4.81
jsc,108489,2015,nonscience_avg_gpa,4.71,4.69
jsc,130757,2013,nonscience_avg_gpa,4.97,4.95
jsc,130757,2017,nonscience_avg_gpa,4.98,4.93
jsc,130757,2019,nonscience_avg_gpa,4.9,4.85
jsc,108240,2011,nonscience_examinee_total,,54
jsc,108240,2011,nonscience_examinee_passed,,54
jsc,108240,2012,nonscience_examinee_total,,56
jsc,108240,2012,nonscience_examinee_passed,,38
jsc,108240,2012,nonscience_avg_gpa,2.44,2.18
jsc,108240,2014,nonscience_examinee_total,,51
jsc,108240,2014,nonscience_examinee_passed,,40
jsc,108240,2014,nonscience_avg_gpa,2.75,2.64
jsc,108240,2015,nonscience_examinee_total,,48
jsc,108240,2015,nonscience_examinee_passed,,37
jsc,108240,2015,nonscience_avg_gpa,2.85,2.73
jsc,108240,2016,nonscience_avg_gpa,3.04,2.72
jsc,108240,2017,nonscience_avg_gpa,2.12,2.04
jsc,108240,2018,nonscience_examinee_total,,57
jsc,108240,2018,nonscience_examinee_passed,,50
jsc,108240,2018,nonscience_avg_gpa,2.75,2.61
jsc,108240,2019,nonscience_examinee_total,,67
jsc,108240,2019,nonscience_examinee_passed,,56
jsc,108240,2019,nonscience_avg_gpa,2.16,2.09
jsc,108041,2011,nonscience_examinee_total,,453
jsc,108041,2011,nonscience_examinee_passed,,453
jsc,108041,2012,nonscience_examinee_total,,255
jsc,108041,2012,nonscience_examinee_passed,,179
jsc,108041,2012,nonscience_avg_gpa,2.14,1.98
jsc,108041,2013,nonscience_avg_gpa,2.73,2.6
jsc,108041,2014,nonscience_avg_gpa,2.94,2.74
jsc,108041,2015,nonscience_avg_gpa,2.67,2.53
jsc,108041,2016,nonscience_avg_gpa,2.66,2.62
jsc,108041,2017,nonscience_avg_gpa,3,2.9
jsc,108041,2018,nonscience_examinee_total,,105
jsc,108041,2018,nonscience_examinee_passed,,95
jsc,108041,2018,nonscience_avg_gpa,2.71,2.63
jsc,108041,2019,nonscience_examinee_total,,96
jsc,108041,2019,nonscience_examinee_passed,,83
jsc,108229,2011,nonscience_examinee_total,,44
jsc,108229,2011,nonscience_examinee_passed,,44
jsc,108229,2012,nonscience_examinee_total,,21
jsc,108229,2012,nonscience_examinee_passed,,18
jsc,108229,2012,nonscience_avg_gpa,2.63,2.51
jsc,108229,2013,nonscience_examinee_total,,54
jsc,108229,2013,nonscience_examinee_passed,,43
jsc,108229,2013,nonscience_avg_gpa,3.04,2.82
jsc,108229,2014,nonscience_examinee_total,,50
jsc,108229,2014,nonscience_examinee_passed,,31
jsc,108229,2014,nonscience_avg_gpa,2.05,2.01
jsc,108229,2015,nonscience_avg_gpa,3.56,3.43
jsc,108229,2016,nonscience_avg_gpa,3.15,3.04
jsc,108229,2017,nonscience_examinee_total,,89
jsc,108229,2017,nonscience_examinee_passed,,64
jsc,108229,2017,nonscience_avg_gpa,2.78,2.53
jsc,108229,2018,nonscience_avg_gpa,2.72,2.46
jsc,108229,2019,nonscience_examinee_total,,143
jsc,108229,2019,nonscience_examinee_passed,,125
jsc,108229,2019,nonscience_avg_gpa,2.73,2.58
jsc,134550,2011,nonscience_examinee_total,,3
jsc,134550,2011,nonscience_examinee_passed,,3
jsc,134550,2012,nonscience_examinee_total,,5
jsc,134550,2012,nonscience_examinee_passed,,5
jsc,134550,2013,nonscience_avg_gpa,3.87,3.65
jsc,134550,2014,nonscience_avg_gpa,2.98,2.7
jsc,134550,2015,nonscience_avg_gpa,3.3,3.0
jsc,134550,2016,nonscience_avg_gpa,3.79,3.57
jsc,134550,2017,nonscience_avg_gpa,2.98,2.65
jsc,134550,2018,nonscience_avg_gpa,2.69,2.46
jsc,134550,2019,nonscience_avg_gpa,2.44,2.25
jsc,130560,2014,nonscience_avg_gpa,4.31,4.2
jsc,130560,2018,nonscience_avg_gpa,3.56,3.52
jsc,108015,2011,nonscience_examinee_total,,154
jsc,108015,2011,nonscience_examinee_passed,,154
jsc,108015,2012,nonscience_examinee_total,,119
jsc,108015,2012,nonscience_examinee_passed,,99
jsc,108015,2012,nonscience_avg_gpa,2.99,2.74
jsc,108015,2013,nonscience_avg_gpa,3.98,3.85
jsc,108015,2014,nonscience_examinee_total,,60
jsc,108015,2014,nonscience_examinee_passed,,39
jsc,108015,2015,nonscience_avg_gpa,3.83,3.78
jsc,108015,2016,nonscience_examinee_total,,51
jsc,108015,2016,nonscience_examinee_passed,,46
jsc,108015,2016,nonscience_avg_gpa,3.34,3.21
jsc,108015,2017,nonscience_avg_gpa,3.56,3.48
jsc,108015,2018,nonscience_examinee_total,,44
jsc,108015,2018,nonscience_examinee_passed,,35
jsc,108015,2019,nonscience_examinee_total,,44
jsc,108015,2019,nonscience_examinee_passed,,39
jsc,108015,2019,nonscience_avg_gpa,2.84,2.64
jsc,136733,2014,nonscience_avg_gpa,3.46,3.03
jsc,136733,2015,nonscience_avg_gpa,4.08,3.88
jsc,136733,2016,nonscience_avg_gpa,3.86,3.7
jsc,136733,2017,nonscience_avg_gpa,3.48,3.21
jsc,136733,2018,nonscience_avg_gpa,2.65,2.37
jsc,136733,2019,nonscience_examinee_total,,87
jsc,136733,2019,nonscience_examinee_passed,,70
jsc,136733,2019,nonscience_avg_gpa,2.72,2.5
jsc,108022,2011,nonscience_examinee_total,,105
jsc,108022,2011,nonscience_examinee_passed,,105
jsc,108022,2012,nonscience_examinee_total,,99
jsc,108022,2012,nonscience_examinee_passed,,74
jsc,108022,2012,nonscience_avg_gpa,2.44,2.1
jsc,108022,2013,nonscience_avg_gpa,3.61,3.38
jsc,108022,2014,nonscience_avg_gpa,2.71,2.55
jsc,108022,2015,nonscience_avg_gpa,3.43,3.38
jsc,108022,2016,nonscience_avg_gpa,4.06,4.0
jsc,108022,2017,nonscience_avg_gpa,4.12,4.03
jsc,108022,2018,nonscience_avg_gpa,3.36,3.26
jsc,108022,2019,nonscience_avg_gpa,3.01,2.89
jsc,107841,2012,nonscience_avg_gpa,3.52,3.45
jsc,107841,2013,nonscience_avg_gpa,4.01,3.96
jsc,107841,2014,nonscience_avg_gpa,3.78,3.72
jsc,107841,2015,nonscience_avg_gpa,4.13,4.11
jsc,107841,2016,nonscience_avg_gpa,4.31,4.23
jsc,107841,2017,nonscience_avg_gpa,4.2,4.15
jsc,107841,2018,nonscience_avg_gpa,3.59,3.55
jsc,107841,2019,nonscience_avg_gpa,3.18,3.14
jsc,107825,2011,nonscience_examinee_total,,98
jsc,107825,2011,nonscience_examinee_passed,,98
jsc,107825,2012,nonscience_examinee_total,,81
jsc,107825,2012,nonscience_examinee_passed,,55
jsc,107825,2012,nonscience_avg_gpa,2.29,2.0
jsc,107825,2013,nonscience_avg_gpa,3.47,3.04
jsc,107825,2017,nonscience_avg_gpa,4.24,4.02
jsc,107825,2018,nonscience_avg_gpa,3.95,3.91
jsc,107825,2019,nonscience_avg_gpa,3.74,3.7
jsc,107822,2011,nonscience_examinee_total,,165
jsc,107822,2011,nonscience_examinee_passed,,165
jsc,107822,2012,nonscience_avg_gpa,2.72,2.47
jsc,107822,2013,nonscience_avg_gpa,3.33,3.04
jsc,107822,2014,nonscience_examinee_total,,96
jsc,107822,2014,nonscience_examinee_passed,,67
jsc,107822,2014,nonscience_avg_gpa,2.47,2.42
jsc,107822,2016,nonscience_avg_gpa,3.13,2.94
jsc,107822,2017,nonscience_avg_gpa,3.81,3.78
jsc,107822,2018,nonscience_avg_gpa,3.18,3.1
jsc,107822,2019,nonscience_avg_gpa,3.14,3.12
jsc,137003,2015,nonscience_avg_gpa,3.3,3.13
jsc,137003,2016,nonscience_avg_gpa,3.05,2.93
jsc,137003,2017,nonscience_avg_gpa,2.44,2.31
jsc,137003,2018,nonscience_avg_gpa,2.25,2.12
jsc,137003,2019,nonscience_examinee_total,,483
jsc,137003,2019,nonscience_examinee_passed,,330
jsc,137003,2019,nonscience_avg_gpa,2.05,1.92
jsc,107826,2012,nonscience_examinee_total,,136
jsc,107826,2012,nonscience_examinee_passed,,113
jsc,107826,2017,nonscience_avg_gpa,4.02,3.98
jsc,107826,2018,nonscience_examinee_total,,98
jsc,107826,2018,nonscience_examinee_passed,,84
jsc,107826,2019,nonscience_examinee_total,,109
jsc,107826,2019,nonscience_examinee_passed,,102
jsc,107826,2019,nonscience_avg_gpa,2.67,2.64
jsc,132140,2016,nonscience_avg_gpa,4.51,4.45
jsc,132140,2017,nonscience_avg_gpa,4.47,4.44
jsc,132140,2019,nonscience_avg_gpa,4.1,4.04
jsc,108017,2012,nonscience_examinee_total,,221
jsc,108017,2012,nonscience_examinee_passed,,204
jsc,108017,2012,nonscience_avg_gpa,3.33,3.24
jsc,108017,2013,nonscience_avg_gpa,4,3.93
jsc,108017,2014,nonscience_avg_gpa,3.56,3.49
jsc,108017,2015,nonscience_avg_gpa,4.08,3.96
jsc,108017,2017,nonscience_avg_gpa,3.35,3.24
jsc,108017,2018,nonscience_avg_gpa,2.97,2.94
jsc,108017,2019,nonscience_avg_gpa,2.81,2.78
jsc,136800,2016,nonscience_avg_gpa,4.49,4.43
jsc,136800,2017,nonscience_avg_gpa,4.11,4.01
jsc,136800,2018,nonscience_examinee_total,,106
jsc,136800,2018,nonscience_examinee_passed,,99
jsc,136800,2018,nonscience_avg_gpa,3.56,3.42
jsc,136800,2019,nonscience_avg_gpa,3.12,3.07
jsc,136913,2015,nonscience_avg_gpa,4.08,3.83
jsc,136913,2016,nonscience_avg_gpa,3.58,3.43
jsc,136913,2017,nonscience_avg_gpa,3.49,3.31
jsc,136913,2018,nonscience_avg_gpa,2.59,2.53
jsc,136913,2019,nonscience_avg_gpa,2.5,2.4
jsc,107821,2011,nonscience_examinee_total,,137
jsc,107821,2011,nonscience_examinee_passed,,137
jsc,107821,2012,nonscience_avg_gpa,2.85,2.82
jsc,107821,2015,nonscience_avg_gpa,4.07,4.04
jsc,107821,2016,nonscience_avg_gpa,4.02,3.98
jsc,107821,2017,nonscience_avg_gpa,3.84,3.69
jsc,107821,2018,nonscience_examinee_total,,139
jsc,107821,2018,nonscience_examinee_passed,,132
jsc,107821,2019,nonscience_avg_gpa,3.01,2.99
jsc,108021,2011,nonscience_examinee_total,,113
jsc,108021,2011,nonscience_examinee_passed,,113
jsc,108021,2012,nonscience_avg_gpa,3.6,3.57
jsc,108021,2015,nonscience_avg_gpa,4.45,4.42
jsc,108021,2016,nonscience_avg_gpa,4.08,4.04
jsc,108021,2017,nonscience_avg_gpa,3.87,3.84
jsc,108021,2018,nonscience_avg_gpa,3.39,3.33
jsc,130910,2012,nonscience_avg_gpa,4.05,4.01
jsc,130910,2014,nonscience_avg_gpa,4.39,4.36
jsc,130910,2016,nonscience_avg_gpa,4.72,4.68
jsc,130910,2018,nonscience_avg_gpa,4.21,4.17
jsc,108266,2012,nonscience_examinee_total,,436
jsc,108266,2012,nonscience_examinee_passed,,320
jsc,108266,2012,nonscience_avg_gpa,2.21,1.94
jsc,108266,2013,nonscience_avg_gpa,2.97,2.69
jsc,108266,2014,nonscience_examinee_total,,314
jsc,108266,2014,nonscience_examinee_passed,,209
jsc,108266,2014,nonscience_avg_gpa,2.25,2.02
jsc,108266,2015,nonscience_examinee_total,,308
jsc,108266,2015,nonscience_examinee_passed,,272
jsc,108266,2015,nonscience_avg_gpa,3.34,3.1
jsc,108266,2016,nonscience_avg_gpa,3.98,3.57
jsc,108266,2017,nonscience_avg_gpa,2.31,2.12
jsc,108266,2018,nonscience_examinee_total,,298
jsc,108266,2018,nonscience_examinee_passed,,215
jsc,108266,2018,nonscience_avg_gpa,2.22,2.02
jsc,108266,2019,nonscience_examinee_total,,259
jsc,108266,2019,nonscience_examinee_passed,,146
jsc,108266,2019,nonscience_avg_gpa,1.66,1.55
jsc,108020,2011,nonscience_examinee_total,,239
jsc,108020,2011,nonscience_examinee_passed,,239
jsc,108020,2012,nonscience_avg_gpa,1.95,1.77
jsc,108020,2013,nonscience_avg_gpa,2.03,1.87
jsc,108020,2014,nonscience_avg_gpa,2.42,2.26
jsc,108020,2015,nonscience_avg_gpa,2.95,2.85
jsc,108020,2016,nonscience_avg_gpa,2.92,2.69
jsc,108020,2017,nonscience_examinee_total,,254
jsc,108020,2017,nonscience_examinee_passed,,160
jsc,108020,2017,nonscience_avg_gpa,2.2,2.09
jsc,108020,2018,nonscience_avg_gpa,2.18,2.01
jsc,108020,2019,nonscience_avg_gpa,2.18,2.0
jsc,108139,2012,nonscience_avg_gpa,3.45,3.35
jsc,108139,2013,nonscience_avg_gpa,4.08,4.04
jsc,108139,2014,nonscience_avg_gpa,3.72,3.65
jsc,108139,2015,nonscience_avg_gpa,3.63,3.6
jsc,108139,2016,nonscience_avg_gpa,3.85,3.79
jsc,108139,2017,nonscience_avg_gpa,3.84,3.79
jsc,108139,2018,nonscience_avg_gpa,3.1,3.03
jsc,108139,2019,nonscience_avg_gpa,3.01,2.97
jsc,108138,2011,nonscience_examinee_total,,202
jsc,108138,2011,nonscience_examinee_passed,,202
jsc,108138,2012,nonscience_avg_gpa,2.46,2.4
jsc,108138,2013,nonscience_avg_gpa,3.38,3.14
jsc,108138,2014,nonscience_avg_gpa,2.41,2.28
jsc,108138,2015,nonscience_avg_gpa,3.03,2.91
jsc,108138,2016,nonscience_avg_gpa,3.11,3.04
jsc,108138,2017,nonscience_avg_gpa,2.73,2.64
jsc,108138,2018,nonscience_examinee_total,,139
jsc,108138,2018,nonscience_examinee_passed,,102
jsc,108138,2018,nonscience_avg_gpa,2.32,2.27
jsc,108138,2019,nonscience_examinee_total,,117
jsc,108138,2019,nonscience_examinee_passed,,104
jsc,108138,2019,nonscience_avg_gpa,2.5,2.46
jsc,108134,2012,nonscience_examinee_total,,57
jsc,108134,2012,nonscience_examinee_passed,,39
jsc,108134,2012,nonscience_avg_gpa,1.89,1.79
jsc,108134,2013,nonscience_avg_gpa,3.15,3.05
jsc,108134,2014,nonscience_examinee_total,,66
jsc,108134,2014,nonscience_examinee_passed,,55
jsc,108134,2014,nonscience_avg_gpa,2.8,2.71
jsc,108134,2015,nonscience_avg_gpa,3.36,3.3
jsc,108134,2016,nonscience_examinee_total,,57
jsc,108134,2016,nonscience_examinee_passed,,51
jsc,108134,2017,nonscience_examinee_total,,60
jsc,108134,2017,nonscience_examinee_passed,,41
jsc,108134,2018,nonscience_examinee_total,,70
jsc,108134,2018,nonscience_examinee_passed,,58
jsc,108134,2018,nonscience_avg_gpa,2.27,2.21
jsc,108134,2019,nonscience_examinee_total,,75
jsc,108134,2019,nonscience_examinee_passed,,60
jsc,108134,2019,nonscience_avg_gpa,2.22,2.16
jsc,108349,2011,nonscience_examinee_total,,111
jsc,108349,2011,nonscience_examinee_passed,,111
jsc,108349,2012,nonscience_examinee_total,,113
jsc,108349,2012,nonscience_examinee_passed,,99
jsc,108349,2012,nonscience_avg_gpa,2.9,2.74
jsc,108349,2013,nonscience_avg_gpa,3.2,3.17
jsc,108349,2014,nonscience_examinee_total,,78
jsc,108349,2014,nonscience_examinee_passed,,45
jsc,108349,2014,nonscience_avg_gpa,2,1.82
jsc,108349,2015,nonscience_avg_gpa,3.18,3.01
jsc,108349,2016,nonscience_avg_gpa,3.26,2.95
jsc,108349,2017,nonscience_examinee_total,,45
jsc,108349,2017,nonscience_examinee_passed,,33
jsc,108349,2017,nonscience_avg_gpa,2.62,2.39
jsc,108349,2018,nonscience_examinee_total,,58
jsc,108349,2018,nonscience_examinee_passed,,39
jsc,108349,2018,nonscience_avg_gpa,2.28,1.96
jsc,108349,2019,nonscience_examinee_total,,60
jsc,108349,2019,nonscience_examinee_passed,,43
jsc,108349,2019,nonscience_avg_gpa,1.91,1.88
jsc,108045,2011,nonscience_examinee_total,,137
jsc,108045,2011,nonscience_examinee_passed,,137
jsc,108045,2012,nonscience_examinee_total,,100
jsc,108045,2012,nonscience_examinee_passed,,78
jsc,108045,2012,nonscience_avg_gpa,2.68,2.6
jsc,108045,2013,nonscience_avg_gpa,3.59,3.46
jsc,108045,2014,nonscience_examinee_total,,94
jsc,108045,2014,nonscience_examinee_passed,,82
jsc,108045,2014,nonscience_avg_gpa,3.38,3.28
jsc,108045,2015,nonscience_avg_gpa,3.48,3.37
jsc,108045,2017,nonscience_avg_gpa,2.37,2.27
jsc,108045,2018,nonscience_examinee_total,,168
jsc,108045,2018,nonscience_examinee_passed,,136
jsc,108045,2018,nonscience_avg_gpa,2.77,2.67
jsc,108045,2019,nonscience_avg_gpa,2.58,2.45
jsc,108048,2012,nonscience_avg_gpa,3.78,3.67
jsc,108048,2013,nonscience_avg_gpa,4.1,4.06
jsc,108048,2014,nonscience_avg_gpa,3.94,3.92
jsc,108048,2015,nonscience_avg_gpa,4.02,4.0
jsc,108048,2016,nonscience_avg_gpa,4.17,4.14
jsc,108048,2017,nonscience_avg_gpa,4.16,4.13
jsc,108048,2018,nonscience_avg_gpa,3.67,3.64
jsc,108048,2019,nonscience_avg_gpa,3.73,3.66
jsc,108013,2012,nonscience_avg_gpa,3.78,3.76
jsc,108013,2014,nonscience_avg_gpa,4.15,4.11
jsc,108013,2015,nonscience_avg_gpa,4.17,4.14
jsc,108013,2016,nonscience_avg_gpa,4.3,4.25
jsc,108013,2017,nonscience_avg_gpa,4.11,4.07
jsc,108013,2018,nonscience_avg_gpa,3.35,3.3
jsc,108013,2019,nonscience_avg_gpa,3.51,3.43
jsc,108050,2011,nonscience_examinee_total,,114
jsc,108050,2011,nonscience_examinee_passed,,114
jsc,108050,2012,nonscience_examinee_total,,134
jsc,108050,2012,nonscience_examinee_passed,,103
jsc,108050,2012,nonscience_avg_gpa,2.68,2.48
jsc,108050,2013,nonscience_avg_gpa,3.25,3.19
jsc,108050,2014,nonscience_examinee_total,,139
jsc,108050,2014,nonscience_examinee_passed,,123
jsc,108050,2014,nonscience_avg_gpa,2.98,2.94
jsc,108050,2015,nonscience_avg_gpa,3.48,3.42
jsc,108050,2016,nonscience_avg_gpa,2.33,2.29
jsc,108050,2017,nonscience_examinee_total,,122
jsc,108050,2017,nonscience_examinee_passed,,82
jsc,108050,2017,nonscience_avg_gpa,2.15,2.09
jsc,108050,2018,nonscience_examinee_total,,113
jsc,108050,2018,nonscience_examinee_passed,,68
jsc,108050,2018,nonscience_avg_gpa,1.69,1.63
jsc,108050,2019,nonscience_examinee_total,,153
jsc,108050,2019,nonscience_examinee_passed,,125
jsc,108050,2019,nonscience_avg_gpa,2.4,2.34
jsc,134596,2015,nonscience_avg_gpa,3.61,3.46
jsc,134596,2016,nonscience_examinee_total,,70
jsc,134596,2016,nonscience_examinee_passed,,61
jsc,134596,2016,nonscience_avg_gpa,3.85,3.41
jsc,108142,2012,nonscience_examinee_total,,335
jsc,108142,2012,nonscience_examinee_passed,,243
jsc,108142,2012,nonscience_avg_gpa,2.4,2.07
jsc,108142,2013,nonscience_avg_gpa,3.46,3.08
jsc,108142,2014,nonscience_avg_gpa,2.95,2.79
jsc,108142,2015,nonscience_avg_gpa,3.49,3.23
jsc,108142,2016,nonscience_avg_gpa,3.71,3.69
jsc,108142,2017,nonscience_avg_gpa,2.78,2.59
jsc,108142,2018,nonscience_examinee_total,,175
jsc,108142,2018,nonscience_examinee_passed,,127
jsc,108142,2018,nonscience_avg_gpa,2.47,2.21
jsc,108142,2019,nonscience_examinee_total,,193
jsc,108142,2019,nonscience_examinee_passed,,123
jsc,108142,2019,nonscience_avg_gpa,1.96,1.85
jsc,108141,2011,nonscience_examinee_total,,86
jsc,108141,2011,nonscience_examinee_passed,,86
jsc,108141,2012,nonscience_examinee_total,,97
jsc,108141,2012,nonscience_examinee_passed,,79
jsc,108141,2012,nonscience_avg_gpa,2.61,2.37
jsc,108141,2013,nonscience_avg_gpa,3.34,3.15
jsc,108141,2014,nonscience_examinee_total,,151
jsc,108141,2014,nonscience_examinee_passed,,104
jsc,108141,2014,nonscience_avg_gpa,2.56,2.39
jsc,108141,2015,nonscience_avg_gpa,3.47,2.98
jsc,108141,2016,nonscience_avg_gpa,3.07,2.99
jsc,108141,2017,nonscience_examinee_total,,80
jsc,108141,2017,nonscience_examinee_passed,,49
jsc,108141,2017,nonscience_avg_gpa,2.33,2.1
jsc,108141,2018,nonscience_examinee_total,,100
jsc,108141,2018,nonscience_examinee_passed,,66
jsc,108141,2018,nonscience_avg_gpa,2.15,1.96
jsc,108141,2019,nonscience_examinee_total,,94
jsc,108141,2019,nonscience_examinee_passed,,56
jsc,108141,2019,nonscience_avg_gpa,1.59,1.49
jsc,108154,2016,nonscience_examinee_total,,220
jsc,108154,2016,nonscience_examinee_passed,,174
jsc,108154,2016,nonscience_avg_gpa,3.11,2.82
jsc,108154,2017,nonscience_avg_gpa,2.7,2.6
jsc,108154,2018,nonscience_examinee_total,,218
jsc,108154,2018,nonscience_examinee_passed,,146
jsc,108154,2018,nonscience_avg_gpa,2,1.87
jsc,108154,2019,nonscience_examinee_total,,194
jsc,108154,2019,nonscience_examinee_passed,,137
jsc,108154,2019,nonscience_avg_gpa,1.88,1.78
jsc,134105,2011,nonscience_examinee_total,,1
jsc,134105,2011,nonscience_examinee_passed,,1
jsc,134105,2014,avg_gpa,,0.0
jsc,134105,2014,nonscience_examinee_total,,1
jsc,134105,2014,nonscience_avg_gpa,,0.0
jsc,108549,2012,nonscience_avg_gpa,4.26,4.18
jsc,108549,2013,nonscience_avg_gpa,4.37,4.35
jsc,108549,2015,nonscience_avg_gpa,4.36,4.26
jsc,108549,2016,nonscience_avg_gpa,4.21,4.04
jsc,108549,2017,nonscience_avg_gpa,4.12,4.1
jsc,108549,2019,nonscience_avg_gpa,3.8,3.69
jsc,108545,2012,nonscience_avg_gpa,3.3,3.07
jsc,108545,2013,nonscience_avg_gpa,3.74,3.61
jsc,108545,2014,nonscience_avg_gpa,3.33,3.22
jsc,108545,2015,nonscience_avg_gpa,3.58,3.39
jsc,108545,2016,nonscience_avg_gpa,3.33,3.23
jsc,108545,2017,nonscience_avg_gpa,3.46,3.33
jsc,108545,2018,nonscience_avg_gpa,3.05,2.9
jsc,108545,2019,nonscience_examinee_total,,191
jsc,108545,2019,nonscience_examinee_passed,,173
jsc,108545,2019,nonscience_avg_gpa,2.9,2.84
jsc,134042,2012,nonscience_avg_gpa,4.41,4.16
jsc,134042,2013,nonscience_avg_gpa,4.62,4.51
jsc,134042,2014,nonscience_examinee_total,,47
jsc,134042,2014,nonscience_examinee_passed,,41
jsc,134042,2014,nonscience_avg_gpa,3.76,3.6
jsc,134042,2015,nonscience_avg_gpa,4.64,4.15
jsc,134042,2016,nonscience_avg_gpa,4.8,4.61
jsc,134042,2017,nonscience_avg_gpa,3.33,3.27
jsc,134042,2018,nonscience_avg_gpa,3.81,3.62
jsc,108551,2011,nonscience_examinee_total,,133
jsc,108551,2011,nonscience_examinee_passed,,133
jsc,108551,2012,nonscience_avg_gpa,3.68,3.57
jsc,108551,2013,nonscience_avg_gpa,3.68,3.55
jsc,108551,2014,nonscience_avg_gpa,3.3,3.18
jsc,108551,2015,nonscience_avg_gpa,3.77,3.73
jsc,108551,2016,nonscience_avg_gpa,3.54,3.45
jsc,108551,2017,nonscience_avg_gpa,2.9,2.76
jsc,108551,2018,nonscience_avg_gpa,2.47,2.37
jsc,108551,2019,nonscience_avg_gpa,2.49,2.4
jsc,108544,2012,nonscience_avg_gpa,3.62,3.38
jsc,108544,2013,nonscience_avg_gpa,3.89,3.76
jsc,108544,2014,nonscience_avg_gpa,3.39,3.12
jsc,108544,2015,nonscience_avg_gpa,3.64,3.32
jsc,108544,2016,nonscience_avg_gpa,3.36,3.29
jsc,108544,2017,nonscience_avg_gpa,2.94,2.8
jsc,108544,2018,nonscience_examinee_total,,176
jsc,108544,2018,nonscience_examinee_passed,,107
jsc,108544,2018,nonscience_avg_gpa,2.21,1.92
jsc,108544,2019,nonscience_avg_gpa,2.47,2.43
jsc,137368,2016,nonscience_avg_gpa,4.65,4.58
jsc,137368,2017,nonscience_avg_gpa,4.36,4.34
jsc,137368,2019,nonscience_avg_gpa,4.14,4.03
jsc,134195,2016,nonscience_avg_gpa,4.89,4.71
jsc,134195,2017,nonscience_avg_gpa,3.66,3.51
jsc,134195,2018,nonscience_avg_gpa,4.07,3.86
jsc,134195,2019,nonscience_avg_gpa,3.7,3.47
jsc,134478,2011,nonscience_examinee_total,,48
jsc,134478,2011,nonscience_examinee_passed,,48
jsc,134478,2012,nonscience_examinee_total,,34
jsc,134478,2012,nonscience_examinee_passed,,34
jsc,134478,2013,nonscience_avg_gpa,4.16,3.96
jsc,134478,2014,nonscience_avg_gpa,3.16,2.82
jsc,134478,2015,nonscience_avg_gpa,3.54,3.34
jsc,134478,2016,nonscience_avg_gpa,3.78,3.69
jsc,134478,2018,nonscience_examinee_total,,32
jsc,134478,2018,nonscience_examinee_passed,,23
jsc,134478,2018,nonscience_avg_gpa,2.15,2.08
jsc,134478,2019,nonscience_examinee_total,,6
jsc,134478,2019,nonscience_examinee_passed,,5
jsc,108184,2012,nonscience_avg_gpa,3.45,3.21
jsc,108184,2013,nonscience_avg_gpa,4.22,4.15
jsc,108184,2014,nonscience_avg_gpa,3.98,3.95
jsc,108184,2015,nonscience_avg_gpa,4.1,3.99
jsc,108184,2016,nonscience_avg_gpa,4,3.91
jsc,108184,2019,nonscience_avg_gpa,3.81,3.78
jsc,130876,2012,nonscience_avg_gpa,3.35,3.06
jsc,130876,2013,nonscience_avg_gpa,3.77,3.52
jsc,130876,2014,nonscience_avg_gpa,3.59,3.25
jsc,130876,2015,nonscience_avg_gpa,3.46,3.12
jsc,130876,2016,nonscience_avg_gpa,3.73,3.49
jsc,130876,2017,nonscience_avg_gpa,3.77,3.55
jsc,130876,2018,nonscience_avg_gpa,3.03,2.94
jsc,130876,2019,nonscience_avg_gpa,2.89,2.8
jsc,107884,2011,nonscience_examinee_total,,119
jsc,107884,2011,nonscience_examinee_passed,,119
jsc,107884,2012,nonscience_examinee_total,,165
jsc,107884,2012,nonscience_examinee_passed,,158
jsc,107884,2012,nonscience_avg_gpa,3.1,3.02
jsc,107884,2013,nonscience_avg_gpa,3.58,3.53
jsc,107884,2014,nonscience_avg_gpa,3.38,3.3
jsc,107884,2015,nonscience_avg_gpa,3.91,3.84
jsc,107884,2016,nonscience_avg_gpa,3.88,3.8
jsc,107884,2017,nonscience_avg_gpa,4.24,4.12
jsc,107884,2018,nonscience_examinee_total,,492
jsc,107884,2018,nonscience_examinee_passed,,449
jsc,107884,2018,nonscience_avg_gpa,3.11,3.06
jsc,107884,2019,nonscience_examinee_total,,520
jsc,107884,2019,nonscience_examinee_passed,,479
jsc,107884,2019,nonscience_avg_gpa,2.99,2.92
jsc,132057,2012,nonscience_examinee_total,,177
jsc,132057,2012,nonscience_examinee_passed,,171
jsc,132057,2013,nonscience_avg_gpa,4.41,4.38
jsc,132057,2014,nonscience_avg_gpa,4.13,4.05
jsc,132057,2015,nonscience_avg_gpa,4.3,4.27
jsc,132057,2016,nonscience_avg_gpa,4.38,4.34
jsc,132057,2017,nonscience_avg_gpa,4.14,4.12
jsc,132057,2018,nonscience_avg_gpa,3.02,2.92
jsc,132057,2019,nonscience_avg_gpa,3.51,3.39
jsc,107867,2012,nonscience_avg_gpa,3.64,3.46
jsc,107867,2013,nonscience_avg_gpa,3.95,3.76
jsc,107867,2014,nonscience_avg_gpa,4.49,4.41
jsc,107867,2015,nonscience_avg_gpa,4.44,4.29
jsc,107867,2016,nonscience_avg_gpa,4.54,4.38
jsc,107867,2017,nonscience_avg_gpa,4.48,4.42
jsc,107867,2018,nonscience_avg_gpa,3.07,2.99
jsc,107867,2019,nonscience_avg_gpa,2.81,2.7
jsc,107862,2011,nonscience_examinee_total,,72
jsc,107862,2011,nonscience_examinee_passed,,72
jsc,107862,2012,nonscience_examinee_total,,74
jsc,107862,2012,nonscience_examinee_passed,,63
jsc,107862,2012,nonscience_avg_gpa,2.69,2.43
jsc,107862,2013,nonscience_avg_gpa,3.81,3.75
jsc,107862,2014,nonscience_avg_gpa,3.42,3.35
jsc,107862,2015,nonscience_avg_gpa,3.59,3.32
jsc,107862,2016,nonscience_avg_gpa,4.27,4.14
jsc,107862,2017,nonscience_avg_gpa,4.29,4.24
jsc,107862,2018,nonscience_avg_gpa,3.24,3.22
jsc,107862,2019,nonscience_avg_gpa,3.44,3.4
jsc,107870,2011,nonscience_examinee_total,,115
jsc,107870,2011,nonscience_examinee_passed,,115
jsc,107870,2012,nonscience_examinee_total,,109
jsc,107870,2012,nonscience_examinee_passed,,92
jsc,107870,2012,nonscience_avg_gpa,3.61,3.08
jsc,107870,2013,nonscience_avg_gpa,3.96,3.75
jsc,107870,2016,nonscience_avg_gpa,4.45,4.29
jsc,107870,2019,nonscience_examinee_total,,74
jsc,107870,2019,nonscience_examinee_passed,,72
jsc,107870,2019,nonscience_avg_gpa,3.64,3.59
jsc,107871,2012,nonscience_examinee_total,,153
jsc,107871,2012,nonscience_examinee_passed,,124
jsc,107871,2013,nonscience_avg_gpa,4.19,4.11
jsc,107871,2017,nonscience_avg_gpa,4.33,4.3
jsc,107871,2018,nonscience_avg_gpa,3.81,3.79
jsc,107868,2011,nonscience_examinee_total,,102
jsc,107868,2011,nonscience_examinee_passed,,102
jsc,107868,2012,nonscience_avg_gpa,3.32,3.22
jsc,107868,2013,nonscience_avg_gpa,3.8,3.7
jsc,107868,2014,nonscience_avg_gpa,3.69,3.67
jsc,107868,2015,nonscience_avg_gpa,4.3,4.18
jsc,107868,2016,nonscience_avg_gpa,4.18,4.06
jsc,107868,2017,nonscience_avg_gpa,3.76,3.54
jsc,107868,2018,nonscience_examinee_total,,140
jsc,107868,2018,nonscience_examinee_passed,,105
jsc,107868,2018,nonscience_avg_gpa,2.26,2.18
jsc,107868,2019,nonscience_avg_gpa,2.81,2.71
jsc,107869,2013,nonscience_avg_gpa,4.11,4.09
jsc,107869,2014,nonscience_avg_gpa,4.42,4.4
jsc,107869,2016,nonscience_avg_gpa,4.07,4.05
jsc,107869,2017,nonscience_avg_gpa,4.01,3.99
jsc,107869,2019,nonscience_avg_gpa,3.35,3.33
jsc,107866,2011,nonscience_examinee_total,,176
jsc,107866,2011,nonscience_examinee_passed,,176
jsc,107866,2012,nonscience_avg_gpa,3.16,2.99
jsc,107866,2013,nonscience_avg_gpa,3.38,3.31
jsc,107866,2014,nonscience_avg_gpa,3.4,3.28
jsc,107866,2015,nonscience_avg_gpa,3.52,3.36
jsc,107866,2016,nonscience_examinee_total,,136
jsc,107866,2016,nonscience_examinee_passed,,114
jsc,107866,2016,nonscience_avg_gpa,3.31,3.21
jsc,107866,2017,nonscience_avg_gpa,3.84,3.43
jsc,107866,2018,nonscience_avg_gpa,2.11,2.08
jsc,107866,2019,nonscience_examinee_total,,198
jsc,107866,2019,nonscience_examinee_passed,,172
jsc,107866,2019,nonscience_avg_gpa,2.52,2.48
jsc,107892,2012,nonscience_avg_gpa,3.5,3.41
jsc,107892,2013,nonscience_avg_gpa,3.87,3.82
jsc,107892,2014,nonscience_avg_gpa,3.85,3.83
jsc,107892,2015,nonscience_avg_gpa,4.06,4.03
jsc,107892,2016,nonscience_avg_gpa,4.26,4.23
jsc,107892,2017,nonscience_avg_gpa,4.03,4.01
jsc,107892,2018,nonscience_avg_gpa,3.04,3.02
jsc,107892,2019,nonscience_avg_gpa,3.08,3.04
jsc,137075,2016,nonscience_avg_gpa,4.53,4.46
jsc,137075,2017,nonscience_avg_gpa,4.42,4.17
jsc,137075,2018,nonscience_avg_gpa,3.79,3.71
jsc,137075,2019,nonscience_avg_gpa,3.69,3.63
jsc,107915,2012,nonscience_avg_gpa,4.73,4.69
jsc,134213,2016,nonscience_avg_gpa,4.24,3.95
jsc,134213,2017,nonscience_avg_gpa,3.75,3.49
jsc,134213,2018,nonscience_avg_gpa,2.99,2.92
jsc,134213,2019,nonscience_avg_gpa,2.82,2.77
jsc,134168,2012,nonscience_avg_gpa,3.2,3.14
jsc,134168,2013,nonscience_avg_gpa,3.85,3.74
jsc,134168,2014,nonscience_avg_gpa,3.68,3.59
jsc,134168,2015,nonscience_avg_gpa,4.22,3.95
jsc,134168,2016,nonscience_avg_gpa,3.75,3.72
jsc,134168,2017,nonscience_avg_gpa,3.55,3.38
jsc,134168,2018,nonscience_avg_gpa,3.01,2.8
jsc,134168,2019,nonscience_examinee_total,,98
jsc,134168,2019,nonscience_examinee_passed,,85
jsc,134168,2019,nonscience_avg_gpa,2.93,2.87
jsc,133712,2011,nonscience_examinee_total,,95
jsc,133712,2011,nonscience_examinee_passed,,95
jsc,133712,2012,nonscience_avg_gpa,2.05,1.85
jsc,133712,2013,nonscience_avg_gpa,2.87,2.61
jsc,133712,2014,nonscience_avg_gpa,3.04,2.92
jsc,133712,2015,nonscience_avg_gpa,3.75,3.67
jsc,133712,2016,nonscience_avg_gpa,3.55,3.21
jsc,133712,2017,nonscience_avg_gpa,3.37,3.16
jsc,133712,2018,nonscience_avg_gpa,3.42,3.34
jsc,133712,2019,nonscience_examinee_total,,68
jsc,133712,2019,nonscience_examinee_passed,,56
jsc,133712,2019,nonscience_avg_gpa,2.38,2.31
jsc,107983,2011,nonscience_examinee_total,,126
jsc,107983,2011,nonscience_examinee_passed,,126
jsc,107983,2012,nonscience_avg_gpa,2.75,2.58
jsc,107983,2013,nonscience_avg_gpa,2.63,2.43
jsc,107983,2014,nonscience_examinee_total,,87
jsc,107983,2014,nonscience_examinee_passed,,44
jsc,107983,2014,nonscience_avg_gpa,1.89,1.67
jsc,107983,2015,nonscience_avg_gpa,2.59,2.51
jsc,107983,2016,nonscience_avg_gpa,3.05,2.92
jsc,107983,2017,nonscience_avg_gpa,2.7,2.58
jsc,107983,2018,nonscience_examinee_total,,69
jsc,107983,2018,nonscience_examinee_passed,,55
jsc,107983,2018,nonscience_avg_gpa,2.58,2.43
jsc,107983,2019,nonscience_examinee_total,,51
jsc,107983,2019,nonscience_examinee_passed,,40
jsc,107983,2019,nonscience_avg_gpa,2.4,2.26
jsc,107967,2013,nonscience_avg_gpa,4.48,4.42
jsc,107967,2014,nonscience_avg_gpa,4.12,4.09
jsc,107967,2015,nonscience_avg_gpa,4.34,4.27
jsc,107967,2016,nonscience_avg_gpa,4.5,4.47
jsc,107967,2017,nonscience_avg_gpa,4.49,4.39
jsc,107967,2018,nonscience_avg_gpa,3.95,3.93
jsc,107967,2019,nonscience_avg_gpa,3.95,3.82
jsc,107963,2012,nonscience_avg_gpa,4.17,3.97
jsc,107963,2013,nonscience_avg_gpa,4.08,4.04
jsc,107963,2014,nonscience_avg_gpa,3.77,3.74
jsc,107963,2015,nonscience_avg_gpa,4.43,3.72
jsc,107963,2016,nonscience_avg_gpa,4.46,3.79
jsc,107963,2017,nonscience_avg_gpa,4.23,4.12
jsc,107963,2018,nonscience_avg_gpa,4.01,3.97
jsc,107963,2019,nonscience_avg_gpa,4.22,4.06
jsc,107966,2011,nonscience_examinee_total,,50
jsc,107966,2011,nonscience_examinee_passed,,50
jsc,107966,2012,nonscience_avg_gpa,4.21,4.11
jsc,107966,2018,nonscience_avg_gpa,3.8,3.69
jsc,107966,2019,nonscience_avg_gpa,3.82,3.76
jsc,133995,2011,nonscience_examinee_total,,13
jsc,133995,2011,nonscience_examinee_passed,,13
jsc,133995,2012,nonscience_avg_gpa,4.42,4.08
jsc,133995,2014,nonscience_avg_gpa,4.51,4.29
jsc,133995,2019,nonscience_examinee_total,,33
jsc,133995,2019,nonscience_examinee_passed,,32
jsc,133995,2019,nonscience_avg_gpa,4.07,3.94
jsc,108356,2012,nonscience_avg_gpa,3.99,3.95
jsc,108356,2014,nonscience_avg_gpa,3.87,3.83
jsc,108356,2015,nonscience_avg_gpa,4.39,4.26
jsc,108356,2016,nonscience_avg_gpa,4.79,4.73
jsc,108356,2017,nonscience_avg_gpa,4.16,4.01
jsc,108356,2018,nonscience_avg_gpa,3.82,3.69
jsc,107968,2011,nonscience_examinee_total,,271
jsc,107968,2011,nonscience_examinee_passed,,271
jsc,107968,2012,nonscience_avg_gpa,3.32,2.61
jsc,107968,2013,nonscience_avg_gpa,3.58,3.55
jsc,107968,2014,nonscience_avg_gpa,3.55,3.44
jsc,107968,2015,nonscience_avg_gpa,3.72,3.51
jsc,107968,2017,nonscience_avg_gpa,3.83,3.72
jsc,107968,2018,nonscience_avg_gpa,3.37,3.27
jsc,107968,2019,nonscience_avg_gpa,3.46,3.4
jsc,133717,2013,nonscience_avg_gpa,4.94,4.89
jsc,133717,2015,nonscience_avg_gpa,4.85,4.79
jsc,133717,2017,nonscience_avg_gpa,4.76,4.68
jsc,133717,2019,nonscience_avg_gpa,4.57,4.54
jsc,107973,2016,nonscience_examinee_total,,2
jsc,107973,2016,nonscience_examinee_passed,,2
jsc,107973,2018,nonscience_examinee_total,,27
jsc,107973,2018,nonscience_examinee_passed,,24
jsc,107973,2019,nonscience_avg_gpa,2.64,2.5
jsc,108465,2012,nonscience_examinee_total,,165
jsc,108465,2012,nonscience_examinee_passed,,155
jsc,108465,2012,nonscience_avg_gpa,2.99,2.9
jsc,108465,2013,nonscience_avg_gpa,3.47,3.29
jsc,108465,2014,nonscience_avg_gpa,2.58,2.5
jsc,108465,2015,nonscience_avg_gpa,3.31,3.1
jsc,108465,2016,nonscience_avg_gpa,3.57,3.47
jsc,108465,2017,nonscience_avg_gpa,3.54,3.43
jsc,108465,2018,nonscience_examinee_total,,204
jsc,108465,2018,nonscience_examinee_passed,,179
jsc,108465,2018,nonscience_avg_gpa,2.92,2.82
jsc,108465,2019,nonscience_examinee_total,,158
jsc,108465,2019,nonscience_examinee_passed,,118
jsc,108465,2019,nonscience_avg_gpa,2.33,2.15
jsc,108482,2012,nonscience_avg_gpa,2.32,2.16
jsc,108482,2013,nonscience_avg_gpa,3.22,3.08
jsc,108482,2014,nonscience_avg_gpa,2.63,2.48
jsc,108482,2015,nonscience_avg_gpa,2.95,2.75
jsc,108482,2016,nonscience_avg_gpa,3.26,3.07
jsc,108482,2017,nonscience_avg_gpa,3,2.77
jsc,108482,2018,nonscience_avg_gpa,2.55,2.37
jsc,108482,2019,nonscience_examinee_total,,285
jsc,108482,2019,nonscience_examinee_passed,,232
jsc,108482,2019,nonscience_avg_gpa,2.38,2.25
jsc,108016,2012,nonscience_avg_gpa,4.3,4.27
jsc,108016,2018,nonscience_avg_gpa,4,3.98
jsc,108018,2011,nonscience_examinee_total,,64
jsc,108018,2011,nonscience_examinee_passed,,64
jsc,108018,2012,nonscience_examinee_total,,86
jsc,108018,2012,nonscience_examinee_passed,,77
jsc,108018,2012,nonscience_avg_gpa,3.53,3.33
jsc,108018,2014,nonscience_examinee_total,,90
jsc,108018,2014,nonscience_examinee_passed,,84
jsc,108018,2015,nonscience_avg_gpa,4.35,4.29
jsc,108018,2017,nonscience_avg_gpa,3.27,3.23
jsc,108018,2018,nonscience_avg_gpa,3.14,3.06
jsc,108018,2019,nonscience_examinee_total,,120
jsc,108018,2019,nonscience_examinee_passed,,109
jsc,108018,2019,nonscience_avg_gpa,3.12,3.04
jsc,108037,2012,nonscience_avg_gpa,3.66,3.64
jsc,108037,2014,nonscience_avg_gpa,4.08,4.06
jsc,108037,2016,nonscience_avg_gpa,3.6,3.58
jsc,108037,2017,nonscience_avg_gpa,3.36,3.34
jsc,108037,2018,nonscience_avg_gpa,2.94,2.77
jsc,108042,2011,nonscience_examinee_total,,135
jsc,108042,2011,nonscience_examinee_passed,,135
jsc,108042,2012,nonscience_examinee_total,,151
jsc,108042,2012,nonscience_examinee_passed,,109
jsc,108042,2012,nonscience_avg_gpa,2.36,2.12
jsc,108042,2013,nonscience_avg_gpa,2.74,2.29
jsc,108042,2014,nonscience_examinee_total,,195
jsc,108042,2014,nonscience_examinee_passed,,144
jsc,108042,2014,nonscience_avg_gpa,2.65,2.48
jsc,108042,2015,nonscience_avg_gpa,3.32,3.17
jsc,108042,2016,nonscience_examinee_total,,140
jsc,108042,2016,nonscience_examinee_passed,,127
jsc,108042,2016,nonscience_avg_gpa,3.33,3.21
jsc,108042,2017,nonscience_avg_gpa,2.77,2.56
jsc,108042,2018,nonscience_examinee_total,,130
jsc,108042,2018,nonscience_examinee_passed,,89
jsc,108042,2018,nonscience_avg_gpa,2.11,2.04
jsc,108042,2019,nonscience_avg_gpa,1.77,1.75
jsc,108140,2011,nonscience_examinee_total,,127
jsc,108140,2011,nonscience_examinee_passed,,127
jsc,108140,2012,nonscience_examinee_total,,103
jsc,108140,2012,nonscience_examinee_passed,,89
jsc,108140,2012,nonscience_avg_gpa,2.81,2.64
jsc,108140,2013,nonscience_avg_gpa,3.66,3.57
jsc,108140,2014,nonscience_avg_gpa,3.12,3.07
jsc,108140,2015,nonscience_avg_gpa,3.26,3.22
jsc,108140,2016,nonscience_avg_gpa,3.63,3.39
jsc,108140,2017,nonscience_avg_gpa,2.45,2.37
jsc,108140,2018,nonscience_avg_gpa,2.84,2.79
jsc,108140,2019,nonscience_avg_gpa,2.73,2.71
jsc,108148,2011,nonscience_examinee_total,,71
jsc,108148,2011,nonscience_examinee_passed,,71
jsc,108148,2014,nonscience_examinee_total,,47
jsc,108148,2014,nonscience_examinee_passed,,42
jsc,108148,2015,nonscience_avg_gpa,3.94,3.34
jsc,108148,2016,nonscience_avg_gpa,4.18,3.98
jsc,108148,2017,nonscience_avg_gpa,3.02,2.82
jsc,108148,2018,nonscience_examinee_total,,97
jsc,108148,2018,nonscience_examinee_passed,,67
jsc,108148,2018,nonscience_avg_gpa,2.61,2.07
jsc,108148,2019,nonscience_examinee_total,,83
jsc,108148,2019,nonscience_examinee_passed,,76
jsc,108148,2019,nonscience_avg_gpa,2.74,2.61
jsc,108165,2011,nonscience_examinee_total,,388
jsc,108165,2011,nonscience_examinee_passed,,388
jsc,108165,2012,nonscience_avg_gpa,2.84,2.8
jsc,108165,2013,nonscience_avg_gpa,3.64,3.57
jsc,108165,2014,nonscience_avg_gpa,3.22,3.14
jsc,108165,2015,nonscience_avg_gpa,3.37,3.35
jsc,108165,2016,nonscience_avg_gpa,3.57,3.5
jsc,108165,2017,nonscience_avg_gpa,3.43,3.39
jsc,108165,2018,nonscience_avg_gpa,3.17,3.04
jsc,108165,2019,nonscience_examinee_total,,292
jsc,108165,2019,nonscience_examinee_passed,,274
jsc,108165,2019,nonscience_avg_gpa,2.93,2.86
jsc,108296,2012,nonscience_avg_gpa,4.06,3.96
jsc,108296,2013,nonscience_avg_gpa,3.86,3.58
jsc,108296,2014,nonscience_avg_gpa,4.22,4.04
jsc,108296,2015,nonscience_avg_gpa,3.94,3.81
jsc,108296,2016,nonscience_avg_gpa,3.89,3.7
jsc,108296,2017,nonscience_avg_gpa,3.52,3.39
jsc,108296,2018,nonscience_examinee_total,,123
jsc,108296,2018,nonscience_examinee_passed,,103
jsc,108296,2018,nonscience_avg_gpa,2.87,2.73
jsc,108296,2019,nonscience_avg_gpa,2.75,2.62
jsc,107888,2011,nonscience_examinee_total,,56
jsc,107888,2011,nonscience_examinee_passed,,56
jsc,107888,2012,nonscience_examinee_total,,122
jsc,107888,2012,nonscience_examinee_passed,,110
jsc,107888,2012,nonscience_avg_gpa,3.29,3.02
jsc,107888,2013,nonscience_avg_gpa,3.62,3.34
jsc,107888,2014,nonscience_avg_gpa,3.72,3.58
jsc,107888,2015,nonscience_avg_gpa,4.27,4.21
jsc,107888,2016,nonscience_avg_gpa,4.52,4.36
jsc,107888,2017,nonscience_avg_gpa,4.32,4.17
jsc,107888,2018,nonscience_avg_gpa,2.5,2.2
jsc,107888,2019,nonscience_examinee_total,,235
jsc,107888,2019,nonscience_examinee_passed,,186
jsc,107888,2019,nonscience_avg_gpa,2.48,2.36
jsc,107914,2012,nonscience_avg_gpa,3.69,3.55
jsc,107914,2013,nonscience_avg_gpa,4.29,4.17
jsc,107914,2014,nonscience_avg_gpa,4.06,4.01
jsc,107914,2015,nonscience_avg_gpa,4.49,4.42
jsc,107914,2016,nonscience_avg_gpa,4.66,4.53
jsc,107914,2017,nonscience_avg_gpa,4.61,4.5
jsc,107914,2018,nonscience_avg_gpa,3.79,3.74
jsc,107914,2019,nonscience_avg_gpa,3.43,3.4
jsc,134114,2011,nonscience_examinee_total,,44
jsc,134114,2011,nonscience_examinee_passed,,44
jsc,134114,2012,nonscience_avg_gpa,3.59,3.49
jsc,134114,2013,nonscience_avg_gpa,2.92,2.71
jsc,134114,2015,nonscience_avg_gpa,4.3,4.27
jsc,134114,2016,nonscience_avg_gpa,4.39,4.36
jsc,134114,2017,nonscience_avg_gpa,3.8,3.71
jsc,134114,2018,nonscience_examinee_total,,220
jsc,134114,2018,nonscience_examinee_passed,,199
jsc,134114,2018,nonscience_avg_gpa,3,2.96
jsc,134114,2019,nonscience_examinee_total,,154
jsc,134114,2019,nonscience_examinee_passed,,143
jsc,134114,2019,nonscience_avg_gpa,3.05,3.03
jsc,107881,2011,nonscience_examinee_total,,195
jsc,107881,2011,nonscience_examinee_passed,,195
jsc,107881,2012,nonscience_avg_gpa,3.02,2.79
jsc,107881,2013,nonscience_avg_gpa,3.45,3.19
jsc,107881,2014,nonscience_avg_gpa,3.86,3.65
jsc,107881,2015,nonscience_avg_gpa,4.05,3.87
jsc,107881,2016,nonscience_avg_gpa,4.08,3.98
jsc,107881,2017,nonscience_avg_gpa,3.82,3.77
jsc,107881,2018,nonscience_examinee_total,,140
jsc,107881,2018,nonscience_examinee_passed,,120
jsc,107881,2018,nonscience_avg_gpa,2.89,2.79
jsc,107881,2019,nonscience_avg_gpa,2.48,2.36
jsc,134016,2011,nonscience_examinee_total,,91
jsc,134016,2011,nonscience_examinee_passed,,91
jsc,134016,2012,nonscience_examinee_total,,134
jsc,134016,2012,nonscience_examinee_passed,,105
jsc,134016,2012,nonscience_avg_gpa,2.65,2.37
jsc,134016,2013,nonscience_examinee_total,,148
jsc,134016,2013,nonscience_examinee_passed,,128
jsc,134016,2013,nonscience_avg_gpa,3.37,3.16
jsc,134016,2014,nonscience_examinee_total,,156
jsc,134016,2014,nonscience_examinee_passed,,114
jsc,134016,2014,nonscience_avg_gpa,2.61,2.59
jsc,134016,2015,nonscience_avg_gpa,4.2,3.95
jsc,134016,2016,nonscience_avg_gpa,4.29,4.16
jsc,134016,2017,nonscience_avg_gpa,3.8,3.58
jsc,134016,2018,nonscience_avg_gpa,2.8,2.72
jsc,134016,2019,nonscience_avg_gpa,2.74,2.55
jsc,107877,2013,nonscience_avg_gpa,4.09,4.07
jsc,107877,2014,nonscience_avg_gpa,3.7,3.66
jsc,107877,2015,nonscience_avg_gpa,4.41,4.37
jsc,107877,2017,nonscience_avg_gpa,4.15,4.07
jsc,107877,2018,nonscience_avg_gpa,3.33,3.26
jsc,107877,2019,nonscience_avg_gpa,3.19,3.15
jsc,108501,2011,nonscience_examinee_total,,200
jsc,108501,2011,nonscience_examinee_passed,,200
jsc,108501,2012,nonscience_avg_gpa,3.84,3.78
jsc,108501,2013,nonscience_avg_gpa,3.64,3.58
jsc,108501,2014,nonscience_avg_gpa,3.47,3.4
jsc,108501,2015,nonscience_avg_gpa,4.02,3.94
jsc,108501,2016,nonscience_avg_gpa,4.28,4.17
jsc,108501,2017,nonscience_avg_gpa,3.51,3.37
jsc,108501,2018,nonscience_avg_gpa,2.35,2.04
jsc,108501,2019,nonscience_examinee_total,,197
jsc,108501,2019,nonscience_examinee_passed,,145
jsc,108501,2019,nonscience_avg_gpa,1.89,1.85
jsc,107864,2011,nonscience_examinee_total,,63
jsc,107864,2011,nonscience_examinee_passed,,63
jsc,107864,2012,nonscience_avg_gpa,3.99,3.77
jsc,107864,2013,nonscience_avg_gpa,4.43,4.23
jsc,107864,2014,nonscience_avg_gpa,3.74,3.71
jsc,107864,2016,nonscience_avg_gpa,4.36,4.23
jsc,107864,2017,nonscience_avg_gpa,4.13,4.04
jsc,107864,2018,nonscience_avg_gpa,3.11,2.85
jsc,107864,2019,nonscience_avg_gpa,2.64,2.52
jsc,107883,2011,nonscience_examinee_total,,160
jsc,107883,2011,nonscience_examinee_passed,,160
jsc,107883,2012,nonscience_avg_gpa,3.95,3.63
jsc,107883,2013,nonscience_avg_gpa,4.13,4.06
jsc,107883,2014,nonscience_avg_gpa,4.02,3.88
jsc,107883,2015,nonscience_avg_gpa,3.97,3.89
jsc,107883,2016,nonscience_avg_gpa,4.37,4.17
jsc,107883,2017,nonscience_avg_gpa,3.46,3.39
jsc,107883,2018,nonscience_avg_gpa,2.95,2.77
jsc,107883,2019,nonscience_examinee_total,,109
jsc,107883,2019,nonscience_examinee_passed,,97
jsc,107883,2019,nonscience_avg_gpa,2.71,2.69
jsc,107886,2011,nonscience_examinee_total,,261
jsc,107886,2011,nonscience_examinee_passed,,261
jsc,107886,2012,nonscience_examinee_total,,146
jsc,107886,2012,nonscience_examinee_passed,,144
jsc,107886,2012,nonscience_avg_gpa,3.54,3.49
jsc,107886,2013,nonscience_avg_gpa,3.72,3.7
jsc,107886,2014,nonscience_avg_gpa,3.76,3.73
jsc,107886,2015,nonscience_avg_gpa,4.57,4.5
jsc,107886,2016,nonscience_avg_gpa,4.59,4.51
jsc,107886,2017,nonscience_avg_gpa,4.31,4.28
jsc,107886,2019,nonscience_examinee_total,,221
jsc,107886,2019,nonscience_examinee_passed,,185
jsc,107886,2019,nonscience_avg_gpa,2.65,2.6
jsc,107885,2012,nonscience_examinee_total,,156
jsc,107885,2012,nonscience_examinee_passed,,132
jsc,107885,2012,nonscience_avg_gpa,3.5,2.96
jsc,107885,2013,nonscience_avg_gpa,4.2,3.56
jsc,107885,2014,nonscience_avg_gpa,4.1,3.5
jsc,107885,2015,nonscience_avg_gpa,4.65,4.53
jsc,107885,2016,nonscience_avg_gpa,4.6,4.26
jsc,107885,2017,nonscience_avg_gpa,3.94,3.8
jsc,107885,2018,nonscience_examinee_total,,207
jsc,107885,2018,nonscience_examinee_passed,,190
jsc,107885,2018,nonscience_avg_gpa,3.31,3.2
jsc,107885,2019,nonscience_examinee_total,,245
jsc,107885,2019,nonscience_examinee_passed,,208
jsc,107885,2019,nonscience_avg_gpa,3,2.84
jsc,107879,2012,nonscience_avg_gpa,3.73,3.71
jsc,107879,2014,nonscience_avg_gpa,3.85,3.81
jsc,107879,2015,nonscience_avg_gpa,4.39,4.36
jsc,107879,2017,nonscience_avg_gpa,4.07,4.0
jsc,107879,2018,nonscience_avg_gpa,3.27,3.24
jsc,107879,2019,nonscience_examinee_total,,299
jsc,107879,2019,nonscience_examinee_passed,,272
jsc,107879,2019,nonscience_avg_gpa,2.93,2.86
jsc,107880,2012,nonscience_examinee_total,,83
jsc,107880,2012,nonscience_examinee_passed,,82
jsc,107880,2013,nonscience_avg_gpa,4.25,3.88
jsc,107880,2014,nonscience_examinee_total,,69
jsc,107880,2014,nonscience_examinee_passed,,60
jsc,107880,2015,nonscience_avg_gpa,4.57,4.38
jsc,107880,2016,nonscience_avg_gpa,4.69,4.61
jsc,107880,2019,nonscience_examinee_total,,55
jsc,107880,2019,nonscience_examinee_passed,,44
jsc,107880,2019,nonscience_avg_gpa,2.81,2.61
jsc,108469,2011,nonscience_examinee_total,,116
jsc,108469,2011,nonscience_examinee_passed,,116
jsc,108469,2012,nonscience_examinee_total,,112
jsc,108469,2012,nonscience_examinee_passed,,104
jsc,108469,2012,nonscience_avg_gpa,3.85,3.58
jsc,108469,2013,nonscience_avg_gpa,3.86,3.81
jsc,108469,2014,nonscience_avg_gpa,4.47,4.44
jsc,108469,2015,nonscience_avg_gpa,4.15,3.96
jsc,108469,2016,nonscience_avg_gpa,4.36,4.25
jsc,108469,2017,nonscience_avg_gpa,3.85,3.71
jsc,108469,2018,nonscience_avg_gpa,2.89,2.68
jsc,108469,2019,nonscience_examinee_total,,163
jsc,108469,2019,nonscience_examinee_passed,,136
jsc,108469,2019,nonscience_avg_gpa,2.68,2.55
jsc,136763,2014,nonscience_examinee_total,,36
jsc,136763,2014,nonscience_examinee_passed,,31
jsc,136763,2014,nonscience_avg_gpa,4.06,3.5
jsc,136763,2015,nonscience_avg_gpa,4.7,4.35
jsc,136763,2016,nonscience_avg_gpa,4.78,4.64
jsc,136763,2017,nonscience_avg_gpa,4.81,4.64
jsc,136763,2018,nonscience_avg_gpa,4.08,4.0
jsc,136763,2019,nonscience_avg_gpa,3.79,3.66
jsc,107863,2011,nonscience_examinee_total,,184
jsc,107863,2011,nonscience_examinee_passed,,184
jsc,107863,2012,nonscience_avg_gpa,3.69,3.64
jsc,107863,2013,nonscience_avg_gpa,4.32,4.22
jsc,107863,2014,nonscience_avg_gpa,4.02,4.0
jsc,107863,2016,nonscience_avg_gpa,4.59,4.55
jsc,107863,2017,nonscience_avg_gpa,4.46,4.36
jsc,107863,2018,nonscience_avg_gpa,4.19,4.17
jsc,107863,2019,nonscience_avg_gpa,3.63,3.46
jsc,107875,2011,nonscience_examinee_total,,269
jsc,107875,2011,nonscience_examinee_passed,,269
jsc,107875,2012,nonscience_examinee_total,,320
jsc,107875,2012,nonscience_examinee_passed,,291
jsc,107875,2012,nonscience_avg_gpa,2.79,2.68
jsc,107875,2013,nonscience_avg_gpa,2.93,2.75
jsc,107875,2014,nonscience_avg_gpa,3.5,3.17
jsc,107875,2015,nonscience_avg_gpa,4.03,3.86
jsc,107875,2016,nonscience_avg_gpa,4.13,3.77
jsc,107875,2017,nonscience_avg_gpa,3.73,3.47
jsc,107875,2018,nonscience_examinee_total,,631
jsc,107875,2018,nonscience_examinee_passed,,489
jsc,107875,2018,nonscience_avg_gpa,2.59,2.41
jsc,107875,2019,nonscience_examinee_total,,515
jsc,107875,2019,nonscience_examinee_passed,,332
jsc,107875,2019,nonscience_avg_gpa,1.89,1.78
jsc,138821,2019,nonscience_examinee_total,,32
jsc,138821,2019,nonscience_examinee_passed,,31
jsc,138821,2019,nonscience_avg_gpa,4.09,3.96
jsc,107874,2012,nonscience_avg_gpa,4.26,4.21
jsc,107874,2014,nonscience_avg_gpa,4.65,4.62
jsc,107874,2015,nonscience_avg_gpa,4.8,4.77
jsc,107874,2016,nonscience_avg_gpa,4.92,4.9
jsc,107874,2017,nonscience_avg_gpa,4.77,4.72
jsc,107874,2018,nonscience_avg_gpa,4.46,4.41
jsc,107874,2019,nonscience_avg_gpa,3.98,3.93
jsc,107916,2011,nonscience_examinee_total,,38
jsc,107916,2011,nonscience_examinee_passed,,38
jsc,107916,2013,nonscience_avg_gpa,3.83,3.69
jsc,107916,2014,nonscience_examinee_total,,45
jsc,107916,2014,nonscience_examinee_passed,,36
jsc,107916,2014,nonscience_avg_gpa,3.38,3.23
jsc,107916,2015,nonscience_avg_gpa,4.04,3.65
jsc,107916,2017,nonscience_avg_gpa,4.1,3.57
jsc,107916,2018,nonscience_examinee_total,,33
jsc,107916,2018,nonscience_examinee_passed,,28
jsc,107916,2018,nonscience_avg_gpa,3.26,2.96
jsc,107916,2019,nonscience_examinee_total,,37
jsc,107916,2019,nonscience_examinee_passed,,33
jsc,107873,2013,nonscience_avg_gpa,4.14,4.11
jsc,107873,2016,nonscience_avg_gpa,4.39,3.91
jsc,107873,2017,nonscience_avg_gpa,4.11,3.91
jsc,107873,2018,nonscience_avg_gpa,3.55,3.48
jsc,107873,2019,nonscience_avg_gpa,3.46,3.42
jsc,108481,2012,nonscience_avg_gpa,4.37,4.35
jsc,108481,2013,nonscience_avg_gpa,4.66,4.63
jsc,108481,2015,nonscience_avg_gpa,4.76,4.73
jsc,108481,2016,nonscience_avg_gpa,4.81,4.78
jsc,108481,2017,nonscience_avg_gpa,4.63,4.58
jsc,108481,2018,nonscience_avg_gpa,4.16,4.14
jsc,108481,2019,nonscience_avg_gpa,3.91,3.87
jsc,107872,2011,nonscience_examinee_total,,53
jsc,107872,2011,nonscience_examinee_passed,,53
jsc,107872,2012,nonscience_examinee_total,,47
jsc,107872,2012,nonscience_examinee_passed,,44
jsc,107872,2012,nonscience_avg_gpa,3.07,3.0
jsc,107872,2013,nonscience_avg_gpa,4.07,3.57
jsc,107872,2014,nonscience_avg_gpa,3.86,3.55
jsc,107872,2015,nonscience_examinee_total,,172
jsc,107872,2015,nonscience_examinee_passed,,148
jsc,107872,2015,nonscience_avg_gpa,3.55,3.3
jsc,107872,2016,nonscience_avg_gpa,3.84,3.65
jsc,107872,2017,nonscience_avg_gpa,3.43,3.26
jsc,107872,2018,nonscience_examinee_total,,169
jsc,107872,2018,nonscience_examinee_passed,,126
jsc,107872,2018,nonscience_avg_gpa,2.16,2.05
jsc,107872,2019,nonscience_examinee_total,,250
jsc,107872,2019,nonscience_examinee_passed,,182
jsc,107872,2019,nonscience_avg_gpa,1.93,1.83
jsc,108470,2011,nonscience_examinee_total,,219
jsc,108470,2011,nonscience_examinee_passed,,219
jsc,108470,2012,nonscience_avg_gpa,3.21,2.99
jsc,108470,2013,nonscience_avg_gpa,3.88,3.65
jsc,108470,2014,nonscience_avg_gpa,3.24,3.11
jsc,108470,2015,nonscience_avg_gpa,4.18,4.01
jsc,108470,2016,nonscience_avg_gpa,3.83,3.59
jsc,108470,2017,nonscience_avg_gpa,2.59,2.48
jsc,108470,2018,nonscience_avg_gpa,3.39,3.13
jsc,108470,2019,nonscience_avg_gpa,2.73,2.58
jsc,134716,2013,nonscience_avg_gpa,4.47,4.41
jsc,134716,2014,nonscience_avg_gpa,4.36,4.33
jsc,134716,2017,nonscience_avg_gpa,4.56,4.54
jsc,134716,2018,nonscience_avg_gpa,4.15,4.11
jsc,107891,2011,nonscience_examinee_total,,90
jsc,107891,2011,nonscience_examinee_passed,,90
jsc,107891,2012,nonscience_avg_gpa,4.26,4.08
jsc,107891,2015,nonscience_avg_gpa,4.53,4.49
jsc,107891,2018,nonscience_avg_gpa,4.02,3.95
jsc,107891,2019,nonscience_avg_gpa,3.42,3.34
jsc,107890,2011,nonscience_examinee_total,,92
jsc,107890,2011,nonscience_examinee_passed,,92
jsc,107890,2013,nonscience_avg_gpa,3.91,3.88
jsc,107890,2014,nonscience_avg_gpa,3.29,3.12
jsc,107890,2015,nonscience_avg_gpa,3.67,3.5
jsc,107890,2016,nonscience_avg_gpa,4.24,4.12
jsc,107890,2017,nonscience_avg_gpa,3.97,3.8
jsc,107890,2018,nonscience_avg_gpa,3.37,3.25
jsc,107890,2019,nonscience_examinee_total,,169
jsc,107890,2019,nonscience_examinee_passed,,157
jsc,107890,2019,nonscience_avg_gpa,3.06,3.0
jsc,108471,2012,nonscience_avg_gpa,4.42,4.4
jsc,108471,2013,nonscience_avg_gpa,4.05,4.02
jsc,108471,2014,nonscience_avg_gpa,3.41,3.29
jsc,108471,2015,nonscience_avg_gpa,4.42,4.22
jsc,108471,2016,nonscience_avg_gpa,4.28,4.17
jsc,108471,2017,nonscience_avg_gpa,3.92,3.84
jsc,108471,2018,nonscience_avg_gpa,3.17,3.05
jsc,108471,2019,nonscience_avg_gpa,3.19,3.07
jsc,133989,2015,nonscience_avg_gpa,3.91,3.73
jsc,133989,2016,nonscience_avg_gpa,4.11,4.05
jsc,133989,2017,nonscience_avg_gpa,4.65,4.58
jsc,108472,2012,nonscience_avg_gpa,4.28,3.99
jsc,108472,2013,nonscience_avg_gpa,4.28,4.06
jsc,108472,2014,nonscience_avg_gpa,3.68,3.61
jsc,108472,2015,nonscience_avg_gpa,4.25,4.01
jsc,108472,2016,nonscience_avg_gpa,4.55,4.42
jsc,108472,2017,nonscience_avg_gpa,3.89,3.82
jsc,108472,2018,nonscience_avg_gpa,3.4,3.29
jsc,108472,2019,nonscience_avg_gpa,2.9,2.85
jsc,108475,2011,nonscience_examinee_total,,149
jsc,108475,2011,nonscience_examinee_passed,,149
jsc,108475,2012,nonscience_avg_gpa,3.84,3.7
jsc,108475,2013,nonscience_avg_gpa,4.01,3.97
jsc,108475,2014,nonscience_avg_gpa,3.48,3.46
jsc,108475,2015,nonscience_avg_gpa,4.03,3.98
jsc,108475,2016,nonscience_avg_gpa,4,3.92
jsc,108475,2017,nonscience_avg_gpa,3.1,3.02
jsc,108475,2018,nonscience_avg_gpa,2.94,2.85
jsc,108475,2019,nonscience_avg_gpa,3.03,2.71
jsc,107889,2011,nonscience_examinee_total,,127
jsc,107889,2011,nonscience_examinee_passed,,127
jsc,107889,2012,nonscience_avg_gpa,3.09,2.91
jsc,107889,2013,nonscience_avg_gpa,3.57,3.28
jsc,107889,2014,nonscience_avg_gpa,3.12,3.03
jsc,107889,2015,nonscience_avg_gpa,3.71,3.64
jsc,107889,2016,nonscience_avg_gpa,3.78,3.6
jsc,107889,2017,nonscience_avg_gpa,3.5,3.31
jsc,107889,2018,nonscience_examinee_total,,177
jsc,107889,2018,nonscience_examinee_passed,,140
jsc,107889,2018,nonscience_avg_gpa,2.71,2.59
jsc,107889,2019,nonscience_examinee_total,,220
jsc,107889,2019,nonscience_examinee_passed,,187
jsc,107889,2019,nonscience_avg_gpa,2.61,2.51
jsc,108474,2011,nonscience_examinee_total,,144
jsc,108474,2011,nonscience_examinee_passed,,144
jsc,108474,2012,nonscience_avg_gpa,3.55,3.28
jsc,108474,2013,nonscience_avg_gpa,4.05,3.7
jsc,108474,2014,nonscience_avg_gpa,4.06,3.73
jsc,108474,2015,nonscience_avg_gpa,4.46,4.22
jsc,108474,2016,nonscience_avg_gpa,4.37,4.18
jsc,108474,2017,nonscience_avg_gpa,3.62,3.37
jsc,108474,2018,nonscience_examinee_total,,257
jsc,108474,2018,nonscience_examinee_passed,,182
jsc,108474,2018,nonscience_avg_gpa,2.45,2.22
jsc,108474,2019,nonscience_examinee_total,,306
jsc,108474,2019,nonscience_examinee_passed,,223
jsc,108474,2019,nonscience_avg_gpa,2.36,2.09
jsc,107876,2011,nonscience_examinee_total,,159
jsc,107876,2011,nonscience_examinee_passed,,159
jsc,107876,2012,nonscience_avg_gpa,3.62,3.53
jsc,107876,2013,nonscience_avg_gpa,3.79,3.61
jsc,107876,2014,nonscience_avg_gpa,3.63,3.44
jsc,107876,2016,nonscience_avg_gpa,4.74,4.6
jsc,107876,2017,nonscience_avg_gpa,4.18,4.04
jsc,107876,2018,nonscience_avg_gpa,3.49,3.33
jsc,107876,2019,nonscience_avg_gpa,3.3,3.22
jsc,108464,2011,nonscience_examinee_total,,151
jsc,108464,2011,nonscience_examinee_passed,,151
jsc,108464,2012,nonscience_avg_gpa,2.93,2.77
jsc,108464,2013,nonscience_avg_gpa,4.13,3.93
jsc,108464,2014,nonscience_avg_gpa,3.67,3.58
jsc,108464,2015,nonscience_avg_gpa,4.36,4.31
jsc,108464,2016,nonscience_avg_gpa,4.15,3.95
jsc,108464,2017,nonscience_avg_gpa,3.65,3.5
jsc,108464,2018,nonscience_avg_gpa,2.77,2.61
jsc,108464,2019,nonscience_examinee_total,,277
jsc,108464,2019,nonscience_examinee_passed,,205
jsc,108464,2019,nonscience_avg_gpa,2.27,2.13
jsc,108473,2012,nonscience_avg_gpa,2.91,2.75
jsc,108473,2013,nonscience_avg_gpa,3.52,3.21
jsc,108473,2014,nonscience_avg_gpa,3.3,3.23
jsc,108473,2015,nonscience_examinee_total,,395
jsc,108473,2015,nonscience_examinee_passed,,357
jsc,108473,2015,nonscience_avg_gpa,3.48,3.39
jsc,108473,2016,nonscience_avg_gpa,3.74,3.46
jsc,108473,2017,nonscience_avg_gpa,2.64,2.48
jsc,108473,2018,nonscience_examinee_total,,279
jsc,108473,2018,nonscience_examinee_passed,,216
jsc,108473,2018,nonscience_avg_gpa,2.36,2.18
jsc,108473,2019,nonscience_examinee_total,,250
jsc,108473,2019,nonscience_examinee_passed,,209
jsc,108473,2019,nonscience_avg_gpa,2.34,2.24
jsc,108182,2012,nonscience_avg_gpa,3.87,3.85
jsc,108182,2013,nonscience_avg_gpa,4.36,4.34
jsc,108182,2015,nonscience_avg_gpa,4.43,4.31
jsc,108182,2017,nonscience_avg_gpa,4.57,4.51
jsc,108182,2018,nonscience_avg_gpa,3.22,3.14
jsc,108214,2012,nonscience_avg_gpa,4.13,3.99
jsc,108214,2013,nonscience_avg_gpa,4.9,4.86
jsc,108214,2015,nonscience_avg_gpa,4.77,4.72
jsc,108214,2016,nonscience_avg_gpa,4.54,4.51
jsc,108214,2017,nonscience_avg_gpa,4.54,4.48
jsc,108049,2011,nonscience_examinee_total,,55
jsc,108049,2011,nonscience_examinee_passed,,55
jsc,108049,2012,nonscience_examinee_total,,65
jsc,108049,2012,nonscience_examinee_passed,,57
jsc,108049,2012,nonscience_avg_gpa,2.85,2.63
jsc,108049,2013,nonscience_avg_gpa,3.34,3.07
jsc,108049,2014,nonscience_examinee_total,,73
jsc,108049,2014,nonscience_examinee_passed,,58
jsc,108049,2014,nonscience_avg_gpa,2.95,2.79
jsc,108049,2016,nonscience_avg_gpa,3.25,3.15
jsc,108049,2017,nonscience_avg_gpa,3.32,3.23
jsc,108049,2018,nonscience_avg_gpa,2.71,2.45
jsc,134578,2019,nonscience_avg_gpa,4.03,3.78
jsc,108174,2011,nonscience_examinee_total,,102
jsc,108174,2011,nonscience_examinee_passed,,102
jsc,108174,2012,nonscience_examinee_total,,85
jsc,108174,2012,nonscience_examinee_passed,,70
jsc,108174,2012,nonscience_avg_gpa,2.92,2.78
jsc,108174,2013,nonscience_avg_gpa,3.77,3.73
jsc,108174,2014,nonscience_examinee_total,,74
jsc,108174,2014,nonscience_examinee_passed,,70
jsc,108174,2014,nonscience_avg_gpa,3.57,3.52
jsc,108174,2015,nonscience_avg_gpa,3.21,2.91
jsc,108174,2016,nonscience_avg_gpa,3.85,3.48
jsc,108174,2017,nonscience_examinee_total,,65
jsc,108174,2017,nonscience_examinee_passed,,50
jsc,108174,2017,nonscience_avg_gpa,2.98,2.8
jsc,108174,2018,nonscience_avg_gpa,3.32,3.16
jsc,108174,2019,nonscience_avg_gpa,3.56,3.49
jsc,107847,2011,nonscience_examinee_total,,120
jsc,107847,2011,nonscience_examinee_passed,,120
jsc,107847,2012,nonscience_examinee_total,,120
jsc,107847,2012,nonscience_examinee_passed,,93
jsc,107847,2012,nonscience_avg_gpa,2.62,2.32
jsc,107847,2013,nonscience_avg_gpa,3.4,3.13
jsc,107847,2014,nonscience_avg_gpa,3.05,2.93
jsc,107847,2015,nonscience_avg_gpa,3.27,3.02
jsc,107847,2016,nonscience_examinee_total,,114
jsc,107847,2016,nonscience_examinee_passed,,95
jsc,107847,2016,nonscience_avg_gpa,3.21,3.04
jsc,107847,2017,nonscience_avg_gpa,3.48,3.4
jsc,107847,2018,nonscience_examinee_total,,80
jsc,107847,2018,nonscience_examinee_passed,,60
jsc,107847,2018,nonscience_avg_gpa,2.55,2.26
jsc,107847,2019,nonscience_examinee_total,,136
jsc,107847,2019,nonscience_examinee_passed,,111
jsc,107847,2019,nonscience_avg_gpa,2.38,2.31
jsc,108175,2011,nonscience_examinee_total,,59
jsc,108175,2011,nonscience_examinee_passed,,59
jsc,108175,2012,nonscience_avg_gpa,3.32,2.94
jsc,108175,2013,nonscience_avg_gpa,3.05,2.82
jsc,108175,2014,nonscience_avg_gpa,2.79,2.55
jsc,108175,2015,nonscience_avg_gpa,3.36,3.1
jsc,108175,2016,nonscience_avg_gpa,2.88,2.71
jsc,108175,2017,nonscience_avg_gpa,2.91,2.72
jsc,108175,2018,nonscience_examinee_total,,271
jsc,108175,2018,nonscience_examinee_passed,,175
jsc,108175,2018,nonscience_avg_gpa,2.06,1.93
jsc,108175,2019,nonscience_avg_gpa,2.59,2.4
jsc,133984,2016,nonscience_avg_gpa,4.48,4.4
jsc,133984,2018,nonscience_examinee_total,,60
jsc,133984,2018,nonscience_examinee_passed,,56
jsc,133984,2018,nonscience_avg_gpa,3.71,3.58
jsc,133984,2019,nonscience_examinee_total,,56
jsc,133984,2019,nonscience_examinee_passed,,54
jsc,108043,2012,nonscience_avg_gpa,3.17,3.03
jsc,108043,2013,nonscience_avg_gpa,4.2,4.09
jsc,108043,2015,nonscience_avg_gpa,3.89,3.76
jsc,108043,2016,nonscience_avg_gpa,4.04,3.99
jsc,108043,2017,nonscience_avg_gpa,3.86,3.74
jsc,108043,2019,nonscience_examinee_total,,142
jsc,108043,2019,nonscience_examinee_passed,,129
jsc,108043,2019,nonscience_avg_gpa,2.99,2.91
jsc,108047,2011,nonscience_examinee_total,,149
jsc,108047,2011,nonscience_examinee_passed,,149
jsc,108047,2012,nonscience_avg_gpa,3.76,3.73
jsc,108047,2013,nonscience_avg_gpa,3.96,3.93
jsc,108047,2016,nonscience_avg_gpa,3.97,3.94
jsc,108047,2019,nonscience_examinee_total,,184
jsc,108047,2019,nonscience_examinee_passed,,176
jsc,108047,2019,nonscience_avg_gpa,3.05,2.99
jsc,107970,2011,nonscience_examinee_total,,111
jsc,107970,2011,nonscience_examinee_passed,,111
jsc,107970,2012,nonscience_examinee_total,,104
jsc,107970,2012,nonscience_examinee_passed,,86
jsc,107970,2012,nonscience_avg_gpa,2.78,2.73
jsc,107970,2013,nonscience_avg_gpa,3.1,2.94
jsc,107970,2014,nonscience_examinee_total,,80
jsc,107970,2014,nonscience_examinee_passed,,74
jsc,107970,2014,nonscience_avg_gpa,3.26,3.18
jsc,107970,2015,nonscience_avg_gpa,3.58,3.45
jsc,107970,2016,nonscience_avg_gpa,4.15,4.1
jsc,107970,2017,nonscience_avg_gpa,3.57,3.33
jsc,107970,2018,nonscience_examinee_total,,104
jsc,107970,2018,nonscience_examinee_passed,,74
jsc,107970,2018,nonscience_avg_gpa,2.44,2.3
jsc,107970,2019,nonscience_avg_gpa,2.45,2.38
jsc,107985,2011,nonscience_examinee_total,,52
jsc,107985,2011,nonscience_examinee_passed,,52
jsc,107985,2012,nonscience_examinee_total,,34
jsc,107985,2012,nonscience_examinee_passed,,33
jsc,107985,2012,nonscience_avg_gpa,3.78,3.67
jsc,107985,2013,nonscience_avg_gpa,3.96,3.85
jsc,107985,2014,nonscience_examinee_total,,28
jsc,107985,2014,nonscience_examinee_passed,,28
jsc,107985,2015,nonscience_avg_gpa,3.82,3.56
jsc,107985,2018,nonscience_examinee_total,,31
jsc,107985,2018,nonscience_examinee_passed,,29
jsc,107985,2018,nonscience_avg_gpa,3.73,3.61
jsc,107985,2019,nonscience_examinee_total,,29
jsc,107985,2019,nonscience_examinee_passed,,20
jsc,107985,2019,nonscience_avg_gpa,2.45,2.28
jsc,108052,2011,nonscience_examinee_total,,358
jsc,108052,2011,nonscience_examinee_passed,,358
jsc,108052,2012,nonscience_avg_gpa,2.93,2.62
jsc,108052,2013,nonscience_avg_gpa,3.45,3.29
jsc,108052,2014,nonscience_avg_gpa,2.8,2.61
jsc,108052,2015,nonscience_avg_gpa,3.46,3.32
jsc,108052,2016,nonscience_avg_gpa,3.41,3.22
jsc,108052,2017,nonscience_avg_gpa,2.84,2.74
jsc,108052,2018,nonscience_avg_gpa,2.88,2.86
jsc,108052,2019,nonscience_examinee_total,,379
jsc,108052,2019,nonscience_examinee_passed,,310
jsc,108052,2019,nonscience_avg_gpa,2.51,2.29
jsc,108055,2011,nonscience_examinee_total,,413
jsc,108055,2011,nonscience_examinee_passed,,413
jsc,108055,2012,nonscience_examinee_total,,493
jsc,108055,2012,nonscience_examinee_passed,,339
jsc,108055,2012,nonscience_avg_gpa,2.09,1.93
jsc,108055,2013,nonscience_avg_gpa,3.01,2.77
jsc,108055,2014,nonscience_avg_gpa,2.56,2.42
jsc,108055,2015,nonscience_avg_gpa,2.89,2.79
jsc,108055,2016,nonscience_avg_gpa,2.63,2.45
jsc,108055,2017,nonscience_avg_gpa,2.75,2.6
jsc,108055,2018,nonscience_avg_gpa,2.19,2.07
jsc,108055,2019,nonscience_examinee_total,,1181
jsc,108055,2019,nonscience_examinee_passed,,743
jsc,108055,2019,nonscience_avg_gpa,1.78,1.67
jsc,108053,2011,nonscience_examinee_total,,254
jsc,108053,2011,nonscience_examinee_passed,,254
jsc,108053,2012,nonscience_examinee_total,,363
jsc,108053,2012,nonscience_examinee_passed,,320
jsc,108053,2012,nonscience_avg_gpa,2.94,2.82
jsc,108053,2013,nonscience_avg_gpa,3.5,3.37
jsc,108053,2014,nonscience_avg_gpa,2.78,2.7
jsc,108053,2015,nonscience_avg_gpa,3.3,3.22
jsc,108053,2016,nonscience_avg_gpa,3.58,3.43
jsc,108053,2017,nonscience_avg_gpa,3.52,3.41
jsc,108053,2018,nonscience_avg_gpa,2.64,2.56
jsc,108053,2019,nonscience_avg_gpa,2.87,2.79
jsc,108054,2011,nonscience_examinee_total,,337
jsc,108054,2011,nonscience_examinee_passed,,337
jsc,108054,2012,nonscience_examinee_total,,327
jsc,108054,2012,nonscience_examinee_passed,,248
jsc,108054,2012,nonscience_avg_gpa,2.42,2.26
jsc,108054,2013,nonscience_avg_gpa,3.06,2.91
jsc,108054,2014,nonscience_avg_gpa,2.57,2.54
jsc,108054,2015,nonscience_avg_gpa,2.8,2.73
jsc,108054,2016,nonscience_avg_gpa,3.01,2.85
jsc,108054,2017,nonscience_avg_gpa,3.11,2.93
jsc,108054,2018,nonscience_examinee_total,,425
jsc,108054,2018,nonscience_examinee_passed,,304
jsc,108054,2018,nonscience_avg_gpa,2.3,2.15
jsc,108054,2019,nonscience_avg_gpa,2.6,2.4
jsc,107896,2011,nonscience_examinee_total,,146
jsc,107896,2011,nonscience_examinee_passed,,146
jsc,107896,2012,nonscience_examinee_total,,156
jsc,107896,2012,nonscience_examinee_passed,,139
jsc,107896,2012,nonscience_avg_gpa,3,2.83
jsc,107896,2013,nonscience_avg_gpa,3.19,3.03
jsc,107896,2014,nonscience_avg_gpa,2.79,2.7
jsc,107896,2015,nonscience_avg_gpa,3.07,2.93
jsc,107896,2016,nonscience_avg_gpa,3.59,3.44
jsc,107896,2017,nonscience_avg_gpa,2.81,2.68
jsc,107896,2018,nonscience_avg_gpa,2.72,2.61
jsc,107896,2019,nonscience_avg_gpa,2.94,2.8
jsc,108375,2012,nonscience_avg_gpa,3.36,3.16
jsc,108375,2013,nonscience_avg_gpa,4.12,4.02
jsc,108375,2014,nonscience_avg_gpa,3.93,3.81
jsc,108375,2015,nonscience_avg_gpa,3.64,3.55
jsc,108375,2016,nonscience_avg_gpa,3.69,3.57
jsc,108375,2017,nonscience_avg_gpa,3.43,3.38
jsc,108375,2018,nonscience_avg_gpa,3.52,3.28
jsc,108375,2019,nonscience_avg_gpa,3.75,3.65
jsc,108379,2012,nonscience_avg_gpa,3.29,2.97
jsc,108379,2013,nonscience_avg_gpa,4.07,3.79
jsc,108379,2014,nonscience_avg_gpa,3.51,3.41
jsc,108379,2015,nonscience_avg_gpa,4.33,4.29
jsc,108379,2017,nonscience_avg_gpa,3.97,3.9
jsc,108379,2018,nonscience_avg_gpa,3.57,3.51
jsc,108379,2019,nonscience_avg_gpa,3.05,3.01
jsc,132096,2015,nonscience_avg_gpa,4.32,4.07
jsc,132096,2016,nonscience_avg_gpa,4.39,3.91
jsc,132096,2017,nonscience_avg_gpa,4.61,4.47
jsc,132096,2018,nonscience_examinee_total,,85
jsc,132096,2018,nonscience_examinee_passed,,84
jsc,132096,2018,nonscience_avg_gpa,3.69,3.64
jsc,132096,2019,nonscience_avg_gpa,3.47,3.43
jsc,131634,2016,nonscience_avg_gpa,4.47,4.4
jsc,131634,2018,nonscience_avg_gpa,3.98,3.73
jsc,131634,2019,nonscience_avg_gpa,2.81,2.65
jsc,108059,2012,nonscience_avg_gpa,4.72,4.7
jsc,108059,2016,nonscience_avg_gpa,4.94,4.9
jsc,108059,2019,nonscience_avg_gpa,4.7,4.68
jsc,108062,2011,nonscience_examinee_total,,56
jsc,108062,2011,nonscience_examinee_passed,,56
jsc,108062,2012,nonscience_avg_gpa,3.51,3.13
jsc,108062,2013,nonscience_avg_gpa,4.04,3.87
jsc,108062,2014,nonscience_avg_gpa,3.74,3.51
jsc,108062,2015,nonscience_avg_gpa,3.96,3.7
jsc,108062,2016,nonscience_avg_gpa,4.05,3.85
jsc,108062,2017,nonscience_avg_gpa,3.7,3.57
jsc,108062,2018,nonscience_avg_gpa,2.78,2.59
jsc,108062,2019,nonscience_avg_gpa,2.58,2.49
jsc,108387,2012,nonscience_avg_gpa,3.5,3.35
jsc,108387,2013,nonscience_avg_gpa,4.16,4.08
jsc,108387,2014,nonscience_avg_gpa,3.66,3.64
jsc,108387,2015,nonscience_avg_gpa,4.26,4.24
jsc,108387,2016,nonscience_avg_gpa,4.36,4.28
jsc,108387,2018,nonscience_avg_gpa,3.37,3.3
jsc,108387,2019,nonscience_avg_gpa,3.67,3.6
jsc,108061,2011,nonscience_examinee_total,,91
jsc,108061,2011,nonscience_examinee_passed,,91
jsc,108061,2012,nonscience_examinee_total,,113
jsc,108061,2012,nonscience_examinee_passed,,95
jsc,108061,2012,nonscience_avg_gpa,2.86,2.56
jsc,108061,2013,nonscience_avg_gpa,3.68,3.37
jsc,108061,2014,nonscience_avg_gpa,3.32,3.14
jsc,108061,2015,nonscience_avg_gpa,3.64,3.51
jsc,108061,2016,nonscience_avg_gpa,3.48,3.32
jsc,108061,2017,nonscience_examinee_total,,278
jsc,108061,2017,nonscience_examinee_passed,,202
jsc,108061,2017,nonscience_avg_gpa,2.53,2.43
jsc,108061,2018,nonscience_examinee_total,,301
jsc,108061,2018,nonscience_examinee_passed,,225
jsc,108061,2018,nonscience_avg_gpa,2.55,2.25
jsc,108061,2019,nonscience_avg_gpa,2.22,2.15
jsc,108060,2011,nonscience_examinee_total,,54
jsc,108060,2011,nonscience_examinee_passed,,54
jsc,108060,2012,nonscience_examinee_total,,48
jsc,108060,2012,nonscience_examinee_passed,,39
jsc,108060,2012,nonscience_avg_gpa,2.57,2.51
jsc,108060,2013,nonscience_avg_gpa,3.14,2.76
jsc,108060,2014,nonscience_examinee_total,,75
jsc,108060,2014,nonscience_examinee_passed,,56
jsc,108060,2014,nonscience_avg_gpa,2.44,2.38
jsc,108060,2015,nonscience_avg_gpa,3.59,3.31
jsc,108060,2016,nonscience_avg_gpa,3.14,2.93
jsc,108060,2017,nonscience_avg_gpa,2.15,1.95
jsc,108060,2018,nonscience_examinee_total,,96
jsc,108060,2018,nonscience_examinee_passed,,85
jsc,108060,2018,nonscience_avg_gpa,2.59,2.51
jsc,108060,2019,nonscience_examinee_total,,97
jsc,108060,2019,nonscience_examinee_passed,,76
jsc,108060,2019,nonscience_avg_gpa,2.03,1.91
jsc,130931,2011,nonscience_examinee_total,,22
jsc,130931,2011,nonscience_examinee_passed,,22
jsc,130931,2012,nonscience_examinee_total,,47
jsc,130931,2012,nonscience_examinee_passed,,45
jsc,130931,2012,nonscience_avg_gpa,3.7,3.54
jsc,130931,2014,nonscience_avg_gpa,3.67,3.63
jsc,130931,2015,nonscience_avg_gpa,4.3,4.1
jsc,130931,2016,nonscience_avg_gpa,4.67,4.6
jsc,130931,2017,nonscience_avg_gpa,4.25,4.09
jsc,130931,2018,nonscience_avg_gpa,3.84,3.6
jsc,130931,2019,nonscience_avg_gpa,3.27,3.23
jsc,108373,2011,nonscience_examinee_total,,311
jsc,108373,2011,nonscience_examinee_passed,,311
jsc,108373,2012,nonscience_examinee_total,,259
jsc,108373,2012,nonscience_examinee_passed,,229
jsc,108373,2012,nonscience_avg_gpa,2.95,2.82
jsc,108373,2013,nonscience_avg_gpa,3.52,3.22
jsc,108373,2014,nonscience_avg_gpa,3.41,3.11
jsc,108373,2015,nonscience_avg_gpa,3.58,3.41
jsc,108373,2016,nonscience_avg_gpa,3.92,3.73
jsc,108373,2017,nonscience_avg_gpa,3.47,3.28
jsc,108373,2018,nonscience_avg_gpa,3.18,3.0
jsc,108373,2019,nonscience_avg_gpa,2.64,2.49
jsc,108374,2011,nonscience_examinee_total,,435
jsc,108374,2011,nonscience_examinee_passed,,435
jsc,108374,2012,nonscience_avg_gpa,2.64,2.11
jsc,108374,2013,nonscience_avg_gpa,3.71,3.2
jsc,108374,2014,nonscience_avg_gpa,3.15,2.97
jsc,108374,2015,nonscience_avg_gpa,3.35,3.11
jsc,108374,2016,nonscience_avg_gpa,3.65,3.36
jsc,108374,2017,nonscience_avg_gpa,3.01,2.82
jsc,108374,2018,nonscience_avg_gpa,3.37,3.17
jsc,108374,2019,nonscience_avg_gpa,2.84,2.64
jsc,107895,2011,nonscience_examinee_total,,115
jsc,107895,2011,nonscience_examinee_passed,,115
jsc,107895,2012,nonscience_examinee_total,,152
jsc,107895,2012,nonscience_examinee_passed,,132
jsc,107895,2012,nonscience_avg_gpa,3.02,2.84
jsc,107895,2013,nonscience_avg_gpa,3.68,3.57
jsc,107895,2014,nonscience_avg_gpa,3.3,3.23
jsc,107895,2015,nonscience_avg_gpa,3.16,3.04
jsc,107895,2016,nonscience_avg_gpa,3.2,3.05
jsc,107895,2017,nonscience_avg_gpa,3.18,3.06
jsc,107895,2018,nonscience_examinee_total,,174
jsc,107895,2018,nonscience_examinee_passed,,121
jsc,107895,2018,nonscience_avg_gpa,2.13,2.07
jsc,107895,2019,nonscience_examinee_total,,215
jsc,107895,2019,nonscience_examinee_passed,,171
jsc,107895,2019,nonscience_avg_gpa,2.38,2.31
jsc,134172,2011,nonscience_examinee_total,,97
jsc,134172,2011,nonscience_examinee_passed,,97
jsc,134172,2012,nonscience_examinee_total,,89
jsc,134172,2012,nonscience_examinee_passed,,86
jsc,134172,2012,nonscience_avg_gpa,3.64,3.55
jsc,134172,2013,nonscience_avg_gpa,4.35,4.31
jsc,134172,2014,nonscience_avg_gpa,3.76,3.69
jsc,134172,2015,nonscience_avg_gpa,4.21,4.11
jsc,134172,2016,nonscience_avg_gpa,4.36,4.23
jsc,134172,2017,nonscience_avg_gpa,4.16,4.01
jsc,134172,2018,nonscience_avg_gpa,3.74,3.7
jsc,108058,2011,nonscience_examinee_total,,103
jsc,108058,2011,nonscience_examinee_passed,,103
jsc,108058,2012,nonscience_examinee_total,,134
jsc,108058,2012,nonscience_examinee_passed,,117
jsc,108058,2012,nonscience_avg_gpa,2.76,2.72
jsc,108058,2013,nonscience_avg_gpa,3.69,3.43
jsc,108058,2014,nonscience_avg_gpa,3.2,3.11
jsc,108058,2015,nonscience_avg_gpa,3.73,3.65
jsc,108058,2016,nonscience_avg_gpa,3.94,3.88
jsc,108058,2017,nonscience_avg_gpa,3.54,3.42
jsc,108058,2018,nonscience_avg_gpa,3.4,3.23
jsc,108058,2019,nonscience_avg_gpa,2.64,2.49
jsc,108378,2011,nonscience_examinee_total,,121
jsc,108378,2011,nonscience_examinee_passed,,121
jsc,108378,2012,nonscience_examinee_total,,98
jsc,108378,2012,nonscience_examinee_passed,,77
jsc,108378,2012,nonscience_avg_gpa,2.58,2.32
jsc,108378,2013,nonscience_examinee_total,,125
jsc,108378,2013,nonscience_examinee_passed,,108
jsc,108378,2013,nonscience_avg_gpa,3.39,3.15
jsc,108378,2014,nonscience_examinee_total,,180
jsc,108378,2014,nonscience_examinee_passed,,137
jsc,108378,2014,nonscience_avg_gpa,2.69,2.51
jsc,108378,2015,nonscience_examinee_total,,120
jsc,108378,2015,nonscience_examinee_passed,,102
jsc,108378,2015,nonscience_avg_gpa,2.92,2.87
jsc,108378,2016,nonscience_avg_gpa,3.21,3.05
jsc,108378,2017,nonscience_avg_gpa,3.02,2.82
jsc,108378,2018,nonscience_examinee_total,,133
jsc,108378,2018,nonscience_examinee_passed,,83
jsc,108378,2018,nonscience_avg_gpa,1.93,1.83
jsc,108378,2019,nonscience_examinee_total,,161
jsc,108378,2019,nonscience_examinee_passed,,117
jsc,108378,2019,nonscience_avg_gpa,2.08,2.0
jsc,130916,2012,nonscience_avg_gpa,4.38,4.17
jsc,130916,2013,nonscience_avg_gpa,4.58,4.53
jsc,130916,2014,nonscience_avg_gpa,4.17,3.99
jsc,130916,2015,nonscience_avg_gpa,4.63,4.54
jsc,130916,2016,nonscience_avg_gpa,4.78,4.74
jsc,130916,2017,nonscience_avg_gpa,4.64,4.56
jsc,130916,2019,nonscience_avg_gpa,4.48,4.44
jsc,107824,2012,nonscience_avg_gpa,3.09,3.02
jsc,107824,2013,nonscience_avg_gpa,4.02,3.98
jsc,107824,2015,nonscience_avg_gpa,3.71,3.66
jsc,107824,2017,nonscience_avg_gpa,3.58,3.45
jsc,107824,2018,nonscience_examinee_total,,119
jsc,107824,2018,nonscience_examinee_passed,,111
jsc,107820,2011,nonscience_examinee_total,,144
jsc,107820,2011,nonscience_examinee_passed,,144
jsc,107820,2012,nonscience_examinee_total,,167
jsc,107820,2012,nonscience_examinee_passed,,126
jsc,107820,2012,nonscience_avg_gpa,2.34,2.04
jsc,107820,2013,nonscience_examinee_total,,186
jsc,107820,2013,nonscience_examinee_passed,,152
jsc,107820,2013,nonscience_avg_gpa,3.13,2.84
jsc,107820,2014,nonscience_avg_gpa,3.16,3.05
jsc,107820,2015,nonscience_avg_gpa,3.18,3.0
jsc,107820,2016,nonscience_avg_gpa,3.21,3.08
jsc,107820,2017,nonscience_avg_gpa,3.09,2.89
jsc,107820,2018,nonscience_examinee_total,,397
jsc,107820,2018,nonscience_examinee_passed,,334
jsc,107820,2018,nonscience_avg_gpa,2.65,2.47
jsc,107820,2019,nonscience_avg_gpa,2.41,2.32
jsc,107840,2011,nonscience_examinee_total,,246
jsc,107840,2011,nonscience_examinee_passed,,246
jsc,107840,2012,nonscience_avg_gpa,3.42,3.09
jsc,107840,2013,nonscience_avg_gpa,3.77,3.57
jsc,107840,2014,nonscience_avg_gpa,3.46,3.25
jsc,107840,2015,nonscience_avg_gpa,3.56,3.41
jsc,107840,2016,nonscience_avg_gpa,3.81,3.41
jsc,107840,2017,nonscience_avg_gpa,3.38,3.22
jsc,107840,2018,nonscience_avg_gpa,2.89,2.76
jsc,107840,2019,nonscience_avg_gpa,2.71,2.53
jsc,107823,2012,nonscience_avg_gpa,3.88,3.86
jsc,107823,2013,nonscience_avg_gpa,4.4,4.34
jsc,107823,2014,nonscience_avg_gpa,3.99,3.95
jsc,107823,2015,nonscience_avg_gpa,4.27,4.22
jsc,107823,2017,nonscience_avg_gpa,4.14,4.11
jsc,107823,2018,nonscience_avg_gpa,3.79,3.74
jsc,107827,2011,nonscience_examinee_total,,145
jsc,107827,2011,nonscience_examinee_passed,,145
jsc,107827,2012,nonscience_examinee_total,,181
jsc,107827,2012,nonscience_examinee_passed,,130
jsc,107827,2012,nonscience_avg_gpa,2.03,1.88
jsc,107827,2013,nonscience_avg_gpa,2.4,2.21
jsc,107827,2014,nonscience_examinee_total,,100
jsc,107827,2014,nonscience_examinee_passed,,80
jsc,107827,2014,nonscience_avg_gpa,2.47,2.39
jsc,107827,2015,nonscience_examinee_total,,94
jsc,107827,2015,nonscience_examinee_passed,,72
jsc,107827,2015,nonscience_avg_gpa,2.51,2.49
jsc,107827,2016,nonscience_avg_gpa,3.26,3.2
jsc,107827,2017,nonscience_avg_gpa,3.51,3.46
jsc,107827,2018,nonscience_examinee_total,,144
jsc,107827,2018,nonscience_examinee_passed,,104
jsc,107827,2018,nonscience_avg_gpa,2.05,1.98
jsc,107827,2019,nonscience_examinee_total,,155
jsc,107827,2019,nonscience_examinee_passed,,128
jsc,107827,2019,nonscience_avg_gpa,2.57,2.52
jsc,108132,2012,nonscience_avg_gpa,2.96,2.9
jsc,108132,2013,nonscience_avg_gpa,3.56,3.49
jsc,108132,2014,nonscience_avg_gpa,3.17,3.08
jsc,108132,2015,nonscience_avg_gpa,3.54,3.47
jsc,108132,2016,nonscience_avg_gpa,3.85,3.79
jsc,108132,2017,nonscience_avg_gpa,3.41,3.34
jsc,108132,2018,nonscience_avg_gpa,3.14,3.09
jsc,108132,2019,nonscience_avg_gpa,2.55,2.47
jsc,108126,2011,nonscience_examinee_total,,123
jsc,108126,2011,nonscience_examinee_passed,,123
jsc,108126,2012,nonscience_examinee_total,,151
jsc,108126,2012,nonscience_examinee_passed,,72
jsc,108126,2012,nonscience_avg_gpa,1.38,1.15
jsc,108126,2013,nonscience_examinee_total,,213
jsc,108126,2013,nonscience_examinee_passed,,147
jsc,108126,2013,nonscience_avg_gpa,2.47,2.16
jsc,108126,2014,nonscience_examinee_total,,246
jsc,108126,2014,nonscience_examinee_passed,,171
jsc,108126,2014,nonscience_avg_gpa,2.24,2.04
jsc,108126,2015,nonscience_examinee_total,,370
jsc,108126,2015,nonscience_examinee_passed,,248
jsc,108126,2015,nonscience_avg_gpa,2.44,2.19
jsc,108126,2016,nonscience_examinee_total,,539
jsc,108126,2016,nonscience_examinee_passed,,303
jsc,108126,2016,nonscience_avg_gpa,1.96,1.8
jsc,108126,2017,nonscience_examinee_total,,565
jsc,108126,2017,nonscience_examinee_passed,,285
jsc,108126,2017,nonscience_avg_gpa,1.59,1.41
jsc,108126,2018,nonscience_examinee_total,,690
jsc,108126,2018,nonscience_examinee_passed,,444
jsc,108126,2018,nonscience_avg_gpa,1.87,1.65
jsc,108126,2019,nonscience_examinee_total,,677
jsc,108126,2019,nonscience_examinee_passed,,467
jsc,108126,2019,nonscience_avg_gpa,1.81,1.69
jsc,108128,2011,nonscience_examinee_total,,128
jsc,108128,2011,nonscience_examinee_passed,,128
jsc,108128,2012,nonscience_examinee_total,,128
jsc,108128,2012,nonscience_examinee_passed,,85
jsc,108128,2012,nonscience_avg_gpa,1.82,1.79
jsc,108128,2013,nonscience_avg_gpa,3.27,3.23
jsc,108128,2014,nonscience_examinee_total,,141
jsc,108128,2014,nonscience_examinee_passed,,130
jsc,108128,2014,nonscience_avg_gpa,3.18,3.14
jsc,108128,2015,nonscience_avg_gpa,3.24,3.18
jsc,108128,2016,nonscience_avg_gpa,3.05,2.99
jsc,108128,2017,nonscience_avg_gpa,2.52,2.49
jsc,108128,2019,nonscience_examinee_total,,104
jsc,108128,2019,nonscience_examinee_passed,,95
jsc,108128,2019,nonscience_avg_gpa,2.7,2.68
jsc,108133,2011,nonscience_examinee_total,,184
jsc,108133,2011,nonscience_examinee_passed,,184
jsc,108133,2012,nonscience_examinee_total,,194
jsc,108133,2012,nonscience_examinee_passed,,128
jsc,108133,2012,nonscience_avg_gpa,1.9,1.62
jsc,108133,2013,nonscience_avg_gpa,2.49,2.23
jsc,108133,2014,nonscience_examinee_total,,181
jsc,108133,2014,nonscience_examinee_passed,,119
jsc,108133,2014,nonscience_avg_gpa,1.94,1.91
jsc,108133,2015,nonscience_examinee_total,,193
jsc,108133,2015,nonscience_examinee_passed,,176
jsc,108133,2015,nonscience_avg_gpa,3.13,2.99
jsc,108133,2016,nonscience_avg_gpa,2.83,2.67
jsc,108133,2017,nonscience_avg_gpa,2.8,2.69
jsc,108133,2018,nonscience_examinee_total,,144
jsc,108133,2018,nonscience_examinee_passed,,100
jsc,108133,2018,nonscience_avg_gpa,1.91,1.87
jsc,108133,2019,nonscience_examinee_total,,107
jsc,108133,2019,nonscience_examinee_passed,,93
jsc,108133,2019,nonscience_avg_gpa,2.34,2.32
jsc,108131,2011,nonscience_examinee_total,,124
jsc,108131,2011,nonscience_examinee_passed,,124
jsc,108131,2012,nonscience_examinee_total,,156
jsc,108131,2012,nonscience_examinee_passed,,104
jsc,108131,2012,nonscience_avg_gpa,1.75,1.63
jsc,108131,2013,nonscience_examinee_total,,126
jsc,108131,2013,nonscience_examinee_passed,,105
jsc,108131,2013,nonscience_avg_gpa,2.7,2.62
jsc,108131,2014,nonscience_avg_gpa,1.71,1.67
jsc,108131,2015,nonscience_examinee_total,,144
jsc,108131,2015,nonscience_examinee_passed,,107
jsc,108131,2015,nonscience_avg_gpa,2.58,2.4
jsc,108131,2016,nonscience_examinee_total,,124
jsc,108131,2016,nonscience_examinee_passed,,100
jsc,108131,2016,nonscience_avg_gpa,2.85,2.74
jsc,108131,2017,nonscience_examinee_total,,97
jsc,108131,2017,nonscience_examinee_passed,,47
jsc,108131,2017,nonscience_avg_gpa,1.47,1.41
jsc,108131,2018,nonscience_examinee_total,,129
jsc,108131,2018,nonscience_examinee_passed,,83
jsc,108131,2018,nonscience_avg_gpa,1.74,1.67
jsc,108131,2019,nonscience_examinee_total,,117
jsc,108131,2019,nonscience_examinee_passed,,51
jsc,108131,2019,nonscience_avg_gpa,1.12,1.03
jsc,108135,2011,nonscience_examinee_total,,164
jsc,108135,2011,nonscience_examinee_passed,,164
jsc,108135,2012,nonscience_examinee_total,,158
jsc,108135,2012,nonscience_examinee_passed,,152
jsc,108135,2012,nonscience_avg_gpa,3.37,3.24
jsc,108135,2016,nonscience_avg_gpa,3.78,3.76
jsc,108135,2017,nonscience_avg_gpa,3.58,3.51
jsc,108135,2018,nonscience_examinee_total,,190
jsc,108135,2018,nonscience_examinee_passed,,171
jsc,108135,2019,nonscience_avg_gpa,2.99,2.89
jsc,108123,2011,nonscience_examinee_total,,25
jsc,108123,2011,nonscience_examinee_passed,,25
jsc,108123,2012,nonscience_examinee_total,,36
jsc,108123,2012,nonscience_examinee_passed,,28
jsc,108123,2012,nonscience_avg_gpa,2.89,2.41
jsc,108123,2013,nonscience_avg_gpa,3.38,3.27
jsc,108123,2014,nonscience_examinee_total,,37
jsc,108123,2014,nonscience_examinee_passed,,22
jsc,108123,2014,nonscience_avg_gpa,2.38,1.99
jsc,108123,2015,nonscience_examinee_total,,35
jsc,108123,2015,nonscience_examinee_passed,,30
jsc,108123,2016,nonscience_examinee_total,,36
jsc,108123,2016,nonscience_examinee_passed,,25
jsc,108123,2016,nonscience_avg_gpa,2.65,2.36
jsc,108123,2017,nonscience_examinee_total,,31
jsc,108123,2017,nonscience_examinee_passed,,17
jsc,108123,2017,nonscience_avg_gpa,2.05,1.79
jsc,108123,2018,nonscience_examinee_total,,21
jsc,108123,2018,nonscience_examinee_passed,,20
jsc,108123,2018,nonscience_avg_gpa,2.96,2.82
jsc,108123,2019,nonscience_examinee_total,,31
jsc,108123,2019,nonscience_examinee_passed,,30
jsc,108123,2019,nonscience_avg_gpa,2.8,2.71
jsc,108127,2011,nonscience_examinee_total,,128
jsc,108127,2011,nonscience_examinee_passed,,128
jsc,108127,2012,nonscience_examinee_total,,115
jsc,108127,2012,nonscience_examinee_passed,,93
jsc,108127,2012,nonscience_avg_gpa,2.44,2.36
jsc,108127,2013,nonscience_avg_gpa,3.12,3.07
jsc,108127,2014,nonscience_avg_gpa,2.64,2.56
jsc,108127,2017,nonscience_avg_gpa,2.99,2.76
jsc,108127,2018,nonscience_examinee_total,,329
jsc,108127,2018,nonscience_examinee_passed,,274
jsc,108127,2018,nonscience_avg_gpa,2.54,2.49
jsc,108127,2019,nonscience_examinee_total,,198
jsc,108127,2019,nonscience_examinee_passed,,177
jsc,108127,2019,nonscience_avg_gpa,2.75,2.73
jsc,108125,2011,nonscience_examinee_total,,110
jsc,108125,2011,nonscience_examinee_passed,,110
jsc,108125,2012,nonscience_examinee_total,,124
jsc,108125,2012,nonscience_examinee_passed,,79
jsc,108125,2012,nonscience_avg_gpa,1.82,1.62
jsc,108125,2013,nonscience_examinee_total,,141
jsc,108125,2013,nonscience_examinee_passed,,92
jsc,108125,2013,nonscience_avg_gpa,2.38,2.17
jsc,108125,2014,nonscience_examinee_total,,171
jsc,108125,2014,nonscience_examinee_passed,,115
jsc,108125,2014,nonscience_avg_gpa,2.08,2.03
jsc,108125,2015,nonscience_examinee_total,,221
jsc,108125,2015,nonscience_examinee_passed,,172
jsc,108125,2015,nonscience_avg_gpa,2.71,2.59
jsc,108125,2016,nonscience_examinee_total,,340
jsc,108125,2016,nonscience_examinee_passed,,184
jsc,108125,2016,nonscience_avg_gpa,1.85,1.72
jsc,108125,2017,nonscience_examinee_total,,332
jsc,108125,2017,nonscience_examinee_passed,,173
jsc,108125,2017,nonscience_avg_gpa,1.6,1.48
jsc,108125,2018,nonscience_examinee_total,,288
jsc,108125,2018,nonscience_examinee_passed,,174
jsc,108125,2018,nonscience_avg_gpa,1.63,1.5
jsc,108125,2019,nonscience_examinee_total,,234
jsc,108125,2019,nonscience_examinee_passed,,141
jsc,108125,2019,nonscience_avg_gpa,1.47,1.39
jsc,108164,2012,nonscience_avg_gpa,4.17,4.08
jsc,108164,2015,nonscience_avg_gpa,4.62,4.58
jsc,108164,2017,nonscience_avg_gpa,4.2,4.18
jsc,108164,2018,nonscience_avg_gpa,4,3.96
jsc,108147,2011,nonscience_examinee_total,,160
jsc,108147,2011,nonscience_examinee_passed,,160
jsc,108147,2012,nonscience_avg_gpa,2.49,2.33
jsc,108147,2013,nonscience_avg_gpa,3.51,3.16
jsc,108147,2014,nonscience_avg_gpa,2.85,2.78
jsc,108147,2015,nonscience_avg_gpa,3.52,3.44
jsc,108147,2016,nonscience_avg_gpa,3.59,3.49
jsc,108147,2017,nonscience_avg_gpa,2.07,1.97
jsc,108147,2018,nonscience_examinee_total,,773
jsc,108147,2018,nonscience_examinee_passed,,455
jsc,108147,2018,nonscience_avg_gpa,1.65,1.6
jsc,108147,2019,nonscience_examinee_total,,681
jsc,108147,2019,nonscience_examinee_passed,,389
jsc,108147,2019,nonscience_avg_gpa,1.48,1.39
jsc,108149,2011,nonscience_examinee_total,,49
jsc,108149,2011,nonscience_examinee_passed,,49
jsc,108149,2012,nonscience_examinee_total,,74
jsc,108149,2012,nonscience_examinee_passed,,40
jsc,108149,2012,nonscience_avg_gpa,2.08,1.72
jsc,108149,2013,nonscience_avg_gpa,3.08,2.44
jsc,108149,2014,nonscience_examinee_total,,72
jsc,108149,2014,nonscience_examinee_passed,,56
jsc,108149,2014,nonscience_avg_gpa,2.56,2.49
jsc,108149,2015,nonscience_examinee_total,,109
jsc,108149,2015,nonscience_examinee_passed,,92
jsc,108149,2015,nonscience_avg_gpa,3.23,3.05
jsc,108149,2016,nonscience_avg_gpa,3.12,2.95
jsc,108149,2017,nonscience_examinee_total,,116
jsc,108149,2017,nonscience_examinee_passed,,81
jsc,108149,2017,nonscience_avg_gpa,2.33,2.23
jsc,108149,2018,nonscience_examinee_total,,137
jsc,108149,2018,nonscience_examinee_passed,,107
jsc,108149,2018,nonscience_avg_gpa,2.31,2.22
jsc,108149,2019,nonscience_examinee_total,,140
jsc,108149,2019,nonscience_examinee_passed,,78
jsc,108149,2019,nonscience_avg_gpa,1.56,1.49
jsc,108166,2011,nonscience_examinee_total,,217
jsc,108166,2011,nonscience_examinee_passed,,217
jsc,108166,2012,nonscience_examinee_total,,199
jsc,108166,2012,nonscience_examinee_passed,,135
jsc,108166,2012,nonscience_avg_gpa,2.52,2.06
jsc,108166,2013,nonscience_avg_gpa,3.39,2.87
jsc,108166,2014,nonscience_examinee_total,,170
jsc,108166,2014,nonscience_examinee_passed,,137
jsc,108166,2014,nonscience_avg_gpa,2.99,2.68
jsc,108166,2015,nonscience_avg_gpa,3.49,3.13
jsc,108166,2016,nonscience_avg_gpa,3.69,3.43
jsc,108166,2017,nonscience_avg_gpa,2.56,2.37
jsc,108166,2018,nonscience_examinee_total,,169
jsc,108166,2018,nonscience_examinee_passed,,121
jsc,108166,2018,nonscience_avg_gpa,2.27,2.02
jsc,108166,2019,nonscience_examinee_total,,100
jsc,108166,2019,nonscience_examinee_passed,,91
jsc,108145,2011,nonscience_examinee_total,,334
jsc,108145,2011,nonscience_examinee_passed,,334
jsc,108145,2012,nonscience_examinee_total,,359
jsc,108145,2012,nonscience_examinee_passed,,241
jsc,108145,2012,nonscience_avg_gpa,2.53,1.87
jsc,108145,2013,nonscience_avg_gpa,3.41,2.93
jsc,108145,2014,nonscience_avg_gpa,3.32,2.97
jsc,108145,2015,nonscience_avg_gpa,3.24,2.93
jsc,108145,2016,nonscience_avg_gpa,3.81,3.43
jsc,108145,2017,nonscience_avg_gpa,2.69,2.32
jsc,108145,2018,nonscience_examinee_total,,271
jsc,108145,2018,nonscience_examinee_passed,,172
jsc,108145,2018,nonscience_avg_gpa,2.23,1.88
jsc,108145,2019,nonscience_examinee_total,,255
jsc,108145,2019,nonscience_examinee_passed,,180
jsc,108145,2019,nonscience_avg_gpa,2.28,1.88
jsc,130642,2016,nonscience_avg_gpa,4.23,4.18
jsc,130642,2017,nonscience_avg_gpa,4.06,3.96
jsc,130642,2018,nonscience_avg_gpa,3.6,3.47
jsc,137786,2019,nonscience_examinee_total,,32
jsc,137786,2019,nonscience_examinee_passed,,31
jsc,108143,2011,nonscience_examinee_total,,40
jsc,108143,2011,nonscience_examinee_passed,,40
jsc,108143,2012,nonscience_examinee_total,,34
jsc,108143,2012,nonscience_examinee_passed,,24
jsc,108143,2012,nonscience_avg_gpa,1.96,1.84
jsc,108143,2014,nonscience_examinee_total,,61
jsc,108143,2014,nonscience_examinee_passed,,40
jsc,108143,2014,nonscience_avg_gpa,2.51,2.22
jsc,108143,2015,nonscience_examinee_total,,133
jsc,108143,2015,nonscience_examinee_passed,,105
jsc,108143,2015,nonscience_avg_gpa,3.22,2.95
jsc,108143,2016,nonscience_avg_gpa,2.78,2.64
jsc,108143,2017,nonscience_avg_gpa,2.35,2.24
jsc,108143,2018,nonscience_avg_gpa,1.94,1.82
jsc,108143,2019,nonscience_avg_gpa,1.42,1.35
jsc,108144,2012,nonscience_avg_gpa,3.14,2.91
jsc,108144,2013,nonscience_avg_gpa,4.05,3.87
jsc,108144,2014,nonscience_avg_gpa,4.07,3.93
jsc,108144,2015,nonscience_avg_gpa,3.99,3.93
jsc,108144,2016,nonscience_avg_gpa,3.88,3.84
jsc,108144,2017,nonscience_avg_gpa,3.62,3.59
jsc,108144,2018,nonscience_avg_gpa,3.48,3.42
jsc,108144,2019,nonscience_avg_gpa,3.05,3.02
jsc,108177,2012,nonscience_examinee_total,,193
jsc,108177,2012,nonscience_examinee_passed,,145
jsc,108177,2012,nonscience_avg_gpa,2.57,2.24
jsc,108177,2013,nonscience_avg_gpa,2.86,2.54
jsc,108177,2014,nonscience_avg_gpa,3.03,2.76
jsc,108177,2015,nonscience_avg_gpa,3.04,2.72
jsc,108177,2016,nonscience_avg_gpa,3.27,3.22
jsc,108177,2017,nonscience_avg_gpa,2.9,2.82
jsc,108177,2018,nonscience_examinee_total,,218
jsc,108177,2018,nonscience_examinee_passed,,182
jsc,108177,2018,nonscience_avg_gpa,2.54,2.48
jsc,108177,2019,nonscience_examinee_total,,225
jsc,108177,2019,nonscience_examinee_passed,,196
jsc,108177,2019,nonscience_avg_gpa,2.67,2.58
jsc,108186,2011,nonscience_examinee_total,,149
jsc,108186,2011,nonscience_examinee_passed,,149
jsc,108186,2012,nonscience_examinee_total,,164
jsc,108186,2012,nonscience_examinee_passed,,124
jsc,108186,2012,nonscience_avg_gpa,2.45,2.26
jsc,108186,2013,nonscience_avg_gpa,3.19,3.04
jsc,108186,2014,nonscience_avg_gpa,2.67,2.59
jsc,108186,2015,nonscience_avg_gpa,3.78,3.61
jsc,108186,2016,nonscience_avg_gpa,3.69,3.5
jsc,108186,2017,nonscience_avg_gpa,2.76,2.59
jsc,108186,2018,nonscience_examinee_total,,682
jsc,108186,2018,nonscience_examinee_passed,,462
jsc,108186,2018,nonscience_avg_gpa,2.04,1.91
jsc,108186,2019,nonscience_avg_gpa,1.77,1.66
jsc,108217,2012,nonscience_avg_gpa,3.35,3.19
jsc,108217,2013,nonscience_avg_gpa,3.9,3.81
jsc,108217,2014,nonscience_avg_gpa,3.67,3.64
jsc,108217,2015,nonscience_avg_gpa,3.66,3.54
jsc,108217,2016,nonscience_avg_gpa,3.74,3.68
jsc,108217,2017,nonscience_avg_gpa,3.35,3.23
jsc,108217,2018,nonscience_avg_gpa,2.66,2.62
jsc,108217,2019,nonscience_examinee_total,,222
jsc,108217,2019,nonscience_examinee_passed,,177
jsc,108217,2019,nonscience_avg_gpa,2.56,2.44
jsc,132109,2017,nonscience_avg_gpa,4.66,4.35
jsc,132109,2018,nonscience_avg_gpa,4.57,4.39
jsc,132109,2019,nonscience_avg_gpa,4.43,4.34
jsc,130893,2011,nonscience_examinee_total,,87
jsc,130893,2011,nonscience_examinee_passed,,87
jsc,130893,2012,nonscience_examinee_total,,59
jsc,130893,2012,nonscience_examinee_passed,,50
jsc,130893,2012,nonscience_avg_gpa,2.51,2.43
jsc,130893,2013,nonscience_avg_gpa,3.66,3.52
jsc,130893,2014,nonscience_examinee_total,,61
jsc,130893,2014,nonscience_examinee_passed,,52
jsc,130893,2014,nonscience_avg_gpa,3.44,3.21
jsc,130893,2015,nonscience_examinee_total,,67
jsc,130893,2015,nonscience_examinee_passed,,52
jsc,130893,2015,nonscience_avg_gpa,3.03,2.8
jsc,130893,2016,nonscience_avg_gpa,4.08,3.56
jsc,130893,2017,nonscience_examinee_total,,49
jsc,130893,2017,nonscience_examinee_passed,,38
jsc,130893,2017,nonscience_avg_gpa,2.85,2.73
jsc,130893,2018,nonscience_examinee_total,,74
jsc,130893,2018,nonscience_examinee_passed,,65
jsc,130893,2018,nonscience_avg_gpa,2.65,2.54
jsc,130893,2019,nonscience_avg_gpa,2.85,2.74
jsc,134180,2012,nonscience_avg_gpa,4.65,4.56
jsc,134180,2013,nonscience_avg_gpa,4.39,4.19
jsc,134180,2014,nonscience_avg_gpa,4.21,3.99
jsc,134180,2015,nonscience_avg_gpa,4.66,4.63
jsc,134180,2016,nonscience_avg_gpa,4.5,4.36
jsc,134180,2017,nonscience_avg_gpa,4.67,4.64
jsc,134180,2018,nonscience_avg_gpa,3.74,3.6
jsc,134180,2019,nonscience_avg_gpa,3.86,3.76
jsc,134139,2012,nonscience_examinee_total,,188
jsc,134139,2012,nonscience_examinee_passed,,145
jsc,134139,2012,nonscience_avg_gpa,2.71,2.38
jsc,134139,2013,nonscience_avg_gpa,3.56,3.36
jsc,134139,2014,nonscience_avg_gpa,3.08,2.86
jsc,134139,2015,nonscience_avg_gpa,4.29,3.88
jsc,134139,2016,nonscience_avg_gpa,3.03,2.93
jsc,134139,2017,nonscience_avg_gpa,3.6,3.42
jsc,134139,2018,nonscience_avg_gpa,2.81,2.66
jsc,134139,2019,nonscience_examinee_total,,170
jsc,134139,2019,nonscience_examinee_passed,,148
jsc,134139,2019,nonscience_avg_gpa,2.75,2.67
jsc,108213,2015,nonscience_examinee_total,,37
jsc,108213,2015,nonscience_examinee_passed,,32
jsc,108213,2015,nonscience_avg_gpa,3.29,3.02
jsc,108213,2016,nonscience_avg_gpa,4.04,3.77
jsc,108213,2017,nonscience_examinee_total,,34
jsc,108213,2017,nonscience_examinee_passed,,30
jsc,108213,2017,nonscience_avg_gpa,3.09,3.0
jsc,108213,2018,nonscience_examinee_total,,45
jsc,108213,2018,nonscience_examinee_passed,,40
jsc,108213,2018,nonscience_avg_gpa,3.24,3.02
jsc,108213,2019,nonscience_examinee_total,,38
jsc,108213,2019,nonscience_examinee_passed,,36
jsc,108213,2019,nonscience_avg_gpa,2.74,2.6
jsc,108190,2012,nonscience_avg_gpa,3.83,3.8
jsc,108190,2013,nonscience_avg_gpa,4.13,4.06
jsc,108190,2014,nonscience_avg_gpa,3.78,3.68
jsc,108190,2015,nonscience_avg_gpa,3.93,3.82
jsc,108190,2016,nonscience_avg_gpa,4.42,4.25
jsc,108190,2017,nonscience_avg_gpa,4.06,3.97
jsc,108190,2018,nonscience_avg_gpa,3.38,3.32
jsc,108190,2019,nonscience_avg_gpa,3.16,3.13
jsc,108218,2012,nonscience_avg_gpa,4.11,3.98
jsc,108218,2013,nonscience_avg_gpa,4.57,4.5
jsc,108218,2014,nonscience_avg_gpa,4.46,4.2
jsc,108218,2015,nonscience_avg_gpa,4.57,4.5
jsc,108218,2016,nonscience_avg_gpa,4.69,4.57
jsc,108218,2018,nonscience_avg_gpa,3.89,3.85
jsc,108218,2019,nonscience_avg_gpa,3.71,3.65
jsc,133940,2011,nonscience_examinee_total,,35
jsc,133940,2011,nonscience_examinee_passed,,35
jsc,133940,2012,nonscience_examinee_total,,22
jsc,133940,2012,nonscience_examinee_passed,,20
jsc,133940,2012,nonscience_avg_gpa,3.61,3.28
jsc,133940,2016,nonscience_avg_gpa,3.81,3.65
jsc,133940,2017,nonscience_avg_gpa,4.42,3.93
jsc,133940,2018,nonscience_examinee_total,,29
jsc,133940,2018,nonscience_examinee_passed,,28
jsc,133940,2018,nonscience_avg_gpa,3.61,3.49
jsc,133940,2019,nonscience_examinee_total,,15
jsc,133940,2019,nonscience_examinee_passed,,15
jsc,138428,2019,nonscience_examinee_total,,21
jsc,138428,2019,nonscience_examinee_passed,,20
jsc,138428,2019,nonscience_avg_gpa,3.96,3.78
jsc,108173,2012,nonscience_avg_gpa,4.35,4.27
jsc,108173,2013,nonscience_avg_gpa,4.58,4.56
jsc,108173,2014,nonscience_avg_gpa,4.51,4.49
jsc,108173,2017,nonscience_avg_gpa,4.61,4.46
jsc,108173,2019,nonscience_avg_gpa,4.32,4.08
jsc,108181,2013,nonscience_avg_gpa,4.89,4.87
jsc,108181,2014,nonscience_avg_gpa,4.85,4.82
jsc,108181,2017,nonscience_avg_gpa,4.88,4.86
jsc,108181,2019,nonscience_avg_gpa,4.42,4.4
jsc,108187,2011,nonscience_examinee_total,,230
jsc,108187,2011,nonscience_examinee_passed,,230
jsc,108187,2012,nonscience_avg_gpa,2.34,2.04
jsc,108187,2013,nonscience_avg_gpa,3.05,2.51
jsc,108187,2014,nonscience_avg_gpa,3.37,3.06
jsc,108187,2015,nonscience_avg_gpa,4.01,3.37
jsc,108187,2016,nonscience_avg_gpa,3.5,3.33
jsc,108187,2017,nonscience_avg_gpa,4.14,3.71
jsc,108187,2018,nonscience_examinee_total,,139
jsc,108187,2018,nonscience_examinee_passed,,120
jsc,108187,2018,nonscience_avg_gpa,2.95,2.8
jsc,108187,2019,nonscience_avg_gpa,2.85,2.59
jsc,108189,2011,nonscience_examinee_total,,80
jsc,108189,2011,nonscience_examinee_passed,,80
jsc,108189,2012,nonscience_examinee_total,,252
jsc,108189,2012,nonscience_examinee_passed,,185
jsc,108189,2012,nonscience_avg_gpa,2.7,2.3
jsc,108189,2013,nonscience_examinee_total,,540
jsc,108189,2013,nonscience_examinee_passed,,381
jsc,108189,2013,nonscience_avg_gpa,2.64,2.45
jsc,108189,2014,nonscience_avg_gpa,2.79,2.66
jsc,108189,2015,nonscience_examinee_total,,444
jsc,108189,2015,nonscience_examinee_passed,,358
jsc,108189,2015,nonscience_avg_gpa,2.7,2.65
jsc,108189,2016,nonscience_avg_gpa,2.75,2.71
jsc,108189,2017,nonscience_examinee_total,,531
jsc,108189,2017,nonscience_examinee_passed,,333
jsc,108189,2017,nonscience_avg_gpa,2.09,1.96
jsc,108189,2018,nonscience_examinee_total,,579
jsc,108189,2018,nonscience_examinee_passed,,493
jsc,108189,2018,nonscience_avg_gpa,2.81,2.63
jsc,108189,2019,nonscience_examinee_total,,171
jsc,108189,2019,nonscience_examinee_passed,,136
jsc,108189,2019,nonscience_avg_gpa,2.48,2.4
jsc,132141,2013,nonscience_avg_gpa,4.22,3.9
jsc,132141,2014,nonscience_avg_gpa,3.85,3.5
jsc,132141,2015,nonscience_avg_gpa,4.08,3.6
jsc,132141,2016,nonscience_avg_gpa,4.11,3.58
jsc,132141,2017,nonscience_avg_gpa,4.21,4.1
jsc,132141,2018,nonscience_examinee_total,,16
jsc,132141,2018,nonscience_examinee_passed,,15
jsc,132141,2018,nonscience_avg_gpa,3.5,3.28
jsc,132141,2019,nonscience_examinee_total,,36
jsc,132141,2019,nonscience_examinee_passed,,33
jsc,132141,2019,nonscience_avg_gpa,4,3.67
jsc,108169,2011,nonscience_examinee_total,,152
jsc,108169,2011,nonscience_examinee_passed,,152
jsc,108169,2012,nonscience_examinee_total,,164
jsc,108169,2012,nonscience_examinee_passed,,149
jsc,108169,2012,nonscience_avg_gpa,3.21,3.07
jsc,108169,2013,nonscience_avg_gpa,3.59,3.42
jsc,108169,2014,nonscience_avg_gpa,3.67,3.62
jsc,108169,2015,nonscience_avg_gpa,3.87,3.73
jsc,108169,2016,nonscience_avg_gpa,3.75,3.53
jsc,108169,2017,nonscience_avg_gpa,2.78,2.65
jsc,108169,2018,nonscience_examinee_total,,71
jsc,108169,2018,nonscience_examinee_passed,,58
jsc,108169,2018,nonscience_avg_gpa,2.76,2.49
jsc,108169,2019,nonscience_examinee_total,,578
jsc,108169,2019,nonscience_examinee_passed,,487
jsc,108169,2019,nonscience_avg_gpa,2.45,2.37
jsc,108233,2011,nonscience_examinee_total,,71
jsc,108233,2011,nonscience_examinee_passed,,71
jsc,108233,2014,nonscience_avg_gpa,2.44,2.4
jsc,108233,2015,nonscience_avg_gpa,3.22,3.07
jsc,108233,2016,nonscience_avg_gpa,3.34,3.23
jsc,108233,2017,nonscience_avg_gpa,3.3,3.2
jsc,108233,2018,nonscience_examinee_total,,66
jsc,108233,2018,nonscience_examinee_passed,,54
jsc,108233,2018,nonscience_avg_gpa,2.69,2.64
jsc,108233,2019,nonscience_examinee_total,,48
jsc,108233,2019,nonscience_examinee_passed,,43
jsc,108235,2011,nonscience_examinee_total,,116
jsc,108235,2011,nonscience_examinee_passed,,116
jsc,108235,2012,nonscience_examinee_total,,146
jsc,108235,2012,nonscience_examinee_passed,,105
jsc,108235,2012,nonscience_avg_gpa,2.41,2.08
jsc,108235,2013,nonscience_avg_gpa,3.14,2.95
jsc,108235,2014,nonscience_avg_gpa,2.54,2.47
jsc,108235,2015,nonscience_examinee_total,,123
jsc,108235,2015,nonscience_examinee_passed,,105
jsc,108235,2015,nonscience_avg_gpa,3.2,2.99
jsc,108235,2016,nonscience_avg_gpa,3.12,3.02
jsc,108235,2017,nonscience_examinee_total,,106
jsc,108235,2017,nonscience_examinee_passed,,66
jsc,108235,2017,nonscience_avg_gpa,2.08,1.99
jsc,108235,2018,nonscience_examinee_total,,202
jsc,108235,2018,nonscience_examinee_passed,,127
jsc,108235,2018,nonscience_avg_gpa,1.93,1.72
jsc,108235,2019,nonscience_examinee_total,,525
jsc,108235,2019,nonscience_examinee_passed,,329
jsc,108235,2019,nonscience_avg_gpa,1.71,1.61
jsc,108263,2011,nonscience_examinee_total,,131
jsc,108263,2011,nonscience_examinee_passed,,131
jsc,108263,2012,nonscience_avg_gpa,3.5,3.13
jsc,108263,2013,nonscience_avg_gpa,3.6,3.49
jsc,108263,2014,nonscience_avg_gpa,4.45,3.87
jsc,108263,2015,nonscience_avg_gpa,4.38,4.25
jsc,108263,2016,nonscience_avg_gpa,4.05,3.97
jsc,108263,2017,nonscience_avg_gpa,4.04,3.84
jsc,108263,2018,nonscience_avg_gpa,3.64,3.51
jsc,108263,2019,nonscience_avg_gpa,3.82,3.46
jsc,108228,2011,nonscience_examinee_total,,114
jsc,108228,2011,nonscience_examinee_passed,,114
jsc,108228,2012,nonscience_examinee_total,,78
jsc,108228,2012,nonscience_examinee_passed,,56
jsc,108228,2012,nonscience_avg_gpa,1.86,1.76
jsc,108228,2013,nonscience_avg_gpa,3.32,2.91
jsc,108228,2014,nonscience_examinee_total,,48
jsc,108228,2014,nonscience_examinee_passed,,29
jsc,108228,2015,nonscience_examinee_total,,58
jsc,108228,2015,nonscience_examinee_passed,,47
jsc,108228,2015,nonscience_avg_gpa,3.03,2.77
jsc,108228,2016,nonscience_avg_gpa,1.99,1.88
jsc,108228,2017,nonscience_avg_gpa,1.86,1.74
jsc,108228,2018,nonscience_examinee_total,,222
jsc,108228,2018,nonscience_examinee_passed,,172
jsc,108228,2018,nonscience_avg_gpa,2.52,2.34
jsc,108228,2019,nonscience_examinee_total,,167
jsc,108228,2019,nonscience_examinee_passed,,122
jsc,108228,2019,nonscience_avg_gpa,2.44,2.31
jsc,108231,2011,nonscience_examinee_total,,160
jsc,108231,2011,nonscience_examinee_passed,,160
jsc,108231,2012,nonscience_examinee_total,,181
jsc,108231,2012,nonscience_examinee_passed,,119
jsc,108231,2012,nonscience_avg_gpa,2.03,1.92
jsc,108231,2013,nonscience_avg_gpa,2.67,2.52
jsc,108231,2014,nonscience_avg_gpa,2.37,2.23
jsc,108231,2015,nonscience_avg_gpa,2.99,2.36
jsc,108231,2016,nonscience_avg_gpa,3.36,3.23
jsc,108231,2017,nonscience_avg_gpa,2.36,2.24
jsc,108231,2018,nonscience_avg_gpa,2.5,2.33
jsc,108231,2019,nonscience_avg_gpa,2.22,2.07
jsc,131916,2014,nonscience_avg_gpa,4.62,4.57
jsc,131916,2015,nonscience_avg_gpa,4.67,4.6
jsc,131916,2016,nonscience_avg_gpa,4.71,4.68
jsc,131916,2017,nonscience_avg_gpa,4.67,4.63
jsc,131916,2018,nonscience_avg_gpa,4.21,4.19
jsc,131916,2019,nonscience_avg_gpa,4.18,4.12
jsc,108230,2012,nonscience_examinee_total,,19
jsc,108230,2012,nonscience_examinee_passed,,19
jsc,108230,2019,nonscience_avg_gpa,4.65,4.53
jsc,108260,2012,nonscience_avg_gpa,3.76,3.73
jsc,108260,2013,nonscience_avg_gpa,4.21,3.88
jsc,108260,2014,nonscience_avg_gpa,4.08,3.95
jsc,108260,2015,nonscience_avg_gpa,4.34,4.3
jsc,108260,2018,nonscience_avg_gpa,3.29,3.25
jsc,108260,2019,nonscience_avg_gpa,3.47,3.43
jsc,131213,2011,nonscience_examinee_total,,55
jsc,131213,2011,nonscience_examinee_passed,,55
jsc,131213,2012,nonscience_examinee_total,,55
jsc,131213,2012,nonscience_examinee_passed,,35
jsc,131213,2012,nonscience_avg_gpa,2.35,1.97
jsc,131213,2013,nonscience_examinee_total,,80
jsc,131213,2013,nonscience_examinee_passed,,36
jsc,131213,2013,nonscience_avg_gpa,1.69,1.39
jsc,131213,2014,nonscience_examinee_total,,210
jsc,131213,2014,nonscience_examinee_passed,,124
jsc,131213,2014,nonscience_avg_gpa,2.21,1.99
jsc,131213,2015,nonscience_examinee_total,,314
jsc,131213,2015,nonscience_examinee_passed,,220
jsc,131213,2015,nonscience_avg_gpa,2.63,2.43
jsc,131213,2016,nonscience_examinee_total,,323
jsc,131213,2016,nonscience_examinee_passed,,216
jsc,131213,2016,nonscience_avg_gpa,2.47,2.27
jsc,131213,2017,nonscience_avg_gpa,2.1,2.05
jsc,131213,2018,nonscience_examinee_total,,530
jsc,131213,2018,nonscience_examinee_passed,,332
jsc,131213,2018,nonscience_avg_gpa,1.77,1.67
jsc,131213,2019,nonscience_examinee_total,,582
jsc,131213,2019,nonscience_examinee_passed,,328
jsc,131213,2019,nonscience_avg_gpa,1.47,1.4
jsc,108227,2012,nonscience_avg_gpa,3.87,3.78
jsc,108227,2013,nonscience_avg_gpa,4.7,4.59
jsc,108227,2015,nonscience_avg_gpa,4.26,3.87
jsc,108227,2017,nonscience_avg_gpa,4,3.83
jsc,108227,2018,nonscience_avg_gpa,3.8,3.34
jsc,130896,2011,nonscience_examinee_total,,33
jsc,130896,2011,nonscience_examinee_passed,,33
jsc,130896,2012,nonscience_examinee_total,,41
jsc,130896,2012,nonscience_examinee_passed,,29
jsc,130896,2012,nonscience_avg_gpa,3.1,2.42
jsc,130896,2013,nonscience_avg_gpa,3.33,2.98
jsc,130896,2014,nonscience_avg_gpa,3.67,3.5
jsc,130896,2015,nonscience_avg_gpa,3.33,3.13
jsc,130896,2016,nonscience_avg_gpa,3.13,2.79
jsc,130896,2017,nonscience_examinee_total,,122
jsc,130896,2017,nonscience_examinee_passed,,65
jsc,130896,2017,nonscience_avg_gpa,1.96,1.73
jsc,130896,2018,nonscience_examinee_total,,133
jsc,130896,2018,nonscience_examinee_passed,,95
jsc,130896,2018,nonscience_avg_gpa,2.26,2.09
jsc,130896,2019,nonscience_avg_gpa,1.55,1.4
jsc,108238,2012,nonscience_avg_gpa,3.39,3.26
jsc,108238,2013,nonscience_avg_gpa,4.36,4.32
jsc,108238,2014,nonscience_avg_gpa,4.17,4.14
jsc,108238,2015,nonscience_avg_gpa,4.23,4.21
jsc,108238,2016,nonscience_avg_gpa,4.35,4.29
jsc,108238,2017,nonscience_avg_gpa,4.13,4.03
jsc,108238,2018,nonscience_avg_gpa,3.56,3.54
jsc,132107,2014,nonscience_avg_gpa,4.86,4.81
jsc,132107,2015,nonscience_avg_gpa,4.89,4.87
jsc,136836,2015,nonscience_examinee_total,,27
jsc,136836,2015,nonscience_examinee_passed,,23
jsc,136836,2018,nonscience_examinee_total,,12
jsc,136836,2018,nonscience_examinee_passed,,11
jsc,136836,2018,nonscience_avg_gpa,3.56,3.26
jsc,136836,2019,nonscience_examinee_total,,15
jsc,136836,2019,nonscience_examinee_passed,,14
jsc,136836,2019,nonscience_avg_gpa,3.49,3.26
jsc,133987,2011,nonscience_examinee_total,,4
jsc,133987,2011,nonscience_examinee_passed,,4
jsc,133987,2012,nonscience_examinee_total,,8
jsc,133987,2012,nonscience_examinee_passed,,7
jsc,133987,2012,nonscience_avg_gpa,3.99,3.49
jsc,133987,2013,nonscience_avg_gpa,4.6,4.34
jsc,133987,2014,nonscience_examinee_total,,25
jsc,133987,2014,nonscience_examinee_passed,,18
jsc,133987,2014,nonscience_avg_gpa,3.44,3.03
jsc,133987,2015,nonscience_avg_gpa,4.01,3.85
jsc,133987,2017,nonscience_avg_gpa,2.97,2.78
jsc,133987,2018,nonscience_examinee_total,,84
jsc,133987,2018,nonscience_examinee_passed,,62
jsc,133987,2018,nonscience_avg_gpa,2.52,2.22
jsc,133987,2019,nonscience_avg_gpa,2.95,2.84
jsc,108236,2012,nonscience_avg_gpa,3.27,3.18
jsc,108236,2014,nonscience_examinee_total,,90
jsc,108236,2014,nonscience_examinee_passed,,78
jsc,108236,2014,nonscience_avg_gpa,3.36,3.33
jsc,108236,2015,nonscience_avg_gpa,3.38,3.19
jsc,108236,2017,nonscience_avg_gpa,3.27,3.09
jsc,108236,2018,nonscience_examinee_total,,52
jsc,108236,2018,nonscience_examinee_passed,,39
jsc,108236,2018,nonscience_avg_gpa,2.62,2.52
jsc,108236,2019,nonscience_examinee_total,,60
jsc,108236,2019,nonscience_examinee_passed,,43
jsc,108236,2019,nonscience_avg_gpa,2.37,2.13
jsc,134446,2011,nonscience_examinee_total,,21
jsc,134446,2011,nonscience_examinee_passed,,21
jsc,134446,2012,nonscience_examinee_total,,58
jsc,134446,2012,nonscience_examinee_passed,,44
jsc,134446,2012,nonscience_avg_gpa,3.2,2.7
jsc,134446,2013,nonscience_avg_gpa,4.03,3.86
jsc,134446,2015,nonscience_examinee_total,,82
jsc,134446,2015,nonscience_examinee_passed,,78
jsc,134446,2015,nonscience_avg_gpa,4.01,3.86
jsc,134446,2016,nonscience_avg_gpa,3.56,3.46
jsc,134446,2018,nonscience_examinee_total,,45
jsc,134446,2018,nonscience_examinee_passed,,38
jsc,134446,2019,nonscience_examinee_total,,21
jsc,134446,2019,nonscience_examinee_passed,,13
jsc,108589,2012,nonscience_examinee_total,,68
jsc,108589,2012,nonscience_examinee_passed,,64
jsc,108589,2012,nonscience_avg_gpa,3.54,3.49
jsc,108589,2014,nonscience_avg_gpa,3.85,3.61
jsc,108589,2015,nonscience_avg_gpa,4.42,4.27
jsc,108589,2016,nonscience_examinee_total,,94
jsc,108589,2016,nonscience_examinee_passed,,89
jsc,108589,2016,nonscience_avg_gpa,3.85,3.73
jsc,108589,2018,nonscience_avg_gpa,3.87,3.82
jsc,108589,2019,nonscience_examinee_total,,59
jsc,108589,2019,nonscience_examinee_passed,,57
jsc,108277,2019,nonscience_avg_gpa,4.7,4.68
jsc,108267,2012,nonscience_examinee_total,,97
jsc,108267,2012,nonscience_examinee_passed,,86
jsc,108267,2012,nonscience_avg_gpa,3.72,3.37
jsc,108267,2013,nonscience_avg_gpa,3.54,3.15
jsc,108267,2014,nonscience_avg_gpa,4.17,3.98
jsc,108267,2015,nonscience_avg_gpa,4.67,4.59
jsc,108267,2016,nonscience_avg_gpa,4.09,4.05
jsc,108267,2017,nonscience_avg_gpa,3.52,3.44
jsc,108267,2018,nonscience_examinee_total,,116
jsc,108267,2018,nonscience_examinee_passed,,106
jsc,108267,2018,nonscience_avg_gpa,2.79,2.74
jsc,108267,2019,nonscience_examinee_total,,81
jsc,108267,2019,nonscience_examinee_passed,,71
jsc,108267,2019,nonscience_avg_gpa,2.89,2.79
jsc,130865,2012,nonscience_avg_gpa,4.7,4.62
jsc,130865,2017,nonscience_avg_gpa,4.38,4.36
jsc,130865,2019,nonscience_avg_gpa,4.12,4.1
jsc,130881,2011,nonscience_examinee_total,,48
jsc,130881,2011,nonscience_examinee_passed,,48
jsc,130881,2012,nonscience_examinee_total,,25
jsc,130881,2012,nonscience_examinee_passed,,22
jsc,130881,2012,nonscience_avg_gpa,2.78,2.67
jsc,130881,2014,nonscience_avg_gpa,3.32,2.99
jsc,130881,2015,nonscience_avg_gpa,3.62,3.5
jsc,130881,2016,nonscience_avg_gpa,3.92,3.74
jsc,130881,2017,nonscience_avg_gpa,1.74,1.64
jsc,130881,2018,nonscience_examinee_total,,192
jsc,130881,2018,nonscience_examinee_passed,,126
jsc,130881,2018,nonscience_avg_gpa,1.91,1.8
jsc,130881,2019,nonscience_examinee_total,,237
jsc,130881,2019,nonscience_examinee_passed,,214
jsc,130881,2019,nonscience_avg_gpa,3.1,2.96
jsc,130864,2011,nonscience_examinee_total,,10
jsc,130864,2011,nonscience_examinee_passed,,10
jsc,130864,2012,nonscience_examinee_total,,15
jsc,130864,2012,nonscience_examinee_passed,,14
jsc,130864,2012,nonscience_avg_gpa,3.05,2.84
jsc,130864,2013,nonscience_examinee_total,,7
jsc,130864,2013,nonscience_examinee_passed,,3
jsc,130864,2013,nonscience_avg_gpa,2.5,1.43
jsc,130864,2014,nonscience_examinee_total,,12
jsc,130864,2014,nonscience_examinee_passed,,10
jsc,130864,2014,nonscience_avg_gpa,3.6,3.0
jsc,130864,2015,nonscience_examinee_total,,3
jsc,130864,2015,nonscience_examinee_passed,,2
jsc,130864,2015,nonscience_avg_gpa,4.88,3.25
jsc,130864,2016,nonscience_examinee_total,,2
jsc,130864,2016,nonscience_examinee_passed,,2
jsc,130864,2017,nonscience_examinee_total,,4
jsc,130864,2017,nonscience_examinee_passed,,3
jsc,130864,2017,nonscience_avg_gpa,3.62,2.71
jsc,130864,2018,nonscience_examinee_total,,6
jsc,130864,2018,nonscience_examinee_passed,,4
jsc,130864,2018,nonscience_avg_gpa,3.36,2.24
jsc,130864,2019,nonscience_examinee_total,,68
jsc,130864,2019,nonscience_examinee_passed,,32
jsc,130864,2019,nonscience_avg_gpa,1.53,1.29
jsc,108368,2011,nonscience_examinee_total,,381
jsc,108368,2011,nonscience_examinee_passed,,381
jsc,108368,2012,nonscience_avg_gpa,2.87,2.75
jsc,108368,2013,nonscience_avg_gpa,3.33,3.22
jsc,108368,2014,nonscience_avg_gpa,3.77,3.73
jsc,108368,2015,nonscience_avg_gpa,3.89,3.85
jsc,108368,2016,nonscience_avg_gpa,4.07,4.03
jsc,108368,2017,nonscience_avg_gpa,3.38,3.24
jsc,108368,2018,nonscience_avg_gpa,2.81,2.66
jsc,108368,2019,nonscience_avg_gpa,2.6,2.54
jsc,107882,2012,nonscience_avg_gpa,3.34,3.31
jsc,107882,2013,nonscience_avg_gpa,4.35,4.29
jsc,107882,2014,nonscience_avg_gpa,3.74,3.65
jsc,107882,2015,nonscience_avg_gpa,4.29,4.23
jsc,107882,2016,nonscience_avg_gpa,4.3,4.26
jsc,107882,2017,nonscience_avg_gpa,4.22,4.15
jsc,107882,2018,nonscience_avg_gpa,3.5,3.44
jsc,107882,2019,nonscience_avg_gpa,3.58,3.33
jsc,108369,2011,nonscience_examinee_total,,79
jsc,108369,2011,nonscience_examinee_passed,,79
jsc,108369,2012,nonscience_examinee_total,,101
jsc,108369,2012,nonscience_examinee_passed,,92
jsc,108369,2012,nonscience_avg_gpa,3.12,3.05
jsc,108369,2013,nonscience_avg_gpa,3.86,3.61
jsc,108369,2014,nonscience_avg_gpa,2.78,2.67
jsc,108369,2015,nonscience_avg_gpa,4.23,3.88
jsc,108369,2016,nonscience_avg_gpa,4.71,4.58
jsc,108369,2018,nonscience_examinee_total,,94
jsc,108369,2018,nonscience_examinee_passed,,88
jsc,108369,2018,nonscience_avg_gpa,3.05,3.02
jsc,108369,2019,nonscience_examinee_total,,79
jsc,108369,2019,nonscience_examinee_passed,,72
jsc,108369,2019,nonscience_avg_gpa,2.97,2.89
jsc,132085,2011,nonscience_examinee_total,,70
jsc,132085,2011,nonscience_examinee_passed,,70
jsc,132085,2012,nonscience_avg_gpa,4.29,4.17
jsc,132085,2013,nonscience_avg_gpa,4.72,4.52
jsc,132085,2014,nonscience_avg_gpa,4.6,4.48
jsc,132085,2015,nonscience_avg_gpa,4.57,4.52
jsc,132085,2018,nonscience_avg_gpa,3.86,3.82
jsc,108197,2011,nonscience_examinee_total,,152
jsc,108197,2011,nonscience_examinee_passed,,152
jsc,108197,2012,nonscience_examinee_total,,94
jsc,108197,2012,nonscience_examinee_passed,,74
jsc,108197,2012,nonscience_avg_gpa,2.35,2.22
jsc,108197,2013,nonscience_avg_gpa,3.59,3.39
jsc,108197,2015,nonscience_avg_gpa,2.79,2.71
jsc,108197,2016,nonscience_avg_gpa,3.26,3.04
jsc,108197,2017,nonscience_avg_gpa,2.45,2.41
jsc,108197,2018,nonscience_avg_gpa,2.46,2.34
jsc,108197,2019,nonscience_examinee_total,,81
jsc,108197,2019,nonscience_examinee_passed,,63
jsc,108325,2012,nonscience_examinee_total,,124
jsc,108325,2012,nonscience_examinee_passed,,106
jsc,108325,2012,nonscience_avg_gpa,3.04,2.72
jsc,108325,2013,nonscience_examinee_total,,99
jsc,108325,2013,nonscience_examinee_passed,,88
jsc,108325,2013,nonscience_avg_gpa,3.17,3.07
jsc,108325,2014,nonscience_avg_gpa,3.18,2.84
jsc,108325,2015,nonscience_avg_gpa,3.61,3.45
jsc,108325,2016,nonscience_avg_gpa,3.69,3.63
jsc,108325,2017,nonscience_avg_gpa,2.81,2.73
jsc,108325,2018,nonscience_examinee_total,,112
jsc,108325,2018,nonscience_examinee_passed,,94
jsc,108325,2018,nonscience_avg_gpa,2.7,2.53
jsc,108325,2019,nonscience_avg_gpa,2.5,2.33
jsc,108330,2011,nonscience_examinee_total,,75
jsc,108330,2011,nonscience_examinee_passed,,75
jsc,108330,2012,nonscience_examinee_total,,84
jsc,108330,2012,nonscience_examinee_passed,,67
jsc,108330,2012,nonscience_avg_gpa,2.39,2.27
jsc,108330,2013,nonscience_avg_gpa,2.8,2.72
jsc,108330,2014,nonscience_examinee_total,,212
jsc,108330,2014,nonscience_examinee_passed,,125
jsc,108330,2014,nonscience_avg_gpa,2.03,1.91
jsc,108330,2015,nonscience_avg_gpa,3.21,3.05
jsc,108330,2016,nonscience_avg_gpa,3.19,3.1
jsc,108330,2017,nonscience_avg_gpa,3.15,3.03
jsc,108330,2018,nonscience_examinee_total,,118
jsc,108330,2018,nonscience_examinee_passed,,105
jsc,108330,2018,nonscience_avg_gpa,2.85,2.78
jsc,108330,2019,nonscience_avg_gpa,1.99,1.95
jsc,108322,2012,nonscience_examinee_total,,140
jsc,108322,2012,nonscience_examinee_passed,,115
jsc,108322,2012,nonscience_avg_gpa,3.26,2.75
jsc,108322,2013,nonscience_avg_gpa,3.86,3.53
jsc,108322,2014,nonscience_avg_gpa,3.53,3.47
jsc,108322,2016,nonscience_avg_gpa,3.97,3.92
jsc,108322,2017,nonscience_avg_gpa,3.5,3.4
jsc,108322,2018,nonscience_avg_gpa,3.37,3.18
jsc,108322,2019,nonscience_avg_gpa,2.58,2.09
jsc,108337,2011,nonscience_examinee_total,,188
jsc,108337,2011,nonscience_examinee_passed,,188
jsc,108337,2012,nonscience_avg_gpa,2.51,2.26
jsc,108337,2013,nonscience_avg_gpa,2.93,2.78
jsc,108337,2014,nonscience_avg_gpa,2.93,2.65
jsc,108337,2015,nonscience_avg_gpa,3.26,3.09
jsc,108337,2016,nonscience_avg_gpa,3.28,2.89
jsc,108337,2017,nonscience_avg_gpa,3.35,3.27
jsc,108337,2018,nonscience_examinee_total,,157
jsc,108337,2018,nonscience_examinee_passed,,141
jsc,108337,2018,nonscience_avg_gpa,2.84,2.77
jsc,108337,2019,nonscience_examinee_total,,152
jsc,108337,2019,nonscience_examinee_passed,,124
jsc,108337,2019,nonscience_avg_gpa,2.5,2.47
jsc,133939,2011,nonscience_examinee_total,,120
jsc,133939,2011,nonscience_examinee_passed,,120
jsc,133939,2012,nonscience_examinee_total,,145
jsc,133939,2012,nonscience_examinee_passed,,123
jsc,133939,2012,nonscience_avg_gpa,3,2.65
jsc,133939,2013,nonscience_avg_gpa,3.37,3.03
jsc,133939,2014,nonscience_avg_gpa,2.88,2.7
jsc,133939,2015,nonscience_avg_gpa,3.03,2.76
jsc,133939,2016,nonscience_avg_gpa,3.18,2.99
jsc,133939,2017,nonscience_examinee_total,,97
jsc,133939,2017,nonscience_examinee_passed,,65
jsc,133939,2017,nonscience_avg_gpa,2.11,2.04
jsc,133939,2018,nonscience_examinee_total,,133
jsc,133939,2018,nonscience_examinee_passed,,103
jsc,133939,2018,nonscience_avg_gpa,2.18,2.1
jsc,133939,2019,nonscience_examinee_total,,184
jsc,133939,2019,nonscience_examinee_passed,,128
jsc,133939,2019,nonscience_avg_gpa,1.9,1.8
jsc,108179,2011,nonscience_examinee_total,,168
jsc,108179,2011,nonscience_examinee_passed,,168
jsc,108179,2012,nonscience_examinee_total,,124
jsc,108179,2012,nonscience_examinee_passed,,74
jsc,108179,2012,nonscience_avg_gpa,1.93,1.62
jsc,108179,2013,nonscience_avg_gpa,2.53,2.13
jsc,108179,2014,nonscience_examinee_total,,201
jsc,108179,2014,nonscience_examinee_passed,,144
jsc,108179,2014,nonscience_avg_gpa,2.44,2.26
jsc,108179,2015,nonscience_avg_gpa,2.83,2.54
jsc,108179,2016,nonscience_avg_gpa,3.11,2.75
jsc,108179,2017,nonscience_avg_gpa,1.69,1.47
jsc,108179,2018,nonscience_examinee_total,,394
jsc,108179,2018,nonscience_examinee_passed,,278
jsc,108179,2018,nonscience_avg_gpa,2.04,1.93
jsc,108179,2019,nonscience_examinee_total,,347
jsc,108179,2019,nonscience_examinee_passed,,234
jsc,108179,2019,nonscience_avg_gpa,1.89,1.78
jsc,108324,2011,nonscience_examinee_total,,175
jsc,108324,2011,nonscience_examinee_passed,,175
jsc,108324,2012,nonscience_examinee_total,,141
jsc,108324,2012,nonscience_examinee_passed,,131
jsc,108324,2012,nonscience_avg_gpa,3.09,2.98
jsc,108324,2013,nonscience_avg_gpa,3.85,3.68
jsc,108324,2014,nonscience_avg_gpa,3.61,3.53
jsc,108324,2015,nonscience_avg_gpa,3.73,3.66
jsc,108324,2016,nonscience_avg_gpa,3.39,3.34
jsc,108324,2017,nonscience_avg_gpa,3.5,3.46
jsc,108324,2018,nonscience_examinee_total,,144
jsc,108324,2018,nonscience_examinee_passed,,133
jsc,108324,2018,nonscience_avg_gpa,3.1,3.01
jsc,108324,2019,nonscience_avg_gpa,3.33,3.27
jsc,108323,2011,nonscience_examinee_total,,86
jsc,108323,2011,nonscience_examinee_passed,,86
jsc,108323,2012,nonscience_examinee_total,,83
jsc,108323,2012,nonscience_examinee_passed,,68
jsc,108323,2012,nonscience_avg_gpa,3.37,2.93
jsc,108323,2013,nonscience_avg_gpa,3.82,3.34
jsc,108323,2014,nonscience_avg_gpa,2.89,2.61
jsc,108323,2015,nonscience_avg_gpa,3.84,3.72
jsc,108323,2016,nonscience_avg_gpa,4.06,4.01
jsc,108323,2017,nonscience_avg_gpa,3.87,3.81
jsc,108323,2018,nonscience_avg_gpa,3.57,3.48
jsc,108323,2019,nonscience_examinee_total,,82
jsc,108323,2019,nonscience_examinee_passed,,72
jsc,108323,2019,nonscience_avg_gpa,3.04,2.89
jsc,108191,2012,nonscience_avg_gpa,3.18,2.97
jsc,108191,2013,nonscience_avg_gpa,3.69,3.57
jsc,108191,2014,nonscience_avg_gpa,3.32,3.23
jsc,108191,2015,nonscience_avg_gpa,3.71,3.57
jsc,108191,2016,nonscience_avg_gpa,3.54,3.5
jsc,108191,2017,nonscience_avg_gpa,3.56,3.45
jsc,130882,2011,nonscience_examinee_total,,101
jsc,130882,2011,nonscience_examinee_passed,,101
jsc,130882,2012,nonscience_examinee_total,,108
jsc,130882,2012,nonscience_examinee_passed,,87
jsc,130882,2012,nonscience_avg_gpa,2.58,2.36
jsc,130882,2013,nonscience_avg_gpa,3.43,3.3
jsc,130882,2014,nonscience_examinee_total,,134
jsc,130882,2014,nonscience_examinee_passed,,106
jsc,130882,2014,nonscience_avg_gpa,2.75,2.67
jsc,130882,2015,nonscience_avg_gpa,2.94,2.7
jsc,130882,2016,nonscience_examinee_total,,166
jsc,130882,2016,nonscience_examinee_passed,,122
jsc,130882,2016,nonscience_avg_gpa,2.84,2.6
jsc,130882,2017,nonscience_examinee_total,,147
jsc,130882,2017,nonscience_examinee_passed,,64
jsc,130882,2017,nonscience_avg_gpa,1.47,1.39
jsc,130882,2018,nonscience_examinee_total,,214
jsc,130882,2018,nonscience_examinee_passed,,160
jsc,130882,2018,nonscience_avg_gpa,2.24,2.1
jsc,130882,2019,nonscience_examinee_total,,201
jsc,130882,2019,nonscience_examinee_passed,,150
jsc,130882,2019,nonscience_avg_gpa,2.22,2.1
jsc,108188,2012,nonscience_avg_gpa,3.8,3.76
jsc,108188,2013,nonscience_avg_gpa,4.34,4.28
jsc,108188,2014,nonscience_avg_gpa,3.96,3.94
jsc,108188,2015,nonscience_avg_gpa,4.18,4.14
jsc,108188,2016,nonscience_avg_gpa,4.41,4.37
jsc,108188,2017,nonscience_avg_gpa,4.25,4.22
jsc,108188,2018,nonscience_avg_gpa,3.61,3.59
jsc,108188,2019,nonscience_avg_gpa,3.79,3.75
jsc,108221,2012,nonscience_avg_gpa,3.96,3.9
jsc,108221,2013,nonscience_avg_gpa,4.56,4.41
jsc,108221,2014,nonscience_avg_gpa,4.31,4.25
jsc,108221,2016,nonscience_avg_gpa,4.58,4.49
jsc,108221,2017,nonscience_avg_gpa,4.44,4.28
jsc,108221,2018,nonscience_avg_gpa,4.01,3.87
jsc,108221,2019,nonscience_avg_gpa,3.89,3.76
jsc,108172,2012,nonscience_avg_gpa,3.91,3.84
jsc,108172,2014,nonscience_avg_gpa,3.41,3.34
jsc,108172,2015,nonscience_avg_gpa,3.65,3.34
jsc,108172,2016,nonscience_examinee_total,,91
jsc,108172,2016,nonscience_examinee_passed,,72
jsc,108172,2016,nonscience_avg_gpa,3.03,3.0
jsc,108172,2017,nonscience_avg_gpa,3.2,3.11
jsc,108172,2018,nonscience_examinee_total,,97
jsc,108172,2018,nonscience_examinee_passed,,71
jsc,108172,2018,nonscience_avg_gpa,2.42,2.37
jsc,108172,2019,nonscience_examinee_total,,79
jsc,108172,2019,nonscience_examinee_passed,,51
jsc,108172,2019,nonscience_avg_gpa,1.83,1.81
jsc,108180,2012,nonscience_examinee_total,,326
jsc,108180,2012,nonscience_examinee_passed,,205
jsc,108180,2012,nonscience_avg_gpa,2.45,1.89
jsc,108180,2013,nonscience_avg_gpa,3.17,2.84
jsc,108180,2014,nonscience_avg_gpa,2.85,2.58
jsc,108180,2015,nonscience_avg_gpa,3.2,2.89
jsc,108180,2016,nonscience_avg_gpa,2.91,2.53
jsc,108180,2017,nonscience_avg_gpa,3.2,2.79
jsc,108180,2018,nonscience_examinee_total,,113
jsc,108180,2018,nonscience_examinee_passed,,88
jsc,108180,2018,nonscience_avg_gpa,2.73,2.44
jsc,108180,2019,nonscience_examinee_total,,102
jsc,108180,2019,nonscience_examinee_passed,,67
jsc,108180,2019,nonscience_avg_gpa,2.09,1.84
jsc,108327,2014,nonscience_avg_gpa,3.02,3.0
jsc,108327,2016,nonscience_avg_gpa,3.79,3.67
jsc,108327,2017,nonscience_avg_gpa,3.66,3.59
jsc,108327,2018,nonscience_examinee_total,,84
jsc,108327,2018,nonscience_examinee_passed,,79
jsc,108183,2011,nonscience_examinee_total,,121
jsc,108183,2011,nonscience_examinee_passed,,121
jsc,108183,2012,nonscience_avg_gpa,3.54,3.48
jsc,108183,2013,nonscience_avg_gpa,3.94,3.9
jsc,108183,2014,nonscience_avg_gpa,3.63,3.59
jsc,108183,2015,nonscience_avg_gpa,3.58,3.55
jsc,108183,2018,nonscience_examinee_total,,98
jsc,108183,2018,nonscience_examinee_passed,,90
jsc,108183,2018,nonscience_avg_gpa,3.33,3.19
jsc,108183,2019,nonscience_avg_gpa,3.74,3.71
jsc,108326,2012,nonscience_avg_gpa,3.58,3.22
jsc,108326,2013,nonscience_avg_gpa,3.47,3.4
jsc,108326,2014,nonscience_avg_gpa,3.32,3.18
jsc,108326,2015,nonscience_avg_gpa,3.29,3.12
jsc,108326,2016,nonscience_avg_gpa,3.87,3.46
jsc,108326,2017,nonscience_avg_gpa,3.53,3.31
jsc,108326,2018,nonscience_avg_gpa,3.11,2.97
jsc,108326,2019,nonscience_avg_gpa,2.38,2.32
jsc,108167,2012,nonscience_avg_gpa,3.57,3.29
jsc,108167,2013,nonscience_avg_gpa,4.11,3.83
jsc,108167,2014,nonscience_avg_gpa,3.68,3.51
jsc,108167,2015,nonscience_avg_gpa,4.29,3.92
jsc,108167,2016,nonscience_avg_gpa,3.94,3.5
jsc,108167,2017,nonscience_avg_gpa,4.18,4.09
jsc,108167,2018,nonscience_avg_gpa,3.67,3.47
jsc,108167,2019,nonscience_examinee_total,,49
jsc,108167,2019,nonscience_examinee_passed,,49
jsc,130875,2011,nonscience_examinee_total,,38
jsc,130875,2011,nonscience_examinee_passed,,38
jsc,130875,2012,nonscience_examinee_total,,66
jsc,130875,2012,nonscience_examinee_passed,,51
jsc,130875,2012,nonscience_avg_gpa,2.41,2.27
jsc,130875,2013,nonscience_avg_gpa,3.07,2.83
jsc,130875,2014,nonscience_avg_gpa,2.26,2.14
jsc,130875,2015,nonscience_avg_gpa,3.4,3.2
jsc,130875,2016,nonscience_avg_gpa,2.91,2.81
jsc,130875,2017,nonscience_examinee_total,,83
jsc,130875,2017,nonscience_examinee_passed,,59
jsc,130875,2017,nonscience_avg_gpa,2.47,2.38
jsc,130875,2018,nonscience_examinee_total,,101
jsc,130875,2018,nonscience_examinee_passed,,85
jsc,130875,2018,nonscience_avg_gpa,2.76,2.6
jsc,130875,2019,nonscience_examinee_total,,88
jsc,130875,2019,nonscience_examinee_passed,,73
jsc,108195,2011,nonscience_examinee_total,,85
jsc,108195,2011,nonscience_examinee_passed,,85
jsc,108195,2012,nonscience_examinee_total,,78
jsc,108195,2012,nonscience_examinee_passed,,65
jsc,108195,2012,nonscience_avg_gpa,2.49,2.33
jsc,108195,2013,nonscience_avg_gpa,3.12,2.89
jsc,108195,2014,nonscience_avg_gpa,2.28,2.17
jsc,108195,2015,nonscience_avg_gpa,3.27,3.03
jsc,108195,2016,nonscience_avg_gpa,3.46,3.28
jsc,108195,2017,nonscience_avg_gpa,2.76,2.7
jsc,108195,2018,nonscience_avg_gpa,3.39,3.26
jsc,108195,2019,nonscience_avg_gpa,2.96,2.87
jsc,108329,2011,nonscience_examinee_total,,180
jsc,108329,2011,nonscience_examinee_passed,,180
jsc,108329,2012,nonscience_examinee_total,,150
jsc,108329,2012,nonscience_examinee_passed,,91
jsc,108329,2012,nonscience_avg_gpa,2.25,1.71
jsc,108329,2013,nonscience_avg_gpa,2.69,2.23
jsc,108329,2014,nonscience_avg_gpa,2.78,2.55
jsc,108329,2015,nonscience_examinee_total,,69
jsc,108329,2015,nonscience_examinee_passed,,49
jsc,108329,2015,nonscience_avg_gpa,2.46,2.21
jsc,108329,2016,nonscience_examinee_total,,104
jsc,108329,2016,nonscience_examinee_passed,,78
jsc,108329,2016,nonscience_avg_gpa,2.66,2.48
jsc,108329,2017,nonscience_avg_gpa,1.71,1.5
jsc,108329,2018,nonscience_examinee_total,,107
jsc,108329,2018,nonscience_examinee_passed,,62
jsc,108329,2018,nonscience_avg_gpa,1.51,1.44
jsc,108329,2019,nonscience_examinee_total,,94
jsc,108329,2019,nonscience_examinee_passed,,31
jsc,108329,2019,nonscience_avg_gpa,0.84,0.75
jsc,108348,2012,nonscience_avg_gpa,4.18,3.76
jsc,108348,2013,nonscience_avg_gpa,4.11,4.04
jsc,108348,2017,nonscience_avg_gpa,4.02,3.89
jsc,108348,2018,nonscience_avg_gpa,3.64,3.58
jsc,108348,2019,nonscience_examinee_total,,57
jsc,108348,2019,nonscience_examinee_passed,,54
jsc,108346,2011,nonscience_examinee_total,,65
jsc,108346,2011,nonscience_examinee_passed,,65
jsc,108346,2012,nonscience_examinee_total,,37
jsc,108346,2012,nonscience_examinee_passed,,29
jsc,108346,2012,nonscience_avg_gpa,2.67,2.45
jsc,108346,2013,nonscience_avg_gpa,3.54,3.0
jsc,108346,2014,nonscience_examinee_total,,54
jsc,108346,2014,nonscience_examinee_passed,,54
jsc,108346,2015,nonscience_examinee_total,,50
jsc,108346,2015,nonscience_examinee_passed,,50
jsc,108346,2016,nonscience_avg_gpa,4.77,4.56
jsc,108346,2017,nonscience_examinee_total,,77
jsc,108346,2017,nonscience_examinee_passed,,76
jsc,108346,2017,nonscience_avg_gpa,4.08,4.02
jsc,108346,2018,nonscience_examinee_total,,69
jsc,108346,2018,nonscience_examinee_passed,,63
jsc,108346,2018,nonscience_avg_gpa,3.25,3.11
jsc,108346,2019,nonscience_examinee_total,,97
jsc,108346,2019,nonscience_examinee_passed,,91
jsc,108346,2019,nonscience_avg_gpa,3.63,3.52
jsc,108343,2014,nonscience_avg_gpa,3.88,3.8
jsc,108343,2015,nonscience_avg_gpa,4.75,4.39
jsc,108343,2017,nonscience_avg_gpa,4.27,4.05
jsc,108343,2019,nonscience_examinee_total,,34
jsc,108343,2019,nonscience_examinee_passed,,33
jsc,108360,2012,nonscience_avg_gpa,4.35,4.3
jsc,108360,2013,nonscience_avg_gpa,4.74,4.68
jsc,108360,2015,nonscience_avg_gpa,4.59,4.55
jsc,108360,2016,nonscience_avg_gpa,4.7,4.67
jsc,108360,2017,nonscience_avg_gpa,4.71,4.62
jsc,108360,2019,nonscience_avg_gpa,4.38,4.27
jsc,108345,2012,nonscience_avg_gpa,3.06,2.86
jsc,108345,2013,nonscience_avg_gpa,3.89,3.83
jsc,108345,2014,nonscience_avg_gpa,3.15,3.11
jsc,108345,2015,nonscience_examinee_total,,81
jsc,108345,2015,nonscience_examinee_passed,,68
jsc,108345,2015,nonscience_avg_gpa,3.37,3.12
jsc,108345,2016,nonscience_avg_gpa,4.36,3.87
jsc,108345,2017,nonscience_avg_gpa,2.47,2.3
jsc,108345,2018,nonscience_avg_gpa,2.37,2.17
jsc,108345,2019,nonscience_avg_gpa,3.05,2.89
jsc,108344,2012,nonscience_examinee_total,,72
jsc,108344,2012,nonscience_examinee_passed,,64
jsc,108344,2012,nonscience_avg_gpa,3.06,2.93
jsc,108344,2013,nonscience_avg_gpa,3.94,3.8
jsc,108344,2014,nonscience_examinee_total,,47
jsc,108344,2014,nonscience_examinee_passed,,43
jsc,108344,2015,nonscience_avg_gpa,4.1,4.01
jsc,108344,2016,nonscience_avg_gpa,4.34,4.25
jsc,108344,2017,nonscience_avg_gpa,4.06,3.8
jsc,108344,2018,nonscience_examinee_total,,37
jsc,108344,2018,nonscience_examinee_passed,,37
jsc,108344,2019,nonscience_examinee_total,,42
jsc,108344,2019,nonscience_examinee_passed,,42
jsc,108339,2011,nonscience_examinee_total,,59
jsc,108339,2011,nonscience_examinee_passed,,59
jsc,108339,2012,nonscience_avg_gpa,3.61,3.27
jsc,108339,2014,nonscience_examinee_total,,63
jsc,108339,2014,nonscience_examinee_passed,,60
jsc,108339,2014,nonscience_avg_gpa,3.71,3.59
jsc,108339,2017,nonscience_avg_gpa,3.57,3.51
jsc,108339,2018,nonscience_examinee_total,,53
jsc,108339,2018,nonscience_examinee_passed,,48
jsc,108339,2018,nonscience_avg_gpa,3.44,3.31
jsc,108339,2019,nonscience_examinee_total,,51
jsc,108339,2019,nonscience_examinee_passed,,44
jsc,108339,2019,nonscience_avg_gpa,2.8,2.74
jsc,108347,2011,nonscience_examinee_total,,152
jsc,108347,2011,nonscience_examinee_passed,,152
jsc,108347,2012,nonscience_examinee_total,,149
jsc,108347,2012,nonscience_examinee_passed,,79
jsc,108347,2012,nonscience_avg_gpa,1.83,1.5
jsc,108347,2013,nonscience_avg_gpa,2.84,2.64
jsc,108347,2014,nonscience_avg_gpa,2.67,2.53
jsc,108347,2015,nonscience_examinee_total,,127
jsc,108347,2015,nonscience_examinee_passed,,92
jsc,108347,2015,nonscience_avg_gpa,2.76,2.59
jsc,108347,2016,nonscience_examinee_total,,144
jsc,108347,2016,nonscience_examinee_passed,,95
jsc,108347,2016,nonscience_avg_gpa,2.45,2.3
jsc,108347,2017,nonscience_examinee_total,,111
jsc,108347,2017,nonscience_examinee_passed,,80
jsc,108347,2017,nonscience_avg_gpa,2.47,2.25
jsc,108347,2018,nonscience_examinee_total,,87
jsc,108347,2018,nonscience_examinee_passed,,67
jsc,108347,2018,nonscience_avg_gpa,2.62,2.17
jsc,108347,2019,nonscience_examinee_total,,74
jsc,108347,2019,nonscience_examinee_passed,,61
jsc,108347,2019,nonscience_avg_gpa,2.91,2.72
jsc,108340,2012,nonscience_avg_gpa,3.56,3.38
jsc,108340,2013,nonscience_avg_gpa,4.12,4.06
jsc,108340,2014,nonscience_avg_gpa,3.94,3.89
jsc,108340,2015,nonscience_avg_gpa,4.18,4.07
jsc,108340,2016,nonscience_avg_gpa,3.95,3.84
jsc,108340,2017,nonscience_avg_gpa,3.8,3.61
jsc,108340,2018,nonscience_avg_gpa,3.78,3.76
jsc,108340,2019,nonscience_avg_gpa,3.51,3.48
jsc,108361,2011,nonscience_examinee_total,,61
jsc,108361,2011,nonscience_examinee_passed,,61
jsc,108361,2012,nonscience_examinee_total,,52
jsc,108361,2012,nonscience_examinee_passed,,48
jsc,108361,2012,nonscience_avg_gpa,3.12,2.94
jsc,108361,2013,nonscience_avg_gpa,4.11,3.67
jsc,108361,2014,nonscience_examinee_total,,42
jsc,108361,2014,nonscience_examinee_passed,,31
jsc,108361,2014,nonscience_avg_gpa,3.23,2.69
jsc,108361,2015,nonscience_avg_gpa,4.07,3.89
jsc,108361,2017,nonscience_avg_gpa,3.37,3.3
jsc,108361,2018,nonscience_avg_gpa,3.5,3.32
jsc,108361,2019,nonscience_examinee_total,,50
jsc,108361,2019,nonscience_examinee_passed,,44
jsc,108361,2019,nonscience_avg_gpa,3.71,3.26
jsc,108342,2012,nonscience_avg_gpa,3.99,3.92
jsc,108342,2013,nonscience_avg_gpa,4.72,4.63
jsc,108342,2014,nonscience_avg_gpa,4.95,4.89
jsc,108342,2015,nonscience_avg_gpa,4.93,4.91
jsc,108342,2016,nonscience_avg_gpa,4.96,4.91
jsc,108342,2017,nonscience_avg_gpa,4.85,4.78
jsc,108342,2018,nonscience_avg_gpa,4.71,4.67
jsc,108357,2016,nonscience_avg_gpa,5,4.98
jsc,108357,2018,nonscience_avg_gpa,4.84,4.82
jsc,108359,2012,nonscience_avg_gpa,4.38,4.34
jsc,108359,2013,nonscience_avg_gpa,4.73,4.69
jsc,108359,2014,nonscience_avg_gpa,4.7,4.64
jsc,108359,2016,nonscience_avg_gpa,4.72,4.7
jsc,108359,2017,nonscience_avg_gpa,4.46,4.44
jsc,108359,2018,nonscience_avg_gpa,4.36,4.33
jsc,108359,2019,nonscience_avg_gpa,4.18,4.16
jsc,134136,2011,nonscience_examinee_total,,126
jsc,134136,2011,nonscience_examinee_passed,,126
jsc,134136,2012,nonscience_examinee_total,,149
jsc,134136,2012,nonscience_examinee_passed,,128
jsc,134136,2012,nonscience_avg_gpa,2.51,2.46
jsc,134136,2013,nonscience_avg_gpa,3.42,3.3
jsc,134136,2014,nonscience_avg_gpa,2.83,2.63
jsc,134136,2015,nonscience_avg_gpa,2.86,2.66
jsc,134136,2016,nonscience_avg_gpa,3.13,2.94
jsc,134136,2017,nonscience_avg_gpa,2.81,2.59
jsc,134136,2018,nonscience_avg_gpa,3.38,3.16
jsc,134136,2019,nonscience_examinee_total,,614
jsc,134136,2019,nonscience_examinee_passed,,547
jsc,134136,2019,nonscience_avg_gpa,3.18,2.95
jsc,108024,2011,nonscience_examinee_total,,201
jsc,108024,2011,nonscience_examinee_passed,,200
jsc,108024,2012,nonscience_examinee_total,,213
jsc,108024,2012,nonscience_examinee_passed,,170
jsc,108024,2012,nonscience_avg_gpa,2.4,2.25
jsc,108024,2013,nonscience_avg_gpa,3.05,2.77
jsc,108024,2014,nonscience_examinee_total,,114
jsc,108024,2014,nonscience_examinee_passed,,93
jsc,108024,2014,nonscience_avg_gpa,3.04,2.75
jsc,108024,2015,nonscience_examinee_total,,187
jsc,108024,2015,nonscience_examinee_passed,,156
jsc,108024,2015,nonscience_avg_gpa,3.13,2.98
jsc,108024,2016,nonscience_avg_gpa,3.48,3.22
jsc,108024,2017,nonscience_avg_gpa,3.24,3.06
jsc,108024,2018,nonscience_avg_gpa,3.05,2.86
jsc,108024,2019,nonscience_avg_gpa,2.68,2.54
jsc,108063,2011,nonscience_examinee_total,,181
jsc,108063,2011,nonscience_examinee_passed,,181
jsc,108063,2012,nonscience_examinee_total,,110
jsc,108063,2012,nonscience_examinee_passed,,89
jsc,108063,2012,nonscience_avg_gpa,2.61,2.47
jsc,108063,2013,nonscience_avg_gpa,3.66,3.57
jsc,108063,2014,nonscience_avg_gpa,3.58,3.48
jsc,108063,2015,nonscience_avg_gpa,3.22,3.18
jsc,108063,2016,nonscience_avg_gpa,3.58,3.53
jsc,108063,2017,nonscience_avg_gpa,3.21,3.1
jsc,108063,2018,nonscience_examinee_total,,119
jsc,108063,2018,nonscience_examinee_passed,,109
jsc,108063,2018,nonscience_avg_gpa,3.01,2.96
jsc,108063,2019,nonscience_examinee_total,,124
jsc,108063,2019,nonscience_examinee_passed,,94
jsc,108063,2019,nonscience_avg_gpa,2.32,2.21
jsc,108014,2013,nonscience_avg_gpa,4.58,4.33
jsc,108014,2014,nonscience_avg_gpa,4.22,4.16
jsc,108014,2016,nonscience_avg_gpa,4.53,4.4
jsc,108014,2017,nonscience_avg_gpa,4.47,4.44
jsc,108014,2018,nonscience_avg_gpa,3.94,3.9
jsc,108012,2012,nonscience_examinee_total,,105
jsc,108012,2012,nonscience_examinee_passed,,96
jsc,108012,2012,nonscience_avg_gpa,3.44,3.27
jsc,108012,2015,nonscience_avg_gpa,4.32,4.24
jsc,108012,2018,nonscience_avg_gpa,3.68,3.4
jsc,108012,2019,nonscience_avg_gpa,2.94,2.83
jsc,108040,2013,nonscience_avg_gpa,4.98,4.94
jsc,108040,2016,nonscience_avg_gpa,4.84,4.8
jsc,108040,2017,nonscience_avg_gpa,4.9,4.82
jsc,108040,2018,nonscience_avg_gpa,4.7,4.63
jsc,108040,2019,nonscience_avg_gpa,4.62,4.59
jsc,108331,2011,nonscience_examinee_total,,73
jsc,108331,2011,nonscience_examinee_passed,,73
jsc,108331,2012,nonscience_examinee_total,,38
jsc,108331,2012,nonscience_examinee_passed,,29
jsc,108331,2012,nonscience_avg_gpa,3,2.44
jsc,108331,2013,nonscience_examinee_total,,33
jsc,108331,2013,nonscience_examinee_passed,,29
jsc,108331,2013,nonscience_avg_gpa,3.68,3.34
jsc,108331,2014,nonscience_examinee_total,,68
jsc,108331,2014,nonscience_examinee_passed,,49
jsc,108331,2014,nonscience_avg_gpa,2.41,2.34
jsc,108331,2015,nonscience_avg_gpa,3.58,3.49
jsc,108331,2016,nonscience_avg_gpa,3.84,3.71
jsc,108331,2017,nonscience_avg_gpa,3.35,3.1
jsc,108331,2018,nonscience_avg_gpa,2.72,2.49
jsc,108331,2019,nonscience_avg_gpa,2.69,2.53
jsc,138743,2019,nonscience_examinee_total,,111
jsc,138743,2019,nonscience_examinee_passed,,92
jsc,138743,2019,nonscience_avg_gpa,2.66,2.56
jsc,108371,2012,nonscience_avg_gpa,2.85,2.57
jsc,108371,2013,nonscience_avg_gpa,4.19,3.97
jsc,108371,2014,nonscience_avg_gpa,3.41,3.29
jsc,108371,2015,nonscience_avg_gpa,3.8,3.24
jsc,108371,2016,nonscience_avg_gpa,4.02,3.9
jsc,108371,2018,nonscience_examinee_total,,120
jsc,108371,2018,nonscience_examinee_passed,,111
jsc,108371,2018,nonscience_avg_gpa,3.01,2.93
jsc,108371,2019,nonscience_examinee_total,,72
jsc,108371,2019,nonscience_examinee_passed,,70
jsc,108371,2019,nonscience_avg_gpa,3.28,3.19
jsc,108370,2011,nonscience_examinee_total,,68
jsc,108370,2011,nonscience_examinee_passed,,68
jsc,108370,2012,nonscience_examinee_total,,97
jsc,108370,2012,nonscience_examinee_passed,,72
jsc,108370,2012,nonscience_avg_gpa,2.69,2.53
jsc,108370,2013,nonscience_avg_gpa,3.84,3.77
jsc,108370,2014,nonscience_examinee_total,,123
jsc,108370,2014,nonscience_examinee_passed,,97
jsc,108370,2014,nonscience_avg_gpa,3.07,2.72
jsc,108370,2015,nonscience_avg_gpa,3.67,3.59
jsc,108370,2016,nonscience_avg_gpa,4.49,4.35
jsc,108370,2017,nonscience_avg_gpa,4.07,3.9
jsc,108370,2018,nonscience_avg_gpa,3.33,3.29
jsc,108370,2019,nonscience_avg_gpa,3.27,3.24
jsc,108377,2011,nonscience_examinee_total,,89
jsc,108377,2011,nonscience_examinee_passed,,89
jsc,108377,2012,nonscience_examinee_total,,71
jsc,108377,2012,nonscience_examinee_passed,,55
jsc,108377,2012,nonscience_avg_gpa,2.59,2.19
jsc,108377,2013,nonscience_avg_gpa,3.51,3.39
jsc,108377,2014,nonscience_avg_gpa,2.92,2.62
jsc,108377,2015,nonscience_avg_gpa,3.53,3.37
jsc,108377,2016,nonscience_avg_gpa,3.41,2.91
jsc,108377,2017,nonscience_avg_gpa,3.31,3.07
jsc,108377,2018,nonscience_examinee_total,,74
jsc,108377,2018,nonscience_examinee_passed,,64
jsc,108377,2018,nonscience_avg_gpa,2.75,2.68
jsc,108377,2019,nonscience_examinee_total,,62
jsc,108377,2019,nonscience_examinee_passed,,39
jsc,108377,2019,nonscience_avg_gpa,1.91,1.76
jsc,130892,2011,nonscience_examinee_total,,39
jsc,130892,2011,nonscience_examinee_passed,,39
jsc,130892,2012,nonscience_examinee_total,,28
jsc,130892,2012,nonscience_examinee_passed,,25
jsc,130892,2013,nonscience_avg_gpa,4.01,3.88
jsc,130892,2014,nonscience_avg_gpa,3.53,3.41
jsc,130892,2015,nonscience_examinee_total,,28
jsc,130892,2015,nonscience_examinee_passed,,25
jsc,130892,2015,nonscience_avg_gpa,3.44,3.2
jsc,130892,2016,nonscience_avg_gpa,4,3.69
jsc,130892,2017,nonscience_examinee_total,,37
jsc,130892,2017,nonscience_examinee_passed,,36
jsc,130892,2018,nonscience_examinee_total,,35
jsc,130892,2018,nonscience_examinee_passed,,30
jsc,134462,2017,nonscience_avg_gpa,2.32,2.18
jsc,134462,2018,nonscience_examinee_total,,355
jsc,134462,2018,nonscience_examinee_passed,,216
jsc,134462,2018,nonscience_avg_gpa,1.84,1.73
jsc,134462,2019,nonscience_examinee_total,,267
jsc,134462,2019,nonscience_examinee_passed,,192
jsc,134462,2019,nonscience_avg_gpa,2.06,1.93
jsc,108372,2011,nonscience_examinee_total,,79
jsc,108372,2011,nonscience_examinee_passed,,79
jsc,108372,2012,nonscience_examinee_total,,72
jsc,108372,2012,nonscience_examinee_passed,,63
jsc,108372,2014,nonscience_examinee_total,,69
jsc,108372,2014,nonscience_examinee_passed,,61
jsc,108372,2016,nonscience_examinee_total,,63
jsc,108372,2016,nonscience_examinee_passed,,62
jsc,108372,2018,nonscience_examinee_total,,72
jsc,108372,2018,nonscience_examinee_passed,,49
jsc,108372,2018,nonscience_avg_gpa,2.21,2.18
jsc,108372,2019,nonscience_examinee_total,,67
jsc,108372,2019,nonscience_examinee_passed,,62
jsc,108372,2019,nonscience_avg_gpa,3.17,3.12
jsc,130921,2011,nonscience_examinee_total,,23
jsc,130921,2011,nonscience_examinee_passed,,23
jsc,130921,2012,nonscience_avg_gpa,3.7,3.52
jsc,130921,2016,nonscience_avg_gpa,3.88,3.66
jsc,130921,2017,nonscience_avg_gpa,3.91,3.56
jsc,130921,2018,nonscience_avg_gpa,3.41,3.16
jsc,130921,2019,nonscience_avg_gpa,3.02,2.88
jsc,130912,2013,nonscience_avg_gpa,4.82,4.8
jsc,130912,2015,nonscience_avg_gpa,4.74,4.72
jsc,130912,2016,nonscience_avg_gpa,4.8,4.78
jsc,130912,2017,nonscience_avg_gpa,4.85,4.82
jsc,108365,2011,nonscience_examinee_total,,83
jsc,108365,2011,nonscience_examinee_passed,,83
jsc,108365,2012,nonscience_examinee_total,,96
jsc,108365,2012,nonscience_examinee_passed,,70
jsc,108365,2012,nonscience_avg_gpa,2.23,2.11
jsc,108365,2013,nonscience_examinee_total,,70
jsc,108365,2013,nonscience_examinee_passed,,56
jsc,108365,2013,nonscience_avg_gpa,2.91,2.61
jsc,108365,2014,nonscience_avg_gpa,2.22,2.08
jsc,108365,2015,nonscience_avg_gpa,3.32,3.24
jsc,108365,2016,nonscience_avg_gpa,3.35,3.11
jsc,108365,2017,nonscience_avg_gpa,3.49,3.16
jsc,108365,2018,nonscience_examinee_total,,88
jsc,108365,2018,nonscience_examinee_passed,,63
jsc,108365,2018,nonscience_avg_gpa,2.43,2.32
jsc,108365,2019,nonscience_examinee_total,,115
jsc,108365,2019,nonscience_examinee_passed,,88
jsc,108365,2019,nonscience_avg_gpa,2.37,2.25
jsc,107893,2011,nonscience_examinee_total,,136
jsc,107893,2011,nonscience_examinee_passed,,136
jsc,107893,2012,nonscience_avg_gpa,3.2,3.15
jsc,107893,2013,nonscience_avg_gpa,3.21,3.07
jsc,107893,2014,nonscience_avg_gpa,2.73,2.7
jsc,107893,2015,nonscience_avg_gpa,2.92,2.86
jsc,107893,2016,nonscience_avg_gpa,3.44,3.41
jsc,107893,2017,nonscience_avg_gpa,3.25,3.2
jsc,107893,2018,nonscience_avg_gpa,2.91,2.86
jsc,107893,2019,nonscience_avg_gpa,3.2,3.05
jsc,108178,2011,nonscience_examinee_total,,512
jsc,108178,2011,nonscience_examinee_passed,,512
jsc,108178,2012,nonscience_avg_gpa,3.23,2.97
jsc,108178,2013,nonscience_avg_gpa,3.7,3.45
jsc,108178,2014,nonscience_avg_gpa,3.41,3.2
jsc,108178,2015,nonscience_avg_gpa,4.46,4.28
jsc,108178,2016,nonscience_avg_gpa,3.1,2.98
jsc,108178,2017,nonscience_avg_gpa,2.78,2.63
jsc,108178,2018,nonscience_avg_gpa,2.64,2.43
jsc,108178,2019,nonscience_examinee_total,,894
jsc,108178,2019,nonscience_examinee_passed,,663
jsc,108178,2019,nonscience_avg_gpa,2.1,1.97
jsc,137788,2016,nonscience_avg_gpa,4.12,3.86
jsc,137788,2017,nonscience_avg_gpa,3.91,3.57
jsc,137788,2018,nonscience_avg_gpa,2.95,2.6
jsc,137788,2019,nonscience_avg_gpa,2.93,2.72
jsc,130871,2011,nonscience_examinee_total,,179
jsc,130871,2011,nonscience_examinee_passed,,179
jsc,130871,2012,nonscience_examinee_total,,153
jsc,130871,2012,nonscience_examinee_passed,,133
jsc,130871,2012,nonscience_avg_gpa,3.16,2.85
jsc,130871,2013,nonscience_avg_gpa,4.14,3.83
jsc,130871,2014,nonscience_examinee_total,,138
jsc,130871,2014,nonscience_examinee_passed,,126
jsc,130871,2014,nonscience_avg_gpa,3.26,3.12
jsc,130871,2015,nonscience_avg_gpa,4.15,4.05
jsc,130871,2017,nonscience_avg_gpa,3.55,3.35
jsc,130871,2018,nonscience_examinee_total,,171
jsc,130871,2018,nonscience_examinee_passed,,127
jsc,130871,2018,nonscience_avg_gpa,2.4,2.31
jsc,130871,2019,nonscience_examinee_total,,141
jsc,130871,2019,nonscience_examinee_passed,,101
jsc,130871,2019,nonscience_avg_gpa,2.32,2.12
jsc,108192,2012,nonscience_examinee_total,,109
jsc,108192,2012,nonscience_examinee_passed,,93
jsc,108192,2012,nonscience_avg_gpa,2.68,2.51
jsc,108192,2013,nonscience_avg_gpa,3.42,3.27
jsc,108192,2014,nonscience_avg_gpa,3.4,3.35
jsc,108192,2015,nonscience_examinee_total,,190
jsc,108192,2015,nonscience_examinee_passed,,160
jsc,108192,2015,nonscience_avg_gpa,3.25,3.12
jsc,108192,2016,nonscience_avg_gpa,3.51,3.41
jsc,108192,2017,nonscience_avg_gpa,2.96,2.9
jsc,108192,2018,nonscience_examinee_total,,240
jsc,108192,2018,nonscience_examinee_passed,,197
jsc,108192,2018,nonscience_avg_gpa,2.34,2.29
jsc,108192,2019,nonscience_examinee_total,,148
jsc,108192,2019,nonscience_examinee_passed,,106
jsc,108192,2019,nonscience_avg_gpa,1.91,1.82
jsc,108198,2011,nonscience_examinee_total,,30
jsc,108198,2011,nonscience_examinee_passed,,30
jsc,108198,2012,nonscience_examinee_total,,51
jsc,108198,2012,nonscience_examinee_passed,,39
jsc,108198,2012,nonscience_avg_gpa,2.08,2.04
jsc,108198,2013,nonscience_examinee_total,,53
jsc,108198,2013,nonscience_examinee_passed,,42
jsc,108198,2013,nonscience_avg_gpa,2.97,2.63
jsc,108198,2014,nonscience_avg_gpa,2.48,2.4
jsc,108198,2015,nonscience_avg_gpa,2.79,2.71
jsc,108198,2016,nonscience_avg_gpa,3.46,3.41
jsc,108198,2017,nonscience_examinee_total,,240
jsc,108198,2017,nonscience_examinee_passed,,180
jsc,108198,2017,nonscience_avg_gpa,2.57,2.47
jsc,108198,2018,nonscience_examinee_total,,143
jsc,108198,2018,nonscience_examinee_passed,,99
jsc,108198,2018,nonscience_avg_gpa,2.08,1.97
jsc,108198,2019,nonscience_examinee_total,,120
jsc,108198,2019,nonscience_examinee_passed,,84
jsc,108198,2019,nonscience_avg_gpa,2.17,2.06
jsc,108388,2012,nonscience_avg_gpa,4.16,4.14
jsc,108388,2013,nonscience_avg_gpa,4.65,4.63
jsc,108388,2016,nonscience_avg_gpa,4.65,4.63
jsc,108388,2017,nonscience_avg_gpa,4.53,4.51
jsc,108388,2018,nonscience_avg_gpa,4.13,4.11
jsc,108393,2011,nonscience_examinee_total,,177
jsc,108393,2011,nonscience_examinee_passed,,177
jsc,108393,2012,nonscience_avg_gpa,2.69,2.59
jsc,108393,2013,nonscience_avg_gpa,3.14,3.07
jsc,108393,2014,nonscience_avg_gpa,3.04,2.99
jsc,108393,2015,nonscience_avg_gpa,3.64,3.59
jsc,108393,2016,nonscience_avg_gpa,3.5,3.35
jsc,108393,2017,nonscience_avg_gpa,3.45,3.32
jsc,108393,2018,nonscience_examinee_total,,233
jsc,108393,2018,nonscience_examinee_passed,,178
jsc,108393,2018,nonscience_avg_gpa,2.36,2.26
jsc,108393,2019,nonscience_avg_gpa,2.82,2.75
jsc,108391,2012,nonscience_avg_gpa,3.31,2.92
jsc,108391,2013,nonscience_avg_gpa,3.54,3.36
jsc,108391,2014,nonscience_avg_gpa,3.54,3.45
jsc,108391,2015,nonscience_avg_gpa,3.97,3.8
jsc,108391,2016,nonscience_avg_gpa,4.18,4.13
jsc,108391,2017,nonscience_avg_gpa,4.04,3.96
jsc,108391,2018,nonscience_avg_gpa,3.63,3.58
jsc,108391,2019,nonscience_avg_gpa,3.67,3.59
jsc,108341,2011,nonscience_examinee_total,,113
jsc,108341,2011,nonscience_examinee_passed,,113
jsc,108341,2012,nonscience_avg_gpa,3.27,3.17
jsc,108341,2014,nonscience_avg_gpa,3.46,3.28
jsc,108341,2015,nonscience_avg_gpa,3.73,3.67
jsc,108341,2016,nonscience_avg_gpa,3.62,3.56
jsc,108341,2017,nonscience_avg_gpa,2.66,2.48
jsc,108341,2018,nonscience_examinee_total,,138
jsc,108341,2018,nonscience_examinee_passed,,101
jsc,108341,2018,nonscience_avg_gpa,2.27,2.21
jsc,108341,2019,nonscience_examinee_total,,125
jsc,108341,2019,nonscience_examinee_passed,,93
jsc,108341,2019,nonscience_avg_gpa,1.98,1.87
jsc,108582,2011,nonscience_examinee_total,,52
jsc,108582,2011,nonscience_examinee_passed,,52
jsc,108582,2012,nonscience_examinee_total,,39
jsc,108582,2012,nonscience_examinee_passed,,33
jsc,108582,2012,nonscience_avg_gpa,3.25,3.17
jsc,108582,2013,nonscience_avg_gpa,3.57,3.49
jsc,108582,2014,nonscience_avg_gpa,4.15,3.98
jsc,108582,2016,nonscience_avg_gpa,4.29,4.18
jsc,108582,2017,nonscience_avg_gpa,2.95,2.86
jsc,108582,2018,nonscience_examinee_total,,48
jsc,108582,2018,nonscience_examinee_passed,,46
jsc,108582,2019,nonscience_examinee_total,,52
jsc,108582,2019,nonscience_examinee_passed,,52
jsc,108366,2011,nonscience_examinee_total,,102
jsc,108366,2011,nonscience_examinee_passed,,102
jsc,108366,2012,nonscience_avg_gpa,3.31,3.01
jsc,108366,2013,nonscience_avg_gpa,3.82,3.22
jsc,108366,2014,nonscience_avg_gpa,3.77,3.6
jsc,108366,2015,nonscience_avg_gpa,4.3,4.21
jsc,108366,2016,nonscience_avg_gpa,4.62,4.08
jsc,108366,2017,nonscience_examinee_total,,96
jsc,108366,2017,nonscience_examinee_passed,,90
jsc,108366,2017,nonscience_avg_gpa,3.75,3.56
jsc,108366,2018,nonscience_examinee_total,,107
jsc,108366,2018,nonscience_examinee_passed,,96
jsc,108366,2018,nonscience_avg_gpa,3.49,3.16
jsc,108366,2019,nonscience_examinee_total,,97
jsc,108366,2019,nonscience_examinee_passed,,74
jsc,108366,2019,nonscience_avg_gpa,2.4,2.2
jsc,108242,2011,nonscience_examinee_total,,341
jsc,108242,2011,nonscience_examinee_passed,,341
jsc,108242,2012,nonscience_avg_gpa,2.68,2.4
jsc,108242,2013,nonscience_examinee_total,,269
jsc,108242,2013,nonscience_examinee_passed,,202
jsc,108242,2013,nonscience_avg_gpa,3.18,2.84
jsc,108242,2014,nonscience_avg_gpa,2.71,2.52
jsc,108242,2015,nonscience_avg_gpa,3.07,2.92
jsc,108242,2016,nonscience_avg_gpa,3.12,3.04
jsc,108242,2017,nonscience_avg_gpa,2.12,2.01
jsc,108242,2018,nonscience_avg_gpa,2.42,2.25
jsc,108242,2019,nonscience_avg_gpa,2.34,2.24
jsc,108262,2011,nonscience_examinee_total,,224
jsc,108262,2011,nonscience_examinee_passed,,224
jsc,108262,2012,nonscience_avg_gpa,3.14,3.01
jsc,108262,2013,nonscience_avg_gpa,4.16,3.81
jsc,108262,2014,nonscience_avg_gpa,4.13,3.87
jsc,108262,2015,nonscience_avg_gpa,3.5,3.36
jsc,108262,2016,nonscience_avg_gpa,3.55,3.37
jsc,108262,2017,nonscience_avg_gpa,3.11,2.87
jsc,108262,2018,nonscience_avg_gpa,2.72,2.49
jsc,108262,2019,nonscience_examinee_total,,378
jsc,108262,2019,nonscience_examinee_passed,,298
jsc,108262,2019,nonscience_avg_gpa,2.53,2.38
jsc,108044,2011,nonscience_examinee_total,,51
jsc,108044,2011,nonscience_examinee_passed,,51
jsc,108044,2012,nonscience_avg_gpa,3.67,3.12
jsc,108044,2013,nonscience_avg_gpa,3.74,3.15
jsc,108044,2014,nonscience_avg_gpa,3.01,2.78
jsc,108044,2015,nonscience_avg_gpa,2.88,2.73
jsc,108044,2016,nonscience_avg_gpa,3.13,2.92
jsc,108044,2017,nonscience_avg_gpa,2.29,2.19
jsc,108044,2018,nonscience_examinee_total,,186
jsc,108044,2018,nonscience_examinee_passed,,134
jsc,108044,2018,nonscience_avg_gpa,2.37,2.15
jsc,108044,2019,nonscience_examinee_total,,73
jsc,108044,2019,nonscience_examinee_passed,,57
jsc,108044,2019,nonscience_avg_gpa,2.49,2.45
jsc,108523,2011,nonscience_examinee_total,,88
jsc,108523,2011,nonscience_examinee_passed,,88
jsc,108523,2013,nonscience_avg_gpa,3.55,3.49
jsc,108523,2016,nonscience_avg_gpa,3.83,3.68
jsc,108523,2017,nonscience_avg_gpa,3.79,3.73
jsc,108523,2018,nonscience_avg_gpa,3.25,3.23
jsc,108523,2019,nonscience_avg_gpa,3.06,3.01
jsc,108234,2012,nonscience_examinee_total,,141
jsc,108234,2012,nonscience_examinee_passed,,131
jsc,108234,2012,nonscience_avg_gpa,3.16,3.05
jsc,108234,2013,nonscience_avg_gpa,3.52,3.43
jsc,108234,2014,nonscience_avg_gpa,3.13,3.07
jsc,108234,2015,nonscience_avg_gpa,3.72,3.64
jsc,108234,2016,nonscience_avg_gpa,3.73,3.56
jsc,108234,2017,nonscience_avg_gpa,3.26,3.1
jsc,108234,2018,nonscience_avg_gpa,3.04,2.97
jsc,108234,2019,nonscience_examinee_total,,139
jsc,108234,2019,nonscience_examinee_passed,,122
jsc,108234,2019,nonscience_avg_gpa,2.53,2.5
jsc,108521,2011,nonscience_examinee_total,,104
jsc,108521,2011,nonscience_examinee_passed,,104
jsc,108521,2012,nonscience_avg_gpa,3.07,2.8
jsc,108521,2013,nonscience_avg_gpa,3.42,3.1
jsc,108521,2014,nonscience_avg_gpa,2.95,2.85
jsc,108521,2015,nonscience_avg_gpa,3.17,2.99
jsc,108521,2016,nonscience_avg_gpa,3.55,3.47
jsc,108521,2017,nonscience_avg_gpa,2.8,2.72
jsc,108521,2018,nonscience_examinee_total,,89
jsc,108521,2018,nonscience_examinee_passed,,73
jsc,108521,2018,nonscience_avg_gpa,2.59,2.42
jsc,108521,2019,nonscience_examinee_total,,71
jsc,108521,2019,nonscience_examinee_passed,,58
jsc,108521,2019,nonscience_avg_gpa,2.58,2.47
jsc,108226,2011,nonscience_examinee_total,,216
jsc,108226,2011,nonscience_examinee_passed,,216
jsc,108226,2012,nonscience_examinee_total,,272
jsc,108226,2012,nonscience_examinee_passed,,183
jsc,108226,2012,nonscience_avg_gpa,2.02,1.94
jsc,108226,2013,nonscience_avg_gpa,2.45,2.29
jsc,108226,2014,nonscience_examinee_total,,408
jsc,108226,2014,nonscience_examinee_passed,,230
jsc,108226,2014,nonscience_avg_gpa,1.84,1.78
jsc,108226,2015,nonscience_avg_gpa,2.33,2.23
jsc,108226,2016,nonscience_examinee_total,,83
jsc,108226,2016,nonscience_examinee_passed,,65
jsc,108226,2016,nonscience_avg_gpa,2.5,2.32
jsc,108226,2017,nonscience_examinee_total,,43
jsc,108226,2017,nonscience_examinee_passed,,34
jsc,108226,2017,nonscience_avg_gpa,2.69,2.44
jsc,108226,2018,nonscience_examinee_total,,33
jsc,108226,2018,nonscience_examinee_passed,,24
jsc,108226,2018,nonscience_avg_gpa,1.96,1.84
jsc,108226,2019,nonscience_examinee_total,,34
jsc,108226,2019,nonscience_examinee_passed,,24
jsc,108226,2019,nonscience_avg_gpa,1.79,1.73
jsc,108468,2012,nonscience_avg_gpa,3.91,3.82
jsc,108468,2013,nonscience_avg_gpa,3.55,3.43
jsc,108468,2014,nonscience_avg_gpa,3.29,3.14
jsc,108468,2015,nonscience_avg_gpa,3.78,3.68
jsc,108468,2016,nonscience_avg_gpa,4.05,3.87
jsc,108468,2017,nonscience_avg_gpa,3.81,3.57
jsc,108468,2018,nonscience_avg_gpa,3.23,3.14
jsc,108468,2019,nonscience_avg_gpa,3.11,2.94
jsc,108499,2011,nonscience_examinee_total,,191
jsc,108499,2011,nonscience_examinee_passed,,191
jsc,108499,2012,nonscience_avg_gpa,2.92,2.65
jsc,108499,2013,nonscience_avg_gpa,3.13,3.06
jsc,108499,2014,nonscience_avg_gpa,2.64,2.43
jsc,108499,2015,nonscience_avg_gpa,2.87,2.58
jsc,108499,2016,nonscience_avg_gpa,3.63,3.42
jsc,108499,2017,nonscience_avg_gpa,2.91,2.84
jsc,108499,2018,nonscience_avg_gpa,2.56,2.5
jsc,108499,2019,nonscience_avg_gpa,2.73,2.71
jsc,133983,2011,nonscience_examinee_total,,104
jsc,133983,2011,nonscience_examinee_passed,,104
jsc,133983,2012,nonscience_examinee_total,,90
jsc,133983,2012,nonscience_examinee_passed,,68
jsc,133983,2012,nonscience_avg_gpa,3.68,2.82
jsc,133983,2013,nonscience_avg_gpa,3.71,3.62
jsc,133983,2014,nonscience_avg_gpa,3.83,3.31
jsc,133983,2015,nonscience_avg_gpa,3.83,3.72
jsc,133983,2016,nonscience_avg_gpa,3.43,3.34
jsc,133983,2017,nonscience_avg_gpa,3.32,3.11
jsc,133983,2018,nonscience_avg_gpa,2.31,2.19
jsc,133983,2019,nonscience_avg_gpa,2.46,2.34
jsc,108476,2012,nonscience_examinee_total,,91
jsc,108476,2012,nonscience_examinee_passed,,89
jsc,108476,2012,nonscience_avg_gpa,4.06,4.02
jsc,108476,2013,nonscience_avg_gpa,4.14,4.0
jsc,108476,2014,nonscience_avg_gpa,4.14,4.1
jsc,108476,2015,nonscience_avg_gpa,4.55,4.46
jsc,108476,2017,nonscience_avg_gpa,3.79,3.74
jsc,108476,2018,nonscience_avg_gpa,3.26,3.08
jsc,108476,2019,nonscience_avg_gpa,2.61,2.54
jsc,108490,2011,nonscience_examinee_total,,170
jsc,108490,2011,nonscience_examinee_passed,,170
jsc,108490,2012,nonscience_examinee_total,,168
jsc,108490,2012,nonscience_examinee_passed,,127
jsc,108490,2012,nonscience_avg_gpa,2.57,2.21
jsc,108490,2013,nonscience_avg_gpa,3,2.87
jsc,108490,2014,nonscience_avg_gpa,3.06,2.74
jsc,108490,2015,nonscience_avg_gpa,3.45,3.32
jsc,108490,2016,nonscience_avg_gpa,3.45,3.3
jsc,108490,2017,nonscience_avg_gpa,3.49,3.45
jsc,108490,2018,nonscience_avg_gpa,3.12,3.04
jsc,108490,2019,nonscience_avg_gpa,2.95,2.91
jsc,108494,2011,nonscience_examinee_total,,260
jsc,108494,2011,nonscience_examinee_passed,,260
jsc,108494,2012,nonscience_examinee_total,,228
jsc,108494,2012,nonscience_examinee_passed,,66
jsc,108494,2012,nonscience_avg_gpa,1.3,0.7
jsc,108494,2013,nonscience_examinee_total,,155
jsc,108494,2013,nonscience_examinee_passed,,97
jsc,108494,2013,nonscience_avg_gpa,2.5,2.03
jsc,108494,2014,nonscience_examinee_total,,122
jsc,108494,2014,nonscience_examinee_passed,,50
jsc,108494,2014,nonscience_avg_gpa,1.49,1.16
jsc,108494,2015,nonscience_examinee_total,,189
jsc,108494,2015,nonscience_examinee_passed,,52
jsc,108494,2015,nonscience_avg_gpa,1.7,0.96
jsc,108494,2016,nonscience_examinee_total,,158
jsc,108494,2016,nonscience_examinee_passed,,68
jsc,108494,2016,nonscience_avg_gpa,2.53,1.42
jsc,108494,2017,nonscience_examinee_total,,81
jsc,108494,2017,nonscience_examinee_passed,,29
jsc,108494,2017,nonscience_avg_gpa,1.51,1.12
jsc,108494,2018,nonscience_examinee_total,,205
jsc,108494,2018,nonscience_examinee_passed,,93
jsc,108494,2018,nonscience_avg_gpa,1.75,1.22
jsc,108494,2019,nonscience_examinee_total,,292
jsc,108494,2019,nonscience_examinee_passed,,121
jsc,108494,2019,nonscience_avg_gpa,1.47,1.09
jsc,108484,2011,nonscience_examinee_total,,54
jsc,108484,2011,nonscience_examinee_passed,,54
jsc,108484,2012,nonscience_examinee_total,,44
jsc,108484,2012,nonscience_examinee_passed,,35
jsc,108484,2012,nonscience_avg_gpa,2.05,1.95
jsc,108484,2013,nonscience_examinee_total,,81
jsc,108484,2013,nonscience_examinee_passed,,47
jsc,108484,2013,nonscience_avg_gpa,1.97,1.8
jsc,108484,2014,nonscience_examinee_total,,101
jsc,108484,2014,nonscience_examinee_passed,,38
jsc,108484,2014,nonscience_avg_gpa,1.32,1.13
jsc,108484,2015,nonscience_examinee_total,,140
jsc,108484,2015,nonscience_examinee_passed,,88
jsc,108484,2015,nonscience_avg_gpa,2.3,1.87
jsc,108484,2016,nonscience_examinee_total,,99
jsc,108484,2016,nonscience_examinee_passed,,74
jsc,108484,2016,nonscience_avg_gpa,3.14,2.6
jsc,108484,2017,nonscience_avg_gpa,2.57,2.18
jsc,108484,2018,nonscience_examinee_total,,79
jsc,108484,2018,nonscience_examinee_passed,,58
jsc,108484,2018,nonscience_avg_gpa,1.87,1.75
jsc,108484,2019,nonscience_examinee_total,,71
jsc,108484,2019,nonscience_examinee_passed,,27
jsc,108484,2019,nonscience_avg_gpa,1.1,1.04
jsc,108513,2012,nonscience_avg_gpa,2.37,2.25
jsc,108513,2013,nonscience_avg_gpa,3.1,2.93
jsc,108513,2014,nonscience_avg_gpa,2.77,2.71
jsc,108513,2015,nonscience_avg_gpa,2.89,2.82
jsc,108513,2016,nonscience_avg_gpa,3.32,3.18
jsc,108513,2017,nonscience_avg_gpa,3.21,3.1
jsc,108513,2018,nonscience_examinee_total,,403
jsc,108513,2018,nonscience_examinee_passed,,328
jsc,108513,2018,nonscience_avg_gpa,2.61,2.51
jsc,108513,2019,nonscience_avg_gpa,2.64,2.56
jsc,108498,2012,nonscience_avg_gpa,3.18,3.01
jsc,108498,2013,nonscience_avg_gpa,4.01,3.84
jsc,108498,2014,nonscience_avg_gpa,3.41,3.26
jsc,108498,2015,nonscience_avg_gpa,3.7,3.67
jsc,108498,2016,nonscience_avg_gpa,4.1,3.94
jsc,108498,2017,nonscience_avg_gpa,3.87,3.78
jsc,108498,2018,nonscience_avg_gpa,2.93,2.9
jsc,108496,2011,nonscience_examinee_total,,24
jsc,108496,2011,nonscience_examinee_passed,,24
jsc,108496,2012,nonscience_examinee_total,,18
jsc,108496,2012,nonscience_examinee_passed,,12
jsc,108496,2012,nonscience_avg_gpa,2.05,1.93
jsc,108496,2013,nonscience_examinee_total,,15
jsc,108496,2013,nonscience_examinee_passed,,9
jsc,108496,2013,nonscience_avg_gpa,2.4,1.92
jsc,108496,2014,nonscience_examinee_total,,20
jsc,108496,2014,nonscience_examinee_passed,,11
jsc,108496,2014,nonscience_avg_gpa,1.98,1.78
jsc,108496,2015,nonscience_examinee_total,,24
jsc,108496,2015,nonscience_examinee_passed,,19
jsc,108496,2015,nonscience_avg_gpa,3.02,2.77
jsc,108496,2016,nonscience_avg_gpa,3.86,3.33
jsc,108496,2017,nonscience_examinee_total,,29
jsc,108496,2017,nonscience_examinee_passed,,24
jsc,108496,2018,nonscience_examinee_total,,24
jsc,108496,2018,nonscience_examinee_passed,,16
jsc,108496,2018,nonscience_avg_gpa,2.13,1.95
jsc,108496,2019,nonscience_examinee_total,,25
jsc,108496,2019,nonscience_examinee_passed,,15
jsc,108496,2019,nonscience_avg_gpa,2.17,1.91
jsc,108491,2013,nonscience_avg_gpa,4.03,3.85
jsc,108491,2015,nonscience_avg_gpa,3.85,3.79
jsc,108491,2017,nonscience_avg_gpa,3.82,3.78
jsc,108493,2011,nonscience_examinee_total,,45
jsc,108493,2011,nonscience_examinee_passed,,45
jsc,108493,2012,nonscience_examinee_total,,55
jsc,108493,2012,nonscience_examinee_passed,,36
jsc,108493,2012,nonscience_avg_gpa,2.46,1.88
jsc,108493,2013,nonscience_examinee_total,,49
jsc,108493,2013,nonscience_examinee_passed,,35
jsc,108493,2013,nonscience_avg_gpa,2.49,2.33
jsc,108493,2014,nonscience_examinee_total,,61
jsc,108493,2014,nonscience_examinee_passed,,47
jsc,108493,2014,nonscience_avg_gpa,2.48,2.44
jsc,108493,2015,nonscience_examinee_total,,59
jsc,108493,2015,nonscience_examinee_passed,,52
jsc,108493,2015,nonscience_avg_gpa,3.13,2.92
jsc,108493,2016,nonscience_examinee_total,,66
jsc,108493,2016,nonscience_examinee_passed,,55
jsc,108493,2018,nonscience_examinee_total,,67
jsc,108493,2018,nonscience_examinee_passed,,53
jsc,108493,2018,nonscience_avg_gpa,2.3,2.23
jsc,108493,2019,nonscience_examinee_total,,70
jsc,108493,2019,nonscience_examinee_passed,,59
jsc,108493,2019,nonscience_avg_gpa,2.3,2.23
jsc,108515,2014,nonscience_avg_gpa,4.22,4.19
jsc,108515,2015,nonscience_avg_gpa,4.59,4.51
jsc,108515,2016,nonscience_avg_gpa,4.62,4.59
jsc,108515,2017,nonscience_avg_gpa,4.23,4.2
jsc,108515,2018,nonscience_avg_gpa,4.02,3.99
jsc,108517,2012,nonscience_avg_gpa,3.26,3.08
jsc,108517,2013,nonscience_avg_gpa,3.84,3.74
jsc,108517,2014,nonscience_avg_gpa,3.65,3.58
jsc,108517,2015,nonscience_avg_gpa,3.79,3.7
jsc,108517,2016,nonscience_avg_gpa,3.92,3.8
jsc,108517,2017,nonscience_avg_gpa,3.66,3.64
jsc,108517,2018,nonscience_avg_gpa,3.32,3.27
jsc,108529,2011,nonscience_examinee_total,,108
jsc,108529,2011,nonscience_examinee_passed,,108
jsc,108529,2012,nonscience_examinee_total,,111
jsc,108529,2012,nonscience_examinee_passed,,82
jsc,108529,2012,nonscience_avg_gpa,2.59,2.22
jsc,108529,2013,nonscience_avg_gpa,2.8,2.38
jsc,108529,2014,nonscience_avg_gpa,2.58,2.51
jsc,108529,2015,nonscience_examinee_total,,217
jsc,108529,2015,nonscience_examinee_passed,,185
jsc,108529,2015,nonscience_avg_gpa,2.97,2.92
jsc,108529,2016,nonscience_avg_gpa,3.56,3.54
jsc,108529,2017,nonscience_examinee_total,,173
jsc,108529,2017,nonscience_examinee_passed,,132
jsc,108529,2017,nonscience_avg_gpa,2.67,2.64
jsc,108529,2018,nonscience_examinee_total,,179
jsc,108529,2018,nonscience_examinee_passed,,154
jsc,108529,2019,nonscience_examinee_total,,175
jsc,108529,2019,nonscience_examinee_passed,,149
jsc,108529,2019,nonscience_avg_gpa,2.35,2.33
jsc,137676,2019,nonscience_examinee_total,,72
jsc,137676,2019,nonscience_examinee_passed,,39
jsc,137676,2019,nonscience_avg_gpa,1.51,1.37
jsc,108528,2012,nonscience_avg_gpa,3.36,3.2
jsc,108528,2013,nonscience_avg_gpa,3.81,3.73
jsc,108528,2014,nonscience_avg_gpa,3.4,3.35
jsc,108528,2015,nonscience_avg_gpa,3.82,3.78
jsc,108528,2016,nonscience_avg_gpa,4.05,3.98
jsc,108528,2017,nonscience_avg_gpa,3.7,3.65
jsc,108528,2018,nonscience_avg_gpa,3.08,2.94
jsc,108528,2019,nonscience_avg_gpa,3.25,3.17
jsc,108527,2012,nonscience_avg_gpa,2.57,2.36
jsc,108527,2013,nonscience_avg_gpa,3.2,2.78
jsc,108527,2014,nonscience_avg_gpa,2.46,2.16
jsc,108527,2015,nonscience_avg_gpa,3.37,3.15
jsc,108527,2016,nonscience_avg_gpa,3.77,3.5
jsc,108527,2017,nonscience_avg_gpa,3.6,3.5
jsc,108527,2018,nonscience_avg_gpa,2.34,2.18
jsc,108527,2019,nonscience_avg_gpa,2.38,2.21
jsc,134106,2011,nonscience_examinee_total,,85
jsc,134106,2011,nonscience_examinee_passed,,85
jsc,134106,2012,nonscience_avg_gpa,4.34,4.06
jsc,134106,2013,nonscience_avg_gpa,4.57,3.9
jsc,134106,2014,nonscience_avg_gpa,4.33,4.17
jsc,134106,2015,nonscience_avg_gpa,4.07,3.83
jsc,134106,2016,nonscience_avg_gpa,4.05,3.81
jsc,134106,2017,nonscience_avg_gpa,3.42,3.22
jsc,134106,2018,nonscience_avg_gpa,2.82,2.64
jsc,134106,2019,nonscience_avg_gpa,2.25,2.13
jsc,108196,2012,nonscience_avg_gpa,4.2,3.99
jsc,108196,2013,nonscience_avg_gpa,4.66,4.47
jsc,108196,2014,nonscience_avg_gpa,4.56,4.34
jsc,108196,2015,nonscience_avg_gpa,3.76,3.7
jsc,108196,2016,nonscience_avg_gpa,4.21,4.1
jsc,108196,2017,nonscience_avg_gpa,3.05,2.97
jsc,108196,2018,nonscience_avg_gpa,2.92,2.84
jsc,108196,2019,nonscience_examinee_total,,326
jsc,108196,2019,nonscience_examinee_passed,,287
jsc,108196,2019,nonscience_avg_gpa,2.77,2.64
jsc,108552,2011,nonscience_examinee_total,,63
jsc,108552,2011,nonscience_examinee_passed,,63
jsc,108552,2012,nonscience_examinee_total,,69
jsc,108552,2012,nonscience_examinee_passed,,58
jsc,108552,2012,nonscience_avg_gpa,2.43,2.19
jsc,108552,2013,nonscience_avg_gpa,3.57,3.5
jsc,108552,2014,nonscience_avg_gpa,3.2,3.15
jsc,108552,2015,nonscience_avg_gpa,3.58,3.52
jsc,108552,2016,nonscience_avg_gpa,3.73,3.66
jsc,108552,2017,nonscience_avg_gpa,3.56,3.45
jsc,108552,2018,nonscience_avg_gpa,3.18,3.1
jsc,108552,2019,nonscience_avg_gpa,3.27,3.17
jsc,133944,2016,nonscience_avg_gpa,4.73,4.68
jsc,133944,2017,nonscience_avg_gpa,2.99,2.9
jsc,133944,2018,nonscience_examinee_total,,142
jsc,133944,2018,nonscience_examinee_passed,,127
jsc,133944,2018,nonscience_avg_gpa,3.25,3.04
jsc,133944,2019,nonscience_avg_gpa,3.54,3.39
jsc,135230,2013,nonscience_avg_gpa,3.82,3.7
jsc,135230,2014,nonscience_avg_gpa,4.3,3.84
jsc,135230,2015,nonscience_avg_gpa,4.3,3.8
jsc,135230,2016,nonscience_avg_gpa,3.52,3.13
jsc,135230,2017,nonscience_avg_gpa,3.92,3.46
jsc,135230,2018,nonscience_examinee_total,,68
jsc,135230,2018,nonscience_examinee_passed,,49
jsc,135230,2018,nonscience_avg_gpa,2.51,2.32
jsc,135230,2019,nonscience_examinee_total,,76
jsc,135230,2019,nonscience_examinee_passed,,63
jsc,135230,2019,nonscience_avg_gpa,2.89,2.7
jsc,108193,2012,nonscience_avg_gpa,3.67,3.64
jsc,108193,2013,nonscience_avg_gpa,3.97,3.95
jsc,108193,2014,nonscience_avg_gpa,3.44,3.41
jsc,108193,2015,nonscience_avg_gpa,4.03,4.01
jsc,108193,2016,nonscience_avg_gpa,4.46,4.4
jsc,108193,2017,nonscience_avg_gpa,4,3.98
jsc,108193,2018,nonscience_avg_gpa,3.32,3.29
jsc,108193,2019,nonscience_avg_gpa,3.52,3.49
jsc,134536,2011,nonscience_examinee_total,,30
jsc,134536,2011,nonscience_examinee_passed,,30
jsc,134536,2012,nonscience_avg_gpa,3.97,3.62
jsc,134536,2013,nonscience_avg_gpa,4.44,4.3
jsc,134536,2014,nonscience_avg_gpa,4.22,3.72
jsc,134536,2015,nonscience_avg_gpa,4.47,4.1
jsc,134536,2016,nonscience_avg_gpa,4.64,4.27
jsc,134536,2017,nonscience_avg_gpa,3.51,2.66
jsc,134536,2018,nonscience_avg_gpa,2.67,2.48
jsc,134536,2019,nonscience_avg_gpa,2.54,2.26
jsc,133892,2011,nonscience_examinee_total,,38
jsc,133892,2011,nonscience_examinee_passed,,38
jsc,133892,2013,nonscience_avg_gpa,4.12,4.03
jsc,133892,2014,nonscience_examinee_total,,49
jsc,133892,2014,nonscience_examinee_passed,,42
jsc,133892,2014,nonscience_avg_gpa,3.38,3.17
jsc,133892,2015,nonscience_avg_gpa,4.49,4.41
jsc,133892,2016,nonscience_avg_gpa,3.05,2.98
jsc,133892,2018,nonscience_examinee_total,,49
jsc,133892,2018,nonscience_examinee_passed,,47
jsc,133892,2018,nonscience_avg_gpa,3.2,3.13
jsc,133892,2019,nonscience_avg_gpa,2.45,2.4
jsc,107844,2012,nonscience_examinee_total,,274
jsc,107844,2012,nonscience_examinee_passed,,261
jsc,107844,2012,nonscience_avg_gpa,3.57,3.45
jsc,107844,2013,nonscience_avg_gpa,3.95,3.79
jsc,107844,2014,nonscience_avg_gpa,3.6,3.51
jsc,107844,2015,nonscience_avg_gpa,4.38,4.27
jsc,107844,2016,nonscience_avg_gpa,4.5,4.34
jsc,107844,2017,nonscience_avg_gpa,3.32,3.22
jsc,107844,2018,nonscience_avg_gpa,3.4,3.34
jsc,107844,2019,nonscience_avg_gpa,3.46,3.33
jsc,108550,2012,nonscience_avg_gpa,3.94,3.87
jsc,108550,2013,nonscience_avg_gpa,3.37,3.28
jsc,108550,2014,nonscience_avg_gpa,3.75,3.71
jsc,108550,2016,nonscience_avg_gpa,4.05,4.02
jsc,108550,2017,nonscience_avg_gpa,3.72,3.69
jsc,108550,2018,nonscience_avg_gpa,2.99,2.79
jsc,108548,2011,nonscience_examinee_total,,268
jsc,108548,2011,nonscience_examinee_passed,,268
jsc,108548,2012,nonscience_avg_gpa,3.88,3.65
jsc,108548,2013,nonscience_avg_gpa,3.6,3.51
jsc,108548,2014,nonscience_avg_gpa,4.16,4.08
jsc,108548,2015,nonscience_avg_gpa,4.61,4.57
jsc,108548,2016,nonscience_avg_gpa,4.7,4.6
jsc,108548,2017,nonscience_avg_gpa,3.5,3.46
jsc,108548,2018,nonscience_avg_gpa,3.12,3.09
jsc,108548,2019,nonscience_examinee_total,,160
jsc,108548,2019,nonscience_examinee_passed,,146
jsc,108548,2019,nonscience_avg_gpa,3.19,3.15
jsc,108539,2012,nonscience_avg_gpa,3.7,3.51
jsc,108539,2014,nonscience_avg_gpa,4,3.95
jsc,108539,2015,nonscience_avg_gpa,4.16,4.09
jsc,108539,2016,nonscience_avg_gpa,4.75,4.6
jsc,108539,2017,nonscience_avg_gpa,3.23,3.1
jsc,108539,2018,nonscience_avg_gpa,3.55,3.32
jsc,108539,2019,nonscience_avg_gpa,3.66,3.44
jsc,108546,2012,nonscience_avg_gpa,3.75,3.55
jsc,108546,2013,nonscience_avg_gpa,4.08,3.98
jsc,108546,2014,nonscience_avg_gpa,3.85,3.7
jsc,108546,2015,nonscience_avg_gpa,3.62,3.51
jsc,108546,2016,nonscience_avg_gpa,4.1,3.98
jsc,108546,2017,nonscience_avg_gpa,3.67,3.53
jsc,108546,2018,nonscience_avg_gpa,2.95,2.85
jsc,108546,2019,nonscience_avg_gpa,2.97,2.94
jsc,134389,2011,nonscience_examinee_total,,53
jsc,134389,2011,nonscience_examinee_passed,,53
jsc,134389,2012,nonscience_avg_gpa,4.43,4.33
jsc,134389,2013,nonscience_avg_gpa,3.74,3.65
jsc,134389,2014,nonscience_avg_gpa,3.85,3.67
jsc,134389,2015,nonscience_avg_gpa,4.23,4.14
jsc,134389,2017,nonscience_avg_gpa,3.73,3.65
jsc,134389,2018,nonscience_avg_gpa,3.8,3.74
jsc,134389,2019,nonscience_avg_gpa,3.97,3.82
jsc,108570,2012,nonscience_avg_gpa,3.61,3.55
jsc,108570,2013,nonscience_avg_gpa,4.26,4.18
jsc,108570,2015,nonscience_avg_gpa,4.02,3.95
jsc,108570,2017,nonscience_avg_gpa,4.02,3.92
jsc,108570,2018,nonscience_avg_gpa,3.36,3.27
jsc,108570,2019,nonscience_avg_gpa,3.3,3.27
jsc,108547,2012,nonscience_examinee_total,,88
jsc,108547,2012,nonscience_examinee_passed,,85
jsc,108547,2012,nonscience_avg_gpa,3.49,3.41
jsc,108547,2013,nonscience_avg_gpa,3.76,3.58
jsc,108547,2014,nonscience_avg_gpa,3.52,3.33
jsc,108547,2015,nonscience_avg_gpa,4.35,4.01
jsc,108547,2016,nonscience_avg_gpa,4.77,4.41
jsc,108547,2017,nonscience_avg_gpa,4.26,4.13
jsc,108547,2018,nonscience_avg_gpa,3.61,3.5
jsc,108547,2019,nonscience_avg_gpa,3.86,3.76
jsc,108540,2012,nonscience_avg_gpa,4.66,4.58
jsc,108540,2013,nonscience_avg_gpa,4.47,4.39
jsc,108540,2014,nonscience_avg_gpa,4.67,4.57
jsc,108540,2015,nonscience_avg_gpa,4.14,4.11
jsc,108540,2016,nonscience_avg_gpa,4.2,3.97
jsc,108540,2017,nonscience_avg_gpa,3.73,3.67
jsc,108540,2018,nonscience_avg_gpa,3.3,3.18
jsc,108540,2019,nonscience_avg_gpa,3.77,3.7
jsc,131890,2012,nonscience_avg_gpa,3.95,3.86
jsc,131890,2014,nonscience_avg_gpa,4.45,4.39
jsc,131890,2015,nonscience_avg_gpa,4.18,3.92
jsc,131890,2017,nonscience_avg_gpa,4.26,4.09
jsc,131890,2018,nonscience_examinee_total,,59
jsc,131890,2018,nonscience_examinee_passed,,57
jsc,107845,2012,nonscience_avg_gpa,4.14,4.08
jsc,107845,2013,nonscience_avg_gpa,4.61,4.49
jsc,107845,2014,nonscience_avg_gpa,4.17,4.04
jsc,107845,2015,nonscience_avg_gpa,4.51,4.36
jsc,107845,2016,nonscience_avg_gpa,4.61,4.51
jsc,107845,2017,nonscience_avg_gpa,4.32,4.23
jsc,107845,2019,nonscience_avg_gpa,4.22,4.16
jsc,134526,2016,nonscience_avg_gpa,3.71,3.53
jsc,134526,2017,nonscience_avg_gpa,3.5,3.33
jsc,134526,2018,nonscience_examinee_total,,54
jsc,134526,2018,nonscience_examinee_passed,,44
jsc,134526,2018,nonscience_avg_gpa,2.98,2.81
jsc,134526,2019,nonscience_examinee_total,,24
jsc,134526,2019,nonscience_examinee_passed,,20
jsc,134526,2019,nonscience_avg_gpa,3.5,3.21
jsc,136256,2019,nonscience_avg_gpa,3.28,3.0
jsc,108572,2013,nonscience_avg_gpa,4.97,4.95
jsc,108572,2015,nonscience_avg_gpa,4.91,4.89
jsc,108553,2012,nonscience_examinee_total,,20
jsc,108553,2012,nonscience_examinee_passed,,19
jsc,108553,2012,nonscience_avg_gpa,4.18,3.97
jsc,108553,2013,nonscience_avg_gpa,4.11,3.91
jsc,108553,2014,nonscience_avg_gpa,3.71,3.4
jsc,108553,2015,nonscience_avg_gpa,3.5,3.22
jsc,108553,2016,nonscience_avg_gpa,3.72,3.59
jsc,108553,2017,nonscience_avg_gpa,2.65,2.55
jsc,108553,2018,nonscience_examinee_total,,159
jsc,108553,2018,nonscience_examinee_passed,,124
jsc,108553,2018,nonscience_avg_gpa,2.5,2.33
jsc,108553,2019,nonscience_examinee_total,,68
jsc,108553,2019,nonscience_examinee_passed,,52
jsc,108553,2019,nonscience_avg_gpa,2.19,2.15
jsc,134221,2018,nonscience_examinee_total,,12
jsc,134221,2018,nonscience_examinee_passed,,12
jsc,134221,2019,nonscience_examinee_total,,38
jsc,134221,2019,nonscience_examinee_passed,,37
jsc,108538,2012,nonscience_avg_gpa,4.5,4.42
jsc,108538,2014,nonscience_avg_gpa,4.67,4.64
jsc,108538,2018,nonscience_avg_gpa,4.15,4.13
jsc,108538,2019,nonscience_avg_gpa,4.25,4.2
jsc,131524,2011,nonscience_examinee_total,,17
jsc,131524,2011,nonscience_examinee_passed,,17
jsc,131524,2012,nonscience_avg_gpa,3.46,3.34
jsc,131524,2013,nonscience_avg_gpa,4.56,4.49
jsc,131524,2015,nonscience_avg_gpa,4.24,4.2
jsc,131524,2016,nonscience_avg_gpa,4.57,4.46
jsc,108495,2011,nonscience_examinee_total,,115
jsc,108495,2011,nonscience_examinee_passed,,115
jsc,108495,2012,nonscience_examinee_total,,120
jsc,108495,2012,nonscience_examinee_passed,,73
jsc,108495,2012,nonscience_avg_gpa,1.82,1.68
jsc,108495,2013,nonscience_examinee_total,,133
jsc,108495,2013,nonscience_examinee_passed,,106
jsc,108495,2013,nonscience_avg_gpa,2.8,2.72
jsc,108495,2014,nonscience_avg_gpa,2.47,2.42
jsc,108495,2015,nonscience_examinee_total,,130
jsc,108495,2015,nonscience_examinee_passed,,119
jsc,108495,2015,nonscience_avg_gpa,3.1,3.05
jsc,108495,2016,nonscience_avg_gpa,3.06,3.02
jsc,108495,2017,nonscience_avg_gpa,2.96,2.87
jsc,108495,2018,nonscience_avg_gpa,2.79,2.68
jsc,108495,2019,nonscience_examinee_total,,101
jsc,108495,2019,nonscience_examinee_passed,,89
jsc,108495,2019,nonscience_avg_gpa,2.64,2.62
jsc,108502,2012,nonscience_avg_gpa,2.84,2.72
jsc,108502,2013,nonscience_avg_gpa,3.5,3.41
jsc,108502,2015,nonscience_avg_gpa,3.67,3.63
jsc,108502,2017,nonscience_avg_gpa,3.65,3.61
jsc,108502,2019,nonscience_avg_gpa,3.34,3.29
jsc,134173,2011,nonscience_examinee_total,,20
jsc,134173,2011,nonscience_examinee_passed,,20
jsc,134173,2012,nonscience_examinee_total,,20
jsc,134173,2012,nonscience_examinee_passed,,17
jsc,134173,2012,nonscience_avg_gpa,3.25,2.76
jsc,134173,2013,nonscience_examinee_total,,31
jsc,134173,2013,nonscience_examinee_passed,,27
jsc,134173,2015,nonscience_avg_gpa,3.01,2.94
jsc,134173,2016,nonscience_examinee_total,,18
jsc,134173,2016,nonscience_examinee_passed,,16
jsc,134173,2018,nonscience_examinee_total,,17
jsc,134173,2018,nonscience_examinee_passed,,17
jsc,134173,2019,nonscience_examinee_total,,22
jsc,134173,2019,nonscience_examinee_passed,,19
jsc,108503,2011,nonscience_examinee_total,,113
jsc,108503,2011,nonscience_examinee_passed,,113
jsc,108503,2012,nonscience_examinee_total,,136
jsc,108503,2012,nonscience_examinee_passed,,110
jsc,108503,2012,nonscience_avg_gpa,2.74,2.39
jsc,108503,2013,nonscience_avg_gpa,3.31,2.86
jsc,108503,2014,nonscience_avg_gpa,3.04,2.56
jsc,108503,2015,nonscience_avg_gpa,3.55,3.31
jsc,108503,2016,nonscience_avg_gpa,3.67,3.25
jsc,108503,2017,nonscience_examinee_total,,95
jsc,108503,2017,nonscience_examinee_passed,,64
jsc,108503,2017,nonscience_avg_gpa,3.03,2.55
jsc,108503,2018,nonscience_examinee_total,,133
jsc,108503,2018,nonscience_examinee_passed,,90
jsc,108503,2018,nonscience_avg_gpa,2.7,2.13
jsc,108503,2019,nonscience_examinee_total,,97
jsc,108503,2019,nonscience_examinee_passed,,74
jsc,108503,2019,nonscience_avg_gpa,2.39,2.25
jsc,108483,2011,nonscience_examinee_total,,63
jsc,108483,2011,nonscience_examinee_passed,,63
jsc,108483,2012,nonscience_examinee_total,,62
jsc,108483,2012,nonscience_examinee_passed,,44
jsc,108483,2012,nonscience_avg_gpa,2.26,2.07
jsc,108483,2013,nonscience_examinee_total,,71
jsc,108483,2013,nonscience_examinee_passed,,45
jsc,108483,2013,nonscience_avg_gpa,2.33,1.97
jsc,108483,2014,nonscience_avg_gpa,2.42,2.14
jsc,108483,2015,nonscience_examinee_total,,79
jsc,108483,2015,nonscience_examinee_passed,,60
jsc,108483,2015,nonscience_avg_gpa,2.87,2.72
jsc,108483,2016,nonscience_avg_gpa,3.03,2.99
jsc,108483,2017,nonscience_avg_gpa,2.32,2.25
jsc,108483,2018,nonscience_examinee_total,,72
jsc,108483,2018,nonscience_examinee_passed,,56
jsc,108483,2018,nonscience_avg_gpa,2.39,2.22
jsc,108483,2019,nonscience_examinee_total,,78
jsc,108483,2019,nonscience_examinee_passed,,63
jsc,108483,2019,nonscience_avg_gpa,2.42,2.2
jsc,108514,2012,nonscience_avg_gpa,3.44,3.35
jsc,108514,2013,nonscience_avg_gpa,4.18,4.11
jsc,108514,2015,nonscience_avg_gpa,4.21,4.13
jsc,108514,2016,nonscience_avg_gpa,4.53,4.51
jsc,108514,2017,nonscience_avg_gpa,4.31,4.27
jsc,108514,2018,nonscience_avg_gpa,3.73,3.69
jsc,108514,2019,nonscience_avg_gpa,3.64,3.58
