Loading rows from Excel...
Tasks: 1646 total  |  1646 to scrape  |  exam=both  |  resume=true  |  mode=RECHECK no_result
[1/1646] SSC 2011 EIIN=135273 ...     [CAPTCHA] Attempt 1: solver returned "(empty)" (invalid length=0) — reloading
    [CAPTCHA] Attempt 2: solved="5722" — submitting...
    [CAPTCHA] Attempt 2: captcha OK but no result for this EIIN/year
NO RESULT
[2/1646] SSC 2012 EIIN=135273 ...     [CAPTCHA] Attempt 1: solved="2599" — submitting...
    [CAPTCHA] Attempt 1: captcha OK but no result for this EIIN/year
NO RESULT
[3/1646] SSC 2013 EIIN=135273 ...     [CAPTCHA] Attempt 1: solver returned "(empty)" (invalid length=0) — reloading
    [CAPTCHA] Attempt 2: solved="4443" — submitting...
    [CAPTCHA] Attempt 2: captcha OK but no result for this EIIN/year
NO RESULT
[4/1646] SSC 2014 EIIN=135273 ...     [CAPTCHA] Attempt 1: solved="2655" — submitting...
    [CAPTCHA] Attempt 1: captcha OK but no result for this EIIN/year
NO RESULT
[5/1646] SSC 2011 EIIN=136572 ...     [CAPTCHA] Attempt 1: solved="1230" — submitting...
    [CAPTCHA] Attempt 1: ✗ MISMATCH (server: Could not validate your provided Security Key / CAPTCHA. Please check and try again.) — reloading
    [CAPTCHA] Attempt 2: solved="6101" — submitting...
    [CAPTCHA] Attempt 2: captcha OK but no result for this EIIN/year
NO RESULT
ERR  UNKNOWN: unknown error, open 'D:\personal\jsc-ssc-eiin\excel\ssc_jsc_results_scr
[6/1646] SSC 2012 EIIN=136572 ...     [CAPTCHA] Attempt 1: solved="3710" — submitting...
    [CAPTCHA] Attempt 1: ✗ MISMATCH (server: Could not validate your provided Security Key / CAPTCHA. Please check and try again.) — reloading
    [CAPTCHA] Attempt 2: solved="0344" — submitting...
    [CAPTCHA] Attempt 2: ✗ MISMATCH (server: Could not validate your provided Security Key / CAPTCHA. Please check and try again.) — reloading
    [CAPTCHA] Attempt 3: solved="6555" — submitting...
    [CAPTCHA] Attempt 3: captcha OK but no result for this EIIN/year
NO RESULT
[7/1646] SSC 2013 EIIN=136572 ...     [CAPTCHA] Attempt 1: solved="7419" — submitting...
    [CAPTCHA] Attempt 1: captcha OK but no result for this EIIN/year
NO RESULT
[8/1646] SSC 2014 EIIN=136572 ...     [CAPTCHA] Attempt 1: solved="1689" — submitting...
    [CAPTCHA] Attempt 1: captcha OK but no result for this EIIN/year
NO RESULT
[9/1646] SSC 2015 EIIN=136572 ...     [CAPTCHA] Attempt 1: solved="2047" — submitting...
    [CAPTCHA] Attempt 1: ✗ MISMATCH (server: Could not validate your provided Security Key / CAPTCHA. Please check and try again.) — reloading
    [CAPTCHA] Attempt 2: solver returned "(empty)" (invalid length=0) — reloading
    [CAPTCHA] Attempt 3: solved="9127" — submitting...
    [CAPTCHA] Attempt 3: ✗ MISMATCH (server: Could not validate your provided Security Key / CAPTCHA. Please check and try again.) — reloading
    [CAPTCHA] Attempt 4: solver returned "(empty)" (invalid length=0) — reloading
    [CAPTCHA] Attempt 5: solved="6370" — submitting...
    [CAPTCHA] Attempt 5: captcha OK but no result for this EIIN/year
NO RESULT
[10/1646] SSC 2011 EIIN=136992 ...     [CAPTCHA] Attempt 1: solved="3718" — submitting...
    [CAPTCHA] Attempt 1: ✗ MISMATCH (server: Could not validate your provided Security Key / CAPTCHA. Please check and try again.) — reloading
    [CAPTCHA] Attempt 2: solved="6866" — submitting...
    [CAPTCHA] Attempt 2: ✗ MISMATCH (server: Could not validate your provided Security Key / CAPTCHA. Please check and try again.) — reloading
    [CAPTCHA] Attempt 3: solver returned "776" (invalid length=3) — reloading
    [CAPTCHA] Attempt 4: solver returned "(empty)" (invalid length=0) — reloading
    [CAPTCHA] Attempt 5: solved="5642" — submitting...
    [CAPTCHA] Attempt 5: captcha OK but no result for this EIIN/year
NO RESULT
[11/1646] SSC 2012 EIIN=136992 ...     [CAPTCHA] Attempt 1: solved="4722" — submitting...
    [CAPTCHA] Attempt 1: captcha OK but no result for this EIIN/year
NO RESULT
[12/1646] SSC 2013 EIIN=136992 ...     [CAPTCHA] Attempt 1: solved="3824" — submitting...
    [CAPTCHA] Attempt 1: ✗ MISMATCH (server: Could not validate your provided Security Key / CAPTCHA. Please check and try again.) — reloading
    [CAPTCHA] Attempt 2: solved="5412" — submitting...
    [CAPTCHA] Attempt 2: captcha OK but no result for this EIIN/year
NO RESULT
[13/1646] SSC 2014 EIIN=136992 ...     [CAPTCHA] Attempt 1: solver returned "(empty)" (invalid length=0) — reloading
    [CAPTCHA] Attempt 2: solved="4216" — submitting...
    [CAPTCHA] Attempt 2: ✗ MISMATCH (server: Could not validate your provided Security Key / CAPTCHA. Please check and try again.) — reloading
    [CAPTCHA] Attempt 3: solver returned "(empty)" (invalid length=0) — reloading
    [CAPTCHA] Attempt 4: solved="3433" — submitting...
    [CAPTCHA] Attempt 4: captcha OK but no result for this EIIN/year
NO RESULT
[14/1646] SSC 2015 EIIN=136992 ...     [CAPTCHA] Attempt 1: solver returned "(empty)" (invalid length=0) — reloading
    [CAPTCHA] Attempt 2: solved="6223" — submitting...
    [CAPTCHA] Attempt 2: ✗ MISMATCH (server: Could not validate your provided Security Key / CAPTCHA. Please check and try again.) — reloading
    [CAPTCHA] Attempt 3: solved="3413" — submitting...
    [CAPTCHA] Attempt 3: captcha OK but no result for this EIIN/year
NO RESULT
[15/1646] SSC 2016 EIIN=136992 ...     [CAPTCHA] Attempt 1: solved="9782" — submitting...
    [CAPTCHA] Attempt 1: ✗ MISMATCH (server: Could not validate your provided Security Key / CAPTCHA. Please check and try again.) — reloading
    [CAPTCHA] Attempt 2: solved="1422" — submitting...
    [CAPTCHA] Attempt 2: captcha OK but no result for this EIIN/year
NO RESULT
[16/1646] SSC 2011 EIIN=136582 ...     [CAPTCHA] Attempt 1: solved="9681" — submitting...
    [CAPTCHA] Attempt 1: ✗ MISMATCH (server: Could not validate your provided Security Key / CAPTCHA. Please check and try again.) — reloading
    [CAPTCHA] Attempt 2: solved="9102" — submitting...
    [CAPTCHA] Attempt 2: captcha OK but no result for this EIIN/year
NO RESULT
[17/1646] SSC 2012 EIIN=136582 ...     [CAPTCHA] Attempt 1: solved="8023" — submitting...
    [CAPTCHA] Attempt 1: ✗ MISMATCH (server: Could not validate your provided Security Key / CAPTCHA. Please check and try again.) — reloading
    [CAPTCHA] Attempt 2: solver returned "(empty)" (invalid length=0) — reloading
    [CAPTCHA] Attempt 3: solved="9264" — submitting...
    [CAPTCHA] Attempt 3: captcha OK but no result for this EIIN/year
NO RESULT
[18/1646] SSC 2013 EIIN=136582 ...     [CAPTCHA] Attempt 1: solver returned "(empty)" (invalid length=0) — reloading
    [CAPTCHA] Attempt 2: solved="0010" — submitting...
    [CAPTCHA] Attempt 2: ✗ MISMATCH (server: Could not validate your provided Security Key / CAPTCHA. Please check and try again.) — reloading
    [CAPTCHA] Attempt 3: solved="4889" — submitting...
    [CAPTCHA] Attempt 3: ✗ MISMATCH (server: Could not validate your provided Security Key / CAPTCHA. Please check and try again.) — reloading
    [CAPTCHA] Attempt 4: solved="3693" — submitting...
    [CAPTCHA] Attempt 4: captcha OK but no result for this EIIN/year
NO RESULT
[19/1646] SSC 2014 EIIN=136582 ...     [CAPTCHA] Attempt 1: solved="8630" — submitting...
    [CAPTCHA] Attempt 1: ✗ MISMATCH (server: Could not validate your provided Security Key / CAPTCHA. Please check and try again.) — reloading
    [CAPTCHA] Attempt 2: solver returned "(empty)" (invalid length=0) — reloading
    [CAPTCHA] Attempt 3: solved="9250" — submitting...
    [CAPTCHA] Attempt 3: captcha OK but no result for this EIIN/year
NO RESULT
[20/1646] SSC 2015 EIIN=136582 ...     [CAPTCHA] Attempt 1: solver returned "(empty)" (invalid length=0) — reloading
    [CAPTCHA] Attempt 2: solved="4915" — submitting...
    [CAPTCHA] Attempt 2: captcha OK but no result for this EIIN/year
NO RESULT
[21/1646] SSC 2011 EIIN=136503 ...     [CAPTCHA] Attempt 1: solver returned "(empty)" (invalid length=0) — reloading
    [CAPTCHA] Attempt 2: solver returned "(empty)" (invalid length=0) — reloading
    [CAPTCHA] Attempt 3: solved="8654" — submitting...
    [CAPTCHA] Attempt 3: ✗ MISMATCH (server: Could not validate your provided Security Key / CAPTCHA. Please check and try again.) — reloading
    [CAPTCHA] Attempt 4: solved="2335" — submitting...
    [CAPTCHA] Attempt 4: captcha OK but no result for this EIIN/year
NO RESULT
[22/1646] SSC 2012 EIIN=136503 ...     [CAPTCHA] Attempt 1: solver returned "(empty)" (invalid length=0) — reloading
    [CAPTCHA] Attempt 2: solver returned "(empty)" (invalid length=0) — reloading
    [CAPTCHA] Attempt 3: solved="5388" — submitting...
    [CAPTCHA] Attempt 3: ✗ MISMATCH (server: Could not validate your provided Security Key / CAPTCHA. Please check and try again.) — reloading
    [CAPTCHA] Attempt 4: solved="3039" — submitting...
    [CAPTCHA] Attempt 4: ✗ MISMATCH (server: Could not validate your provided Security Key / CAPTCHA. Please check and try again.) — reloading
    [CAPTCHA] Attempt 5: solver returned "(empty)" (invalid length=0) — reloading
    [CAPTCHA] Attempt 6: solved="0147" — submitting...
    [CAPTCHA] Attempt 6: ✗ MISMATCH (server: Could not validate your provided Security Key / CAPTCHA. Please check and try again.) — reloading
    [CAPTCHA] Attempt 7: solver returned "(empty)" (invalid length=0) — reloading
    [CAPTCHA] Attempt 8: solved="7736" — submitting...
    [CAPTCHA] Attempt 8: ✗ MISMATCH (server: Could not validate your provided Security Key / CAPTCHA. Please check and try again.) — reloading
    [CAPTCHA] Attempt 9: solved="1950" — submitting...
    [CAPTCHA] Attempt 9: ✗ MISMATCH (server: Could not validate your provided Security Key / CAPTCHA. Please check and try again.) — reloading
    [CAPTCHA] Attempt 10: solved="2187" — submitting...
    [CAPTCHA] Attempt 10: captcha OK but no result for this EIIN/year
NO RESULT
[23/1646] SSC 2013 EIIN=136503 ...     [CAPTCHA] Attempt 1: solved="7176" — submitting...
    [CAPTCHA] Attempt 1: ✗ MISMATCH (server: Could not validate your provided Security Key / CAPTCHA. Please check and try again.) — reloading
    [CAPTCHA] Attempt 2: solved="7360" — submitting...
    [CAPTCHA] Attempt 2: captcha OK but no result for this EIIN/year
NO RESULT
[24/1646] SSC 2014 EIIN=136503 ...     [CAPTCHA] Attempt 1: solved="4887" — submitting...
    [CAPTCHA] Attempt 1: captcha OK but no result for this EIIN/year
NO RESULT
[25/1646] SSC 2015 EIIN=136503 ...     [CAPTCHA] Attempt 1: solved="5018" — submitting...
    [CAPTCHA] Attempt 1: ✗ MISMATCH (server: Could not validate your provided Security Key / CAPTCHA. Please check and try again.) — reloading
    [CAPTCHA] Attempt 2: solver returned "(empty)" (invalid length=0) — reloading
    [CAPTCHA] Attempt 3: solver returned "(empty)" (invalid length=0) — reloading
    [CAPTCHA] Attempt 4: solved="9244" — submitting...
    [CAPTCHA] Attempt 4: captcha OK but no result for this EIIN/year
NO RESULT
[26/1646] SSC 2011 EIIN=132066 ...     [CAPTCHA] Attempt 1: solved="4929" — submitting...
    [CAPTCHA] Attempt 1: captcha OK but no result for this EIIN/year
NO RESULT
[27/1646] SSC 2011 EIIN=136991 ...     [CAPTCHA] Attempt 1: solved="4372" — submitting...
    [CAPTCHA] Attempt 1: captcha OK but no result for this EIIN/year
NO RESULT
[28/1646] SSC 2012 EIIN=136991 ...     [CAPTCHA] Attempt 1: solver returned "(empty)" (invalid length=0) — reloading
    [CAPTCHA] Attempt 2: solver returned "(empty)" (invalid length=0) — reloading
    [CAPTCHA] Attempt 3: solver returned "(empty)" (invalid length=0) — reloading
    [CAPTCHA] Attempt 4: solved="8205" — submitting...
    [CAPTCHA] Attempt 4: ✗ MISMATCH (server: Could not validate your provided Security Key / CAPTCHA. Please check and try again.) — reloading
    [CAPTCHA] Attempt 5: solver returned "(empty)" (invalid length=0) — reloading
    [CAPTCHA] Attempt 6: solver returned "(empty)" (invalid length=0) — reloading
    [CAPTCHA] Attempt 7: solver returned "(empty)" (invalid length=0) — reloading
    [CAPTCHA] Attempt 8: solved="7533" — submitting...
    [CAPTCHA] Attempt 8: ✗ MISMATCH (server: Could not validate your provided Security Key / CAPTCHA. Please check and try again.) — reloading
    [CAPTCHA] Attempt 9: solved="4919" — submitting...
    [CAPTCHA] Attempt 9: ✗ MISMATCH (server: Could not validate your provided Security Key / CAPTCHA. Please check and try again.) — reloading
    [CAPTCHA] Attempt 10: solved="5072" — submitting...
    [CAPTCHA] Attempt 10: ✗ MISMATCH (server: Could not validate your provided Security Key / CAPTCHA. Please check and try again.) — reloading
    [CAPTCHA] Attempt 11: solved="2115" — submitting...
    [CAPTCHA] Attempt 11: captcha OK but no result for this EIIN/year
NO RESULT
[29/1646] SSC 2013 EIIN=136991 ...     [CAPTCHA] Attempt 1: solved="3656" — submitting...
    [CAPTCHA] Attempt 1: captcha OK but no result for this EIIN/year
NO RESULT
[30/1646] SSC 2014 EIIN=136991 ...     [CAPTCHA] Attempt 1: solved="3081" — submitting...
    [CAPTCHA] Attempt 1: ✗ MISMATCH (server: Could not validate your provided Security Key / CAPTCHA. Please check and try again.) — reloading
    [CAPTCHA] Attempt 2: solved="7872" — submitting...
    [CAPTCHA] Attempt 2: captcha OK but no result for this EIIN/year
NO RESULT
[31/1646] SSC 2015 EIIN=136991 ...     [CAPTCHA] Attempt 1: solver returned "(empty)" (invalid length=0) — reloading
    [CAPTCHA] Attempt 2: solved="4308" — submitting...
    [CAPTCHA] Attempt 2: ✗ MISMATCH (server: Could not validate your provided Security Key / CAPTCHA. Please check and try again.) — reloading
    [CAPTCHA] Attempt 3: solved="5928" — submitting...
    [CAPTCHA] Attempt 3: ✗ MISMATCH (server: Could not validate your provided Security Key / CAPTCHA. Please check and try again.) — reloading
    [CAPTCHA] Attempt 4: solved="3887" — submitting...
    [CAPTCHA] Attempt 4: ✗ MISMATCH (server: Could not validate your provided Security Key / CAPTCHA. Please check and try again.) — reloading
    [CAPTCHA] Attempt 5: solved="9851" — submitting...
    [CAPTCHA] Attempt 5: captcha OK but no result for this EIIN/year
NO RESULT
[32/1646] SSC 2016 EIIN=136991 ...     [CAPTCHA] Attempt 1: solver returned "91" (invalid length=2) — reloading
    [CAPTCHA] Attempt 2: solved="2155" — submitting...
    [CAPTCHA] Attempt 2: ✗ MISMATCH (server: Could not validate your provided Security Key / CAPTCHA. Please check and try again.) — reloading
    [CAPTCHA] Attempt 3: solver returned "(empty)" (invalid length=0) — reloading
    [CAPTCHA] Attempt 4: solved="7397" — submitting...
    [CAPTCHA] Attempt 4: captcha OK but no result for this EIIN/year
NO RESULT
[33/1646] SSC 2011 EIIN=137730 ...     [CAPTCHA] Attempt 1: solved="6599" — submitting...
    [CAPTCHA] Attempt 1: ✗ MISMATCH (server: Could not validate your provided Security Key / CAPTCHA. Please check and try again.) — reloading
    [CAPTCHA] Attempt 2: solved="9106" — submitting...
    [CAPTCHA] Attempt 2: ✗ MISMATCH (server: Could not validate your provided Security Key / CAPTCHA. Please check and try again.) — reloading
    [CAPTCHA] Attempt 3: solved="3918" — submitting...
    [CAPTCHA] Attempt 3: ✗ MISMATCH (server: Could not validate your provided Security Key / CAPTCHA. Please check and try again.) — reloading
    [CAPTCHA] Attempt 4: solver returned "(empty)" (invalid length=0) — reloading
    [CAPTCHA] Attempt 5: solved="0712" — submitting...
    [CAPTCHA] Attempt 5: ✗ MISMATCH (server: Could not validate your provided Security Key / CAPTCHA. Please check and try again.) — reloading
    [CAPTCHA] Attempt 6: solved="3431" — submitting...
    [CAPTCHA] Attempt 6: ✗ MISMATCH (server: Could not validate your provided Security Key / CAPTCHA. Please check and try again.) — reloading
    [CAPTCHA] Attempt 7: solved="0081" — submitting...
    [CAPTCHA] Attempt 7: ✗ MISMATCH (server: Could not validate your provided Security Key / CAPTCHA. Please check and try again.) — reloading
    [CAPTCHA] Attempt 8: solver returned "(empty)" (invalid length=0) — reloading
    [CAPTCHA] Attempt 9: solved="7997" — submitting...
    [CAPTCHA] Attempt 9: captcha OK but no result for this EIIN/year
NO RESULT
[34/1646] SSC 2012 EIIN=137730 ...     [CAPTCHA] Attempt 1: solved="5881" — submitting...
    [CAPTCHA] Attempt 1: ✗ MISMATCH (server: Could not validate your provided Security Key / CAPTCHA. Please check and try again.) — reloading
    [CAPTCHA] Attempt 2: solver returned "(empty)" (invalid length=0) — reloading
    [CAPTCHA] Attempt 3: solver returned "(empty)" (invalid length=0) — reloading
    [CAPTCHA] Attempt 4: solved="5828" — submitting...
    [CAPTCHA] Attempt 4: ✗ MISMATCH (server: Could not validate your provided Security Key / CAPTCHA. Please check and try again.) — reloading
    [CAPTCHA] Attempt 5: solver returned "(empty)" (invalid length=0) — reloading
    [CAPTCHA] Attempt 6: solved="0012" — submitting...
    [CAPTCHA] Attempt 6: ✗ MISMATCH (server: Could not validate your provided Security Key / CAPTCHA. Please check and try again.) — reloading
    [CAPTCHA] Attempt 7: solver returned "(empty)" (invalid length=0) — reloading
    [CAPTCHA] Attempt 8: solved="9415" — submitting...
    [CAPTCHA] Attempt 8: ✗ MISMATCH (server: Could not validate your provided Security Key / CAPTCHA. Please check and try again.) — reloading
    [CAPTCHA] Attempt 9: solved="5126" — submitting...
    [CAPTCHA] Attempt 9: ✗ MISMATCH (server: Could not validate your provided Security Key / CAPTCHA. Please check and try again.) — reloading
    [CAPTCHA] Attempt 10: solver returned "58" (invalid length=2) — reloading
    [CAPTCHA] Attempt 11: solved="9375" — submitting...
    [CAPTCHA] Attempt 11: captcha OK but no result for this EIIN/year
NO RESULT
[35/1646] SSC 2013 EIIN=137730 ...     [CAPTCHA] Attempt 1: solved="2979" — submitting...
    [CAPTCHA] Attempt 1: captcha OK but no result for this EIIN/year
NO RESULT
[36/1646] SSC 2014 EIIN=137730 ...     [CAPTCHA] Attempt 1: solved="4645" — submitting...
    [CAPTCHA] Attempt 1: captcha OK but no result for this EIIN/year
NO RESULT
[37/1646] SSC 2015 EIIN=137730 ...     [CAPTCHA] Attempt 1: solver returned "(empty)" (invalid length=0) — reloading
    [CAPTCHA] Attempt 2: solver returned "(empty)" (invalid length=0) — reloading
    [CAPTCHA] Attempt 3: solved="2236" — submitting...
    [CAPTCHA] Attempt 3: ✗ MISMATCH (server: Could not validate your provided Security Key / CAPTCHA. Please check and try again.) — reloading
    [CAPTCHA] Attempt 4: solved="2930" — submitting...
    [CAPTCHA] Attempt 4: ✗ MISMATCH (server: Could not validate your provided Security Key / CAPTCHA. Please check and try again.) — reloading
    [CAPTCHA] Attempt 5: solver returned "(empty)" (invalid length=0) — reloading
    [CAPTCHA] Attempt 6: solved="6313" — submitting...
    [CAPTCHA] Attempt 6: ✗ MISMATCH (server: Could not validate your provided Security Key / CAPTCHA. Please check and try again.) — reloading
    [CAPTCHA] Attempt 7: solver returned "(empty)" (invalid length=0) — reloading
    [CAPTCHA] Attempt 8: solved="1336" — submitting...
    [CAPTCHA] Attempt 8: captcha OK but no result for this EIIN/year
NO RESULT
[38/1646] SSC 2016 EIIN=137730 ...     [CAPTCHA] Attempt 1: solved="4496" — submitting...
    [CAPTCHA] Attempt 1: captcha OK but no result for this EIIN/year
NO RESULT
[39/1646] SSC 2017 EIIN=137730 ...     [CAPTCHA] Attempt 1: solved="1386" — submitting...
    [CAPTCHA] Attempt 1: ✗ MISMATCH (server: Could not validate your provided Security Key / CAPTCHA. Please check and try again.) — reloading
    [CAPTCHA] Attempt 2: solved="1422" — submitting...
    [CAPTCHA] Attempt 2: captcha OK but no result for this EIIN/year
NO RESULT
[40/1646] SSC 2011 EIIN=136993 ...     [CAPTCHA] Attempt 1: solved="1072" — submitting...
    [CAPTCHA] Attempt 1: ✗ MISMATCH (server: Could not validate your provided Security Key / CAPTCHA. Please check and try again.) — reloading
    [CAPTCHA] Attempt 2: solver returned "(empty)" (invalid length=0) — reloading
    [CAPTCHA] Attempt 3: solved="4273" — submitting...
    [CAPTCHA] Attempt 3: captcha OK but no result for this EIIN/year
NO RESULT
[41/1646] SSC 2012 EIIN=136993 ...     [CAPTCHA] Attempt 1: solved="3483" — submitting...
    [CAPTCHA] Attempt 1: ✗ MISMATCH (server: Could not validate your provided Security Key / CAPTCHA. Please check and try again.) — reloading
    [CAPTCHA] Attempt 2: solved="3324" — submitting...
    [CAPTCHA] Attempt 2: captcha OK but no result for this EIIN/year
NO RESULT
[42/1646] SSC 2013 EIIN=136993 ...     [CAPTCHA] Attempt 1: solved="5251" — submitting...
    [CAPTCHA] Attempt 1: ✗ MISMATCH (server: Could not validate your provided Security Key / CAPTCHA. Please check and try again.) — reloading
    [CAPTCHA] Attempt 2: solved="3743" — submitting...
    [CAPTCHA] Attempt 2: ✗ MISMATCH (server: Could not validate your provided Security Key / CAPTCHA. Please check and try again.) — reloading
    [CAPTCHA] Attempt 3: solved="5410" — submitting...
    [CAPTCHA] Attempt 3: ✗ MISMATCH (server: Could not validate your provided Security Key / CAPTCHA. Please check and try again.) — reloading
    [CAPTCHA] Attempt 4: solved="4567" — submitting...
    [CAPTCHA] Attempt 4: captcha OK but no result for this EIIN/year
NO RESULT
[43/1646] SSC 2014 EIIN=136993 ...     [CAPTCHA] Attempt 1: solved="1574" — submitting...
    [CAPTCHA] Attempt 1: ✗ MISMATCH (server: Could not validate your provided Security Key / CAPTCHA. Please check and try again.) — reloading
    [CAPTCHA] Attempt 2: solved="5214" — submitting...
    [CAPTCHA] Attempt 2: captcha OK but no result for this EIIN/year
NO RESULT
[44/1646] SSC 2015 EIIN=136993 ...     [CAPTCHA] Attempt 1: solved="1987" — submitting...
    [CAPTCHA] Attempt 1: captcha OK but no result for this EIIN/year
NO RESULT
[45/1646] SSC 2016 EIIN=136993 ...     [CAPTCHA] Attempt 1: solved="9147" — submitting...
    [CAPTCHA] Attempt 1: captcha OK but no result for this EIIN/year
NO RESULT
[46/1646] SSC 2011 EIIN=136583 ...     [CAPTCHA] Attempt 1: solved="6841" — submitting...
    [CAPTCHA] Attempt 1: captcha OK but no result for this EIIN/year
NO RESULT
[47/1646] SSC 2012 EIIN=136583 ...     [CAPTCHA] Attempt 1: solved="4741" — submitting...
    [CAPTCHA] Attempt 1: ✗ MISMATCH (server: Could not validate your provided Security Key / CAPTCHA. Please check and try again.) — reloading
    [CAPTCHA] Attempt 2: solved="1403" — submitting...
    [CAPTCHA] Attempt 2: ✗ MISMATCH (server: Could not validate your provided Security Key / CAPTCHA. Please check and try again.) — reloading
    [CAPTCHA] Attempt 3: solved="9107" — submitting...
    [CAPTCHA] Attempt 3: ✗ MISMATCH (server: Could not validate your provided Security Key / CAPTCHA. Please check and try again.) — reloading
    [CAPTCHA] Attempt 4: solved="4895" — submitting...
    [CAPTCHA] Attempt 4: ✗ MISMATCH (server: Could not validate your provided Security Key / CAPTCHA. Please check and try again.) — reloading
    [CAPTCHA] Attempt 5: solved="8878" — submitting...
    [CAPTCHA] Attempt 5: ✗ MISMATCH (server: Could not validate your provided Security Key / CAPTCHA. Please check and try again.) — reloading
    [CAPTCHA] Attempt 6: solved="8392" — submitting...
    [CAPTCHA] Attempt 6: captcha OK but no result for this EIIN/year
NO RESULT
[48/1646] SSC 2013 EIIN=136583 ...     [CAPTCHA] Attempt 1: solver returned "(empty)" (invalid length=0) — reloading
    [CAPTCHA] Attempt 2: solver returned "(empty)" (invalid length=0) — reloading
    [CAPTCHA] Attempt 3: solver returned "(empty)" (invalid length=0) — reloading
    [CAPTCHA] Attempt 4: solved="1366" — submitting...
    [CAPTCHA] Attempt 4: ✗ MISMATCH (server: Could not validate your provided Security Key / CAPTCHA. Please check and try again.) — reloading
    [CAPTCHA] Attempt 5: solved="1136" — submitting...
    [CAPTCHA] Attempt 5: ✗ MISMATCH (server: Could not validate your provided Security Key / CAPTCHA. Please check and try again.) — reloading
    [CAPTCHA] Attempt 6: solver returned "(empty)" (invalid length=0) — reloading
    [CAPTCHA] Attempt 7: solved="1070" — submitting...
    [CAPTCHA] Attempt 7: ✗ MISMATCH (server: Could not validate your provided Security Key / CAPTCHA. Please check and try again.) — reloading
    [CAPTCHA] Attempt 8: solved="4124" — submitting...
    [CAPTCHA] Attempt 8: ✗ MISMATCH (server: Could not validate your provided Security Key / CAPTCHA. Please check and try again.) — reloading
    [CAPTCHA] Attempt 9: solver returned "(empty)" (invalid length=0) — reloading
    [CAPTCHA] Attempt 10: solver returned "(empty)" (invalid length=0) — reloading
    [CAPTCHA] Attempt 11: solver returned "401" (invalid length=3) — reloading
    [CAPTCHA] Attempt 12: solved="5875" — submitting...
    [CAPTCHA] Attempt 12: captcha OK but no result for this EIIN/year
NO RESULT
[49/1646] SSC 2014 EIIN=136583 ...     [CAPTCHA] Attempt 1: solved="2937" — submitting...
    [CAPTCHA] Attempt 1: ✗ MISMATCH (server: Could not validate your provided Security Key / CAPTCHA. Please check and try again.) — reloading
    [CAPTCHA] Attempt 2: solved="5993" — submitting...
    [CAPTCHA] Attempt 2: captcha OK but no result for this EIIN/year
NO RESULT
[50/1646] SSC 2015 EIIN=136583 ...     [CAPTCHA] Attempt 1: solved="8003" — submitting...
    [CAPTCHA] Attempt 1: captcha OK but no result for this EIIN/year
NO RESULT
[51/1646] SSC 2011 EIIN=138578 ...     [CAPTCHA] Attempt 1: solved="6117" — submitting...
    [CAPTCHA] Attempt 1: captcha OK but no result for this EIIN/year
NO RESULT
[52/1646] SSC 2012 EIIN=138578 ...     [CAPTCHA] Attempt 1: solver returned "(empty)" (invalid length=0) — reloading
    [CAPTCHA] Attempt 2: solved="7114" — submitting...
    [CAPTCHA] Attempt 2: ✗ MISMATCH (server: Could not validate your provided Security Key / CAPTCHA. Please check and try again.) — reloading
    [CAPTCHA] Attempt 3: solved="2799" — submitting...
    [CAPTCHA] Attempt 3: captcha OK but no result for this EIIN/year
NO RESULT
[53/1646] SSC 2013 EIIN=138578 ...     [CAPTCHA] Attempt 1: solved="9242" — submitting...
    [CAPTCHA] Attempt 1: captcha OK but no result for this EIIN/year
NO RESULT
[54/1646] SSC 2014 EIIN=138578 ...     [CAPTCHA] Attempt 1: solved="8414" — submitting...
    [CAPTCHA] Attempt 1: captcha OK but no result for this EIIN/year
NO RESULT
[55/1646] SSC 2015 EIIN=138578 ...     [CAPTCHA] Attempt 1: solved="6547" — submitting...
    [CAPTCHA] Attempt 1: ✗ MISMATCH (server: Could not validate your provided Security Key / CAPTCHA. Please check and try again.) — reloading
    [CAPTCHA] Attempt 2: solved="8595" — submitting...
    [CAPTCHA] Attempt 2: ✗ MISMATCH (server: Could not validate your provided Security Key / CAPTCHA. Please check and try again.) — reloading
    [CAPTCHA] Attempt 3: solver returned "(empty)" (invalid length=0) — reloading
    [CAPTCHA] Attempt 4: solved="8682" — submitting...
    [CAPTCHA] Attempt 4: captcha OK but no result for this EIIN/year
NO RESULT
[56/1646] SSC 2016 EIIN=138578 ...     [CAPTCHA] Attempt 1: solver returned "(empty)" (invalid length=0) — reloading
    [CAPTCHA] Attempt 2: solver returned "(empty)" (invalid length=0) — reloading
    [CAPTCHA] Attempt 3: solved="1924" — submitting...
    [CAPTCHA] Attempt 3: ✗ MISMATCH (server: Could not validate your provided Security Key / CAPTCHA. Please check and try again.) — reloading
    [CAPTCHA] Attempt 4: solver returned "6" (invalid length=1) — reloading
    [CAPTCHA] Attempt 5: solved="9538" — submitting...
    [CAPTCHA] Attempt 5: ✗ MISMATCH (server: Could not validate your provided Security Key / CAPTCHA. Please check and try again.) — reloading
    [CAPTCHA] Attempt 6: solved="0743" — submitting...
    [CAPTCHA] Attempt 6: ✗ MISMATCH (server: Could not validate your provided Security Key / CAPTCHA. Please check and try again.) — reloading
    [CAPTCHA] Attempt 7: solved="4584" — submitting...
    [CAPTCHA] Attempt 7: ✗ MISMATCH (server: Could not validate your provided Security Key / CAPTCHA. Please check and try again.) — reloading
    [CAPTCHA] Attempt 8: solved="5705" — submitting...
    [CAPTCHA] Attempt 8: ✗ MISMATCH (server: Could not validate your provided Security Key / CAPTCHA. Please check and try again.) — reloading
    [CAPTCHA] Attempt 9: solved="8131" — submitting...
    [CAPTCHA] Attempt 9: captcha OK but no result for this EIIN/year
NO RESULT
[57/1646] SSC 2017 EIIN=138578 ...     [CAPTCHA] Attempt 1: solved="6077" — submitting...
    [CAPTCHA] Attempt 1: captcha OK but no result for this EIIN/year
NO RESULT
[58/1646] SSC 2018 EIIN=138578 ...     [CAPTCHA] Attempt 1: solved="3113" — submitting...
    [CAPTCHA] Attempt 1: ✗ MISMATCH (server: Could not validate your provided Security Key / CAPTCHA. Please check and try again.) — reloading
    [CAPTCHA] Attempt 2: solved="1987" — submitting...
    [CAPTCHA] Attempt 2: captcha OK but no result for this EIIN/year
NO RESULT
[59/1646] SSC 2019 EIIN=138578 ...     [CAPTCHA] Attempt 1: solved="6940" — submitting...
    [CAPTCHA] Attempt 1: ✗ MISMATCH (server: Could not validate your provided Security Key / CAPTCHA. Please check and try again.) — reloading
    [CAPTCHA] Attempt 2: solver returned "(empty)" (invalid length=0) — reloading
    [CAPTCHA] Attempt 3: solved="7705" — submitting...
    [CAPTCHA] Attempt 3: captcha OK but no result for this EIIN/year
NO RESULT
[60/1646] SSC 2020 EIIN=138578 ...     [CAPTCHA] Attempt 1: solved="8181" — submitting...
    [CAPTCHA] Attempt 1: ✗ MISMATCH (server: Could not validate your provided Security Key / CAPTCHA. Please check and try again.) — reloading
    [CAPTCHA] Attempt 2: solved="5930" — submitting...
    [CAPTCHA] Attempt 2: captcha OK but no result for this EIIN/year
NO RESULT
[61/1646] SSC 2011 EIIN=137000 ...     [CAPTCHA] Attempt 1: solved="2988" — submitting...
    [CAPTCHA] Attempt 1: ✗ MISMATCH (server: Could not validate your provided Security Key / CAPTCHA. Please check and try again.) — reloading
    [CAPTCHA] Attempt 2: solver returned "(empty)" (invalid length=0) — reloading
    [CAPTCHA] Attempt 3: solver returned "(empty)" (invalid length=0) — reloading
    [CAPTCHA] Attempt 4: solver returned "(empty)" (invalid length=0) — reloading
    [CAPTCHA] Attempt 5: solved="7356" — submitting...
    [CAPTCHA] Attempt 5: ✗ MISMATCH (server: Could not validate your provided Security Key / CAPTCHA. Please check and try again.) — reloading
    [CAPTCHA] Attempt 6: solved="9913" — submitting...
    [CAPTCHA] Attempt 6: captcha OK but no result for this EIIN/year
NO RESULT
[62/1646] SSC 2012 EIIN=137000 ...     [CAPTCHA] Attempt 1: solved="2678" — submitting...
    [CAPTCHA] Attempt 1: captcha OK but no result for this EIIN/year
NO RESULT
[63/1646] SSC 2013 EIIN=137000 ...     [CAPTCHA] Attempt 1: solved="5120" — submitting...
    [CAPTCHA] Attempt 1: ✗ MISMATCH (server: Could not validate your provided Security Key / CAPTCHA. Please check and try again.) — reloading
    [CAPTCHA] Attempt 2: solved="5181" — submitting...
    [CAPTCHA] Attempt 2: ✗ MISMATCH (server: Could not validate your provided Security Key / CAPTCHA. Please check and try again.) — reloading
    [CAPTCHA] Attempt 3: solved="7021" — submitting...
    [CAPTCHA] Attempt 3: ✗ MISMATCH (server: Could not validate your provided Security Key / CAPTCHA. Please check and try again.) — reloading
    [CAPTCHA] Attempt 4: solved="1629" — submitting...
    [CAPTCHA] Attempt 4: captcha OK but no result for this EIIN/year
NO RESULT
[64/1646] SSC 2014 EIIN=137000 ...     [CAPTCHA] Attempt 1: solved="6783" — submitting...
    [CAPTCHA] Attempt 1: ✗ MISMATCH (server: Could not validate your provided Security Key / CAPTCHA. Please check and try again.) — reloading
    [CAPTCHA] Attempt 2: solved="2834" — submitting...
    [CAPTCHA] Attempt 2: captcha OK but no result for this EIIN/year
NO RESULT
[65/1646] SSC 2015 EIIN=137000 ...     [CAPTCHA] Attempt 1: solved="9918" — submitting...
    [CAPTCHA] Attempt 1: captcha OK but no result for this EIIN/year
NO RESULT
[66/1646] SSC 2016 EIIN=137000 ...     [CAPTCHA] Attempt 1: solved="6423" — submitting...
    [CAPTCHA] Attempt 1: ✗ MISMATCH (server: Could not validate your provided Security Key / CAPTCHA. Please check and try again.) — reloading
    [CAPTCHA] Attempt 2: solved="4287" — submitting...
    [CAPTCHA] Attempt 2: ✗ MISMATCH (server: Could not validate your provided Security Key / CAPTCHA. Please check and try again.) — reloading
    [CAPTCHA] Attempt 3: solver returned "(empty)" (invalid length=0) — reloading
    [CAPTCHA] Attempt 4: solver returned "(empty)" (invalid length=0) — reloading
    [CAPTCHA] Attempt 5: solved="6200" — submitting...
    [CAPTCHA] Attempt 5: captcha OK but no result for this EIIN/year
NO RESULT
[67/1646] SSC 2011 EIIN=137729 ...     [CAPTCHA] Attempt 1: solved="9552" — submitting...
    [CAPTCHA] Attempt 1: captcha OK but no result for this EIIN/year
NO RESULT
[68/1646] SSC 2012 EIIN=137729 ...     [CAPTCHA] Attempt 1: solver returned "(empty)" (invalid length=0) — reloading
    [CAPTCHA] Attempt 2: solver returned "(empty)" (invalid length=0) — reloading
    [CAPTCHA] Attempt 3: solved="9523" — submitting...
    [CAPTCHA] Attempt 3: ✗ MISMATCH (server: Could not validate your provided Security Key / CAPTCHA. Please check and try again.) — reloading
    [CAPTCHA] Attempt 4: solver returned "(empty)" (invalid length=0) — reloading
    [CAPTCHA] Attempt 5: solver returned "(empty)" (invalid length=0) — reloading
    [CAPTCHA] Attempt 6: solved="4221" — submitting...
    [CAPTCHA] Attempt 6: captcha OK but no result for this EIIN/year
NO RESULT
[69/1646] SSC 2013 EIIN=137729 ...     [CAPTCHA] Attempt 1: solved="1677" — submitting...
    [CAPTCHA] Attempt 1: ✗ MISMATCH (server: Could not validate your provided Security Key / CAPTCHA. Please check and try again.) — reloading
    [CAPTCHA] Attempt 2: solver returned "(empty)" (invalid length=0) — reloading
    [CAPTCHA] Attempt 3: solved="5813" — submitting...
    [CAPTCHA] Attempt 3: ✗ MISMATCH (server: Could not validate your provided Security Key / CAPTCHA. Please check and try again.) — reloading
    [CAPTCHA] Attempt 4: solver returned "(empty)" (invalid length=0) — reloading
    [CAPTCHA] Attempt 5: solved="9208" — submitting...
    [CAPTCHA] Attempt 5: captcha OK but no result for this EIIN/year
NO RESULT
[70/1646] SSC 2014 EIIN=137729 ...     [CAPTCHA] Attempt 1: solved="9078" — submitting...
    [CAPTCHA] Attempt 1: captcha OK but no result for this EIIN/year
NO RESULT
[71/1646] SSC 2015 EIIN=137729 ...     [CAPTCHA] Attempt 1: solved="5420" — submitting...
    [CAPTCHA] Attempt 1: ✗ MISMATCH (server: Could not validate your provided Security Key / CAPTCHA. Please check and try again.) — reloading
    [CAPTCHA] Attempt 2: solver returned "(empty)" (invalid length=0) — reloading
    [CAPTCHA] Attempt 3: solved="3176" — submitting...
    [CAPTCHA] Attempt 3: ✗ MISMATCH (server: Could not validate your provided Security Key / CAPTCHA. Please check and try again.) — reloading
    [CAPTCHA] Attempt 4: solved="4137" — submitting...
    [CAPTCHA] Attempt 4: ✗ MISMATCH (server: Could not validate your provided Security Key / CAPTCHA. Please check and try again.) — reloading
    [CAPTCHA] Attempt 5: solved="8025" — submitting...
    [CAPTCHA] Attempt 5: ✗ MISMATCH (server: Could not validate your provided Security Key / CAPTCHA. Please check and try again.) — reloading
    [CAPTCHA] Attempt 6: solver returned "(empty)" (invalid length=0) — reloading
    [CAPTCHA] Attempt 7: solver returned "(empty)" (invalid length=0) — reloading
    [CAPTCHA] Attempt 8: solved="7777" — submitting...
    [CAPTCHA] Attempt 8: ✗ MISMATCH (server: Could not validate your provided Security Key / CAPTCHA. Please check and try again.) — reloading
    [CAPTCHA] Attempt 9: solved="4736" — submitting...
    [CAPTCHA] Attempt 9: ✗ MISMATCH (server: Could not validate your provided Security Key / CAPTCHA. Please check and try again.) — reloading
    [CAPTCHA] Attempt 10: solved="6537" — submitting...
    [CAPTCHA] Attempt 10: captcha OK but no result for this EIIN/year
NO RESULT
[72/1646] SSC 2016 EIIN=137729 ...     [CAPTCHA] Attempt 1: solver returned "441" (invalid length=3) — reloading
    [CAPTCHA] Attempt 2: solved="5101" — submitting...
    [CAPTCHA] Attempt 2: ✗ MISMATCH (server: Could not validate your provided Security Key / CAPTCHA. Please check and try again.) — reloading
    [CAPTCHA] Attempt 3: solver returned "(empty)" (invalid length=0) — reloading
    [CAPTCHA] Attempt 4: solver returned "(empty)" (invalid length=0) — reloading
    [CAPTCHA] Attempt 5: solver returned "(empty)" (invalid length=0) — reloading
    [CAPTCHA] Attempt 6: solved="8528" — submitting...
    [CAPTCHA] Attempt 6: captcha OK but no result for this EIIN/year
NO RESULT
[73/1646] SSC 2017 EIIN=137729 ...     [CAPTCHA] Attempt 1: solved="7339" — submitting...
    [CAPTCHA] Attempt 1: captcha OK but no result for this EIIN/year
NO RESULT
[74/1646] SSC 2011 EIIN=138186 ...     [CAPTCHA] Attempt 1: solved="2591" — submitting...
    [CAPTCHA] Attempt 1: ✗ MISMATCH (server: Could not validate your provided Security Key / CAPTCHA. Please check and try again.) — reloading
    [CAPTCHA] Attempt 2: solved="6410" — submitting...
    [CAPTCHA] Attempt 2: captcha OK but no result for this EIIN/year
NO RESULT
[75/1646] SSC 2012 EIIN=138186 ...     [CAPTCHA] Attempt 1: solved="6051" — submitting...
    [CAPTCHA] Attempt 1: ✗ MISMATCH (server: Could not validate your provided Security Key / CAPTCHA. Please check and try again.) — reloading
    [CAPTCHA] Attempt 2: solver returned "(empty)" (invalid length=0) — reloading
    [CAPTCHA] Attempt 3: solver returned "(empty)" (invalid length=0) — reloading
    [CAPTCHA] Attempt 4: solved="4036" — submitting...
    [CAPTCHA] Attempt 4: ✗ MISMATCH (server: Could not validate your provided Security Key / CAPTCHA. Please check and try again.) — reloading
    [CAPTCHA] Attempt 5: solver returned "(empty)" (invalid length=0) — reloading
    [CAPTCHA] Attempt 6: solver returned "(empty)" (invalid length=0) — reloading
    [CAPTCHA] Attempt 7: solver returned "(empty)" (invalid length=0) — reloading
    [CAPTCHA] Attempt 8: solver returned "(empty)" (invalid length=0) — reloading
    [CAPTCHA] Attempt 9: solver returned "(empty)" (invalid length=0) — reloading
    [CAPTCHA] Attempt 10: solved="1238" — submitting...
    [CAPTCHA] Attempt 10: ✗ MISMATCH (server: Could not validate your provided Security Key / CAPTCHA. Please check and try again.) — reloading
    [CAPTCHA] Attempt 11: solver returned "(empty)" (invalid length=0) — reloading
    [CAPTCHA] Attempt 12: solved="5087" — submitting...
    [CAPTCHA] Attempt 12: captcha OK but no result for this EIIN/year
NO RESULT
[76/1646] SSC 2013 EIIN=138186 ...     [CAPTCHA] Attempt 1: solved="6791" — submitting...
    [CAPTCHA] Attempt 1: captcha OK but no result for this EIIN/year
NO RESULT
[77/1646] SSC 2014 EIIN=138186 ...     [CAPTCHA] Attempt 1: solved="6579" — submitting...
    [CAPTCHA] Attempt 1: captcha OK but no result for this EIIN/year
NO RESULT
[78/1646] SSC 2015 EIIN=138186 ...     [CAPTCHA] Attempt 1: solved="4853" — submitting...
    [CAPTCHA] Attempt 1: captcha OK but no result for this EIIN/year
NO RESULT
[79/1646] SSC 2016 EIIN=138186 ...     [CAPTCHA] Attempt 1: solved="5338" — submitting...
    [CAPTCHA] Attempt 1: ✗ MISMATCH (server: Could not validate your provided Security Key / CAPTCHA. Please check and try again.) — reloading
    [CAPTCHA] Attempt 2: solved="3720" — submitting...
    [CAPTCHA] Attempt 2: ✗ MISMATCH (server: Could not validate your provided Security Key / CAPTCHA. Please check and try again.) — reloading
    [CAPTCHA] Attempt 3: solved="1914" — submitting...
    [CAPTCHA] Attempt 3: ✗ MISMATCH (server: Could not validate your provided Security Key / CAPTCHA. Please check and try again.) — reloading
    [CAPTCHA] Attempt 4: solver returned "(empty)" (invalid length=0) — reloading
    [CAPTCHA] Attempt 5: solver returned "(empty)" (invalid length=0) — reloading
    [CAPTCHA] Attempt 6: solved="4928" — submitting...
    [CAPTCHA] Attempt 6: ✗ MISMATCH (server: Could not validate your provided Security Key / CAPTCHA. Please check and try again.) — reloading
    [CAPTCHA] Attempt 7: solved="1280" — submitting...
    [CAPTCHA] Attempt 7: ✗ MISMATCH (server: Could not validate your provided Security Key / CAPTCHA. Please check and try again.) — reloading
    [CAPTCHA] Attempt 8: solver returned "(empty)" (invalid length=0) — reloading
    [CAPTCHA] Attempt 9: solved="5421" — submitting...
    [CAPTCHA] Attempt 9: captcha OK but no result for this EIIN/year
NO RESULT
[80/1646] SSC 2017 EIIN=138186 ...     [CAPTCHA] Attempt 1: solver returned "50" (invalid length=2) — reloading
    [CAPTCHA] Attempt 2: solved="1061" — submitting...
    [CAPTCHA] Attempt 2: captcha OK but no result for this EIIN/year
NO RESULT
[81/1646] SSC 2018 EIIN=138186 ...     [CAPTCHA] Attempt 1: solver returned "(empty)" (invalid length=0) — reloading
    [CAPTCHA] Attempt 2: solved="1701" — submitting...
    [CAPTCHA] Attempt 2: ✗ MISMATCH (server: Could not validate your provided Security Key / CAPTCHA. Please check and try again.) — reloading
    [CAPTCHA] Attempt 3: solved="5101" — submitting...
    [CAPTCHA] Attempt 3: ✗ MISMATCH (server: Could not validate your provided Security Key / CAPTCHA. Please check and try again.) — reloading
    [CAPTCHA] Attempt 4: solved="9527" — submitting...
    [CAPTCHA] Attempt 4: captcha OK but no result for this EIIN/year
NO RESULT
[82/1646] SSC 2019 EIIN=138186 ...     [CAPTCHA] Attempt 1: solved="1594" — submitting...
    [CAPTCHA] Attempt 1: captcha OK but no result for this EIIN/year
NO RESULT
[83/1646] SSC 2020 EIIN=138186 ...     [CAPTCHA] Attempt 1: solved="2404" — submitting...
    [CAPTCHA] Attempt 1: ✗ MISMATCH (server: Could not validate your provided Security Key / CAPTCHA. Please check and try again.) — reloading
    [CAPTCHA] Attempt 2: solved="9968" — submitting...
    [CAPTCHA] Attempt 2: captcha OK but no result for this EIIN/year
NO RESULT
[84/1646] SSC 2011 EIIN=133937 ...     [CAPTCHA] Attempt 1: solver returned "(empty)" (invalid length=0) — reloading
    [CAPTCHA] Attempt 2: solved="8591" — submitting...
    [CAPTCHA] Attempt 2: captcha OK but no result for this EIIN/year
NO RESULT
[85/1646] SSC 2011 EIIN=133988 ...     [CAPTCHA] Attempt 1: solved="6182" — submitting...
    [CAPTCHA] Attempt 1: captcha OK but no result for this EIIN/year
NO RESULT
[86/1646] SSC 2012 EIIN=133988 ...     [CAPTCHA] Attempt 1: solved="2817" — submitting...
    [CAPTCHA] Attempt 1: ✗ MISMATCH (server: Could not validate your provided Security Key / CAPTCHA. Please check and try again.) — reloading
    [CAPTCHA] Attempt 2: solved="8796" — submitting...
    [CAPTCHA] Attempt 2: captcha OK but no result for this EIIN/year
NO RESULT
[87/1646] SSC 2013 EIIN=133988 ...     [CAPTCHA] Attempt 1: solved="8216" — submitting...
    [CAPTCHA] Attempt 1: captcha OK but no result for this EIIN/year
NO RESULT
[88/1646] SSC 2011 EIIN=138185 ...     [CAPTCHA] Attempt 1: solver returned "(empty)" (invalid length=0) — reloading
    [CAPTCHA] Attempt 2: solved="3508" — submitting...
    [CAPTCHA] Attempt 2: captcha OK but no result for this EIIN/year
NO RESULT
[89/1646] SSC 2012 EIIN=138185 ...     [CAPTCHA] Attempt 1: solved="1904" — submitting...
    [CAPTCHA] Attempt 1: captcha OK but no result for this EIIN/year
NO RESULT
[90/1646] SSC 2013 EIIN=138185 ...     [CAPTCHA] Attempt 1: solved="0405" — submitting...
    [CAPTCHA] Attempt 1: ✗ MISMATCH (server: Could not validate your provided Security Key / CAPTCHA. Please check and try again.) — reloading
    [CAPTCHA] Attempt 2: solved="8487" — submitting...
    [CAPTCHA] Attempt 2: ✗ MISMATCH (server: Could not validate your provided Security Key / CAPTCHA. Please check and try again.) — reloading
    [CAPTCHA] Attempt 3: solved="8003" — submitting...
    [CAPTCHA] Attempt 3: captcha OK but no result for this EIIN/year
NO RESULT
[91/1646] SSC 2014 EIIN=138185 ...     [CAPTCHA] Attempt 1: solved="1917" — submitting...
    [CAPTCHA] Attempt 1: ✗ MISMATCH (server: Could not validate your provided Security Key / CAPTCHA. Please check and try again.) — reloading
    [CAPTCHA] Attempt 2: solved="4952" — submitting...
    [CAPTCHA] Attempt 2: captcha OK but no result for this EIIN/year
NO RESULT
[92/1646] SSC 2015 EIIN=138185 ...     [CAPTCHA] Attempt 1: solved="4964" — submitting...
    [CAPTCHA] Attempt 1: ✗ MISMATCH (server: Could not validate your provided Security Key / CAPTCHA. Please check and try again.) — reloading
    [CAPTCHA] Attempt 2: solved="1459" — submitting...
    [CAPTCHA] Attempt 2: ✗ MISMATCH (server: Could not validate your provided Security Key / CAPTCHA. Please check and try again.) — reloading
    [CAPTCHA] Attempt 3: solver returned "(empty)" (invalid length=0) — reloading
    [CAPTCHA] Attempt 4: solved="2328" — submitting...
    [CAPTCHA] Attempt 4: ✗ MISMATCH (server: Could not validate your provided Security Key / CAPTCHA. Please check and try again.) — reloading
    [CAPTCHA] Attempt 5: solved="3918" — submitting...
    [CAPTCHA] Attempt 5: ✗ MISMATCH (server: Could not validate your provided Security Key / CAPTCHA. Please check and try again.) — reloading
    [CAPTCHA] Attempt 6: solved="1600" — submitting...
    [CAPTCHA] Attempt 6: ✗ MISMATCH (server: Could not validate your provided Security Key / CAPTCHA. Please check and try again.) — reloading
    [CAPTCHA] Attempt 7: solved="8259" — submitting...
    [CAPTCHA] Attempt 7: ✗ MISMATCH (server: Could not validate your provided Security Key / CAPTCHA. Please check and try again.) — reloading
    [CAPTCHA] Attempt 8: solved="5810" — submitting...
    [CAPTCHA] Attempt 8: captcha OK but no result for this EIIN/year
NO RESULT
[93/1646] SSC 2016 EIIN=138185 ...     [CAPTCHA] Attempt 1: solved="9318" — submitting...
    [CAPTCHA] Attempt 1: ✗ MISMATCH (server: Could not validate your provided Security Key / CAPTCHA. Please check and try again.) — reloading
    [CAPTCHA] Attempt 2: solved="0385" — submitting...
    [CAPTCHA] Attempt 2: ✗ MISMATCH (server: Could not validate your provided Security Key / CAPTCHA. Please check and try again.) — reloading
    [CAPTCHA] Attempt 3: solved="8139" — submitting...
    [CAPTCHA] Attempt 3: captcha OK but no result for this EIIN/year
NO RESULT
[94/1646] SSC 2017 EIIN=138185 ...     [CAPTCHA] Attempt 1: solved="4833" — submitting...
    [CAPTCHA] Attempt 1: ✗ MISMATCH (server: Could not validate your provided Security Key / CAPTCHA. Please check and try again.) — reloading
    [CAPTCHA] Attempt 2: solved="4275" — submitting...
    [CAPTCHA] Attempt 2: ✗ MISMATCH (server: Could not validate your provided Security Key / CAPTCHA. Please check and try again.) — reloading
    [CAPTCHA] Attempt 3: solved="2184" — submitting...
    [CAPTCHA] Attempt 3: captcha OK but no result for this EIIN/year
NO RESULT
[95/1646] SSC 2018 EIIN=138185 ...     [CAPTCHA] Attempt 1: solved="6053" — submitting...
    [CAPTCHA] Attempt 1: captcha OK but no result for this EIIN/year
NO RESULT
[96/1646] SSC 2019 EIIN=138185 ...     [CAPTCHA] Attempt 1: solved="5088" — submitting...
    [CAPTCHA] Attempt 1: ✗ MISMATCH (server: Could not validate your provided Security Key / CAPTCHA. Please check and try again.) — reloading
    [CAPTCHA] Attempt 2: solved="2210" — submitting...
    [CAPTCHA] Attempt 2: ✗ MISMATCH (server: Could not validate your provided Security Key / CAPTCHA. Please check and try again.) — reloading
    [CAPTCHA] Attempt 3: solved="5643" — submitting...
    [CAPTCHA] Attempt 3: captcha OK but no result for this EIIN/year
NO RESULT
[97/1646] SSC 2011 EIIN=107854 ...     [CAPTCHA] Attempt 1: solved="3720" — submitting...
    [CAPTCHA] Attempt 1: ✗ MISMATCH (server: Could not validate your provided Security Key / CAPTCHA. Please check and try again.) — reloading
    [CAPTCHA] Attempt 2: solved="2068" — submitting...
    [CAPTCHA] Attempt 2: captcha OK but no result for this EIIN/year
NO RESULT
[98/1646] SSC 2011 EIIN=135574 ...     [CAPTCHA] Attempt 1: solved="5713" — submitting...
    [CAPTCHA] Attempt 1: captcha OK but no result for this EIIN/year
NO RESULT
[99/1646] SSC 2012 EIIN=135574 ...     [CAPTCHA] Attempt 1: solver returned "(empty)" (invalid length=0) — reloading
    [CAPTCHA] Attempt 2: solved="4361" — submitting...
    [CAPTCHA] Attempt 2: ✗ MISMATCH (server: Could not validate your provided Security Key / CAPTCHA. Please check and try again.) — reloading
    [CAPTCHA] Attempt 3: solved="9968" — submitting...
    [CAPTCHA] Attempt 3: ✗ MISMATCH (server: Could not validate your provided Security Key / CAPTCHA. Please check and try again.) — reloading
    [CAPTCHA] Attempt 4: solved="3483" — submitting...
    [CAPTCHA] Attempt 4: ✗ MISMATCH (server: Could not validate your provided Security Key / CAPTCHA. Please check and try again.) — reloading
    [CAPTCHA] Attempt 5: solved="3941" — submitting...
    [CAPTCHA] Attempt 5: ✗ MISMATCH (server: Could not validate your provided Security Key / CAPTCHA. Please check and try again.) — reloading
    [CAPTCHA] Attempt 6: solver returned "240" (invalid length=3) — reloading
    [CAPTCHA] Attempt 7: solved="8219" — submitting...
    [CAPTCHA] Attempt 7: captcha OK but no result for this EIIN/year
NO RESULT
[100/1646] SSC 2013 EIIN=135574 ...     [CAPTCHA] Attempt 1: solver returned "(empty)" (invalid length=0) — reloading
    [CAPTCHA] Attempt 2: solver returned "(empty)" (invalid length=0) — reloading
    [CAPTCHA] Attempt 3: solver returned "(empty)" (invalid length=0) — reloading
    [CAPTCHA] Attempt 4: solved="5580" — submitting...
    [CAPTCHA] Attempt 4: captcha OK but no result for this EIIN/year
NO RESULT

─── 100/1646 done | OK:0 FAIL:1 | ETA ≈ 654.7 min ───

[101/1646] SSC 2014 EIIN=135574 ...     [CAPTCHA] Attempt 1: solved="1111" — submitting...
    [CAPTCHA] Attempt 1: ✗ MISMATCH (server: Could not validate your provided Security Key / CAPTCHA. Please check and try again.) — reloading
    [CAPTCHA] Attempt 2: solved="6485" — submitting...
    [CAPTCHA] Attempt 2: ✗ MISMATCH (server: Could not validate your provided Security Key / CAPTCHA. Please check and try again.) — reloading
    [CAPTCHA] Attempt 3: solver returned "(empty)" (invalid length=0) — reloading
    [CAPTCHA] Attempt 4: solved="3719" — submitting...
    [CAPTCHA] Attempt 4: captcha OK but no result for this EIIN/year
NO RESULT
[102/1646] SSC 2015 EIIN=135574 ...     [CAPTCHA] Attempt 1: solved="1017" — submitting...
    [CAPTCHA] Attempt 1: captcha OK but no result for this EIIN/year
NO RESULT
[103/1646] SSC 2016 EIIN=135574 ...     [CAPTCHA] Attempt 1: solved="2081" — submitting...
    [CAPTCHA] Attempt 1: ✗ MISMATCH (server: Could not validate your provided Security Key / CAPTCHA. Please check and try again.) — reloading
    [CAPTCHA] Attempt 2: solved="7504" — submitting...
    [CAPTCHA] Attempt 2: ✗ MISMATCH (server: Could not validate your provided Security Key / CAPTCHA. Please check and try again.) — reloading
    [CAPTCHA] Attempt 3: solved="6084" — submitting...
    [CAPTCHA] Attempt 3: ✗ MISMATCH (server: Could not validate your provided Security Key / CAPTCHA. Please check and try again.) — reloading
    [CAPTCHA] Attempt 4: solved="9925" — submitting...
    [CAPTCHA] Attempt 4: ✗ MISMATCH (server: Could not validate your provided Security Key / CAPTCHA. Please check and try again.) — reloading
    [CAPTCHA] Attempt 5: solved="7841" — submitting...
    [CAPTCHA] Attempt 5: ✗ MISMATCH (server: Could not validate your provided Security Key / CAPTCHA. Please check and try again.) — reloading
    [CAPTCHA] Attempt 6: solved="7511" — submitting...
    [CAPTCHA] Attempt 6: ✗ MISMATCH (server: Could not validate your provided Security Key / CAPTCHA. Please check and try again.) — reloading
    [CAPTCHA] Attempt 7: solved="3285" — submitting...
    [CAPTCHA] Attempt 7: captcha OK but no result for this EIIN/year
NO RESULT
[104/1646] SSC 2011 EIIN=136788 ...     [CAPTCHA] Attempt 1: solver returned "(empty)" (invalid length=0) — reloading
    [CAPTCHA] Attempt 2: solved="3850" — submitting...
    [CAPTCHA] Attempt 2: ✗ MISMATCH (server: Could not validate your provided Security Key / CAPTCHA. Please check and try again.) — reloading
    [CAPTCHA] Attempt 3: solved="7777" — submitting...
    [CAPTCHA] Attempt 3: ✗ MISMATCH (server: Could not validate your provided Security Key / CAPTCHA. Please check and try again.) — reloading
    [CAPTCHA] Attempt 4: solved="3366" — submitting...
    [CAPTCHA] Attempt 4: ✗ MISMATCH (server: Could not validate your provided Security Key / CAPTCHA. Please check and try again.) — reloading
    [CAPTCHA] Attempt 5: solver returned "(empty)" (invalid length=0) — reloading
    [CAPTCHA] Attempt 6: solved="3898" — submitting...
    [CAPTCHA] Attempt 6: ✗ MISMATCH (server: Could not validate your provided Security Key / CAPTCHA. Please check and try again.) — reloading
    [CAPTCHA] Attempt 7: solved="4286" — submitting...
    [CAPTCHA] Attempt 7: ✗ MISMATCH (server: Could not validate your provided Security Key / CAPTCHA. Please check and try again.) — reloading
    [CAPTCHA] Attempt 8: solved="1149" — submitting...
    [CAPTCHA] Attempt 8: ✗ MISMATCH (server: Could not validate your provided Security Key / CAPTCHA. Please check and try again.) — reloading
    [CAPTCHA] Attempt 9: solver returned "(empty)" (invalid length=0) — reloading
    [CAPTCHA] Attempt 10: solved="7138" — submitting...
    [CAPTCHA] Attempt 10: captcha OK but no result for this EIIN/year
NO RESULT
[105/1646] SSC 2012 EIIN=136788 ...     [CAPTCHA] Attempt 1: solved="2004" — submitting...
    [CAPTCHA] Attempt 1: captcha OK but no result for this EIIN/year
NO RESULT
[106/1646] SSC 2013 EIIN=136788 ...     [CAPTCHA] Attempt 1: solved="4403" — submitting...
    [CAPTCHA] Attempt 1: ✗ MISMATCH (server: Could not validate your provided Security Key / CAPTCHA. Please check and try again.) — reloading
    [CAPTCHA] Attempt 2: solved="7317" — submitting...
    [CAPTCHA] Attempt 2: ✗ MISMATCH (server: Could not validate your provided Security Key / CAPTCHA. Please check and try again.) — reloading
    [CAPTCHA] Attempt 3: solved="3572" — submitting...
    [CAPTCHA] Attempt 3: captcha OK but no result for this EIIN/year
NO RESULT
[107/1646] SSC 2014 EIIN=136788 ...     [CAPTCHA] Attempt 1: solved="4044" — submitting...
    [CAPTCHA] Attempt 1: ✗ MISMATCH (server: Could not validate your provided Security Key / CAPTCHA. Please check and try again.) — reloading
    [CAPTCHA] Attempt 2: solver returned "(empty)" (invalid length=0) — reloading
    [CAPTCHA] Attempt 3: solved="3082" — submitting...
    [CAPTCHA] Attempt 3: ✗ MISMATCH (server: Could not validate your provided Security Key / CAPTCHA. Please check and try again.) — reloading
    [CAPTCHA] Attempt 4: solved="5283" — submitting...
    [CAPTCHA] Attempt 4: captcha OK but no result for this EIIN/year
NO RESULT
[108/1646] SSC 2015 EIIN=136788 ...     [CAPTCHA] Attempt 1: solved="1882" — submitting...
    [CAPTCHA] Attempt 1: ✗ MISMATCH (server: Could not validate your provided Security Key / CAPTCHA. Please check and try again.) — reloading
    [CAPTCHA] Attempt 2: solved="2115" — submitting...
    [CAPTCHA] Attempt 2: ✗ MISMATCH (server: Could not validate your provided Security Key / CAPTCHA. Please check and try again.) — reloading
    [CAPTCHA] Attempt 3: solved="6180" — submitting...
    [CAPTCHA] Attempt 3: ✗ MISMATCH (server: Could not validate your provided Security Key / CAPTCHA. Please check and try again.) — reloading
    [CAPTCHA] Attempt 4: solver returned "(empty)" (invalid length=0) — reloading
    [CAPTCHA] Attempt 5: solved="4567" — submitting...
    [CAPTCHA] Attempt 5: captcha OK but no result for this EIIN/year
NO RESULT
[109/1646] SSC 2011 EIIN=132219 ...     [CAPTCHA] Attempt 1: solved="3401" — submitting...
    [CAPTCHA] Attempt 1: ✗ MISMATCH (server: Could not validate your provided Security Key / CAPTCHA. Please check and try again.) — reloading
    [CAPTCHA] Attempt 2: solved="5429" — submitting...
    [CAPTCHA] Attempt 2: captcha OK but no result for this EIIN/year
NO RESULT
[110/1646] SSC 2012 EIIN=132219 ...     [CAPTCHA] Attempt 1: solved="1149" — submitting...
    [CAPTCHA] Attempt 1: captcha OK but no result for this EIIN/year
NO RESULT
[111/1646] SSC 2013 EIIN=132219 ...     [CAPTCHA] Attempt 1: solved="9561" — submitting...
    [CAPTCHA] Attempt 1: captcha OK but no result for this EIIN/year
NO RESULT
[112/1646] SSC 2014 EIIN=132219 ...     [CAPTCHA] Attempt 1: solved="7164" — submitting...
    [CAPTCHA] Attempt 1: ✗ MISMATCH (server: Could not validate your provided Security Key / CAPTCHA. Please check and try again.) — reloading
    [CAPTCHA] Attempt 2: solved="4703" — submitting...
    [CAPTCHA] Attempt 2: ✗ MISMATCH (server: Could not validate your provided Security Key / CAPTCHA. Please check and try again.) — reloading
    [CAPTCHA] Attempt 3: solver returned "(empty)" (invalid length=0) — reloading
    [CAPTCHA] Attempt 4: solved="3324" — submitting...
    [CAPTCHA] Attempt 4: ✗ MISMATCH (server: Could not validate your provided Security Key / CAPTCHA. Please check and try again.) — reloading
    [CAPTCHA] Attempt 5: solver returned "(empty)" (invalid length=0) — reloading
    [CAPTCHA] Attempt 6: solver returned "(empty)" (invalid length=0) — reloading
    [CAPTCHA] Attempt 7: solved="4935" — submitting...
    [CAPTCHA] Attempt 7: ✗ MISMATCH (server: Could not validate your provided Security Key / CAPTCHA. Please check and try again.) — reloading
    [CAPTCHA] Attempt 8: solver returned "(empty)" (invalid length=0) — reloading
    [CAPTCHA] Attempt 9: solved="1101" — submitting...
    [CAPTCHA] Attempt 9: ✗ MISMATCH (server: Could not validate your provided Security Key / CAPTCHA. Please check and try again.) — reloading
    [CAPTCHA] Attempt 10: solved="4773" — submitting...
    [CAPTCHA] Attempt 10: ✗ MISMATCH (server: Could not validate your provided Security Key / CAPTCHA. Please check and try again.) — reloading
    [CAPTCHA] Attempt 11: solver returned "(empty)" (invalid length=0) — reloading
    [CAPTCHA] Attempt 12: solver returned "(empty)" (invalid length=0) — reloading
    [CAPTCHA] Attempt 13: solver returned "(empty)" (invalid length=0) — reloading
    [CAPTCHA] Attempt 14: solved="9581" — submitting...
    [CAPTCHA] Attempt 14: captcha OK but no result for this EIIN/year
NO RESULT
[113/1646] SSC 2015 EIIN=132219 ...     [CAPTCHA] Attempt 1: solved="3081" — submitting...
    [CAPTCHA] Attempt 1: ✗ MISMATCH (server: Could not validate your provided Security Key / CAPTCHA. Please check and try again.) — reloading
    [CAPTCHA] Attempt 2: solver returned "(empty)" (invalid length=0) — reloading
    [CAPTCHA] Attempt 3: solver returned "(empty)" (invalid length=0) — reloading
    [CAPTCHA] Attempt 4: solver returned "(empty)" (invalid length=0) — reloading
    [CAPTCHA] Attempt 5: solver returned "(empty)" (invalid length=0) — reloading
    [CAPTCHA] Attempt 6: solved="4403" — submitting...
    [CAPTCHA] Attempt 6: ✗ MISMATCH (server: Could not validate your provided Security Key / CAPTCHA. Please check and try again.) — reloading
    [CAPTCHA] Attempt 7: solved="7905" — submitting...
    [CAPTCHA] Attempt 7: ✗ MISMATCH (server: Could not validate your provided Security Key / CAPTCHA. Please check and try again.) — reloading
    [CAPTCHA] Attempt 8: solver returned "(empty)" (invalid length=0) — reloading
    [CAPTCHA] Attempt 9: solved="2713" — submitting...
    [CAPTCHA] Attempt 9: captcha OK but no result for this EIIN/year
NO RESULT
[114/1646] SSC 2016 EIIN=132219 ...     [CAPTCHA] Attempt 1: solver returned "(empty)" (invalid length=0) — reloading
    [CAPTCHA] Attempt 2: solved="2635" — submitting...
    [CAPTCHA] Attempt 2: captcha OK but no result for this EIIN/year
NO RESULT
[115/1646] SSC 2017 EIIN=132219 ...     [CAPTCHA] Attempt 1: solver returned "(empty)" (invalid length=0) — reloading
    [CAPTCHA] Attempt 2: solved="7694" — submitting...
    [CAPTCHA] Attempt 2: captcha OK but no result for this EIIN/year
NO RESULT
[116/1646] SSC 2018 EIIN=132219 ...     [CAPTCHA] Attempt 1: solved="4955" — submitting...
    [CAPTCHA] Attempt 1: captcha OK but no result for this EIIN/year
NO RESULT
[117/1646] SSC 2019 EIIN=132219 ...     [CAPTCHA] Attempt 1: solved="6412" — submitting...
    [CAPTCHA] Attempt 1: ✗ MISMATCH (server: Could not validate your provided Security Key / CAPTCHA. Please check and try again.) — reloading
    [CAPTCHA] Attempt 2: solved="7016" — submitting...
    [CAPTCHA] Attempt 2: ✗ MISMATCH (server: Could not validate your provided Security Key / CAPTCHA. Please check and try again.) — reloading
    [CAPTCHA] Attempt 3: solver returned "(empty)" (invalid length=0) — reloading
    [CAPTCHA] Attempt 4: solved="9520" — submitting...
    [CAPTCHA] Attempt 4: captcha OK but no result for this EIIN/year
NO RESULT
[118/1646] SSC 2020 EIIN=132219 ...     [CAPTCHA] Attempt 1: solved="8104" — submitting...
    [CAPTCHA] Attempt 1: ✗ MISMATCH (server: Could not validate your provided Security Key / CAPTCHA. Please check and try again.) — reloading
    [CAPTCHA] Attempt 2: solved="9307" — submitting...
    [CAPTCHA] Attempt 2: captcha OK but no result for this EIIN/year
NO RESULT
[119/1646] SSC 2021 EIIN=132219 ...     [CAPTCHA] Attempt 1: solver returned "(empty)" (invalid length=0) — reloading
    [CAPTCHA] Attempt 2: solver returned "(empty)" (invalid length=0) — reloading
    [CAPTCHA] Attempt 3: solved="3210" — submitting...
    [CAPTCHA] Attempt 3: ✗ MISMATCH (server: Could not validate your provided Security Key / CAPTCHA. Please check and try again.) — reloading
    [CAPTCHA] Attempt 4: solver returned "(empty)" (invalid length=0) — reloading
    [CAPTCHA] Attempt 5: solver returned "(empty)" (invalid length=0) — reloading
    [CAPTCHA] Attempt 6: solver returned "(empty)" (invalid length=0) — reloading
    [CAPTCHA] Attempt 7: solver returned "(empty)" (invalid length=0) — reloading
    [CAPTCHA] Attempt 8: solved="3282" — submitting...
    [CAPTCHA] Attempt 8: ✗ MISMATCH (server: Could not validate your provided Security Key / CAPTCHA. Please check and try again.) — reloading
    [CAPTCHA] Attempt 9: solved="3411" — submitting...
    [CAPTCHA] Attempt 9: ✗ MISMATCH (server: Could not validate your provided Security Key / CAPTCHA. Please check and try again.) — reloading
    [CAPTCHA] Attempt 10: solver returned "(empty)" (invalid length=0) — reloading
    [CAPTCHA] Attempt 11: solved="0817" — submitting...
    [CAPTCHA] Attempt 11: ✗ MISMATCH (server: Could not validate your provided Security Key / CAPTCHA. Please check and try again.) — reloading
    [CAPTCHA] Attempt 12: solver returned "(empty)" (invalid length=0) — reloading
    [CAPTCHA] Attempt 13: solver returned "(empty)" (invalid length=0) — reloading
    [CAPTCHA] Attempt 14: solved="1648" — submitting...
    [CAPTCHA] Attempt 14: ✗ MISMATCH (server: Could not validate your provided Security Key / CAPTCHA. Please check and try again.) — reloading
    [CAPTCHA] Attempt 15: solved="5967" — submitting...
    [CAPTCHA] Attempt 15: captcha OK but no result for this EIIN/year
NO RESULT
[120/1646] SSC 2022 EIIN=132219 ...     [CAPTCHA] Attempt 1: solver returned "(empty)" (invalid length=0) — reloading
    [CAPTCHA] Attempt 2: solver returned "62" (invalid length=2) — reloading
    [CAPTCHA] Attempt 3: solved="6657" — submitting...
    [CAPTCHA] Attempt 3: ✗ MISMATCH (server: Could not validate your provided Security Key / CAPTCHA. Please check and try again.) — reloading
    [CAPTCHA] Attempt 4: solver returned "(empty)" (invalid length=0) — reloading
    [CAPTCHA] Attempt 5: solver returned "(empty)" (invalid length=0) — reloading
    [CAPTCHA] Attempt 6: solved="4596" — submitting...
    [CAPTCHA] Attempt 6: ✗ MISMATCH (server: Verification cookie expired. Solve the challenge and retry the request.) — reloading
ERR  elementHandle.screenshot: Element is not attached to the DOM
Call log:
[2m  - t
[121/1646] SSC 2023 EIIN=132219 ...     [CAPTCHA] Attempt 1: solver returned "(empty)" (invalid length=0) — reloading
    [CAPTCHA] Attempt 2: solver returned "(empty)" (invalid length=0) — reloading
    [CAPTCHA] Attempt 3: solved="9240" — submitting...
    [CAPTCHA] Attempt 3: ✗ MISMATCH (server: Could not validate your provided Security Key / CAPTCHA. Please check and try again.) — reloading
    [CAPTCHA] Attempt 4: solved="9566" — submitting...
    [CAPTCHA] Attempt 4: ✗ MISMATCH (server: Could not validate your provided Security Key / CAPTCHA. Please check and try again.) — reloading
    [CAPTCHA] Attempt 5: solved="3942" — submitting...
    [CAPTCHA] Attempt 5: ✗ MISMATCH (server: Could not validate your provided Security Key / CAPTCHA. Please check and try again.) — reloading
    [CAPTCHA] Attempt 6: solver returned "(empty)" (invalid length=0) — reloading
    [CAPTCHA] Attempt 7: solver returned "(empty)" (invalid length=0) — reloading
    [CAPTCHA] Attempt 8: solved="9844" — submitting...
    [CAPTCHA] Attempt 8: ✗ MISMATCH (server: Could not validate your provided Security Key / CAPTCHA. Please check and try again.) — reloading
    [CAPTCHA] Attempt 9: solved="7927" — submitting...
    [CAPTCHA] Attempt 9: captcha OK but no result for this EIIN/year
NO RESULT
[122/1646] SSC 2024 EIIN=132219 ...     [CAPTCHA] Attempt 1: solver returned "(empty)" (invalid length=0) — reloading
    [CAPTCHA] Attempt 2: solved="4513" — submitting...
    [CAPTCHA] Attempt 2: captcha OK but no result for this EIIN/year
NO RESULT
[123/1646] SSC 2025 EIIN=132219 ...     [CAPTCHA] Attempt 1: solved="5314" — submitting...
    [CAPTCHA] Attempt 1: ✗ MISMATCH (server: Could not validate your provided Security Key / CAPTCHA. Please check and try again.) — reloading
    [CAPTCHA] Attempt 2: solved="4190" — submitting...
    [CAPTCHA] Attempt 2: captcha OK but no result for this EIIN/year
NO RESULT
[124/1646] SSC 2026 EIIN=132219 ...     [CAPTCHA] Attempt 1: solved="6516" — submitting...
    [CAPTCHA] Attempt 1: ✗ MISMATCH (server: Could not validate your provided Security Key / CAPTCHA. Please check and try again.) — reloading
    [CAPTCHA] Attempt 2: solver returned "(empty)" (invalid length=0) — reloading
    [CAPTCHA] Attempt 3: solved="4141" — submitting...
    [CAPTCHA] Attempt 3: ✗ MISMATCH (server: Could not validate your provided Security Key / CAPTCHA. Please check and try again.) — reloading
    [CAPTCHA] Attempt 4: solved="4529" — submitting...
    [CAPTCHA] Attempt 4: captcha OK but no result for this EIIN/year
NO RESULT
[125/1646] SSC 2011 EIIN=108229 ...     [CAPTCHA] Attempt 1: solved="1718" — submitting...
    [CAPTCHA] Attempt 1: captcha OK but no result for this EIIN/year
NO RESULT
[126/1646] SSC 2012 EIIN=108229 ...     [CAPTCHA] Attempt 1: solved="7513" — submitting...
    [CAPTCHA] Attempt 1: ✗ MISMATCH (server: Could not validate your provided Security Key / CAPTCHA. Please check and try again.) — reloading
    [CAPTCHA] Attempt 2: solver returned "(empty)" (invalid length=0) — reloading
    [CAPTCHA] Attempt 3: solved="9414" — submitting...
    [CAPTCHA] Attempt 3: ✗ MISMATCH (server: Could not validate your provided Security Key / CAPTCHA. Please check and try again.) — reloading
    [CAPTCHA] Attempt 4: solved="7121" — submitting...
    [CAPTCHA] Attempt 4: ✗ MISMATCH (server: Could not validate your provided Security Key / CAPTCHA. Please check and try again.) — reloading
    [CAPTCHA] Attempt 5: solved="3179" — submitting...
    [CAPTCHA] Attempt 5: captcha OK but no result for this EIIN/year
NO RESULT
[127/1646] SSC 2013 EIIN=108229 ...     [CAPTCHA] Attempt 1: solved="7886" — submitting...
    [CAPTCHA] Attempt 1: ✗ MISMATCH (server: Could not validate your provided Security Key / CAPTCHA. Please check and try again.) — reloading
    [CAPTCHA] Attempt 2: solver returned "(empty)" (invalid length=0) — reloading
    [CAPTCHA] Attempt 3: solver returned "(empty)" (invalid length=0) — reloading
    [CAPTCHA] Attempt 4: solved="9932" — submitting...
    [CAPTCHA] Attempt 4: ✗ MISMATCH (server: Could not validate your provided Security Key / CAPTCHA. Please check and try again.) — reloading
    [CAPTCHA] Attempt 5: solver returned "(empty)" (invalid length=0) — reloading
    [CAPTCHA] Attempt 6: solved="2719" — submitting...
    [CAPTCHA] Attempt 6: captcha OK but no result for this EIIN/year
NO RESULT
[128/1646] SSC 2014 EIIN=108229 ...     [CAPTCHA] Attempt 1: solved="7314" — submitting...
    [CAPTCHA] Attempt 1: ✗ MISMATCH (server: Could not validate your provided Security Key / CAPTCHA. Please check and try again.) — reloading
    [CAPTCHA] Attempt 2: solver returned "(empty)" (invalid length=0) — reloading
    [CAPTCHA] Attempt 3: solved="9252" — submitting...
    [CAPTCHA] Attempt 3: captcha OK but no result for this EIIN/year
NO RESULT
[129/1646] SSC 2011 EIIN=134550 ...     [CAPTCHA] Attempt 1: solved="0486" — submitting...
    [CAPTCHA] Attempt 1: ✗ MISMATCH (server: Could not validate your provided Security Key / CAPTCHA. Please check and try again.) — reloading
    [CAPTCHA] Attempt 2: solved="8084" — submitting...
    [CAPTCHA] Attempt 2: ✗ MISMATCH (server: Could not validate your provided Security Key / CAPTCHA. Please check and try again.) — reloading
    [CAPTCHA] Attempt 3: solved="1069" — submitting...
    [CAPTCHA] Attempt 3: ✗ MISMATCH (server: Could not validate your provided Security Key / CAPTCHA. Please check and try again.) — reloading
    [CAPTCHA] Attempt 4: solver returned "4" (invalid length=1) — reloading
    [CAPTCHA] Attempt 5: solver returned "(empty)" (invalid length=0) — reloading
    [CAPTCHA] Attempt 6: solver returned "(empty)" (invalid length=0) — reloading
    [CAPTCHA] Attempt 7: solved="2581" — submitting...
    [CAPTCHA] Attempt 7: captcha OK but no result for this EIIN/year
NO RESULT
[130/1646] SSC 2012 EIIN=134550 ...     [CAPTCHA] Attempt 1: solved="3700" — submitting...
    [CAPTCHA] Attempt 1: captcha OK but no result for this EIIN/year
NO RESULT
[131/1646] SSC 2013 EIIN=134550 ...     [CAPTCHA] Attempt 1: solver returned "(empty)" (invalid length=0) — reloading
    [CAPTCHA] Attempt 2: solved="4154" — submitting...
    [CAPTCHA] Attempt 2: captcha OK but no result for this EIIN/year
NO RESULT
[132/1646] SSC 2014 EIIN=134550 ...     [CAPTCHA] Attempt 1: solver returned "(empty)" (invalid length=0) — reloading
    [CAPTCHA] Attempt 2: solved="7662" — submitting...
    [CAPTCHA] Attempt 2: captcha OK but no result for this EIIN/year
NO RESULT
[133/1646] SSC 2015 EIIN=134550 ...     [CAPTCHA] Attempt 1: solved="5430" — submitting...
    [CAPTCHA] Attempt 1: ✗ MISMATCH (server: Could not validate your provided Security Key / CAPTCHA. Please check and try again.) — reloading
    [CAPTCHA] Attempt 2: solved="8327" — submitting...
    [CAPTCHA] Attempt 2: ✗ MISMATCH (server: Could not validate your provided Security Key / CAPTCHA. Please check and try again.) — reloading
    [CAPTCHA] Attempt 3: solved="1094" — submitting...
    [CAPTCHA] Attempt 3: captcha OK but no result for this EIIN/year
NO RESULT
[134/1646] SSC 2011 EIIN=130560 ...     [CAPTCHA] Attempt 1: solved="1980" — submitting...
    [CAPTCHA] Attempt 1: captcha OK but no result for this EIIN/year
NO RESULT
[135/1646] SSC 2012 EIIN=130560 ...     [CAPTCHA] Attempt 1: solver returned "(empty)" (invalid length=0) — reloading
    [CAPTCHA] Attempt 2: solved="3954" — submitting...
    [CAPTCHA] Attempt 2: ✗ MISMATCH (server: Could not validate your provided Security Key / CAPTCHA. Please check and try again.) — reloading
    [CAPTCHA] Attempt 3: solver returned "(empty)" (invalid length=0) — reloading
    [CAPTCHA] Attempt 4: solved="9127" — submitting...
    [CAPTCHA] Attempt 4: captcha OK but no result for this EIIN/year
NO RESULT
[136/1646] SSC 2013 EIIN=130560 ...     [CAPTCHA] Attempt 1: solved="3535" — submitting...
    [CAPTCHA] Attempt 1: ✗ MISMATCH (server: Could not validate your provided Security Key / CAPTCHA. Please check and try again.) — reloading
    [CAPTCHA] Attempt 2: solver returned "(empty)" (invalid length=0) — reloading
    [CAPTCHA] Attempt 3: solver returned "(empty)" (invalid length=0) — reloading
    [CAPTCHA] Attempt 4: solved="6487" — submitting...
    [CAPTCHA] Attempt 4: ✗ MISMATCH (server: Could not validate your provided Security Key / CAPTCHA. Please check and try again.) — reloading
    [CAPTCHA] Attempt 5: solver returned "(empty)" (invalid length=0) — reloading
    [CAPTCHA] Attempt 6: solved="2602" — submitting...
    [CAPTCHA] Attempt 6: captcha OK but no result for this EIIN/year
NO RESULT
[137/1646] SSC 2014 EIIN=130560 ...     [CAPTCHA] Attempt 1: solved="3679" — submitting...
    [CAPTCHA] Attempt 1: captcha OK but no result for this EIIN/year
NO RESULT
[138/1646] SSC 2015 EIIN=130560 ...     [CAPTCHA] Attempt 1: solved="9126" — submitting...
    [CAPTCHA] Attempt 1: ✗ MISMATCH (server: Could not validate your provided Security Key / CAPTCHA. Please check and try again.) — reloading
    [CAPTCHA] Attempt 2: solved="4111" — submitting...
    [CAPTCHA] Attempt 2: captcha OK but no result for this EIIN/year
NO RESULT
[139/1646] SSC 2011 EIIN=136733 ...     [CAPTCHA] Attempt 1: solved="3141" — submitting...
    [CAPTCHA] Attempt 1: ✗ MISMATCH (server: Could not validate your provided Security Key / CAPTCHA. Please check and try again.) — reloading
    [CAPTCHA] Attempt 2: solved="6883" — submitting...
    [CAPTCHA] Attempt 2: captcha OK but no result for this EIIN/year
NO RESULT
[140/1646] SSC 2012 EIIN=136733 ...     [CAPTCHA] Attempt 1: solver returned "(empty)" (invalid length=0) — reloading
    [CAPTCHA] Attempt 2: solved="7085" — submitting...
    [CAPTCHA] Attempt 2: ✗ MISMATCH (server: Could not validate your provided Security Key / CAPTCHA. Please check and try again.) — reloading
    [CAPTCHA] Attempt 3: solved="4177" — submitting...
    [CAPTCHA] Attempt 3: ✗ MISMATCH (server: Could not validate your provided Security Key / CAPTCHA. Please check and try again.) — reloading
    [CAPTCHA] Attempt 4: solved="4166" — submitting...
    [CAPTCHA] Attempt 4: captcha OK but no result for this EIIN/year
NO RESULT
[141/1646] SSC 2013 EIIN=136733 ...     [CAPTCHA] Attempt 1: solved="1347" — submitting...
    [CAPTCHA] Attempt 1: ✗ MISMATCH (server: Could not validate your provided Security Key / CAPTCHA. Please check and try again.) — reloading
    [CAPTCHA] Attempt 2: solved="6974" — submitting...
    [CAPTCHA] Attempt 2: ✗ MISMATCH (server: Could not validate your provided Security Key / CAPTCHA. Please check and try again.) — reloading
    [CAPTCHA] Attempt 3: solved="7364" — submitting...
    [CAPTCHA] Attempt 3: captcha OK but no result for this EIIN/year
NO RESULT
[142/1646] SSC 2014 EIIN=136733 ...     [CAPTCHA] Attempt 1: solver returned "(empty)" (invalid length=0) — reloading
    [CAPTCHA] Attempt 2: solved="5323" — submitting...
    [CAPTCHA] Attempt 2: captcha OK but no result for this EIIN/year
NO RESULT
[143/1646] SSC 2015 EIIN=136733 ...     [CAPTCHA] Attempt 1: solved="2726" — submitting...
    [CAPTCHA] Attempt 1: ✗ MISMATCH (server: Could not validate your provided Security Key / CAPTCHA. Please check and try again.) — reloading
    [CAPTCHA] Attempt 2: solver returned "(empty)" (invalid length=0) — reloading
    [CAPTCHA] Attempt 3: solved="1292" — submitting...
    [CAPTCHA] Attempt 3: captcha OK but no result for this EIIN/year
NO RESULT
[144/1646] SSC 2016 EIIN=136733 ...     [CAPTCHA] Attempt 1: solved="1114" — submitting...
    [CAPTCHA] Attempt 1: ✗ MISMATCH (server: Could not validate your provided Security Key / CAPTCHA. Please check and try again.) — reloading
    [CAPTCHA] Attempt 2: solved="4723" — submitting...
    [CAPTCHA] Attempt 2: ✗ MISMATCH (server: Could not validate your provided Security Key / CAPTCHA. Please check and try again.) — reloading
    [CAPTCHA] Attempt 3: solved="1101" — submitting...
    [CAPTCHA] Attempt 3: ✗ MISMATCH (server: Could not validate your provided Security Key / CAPTCHA. Please check and try again.) — reloading
    [CAPTCHA] Attempt 4: solver returned "(empty)" (invalid length=0) — reloading
    [CAPTCHA] Attempt 5: solved="1710" — submitting...
    [CAPTCHA] Attempt 5: ✗ MISMATCH (server: Could not validate your provided Security Key / CAPTCHA. Please check and try again.) — reloading
    [CAPTCHA] Attempt 6: solved="6439" — submitting...
    [CAPTCHA] Attempt 6: ✗ MISMATCH (server: Could not validate your provided Security Key / CAPTCHA. Please check and try again.) — reloading
    [CAPTCHA] Attempt 7: solved="4741" — submitting...
    [CAPTCHA] Attempt 7: ✗ MISMATCH (server: Could not validate your provided Security Key / CAPTCHA. Please check and try again.) — reloading
    [CAPTCHA] Attempt 8: solved="7036" — submitting...
    [CAPTCHA] Attempt 8: captcha OK but no result for this EIIN/year
NO RESULT
[145/1646] SSC 2017 EIIN=136733 ...     [CAPTCHA] Attempt 1: solved="8840" — submitting...
    [CAPTCHA] Attempt 1: ✗ MISMATCH (server: Could not validate your provided Security Key / CAPTCHA. Please check and try again.) — reloading
    [CAPTCHA] Attempt 2: solved="9507" — submitting...
    [CAPTCHA] Attempt 2: captcha OK but no result for this EIIN/year
NO RESULT
[146/1646] SSC 2018 EIIN=136733 ...     [CAPTCHA] Attempt 1: solved="6023" — submitting...
    [CAPTCHA] Attempt 1: ✗ MISMATCH (server: Could not validate your provided Security Key / CAPTCHA. Please check and try again.) — reloading
    [CAPTCHA] Attempt 2: solver returned "(empty)" (invalid length=0) — reloading
    [CAPTCHA] Attempt 3: solved="2510" — submitting...
    [CAPTCHA] Attempt 3: captcha OK but no result for this EIIN/year
NO RESULT
[147/1646] SSC 2019 EIIN=136733 ...     [CAPTCHA] Attempt 1: solver returned "(empty)" (invalid length=0) — reloading
    [CAPTCHA] Attempt 2: solved="0146" — submitting...
    [CAPTCHA] Attempt 2: ✗ MISMATCH (server: Could not validate your provided Security Key / CAPTCHA. Please check and try again.) — reloading
    [CAPTCHA] Attempt 3: solved="6791" — submitting...
    [CAPTCHA] Attempt 3: captcha OK but no result for this EIIN/year
NO RESULT
[148/1646] SSC 2020 EIIN=136733 ...     [CAPTCHA] Attempt 1: solver returned "(empty)" (invalid length=0) — reloading
    [CAPTCHA] Attempt 2: solved="3434" — submitting...
    [CAPTCHA] Attempt 2: ✗ MISMATCH (server: Could not validate your provided Security Key / CAPTCHA. Please check and try again.) — reloading
    [CAPTCHA] Attempt 3: solved="6463" — submitting...
    [CAPTCHA] Attempt 3: ✗ MISMATCH (server: Could not validate your provided Security Key / CAPTCHA. Please check and try again.) — reloading
    [CAPTCHA] Attempt 4: solved="6516" — submitting...
    [CAPTCHA] Attempt 4: ✗ MISMATCH (server: Could not validate your provided Security Key / CAPTCHA. Please check and try again.) — reloading
    [CAPTCHA] Attempt 5: solved="4284" — submitting...
    [CAPTCHA] Attempt 5: ✗ MISMATCH (server: Could not validate your provided Security Key / CAPTCHA. Please check and try again.) — reloading
    [CAPTCHA] Attempt 6: solver returned "(empty)" (invalid length=0) — reloading
    [CAPTCHA] Attempt 7: solved="2192" — submitting...
    [CAPTCHA] Attempt 7: captcha OK but no result for this EIIN/year
NO RESULT
[149/1646] SSC 2021 EIIN=136733 ...     [CAPTCHA] Attempt 1: solved="4447" — submitting...
    [CAPTCHA] Attempt 1: ✗ MISMATCH (server: Could not validate your provided Security Key / CAPTCHA. Please check and try again.) — reloading
    [CAPTCHA] Attempt 2: solved="9311" — submitting...
    [CAPTCHA] Attempt 2: ✗ MISMATCH (server: Could not validate your provided Security Key / CAPTCHA. Please check and try again.) — reloading
    [CAPTCHA] Attempt 3: solved="7558" — submitting...
    [CAPTCHA] Attempt 3: ✗ MISMATCH (server: Could not validate your provided Security Key / CAPTCHA. Please check and try again.) — reloading
    [CAPTCHA] Attempt 4: solver returned "(empty)" (invalid length=0) — reloading
ERR  page.click: Timeout 30000ms exceeded.
Call log:
[2m  - waiting for locator('#ca
[150/1646] SSC 2022 EIIN=136733 ...     [CAPTCHA] Attempt 1: solved="1483" — submitting...
    [CAPTCHA] Attempt 1: ✗ MISMATCH (server: Could not validate your provided Security Key / CAPTCHA. Please check and try again.) — reloading
    [CAPTCHA] Attempt 2: solved="0093" — submitting...
    [CAPTCHA] Attempt 2: ✗ MISMATCH (server: Could not validate your provided Security Key / CAPTCHA. Please check and try again.) — reloading
    [CAPTCHA] Attempt 3: solver returned "(empty)" (invalid length=0) — reloading
    [CAPTCHA] Attempt 4: solved="3129" — submitting...
    [CAPTCHA] Attempt 4: ✗ MISMATCH (server: Could not validate your provided Security Key / CAPTCHA. Please check and try again.) — reloading
    [CAPTCHA] Attempt 5: solver returned "(empty)" (invalid length=0) — reloading
    [CAPTCHA] Attempt 6: solver returned "(empty)" (invalid length=0) — reloading
    [CAPTCHA] Attempt 7: solved="3227" — submitting...
    [CAPTCHA] Attempt 7: captcha OK but no result for this EIIN/year
NO RESULT
[151/1646] SSC 2023 EIIN=136733 ...     [CAPTCHA] Attempt 1: solved="8494" — submitting...
    [CAPTCHA] Attempt 1: captcha OK but no result for this EIIN/year
NO RESULT
[152/1646] SSC 2024 EIIN=136733 ...     [CAPTCHA] Attempt 1: solver returned "(empty)" (invalid length=0) — reloading
    [CAPTCHA] Attempt 2: solved="5803" — submitting...
    [CAPTCHA] Attempt 2: captcha OK but no result for this EIIN/year
NO RESULT
[153/1646] SSC 2011 EIIN=137003 ...     [CAPTCHA] Attempt 1: solver returned "(empty)" (invalid length=0) — reloading
    [CAPTCHA] Attempt 2: solver returned "(empty)" (invalid length=0) — reloading
    [CAPTCHA] Attempt 3: solved="5018" — submitting...
    [CAPTCHA] Attempt 3: ✗ MISMATCH (server: Could not validate your provided Security Key / CAPTCHA. Please check and try again.) — reloading
    [CAPTCHA] Attempt 4: solved="9792" — submitting...
    [CAPTCHA] Attempt 4: captcha OK but no result for this EIIN/year
NO RESULT
[154/1646] SSC 2012 EIIN=137003 ...     [CAPTCHA] Attempt 1: solver returned "(empty)" (invalid length=0) — reloading
    [CAPTCHA] Attempt 2: solved="9129" — submitting...
    [CAPTCHA] Attempt 2: captcha OK but no result for this EIIN/year
NO RESULT
[155/1646] SSC 2013 EIIN=137003 ...     [CAPTCHA] Attempt 1: solver returned "(empty)" (invalid length=0) — reloading
    [CAPTCHA] Attempt 2: solved="6036" — submitting...
    [CAPTCHA] Attempt 2: ✗ MISMATCH (server: Could not validate your provided Security Key / CAPTCHA. Please check and try again.) — reloading
    [CAPTCHA] Attempt 3: solved="0201" — submitting...
    [CAPTCHA] Attempt 3: ✗ MISMATCH (server: Could not validate your provided Security Key / CAPTCHA. Please check and try again.) — reloading
    [CAPTCHA] Attempt 4: solver returned "(empty)" (invalid length=0) — reloading
    [CAPTCHA] Attempt 5: solved="5783" — submitting...
    [CAPTCHA] Attempt 5: ✗ MISMATCH (server: Could not validate your provided Security Key / CAPTCHA. Please check and try again.) — reloading
    [CAPTCHA] Attempt 6: solved="9716" — submitting...
    [CAPTCHA] Attempt 6: captcha OK but no result for this EIIN/year
NO RESULT
[156/1646] SSC 2014 EIIN=137003 ...     [CAPTCHA] Attempt 1: solved="1089" — submitting...
    [CAPTCHA] Attempt 1: ✗ MISMATCH (server: Could not validate your provided Security Key / CAPTCHA. Please check and try again.) — reloading
    [CAPTCHA] Attempt 2: solved="4582" — submitting...
    [CAPTCHA] Attempt 2: captcha OK but no result for this EIIN/year
NO RESULT
[157/1646] SSC 2015 EIIN=137003 ...     [CAPTCHA] Attempt 1: solved="4604" — submitting...
    [CAPTCHA] Attempt 1: captcha OK but no result for this EIIN/year
NO RESULT
[158/1646] SSC 2016 EIIN=137003 ...     [CAPTCHA] Attempt 1: solved="6200" — submitting...
    [CAPTCHA] Attempt 1: captcha OK but no result for this EIIN/year
NO RESULT
[159/1646] SSC 2017 EIIN=137003 ...     [CAPTCHA] Attempt 1: solved="4780" — submitting...
    [CAPTCHA] Attempt 1: ✗ MISMATCH (server: Could not validate your provided Security Key / CAPTCHA. Please check and try again.) — reloading
    [CAPTCHA] Attempt 2: solved="3040" — submitting...
    [CAPTCHA] Attempt 2: captcha OK but no result for this EIIN/year
NO RESULT
[160/1646] SSC 2018 EIIN=137003 ...     [CAPTCHA] Attempt 1: solved="5645" — submitting...
    [CAPTCHA] Attempt 1: ✗ MISMATCH (server: Could not validate your provided Security Key / CAPTCHA. Please check and try again.) — reloading
    [CAPTCHA] Attempt 2: solved="0674" — submitting...
    [CAPTCHA] Attempt 2: ✗ MISMATCH (server: Could not validate your provided Security Key / CAPTCHA. Please check and try again.) — reloading
    [CAPTCHA] Attempt 3: solved="1193" — submitting...
    [CAPTCHA] Attempt 3: ✗ MISMATCH (server: Could not validate your provided Security Key / CAPTCHA. Please check and try again.) — reloading
    [CAPTCHA] Attempt 4: solver returned "0" (invalid length=1) — reloading
    [CAPTCHA] Attempt 5: solved="4104" — submitting...
    [CAPTCHA] Attempt 5: ✗ MISMATCH (server: Could not validate your provided Security Key / CAPTCHA. Please check and try again.) — reloading
    [CAPTCHA] Attempt 6: solver returned "(empty)" (invalid length=0) — reloading
    [CAPTCHA] Attempt 7: solved="2745" — submitting...
    [CAPTCHA] Attempt 7: ✗ MISMATCH (server: Could not validate your provided Security Key / CAPTCHA. Please check and try again.) — reloading
    [CAPTCHA] Attempt 8: solved="1120" — submitting...
    [CAPTCHA] Attempt 8: ✗ MISMATCH (server: Could not validate your provided Security Key / CAPTCHA. Please check and try again.) — reloading
    [CAPTCHA] Attempt 9: solver returned "(empty)" (invalid length=0) — reloading
    [CAPTCHA] Attempt 10: solved="7888" — submitting...
    [CAPTCHA] Attempt 10: ✗ MISMATCH (server: Could not validate your provided Security Key / CAPTCHA. Please check and try again.) — reloading
    [CAPTCHA] Attempt 11: solved="1337" — submitting...
    [CAPTCHA] Attempt 11: captcha OK but no result for this EIIN/year
NO RESULT
[161/1646] SSC 2019 EIIN=137003 ...     [CAPTCHA] Attempt 1: solver returned "(empty)" (invalid length=0) — reloading
    [CAPTCHA] Attempt 2: solved="6200" — submitting...
    [CAPTCHA] Attempt 2: captcha OK but no result for this EIIN/year
NO RESULT
[162/1646] SSC 2020 EIIN=137003 ...     [CAPTCHA] Attempt 1: solved="7313" — submitting...
    [CAPTCHA] Attempt 1: captcha OK but no result for this EIIN/year
NO RESULT
[163/1646] SSC 2021 EIIN=137003 ...     [CAPTCHA] Attempt 1: solved="2321" — submitting...
    [CAPTCHA] Attempt 1: ✗ MISMATCH (server: Could not validate your provided Security Key / CAPTCHA. Please check and try again.) — reloading
    [CAPTCHA] Attempt 2: solved="1930" — submitting...
    [CAPTCHA] Attempt 2: captcha OK but no result for this EIIN/year
NO RESULT
[164/1646] SSC 2022 EIIN=137003 ...     [CAPTCHA] Attempt 1: solver returned "0" (invalid length=1) — reloading
    [CAPTCHA] Attempt 2: solved="7049" — submitting...
    [CAPTCHA] Attempt 2: captcha OK but no result for this EIIN/year
NO RESULT
[165/1646] SSC 2011 EIIN=132140 ...     [CAPTCHA] Attempt 1: solver returned "(empty)" (invalid length=0) — reloading
    [CAPTCHA] Attempt 2: solver returned "(empty)" (invalid length=0) — reloading
    [CAPTCHA] Attempt 3: solved="8382" — submitting...
    [CAPTCHA] Attempt 3: ✗ MISMATCH (server: Could not validate your provided Security Key / CAPTCHA. Please check and try again.) — reloading
    [CAPTCHA] Attempt 4: solved="6650" — submitting...
    [CAPTCHA] Attempt 4: ✗ MISMATCH (server: Could not validate your provided Security Key / CAPTCHA. Please check and try again.) — reloading
    [CAPTCHA] Attempt 5: solved="1824" — submitting...
    [CAPTCHA] Attempt 5: ✗ MISMATCH (server: Could not validate your provided Security Key / CAPTCHA. Please check and try again.) — reloading
    [CAPTCHA] Attempt 6: solved="2344" — submitting...
    [CAPTCHA] Attempt 6: ✗ MISMATCH (server: Could not validate your provided Security Key / CAPTCHA. Please check and try again.) — reloading
    [CAPTCHA] Attempt 7: solver returned "(empty)" (invalid length=0) — reloading
    [CAPTCHA] Attempt 8: solved="5433" — submitting...
    [CAPTCHA] Attempt 8: ✗ MISMATCH (server: Could not validate your provided Security Key / CAPTCHA. Please check and try again.) — reloading
    [CAPTCHA] Attempt 9: solver returned "(empty)" (invalid length=0) — reloading
    [CAPTCHA] Attempt 10: solved="8682" — submitting...
    [CAPTCHA] Attempt 10: captcha OK but no result for this EIIN/year
NO RESULT
[166/1646] SSC 2011 EIIN=136800 ...     [CAPTCHA] Attempt 1: solved="5483" — submitting...
    [CAPTCHA] Attempt 1: ✗ MISMATCH (server: Could not validate your provided Security Key / CAPTCHA. Please check and try again.) — reloading
    [CAPTCHA] Attempt 2: solved="6298" — submitting...
    [CAPTCHA] Attempt 2: ✗ MISMATCH (server: Could not validate your provided Security Key / CAPTCHA. Please check and try again.) — reloading
    [CAPTCHA] Attempt 3: solved="5582" — submitting...
    [CAPTCHA] Attempt 3: ✗ MISMATCH (server: Could not validate your provided Security Key / CAPTCHA. Please check and try again.) — reloading
    [CAPTCHA] Attempt 4: solver returned "(empty)" (invalid length=0) — reloading
    [CAPTCHA] Attempt 5: solved="7894" — submitting...
    [CAPTCHA] Attempt 5: captcha OK but no result for this EIIN/year
NO RESULT
[167/1646] SSC 2012 EIIN=136800 ...     [CAPTCHA] Attempt 1: solved="1132" — submitting...
    [CAPTCHA] Attempt 1: captcha OK but no result for this EIIN/year
NO RESULT
[168/1646] SSC 2013 EIIN=136800 ...     [CAPTCHA] Attempt 1: solved="4830" — submitting...
    [CAPTCHA] Attempt 1: captcha OK but no result for this EIIN/year
NO RESULT
[169/1646] SSC 2014 EIIN=136800 ...     [CAPTCHA] Attempt 1: solved="1750" — submitting...
    [CAPTCHA] Attempt 1: captcha OK but no result for this EIIN/year
NO RESULT
[170/1646] SSC 2015 EIIN=136800 ...     [CAPTCHA] Attempt 1: solved="2165" — submitting...
    [CAPTCHA] Attempt 1: ✗ MISMATCH (server: Could not validate your provided Security Key / CAPTCHA. Please check and try again.) — reloading
    [CAPTCHA] Attempt 2: solved="7036" — submitting...
    [CAPTCHA] Attempt 2: captcha OK but no result for this EIIN/year
NO RESULT
[171/1646] SSC 2016 EIIN=136800 ...     [CAPTCHA] Attempt 1: solved="5408" — submitting...
    [CAPTCHA] Attempt 1: ✗ MISMATCH (server: Could not validate your provided Security Key / CAPTCHA. Please check and try again.) — reloading
    [CAPTCHA] Attempt 2: solved="4341" — submitting...
    [CAPTCHA] Attempt 2: captcha OK but no result for this EIIN/year
NO RESULT
[172/1646] SSC 2017 EIIN=136800 ...     [CAPTCHA] Attempt 1: solved="2658" — submitting...
    [CAPTCHA] Attempt 1: ✗ MISMATCH (server: Could not validate your provided Security Key / CAPTCHA. Please check and try again.) — reloading
    [CAPTCHA] Attempt 2: solved="7025" — submitting...
    [CAPTCHA] Attempt 2: captcha OK but no result for this EIIN/year
NO RESULT
[173/1646] SSC 2018 EIIN=136800 ...     [CAPTCHA] Attempt 1: solved="9433" — submitting...
    [CAPTCHA] Attempt 1: ✗ MISMATCH (server: Could not validate your provided Security Key / CAPTCHA. Please check and try again.) — reloading
    [CAPTCHA] Attempt 2: solved="8789" — submitting...
    [CAPTCHA] Attempt 2: captcha OK but no result for this EIIN/year
NO RESULT
[174/1646] SSC 2019 EIIN=136800 ...     [CAPTCHA] Attempt 1: solved="5588" — submitting...
    [CAPTCHA] Attempt 1: ✗ MISMATCH (server: Could not validate your provided Security Key / CAPTCHA. Please check and try again.) — reloading
    [CAPTCHA] Attempt 2: solved="6870" — submitting...
    [CAPTCHA] Attempt 2: captcha OK but no result for this EIIN/year
NO RESULT
[175/1646] SSC 2011 EIIN=138446 ...     [CAPTCHA] Attempt 1: solved="8477" — submitting...
    [CAPTCHA] Attempt 1: captcha OK but no result for this EIIN/year
NO RESULT
[176/1646] SSC 2012 EIIN=138446 ...     [CAPTCHA] Attempt 1: solver returned "(empty)" (invalid length=0) — reloading
    [CAPTCHA] Attempt 2: solved="8419" — submitting...
    [CAPTCHA] Attempt 2: ✗ MISMATCH (server: Could not validate your provided Security Key / CAPTCHA. Please check and try again.) — reloading
    [CAPTCHA] Attempt 3: solved="9794" — submitting...
    [CAPTCHA] Attempt 3: ✗ MISMATCH (server: Could not validate your provided Security Key / CAPTCHA. Please check and try again.) — reloading
    [CAPTCHA] Attempt 4: solved="8311" — submitting...
    [CAPTCHA] Attempt 4: ✗ MISMATCH (server: Could not validate your provided Security Key / CAPTCHA. Please check and try again.) — reloading
    [CAPTCHA] Attempt 5: solved="7020" — submitting...
    [CAPTCHA] Attempt 5: captcha OK but no result for this EIIN/year
NO RESULT
[177/1646] SSC 2013 EIIN=138446 ...     [CAPTCHA] Attempt 1: solver returned "(empty)" (invalid length=0) — reloading
    [CAPTCHA] Attempt 2: solved="1528" — submitting...
    [CAPTCHA] Attempt 2: captcha OK but no result for this EIIN/year
NO RESULT
[178/1646] SSC 2014 EIIN=138446 ...     [CAPTCHA] Attempt 1: solved="2539" — submitting...
    [CAPTCHA] Attempt 1: captcha OK but no result for this EIIN/year
NO RESULT
[179/1646] SSC 2015 EIIN=138446 ...     [CAPTCHA] Attempt 1: solved="6588" — submitting...
    [CAPTCHA] Attempt 1: ✗ MISMATCH (server: Could not validate your provided Security Key / CAPTCHA. Please check and try again.) — reloading
    [CAPTCHA] Attempt 2: solved="7260" — submitting...
    [CAPTCHA] Attempt 2: ✗ MISMATCH (server: Could not validate your provided Security Key / CAPTCHA. Please check and try again.) — reloading
    [CAPTCHA] Attempt 3: solved="3186" — submitting...
    [CAPTCHA] Attempt 3: captcha OK but no result for this EIIN/year
NO RESULT
[180/1646] SSC 2016 EIIN=138446 ...     [CAPTCHA] Attempt 1: solver returned "(empty)" (invalid length=0) — reloading
    [CAPTCHA] Attempt 2: solver returned "(empty)" (invalid length=0) — reloading
    [CAPTCHA] Attempt 3: solver returned "(empty)" (invalid length=0) — reloading
    [CAPTCHA] Attempt 4: solved="7141" — submitting...
    [CAPTCHA] Attempt 4: ✗ MISMATCH (server: Could not validate your provided Security Key / CAPTCHA. Please check and try again.) — reloading
    [CAPTCHA] Attempt 5: solved="7655" — submitting...
    [CAPTCHA] Attempt 5: captcha OK but no result for this EIIN/year
NO RESULT
[181/1646] SSC 2017 EIIN=138446 ...     [CAPTCHA] Attempt 1: solved="2142" — submitting...
    [CAPTCHA] Attempt 1: ✗ MISMATCH (server: Could not validate your provided Security Key / CAPTCHA. Please check and try again.) — reloading
    [CAPTCHA] Attempt 2: solved="0147" — submitting...
    [CAPTCHA] Attempt 2: ✗ MISMATCH (server: Could not validate your provided Security Key / CAPTCHA. Please check and try again.) — reloading
    [CAPTCHA] Attempt 3: solved="5794" — submitting...
    [CAPTCHA] Attempt 3: ✗ MISMATCH (server: Could not validate your provided Security Key / CAPTCHA. Please check and try again.) — reloading
    [CAPTCHA] Attempt 4: solved="7698" — submitting...
    [CAPTCHA] Attempt 4: captcha OK but no result for this EIIN/year
NO RESULT
[182/1646] SSC 2018 EIIN=138446 ...     [CAPTCHA] Attempt 1: solved="9030" — submitting...
    [CAPTCHA] Attempt 1: ✗ MISMATCH (server: Could not validate your provided Security Key / CAPTCHA. Please check and try again.) — reloading
    [CAPTCHA] Attempt 2: solver returned "(empty)" (invalid length=0) — reloading
    [CAPTCHA] Attempt 3: solved="8873" — submitting...
    [CAPTCHA] Attempt 3: ✗ MISMATCH (server: Could not validate your provided Security Key / CAPTCHA. Please check and try again.) — reloading
    [CAPTCHA] Attempt 4: solved="8414" — submitting...
    [CAPTCHA] Attempt 4: captcha OK but no result for this EIIN/year
NO RESULT
[183/1646] SSC 2019 EIIN=138446 ...     [CAPTCHA] Attempt 1: solver returned "(empty)" (invalid length=0) — reloading
    [CAPTCHA] Attempt 2: solver returned "(empty)" (invalid length=0) — reloading
    [CAPTCHA] Attempt 3: solved="1440" — submitting...
    [CAPTCHA] Attempt 3: captcha OK but no result for this EIIN/year
NO RESULT
[184/1646] SSC 2011 EIIN=136913 ...     [CAPTCHA] Attempt 1: solved="5783" — submitting...
    [CAPTCHA] Attempt 1: captcha OK but no result for this EIIN/year
NO RESULT
[185/1646] SSC 2012 EIIN=136913 ...     [CAPTCHA] Attempt 1: solver returned "(empty)" (invalid length=0) — reloading
    [CAPTCHA] Attempt 2: solved="2074" — submitting...
    [CAPTCHA] Attempt 2: captcha OK but no result for this EIIN/year
NO RESULT
[186/1646] SSC 2013 EIIN=136913 ...     [CAPTCHA] Attempt 1: solver returned "(empty)" (invalid length=0) — reloading
    [CAPTCHA] Attempt 2: solved="8410" — submitting...
    [CAPTCHA] Attempt 2: ✗ MISMATCH (server: Could not validate your provided Security Key / CAPTCHA. Please check and try again.) — reloading
    [CAPTCHA] Attempt 3: solved="4617" — submitting...
    [CAPTCHA] Attempt 3: ✗ MISMATCH (server: Could not validate your provided Security Key / CAPTCHA. Please check and try again.) — reloading
    [CAPTCHA] Attempt 4: solved="8108" — submitting...
    [CAPTCHA] Attempt 4: captcha OK but no result for this EIIN/year
NO RESULT
[187/1646] SSC 2014 EIIN=136913 ...     [CAPTCHA] Attempt 1: solver returned "(empty)" (invalid length=0) — reloading
    [CAPTCHA] Attempt 2: solved="3535" — submitting...
    [CAPTCHA] Attempt 2: ✗ MISMATCH (server: Could not validate your provided Security Key / CAPTCHA. Please check and try again.) — reloading
    [CAPTCHA] Attempt 3: solved="9504" — submitting...
    [CAPTCHA] Attempt 3: captcha OK but no result for this EIIN/year
NO RESULT
[188/1646] SSC 2015 EIIN=136913 ...     [CAPTCHA] Attempt 1: solved="3765" — submitting...
    [CAPTCHA] Attempt 1: ✗ MISMATCH (server: Could not validate your provided Security Key / CAPTCHA. Please check and try again.) — reloading
    [CAPTCHA] Attempt 2: solved="6538" — submitting...
    [CAPTCHA] Attempt 2: ✗ MISMATCH (server: Could not validate your provided Security Key / CAPTCHA. Please check and try again.) — reloading
    [CAPTCHA] Attempt 3: solver returned "(empty)" (invalid length=0) — reloading
    [CAPTCHA] Attempt 4: solved="6781" — submitting...
    [CAPTCHA] Attempt 4: ✗ MISMATCH (server: Could not validate your provided Security Key / CAPTCHA. Please check and try again.) — reloading
    [CAPTCHA] Attempt 5: solved="4214" — submitting...
    [CAPTCHA] Attempt 5: captcha OK but no result for this EIIN/year
NO RESULT
[189/1646] SSC 2016 EIIN=136913 ...     [CAPTCHA] Attempt 1: solved="1207" — submitting...
    [CAPTCHA] Attempt 1: ✗ MISMATCH (server: Could not validate your provided Security Key / CAPTCHA. Please check and try again.) — reloading
    [CAPTCHA] Attempt 2: solved="2516" — submitting...
    [CAPTCHA] Attempt 2: captcha OK but no result for this EIIN/year
NO RESULT
[190/1646] SSC 2017 EIIN=136913 ...     [CAPTCHA] Attempt 1: solved="2427" — submitting...
    [CAPTCHA] Attempt 1: captcha OK but no result for this EIIN/year
NO RESULT
[191/1646] SSC 2018 EIIN=136913 ...     [CAPTCHA] Attempt 1: solver returned "(empty)" (invalid length=0) — reloading
    [CAPTCHA] Attempt 2: solved="3445" — submitting...
    [CAPTCHA] Attempt 2: captcha OK but no result for this EIIN/year
NO RESULT
[192/1646] SSC 2019 EIIN=136913 ...     [CAPTCHA] Attempt 1: solved="1895" — submitting...
    [CAPTCHA] Attempt 1: ✗ MISMATCH (server: Could not validate your provided Security Key / CAPTCHA. Please check and try again.) — reloading
    [CAPTCHA] Attempt 2: solved="4830" — submitting...
    [CAPTCHA] Attempt 2: ✗ MISMATCH (server: Could not validate your provided Security Key / CAPTCHA. Please check and try again.) — reloading
    [CAPTCHA] Attempt 3: solved="5190" — submitting...
    [CAPTCHA] Attempt 3: captcha OK but no result for this EIIN/year
NO RESULT
[193/1646] SSC 2020 EIIN=136913 ...     [CAPTCHA] Attempt 1: solved="7363" — submitting...
    [CAPTCHA] Attempt 1: ✗ MISMATCH (server: Could not validate your provided Security Key / CAPTCHA. Please check and try again.) — reloading
    [CAPTCHA] Attempt 2: solver returned "(empty)" (invalid length=0) — reloading
    [CAPTCHA] Attempt 3: solved="1819" — submitting...
    [CAPTCHA] Attempt 3: ✗ MISMATCH (server: Could not validate your provided Security Key / CAPTCHA. Please check and try again.) — reloading
    [CAPTCHA] Attempt 4: solved="7314" — submitting...
    [CAPTCHA] Attempt 4: ✗ MISMATCH (server: Could not validate your provided Security Key / CAPTCHA. Please check and try again.) — reloading
    [CAPTCHA] Attempt 5: solved="1410" — submitting...
    [CAPTCHA] Attempt 5: captcha OK but no result for this EIIN/year
NO RESULT
[194/1646] SSC 2021 EIIN=136913 ...     [CAPTCHA] Attempt 1: solved="8301" — submitting...
    [CAPTCHA] Attempt 1: captcha OK but no result for this EIIN/year
NO RESULT
[195/1646] SSC 2022 EIIN=136913 ...     [CAPTCHA] Attempt 1: solved="1022" — submitting...
    [CAPTCHA] Attempt 1: ✗ MISMATCH (server: Could not validate your provided Security Key / CAPTCHA. Please check and try again.) — reloading
    [CAPTCHA] Attempt 2: solved="5010" — submitting...
    [CAPTCHA] Attempt 2: ✗ MISMATCH (server: Could not validate your provided Security Key / CAPTCHA. Please check and try again.) — reloading
    [CAPTCHA] Attempt 3: solved="3884" — submitting...
    [CAPTCHA] Attempt 3: ✗ MISMATCH (server: Could not validate your provided Security Key / CAPTCHA. Please check and try again.) — reloading
    [CAPTCHA] Attempt 4: solver returned "(empty)" (invalid length=0) — reloading
    [CAPTCHA] Attempt 5: solver returned "286" (invalid length=3) — reloading
    [CAPTCHA] Attempt 6: solved="6552" — submitting...
    [CAPTCHA] Attempt 6: captcha OK but no result for this EIIN/year
NO RESULT
[196/1646] SSC 2023 EIIN=136913 ...     [CAPTCHA] Attempt 1: solved="1338" — submitting...
    [CAPTCHA] Attempt 1: ✗ MISMATCH (server: Could not validate your provided Security Key / CAPTCHA. Please check and try again.) — reloading
    [CAPTCHA] Attempt 2: solved="3348" — submitting...
    [CAPTCHA] Attempt 2: captcha OK but no result for this EIIN/year
NO RESULT
[197/1646] SSC 2011 EIIN=130910 ...     [CAPTCHA] Attempt 1: solved="3110" — submitting...
    [CAPTCHA] Attempt 1: ✗ MISMATCH (server: Could not validate your provided Security Key / CAPTCHA. Please check and try again.) — reloading
    [CAPTCHA] Attempt 2: solver returned "(empty)" (invalid length=0) — reloading
    [CAPTCHA] Attempt 3: solved="1070" — submitting...
    [CAPTCHA] Attempt 3: captcha OK but no result for this EIIN/year
NO RESULT
[198/1646] SSC 2011 EIIN=139032 ...     [CAPTCHA] Attempt 1: solved="1329" — submitting...
    [CAPTCHA] Attempt 1: ✗ MISMATCH (server: Could not validate your provided Security Key / CAPTCHA. Please check and try again.) — reloading
    [CAPTCHA] Attempt 2: solver returned "(empty)" (invalid length=0) — reloading
    [CAPTCHA] Attempt 3: solved="4024" — submitting...
    [CAPTCHA] Attempt 3: ✗ MISMATCH (server: Could not validate your provided Security Key / CAPTCHA. Please check and try again.) — reloading
    [CAPTCHA] Attempt 4: solved="8609" — submitting...
    [CAPTCHA] Attempt 4: ✗ MISMATCH (server: Could not validate your provided Security Key / CAPTCHA. Please check and try again.) — reloading
    [CAPTCHA] Attempt 5: solver returned "(empty)" (invalid length=0) — reloading
    [CAPTCHA] Attempt 6: solved="3475" — submitting...
    [CAPTCHA] Attempt 6: captcha OK but no result for this EIIN/year
NO RESULT
[199/1646] SSC 2012 EIIN=139032 ...     [CAPTCHA] Attempt 1: solved="7930" — submitting...
    [CAPTCHA] Attempt 1: captcha OK but no result for this EIIN/year
NO RESULT
[200/1646] SSC 2013 EIIN=139032 ...     [CAPTCHA] Attempt 1: solved="3708" — submitting...
    [CAPTCHA] Attempt 1: captcha OK but no result for this EIIN/year
NO RESULT

─── 200/1646 done | OK:0 FAIL:3 | ETA ≈ 2371.0 min ───

[201/1646] SSC 2014 EIIN=139032 ...     [CAPTCHA] Attempt 1: solved="2316" — submitting...
    [CAPTCHA] Attempt 1: captcha OK but no result for this EIIN/year
NO RESULT
[202/1646] SSC 2015 EIIN=139032 ...     [CAPTCHA] Attempt 1: solved="6819" — submitting...
    [CAPTCHA] Attempt 1: ✗ MISMATCH (server: Could not validate your provided Security Key / CAPTCHA. Please check and try again.) — reloading
    [CAPTCHA] Attempt 2: solved="1549" — submitting...
    [CAPTCHA] Attempt 2: ✗ MISMATCH (server: Could not validate your provided Security Key / CAPTCHA. Please check and try again.) — reloading
    [CAPTCHA] Attempt 3: solved="8573" — submitting...
    [CAPTCHA] Attempt 3: ✗ MISMATCH (server: Could not validate your provided Security Key / CAPTCHA. Please check and try again.) — reloading
    [CAPTCHA] Attempt 4: solved="4311" — submitting...
    [CAPTCHA] Attempt 4: ✗ MISMATCH (server: Could not validate your provided Security Key / CAPTCHA. Please check and try again.) — reloading
    [CAPTCHA] Attempt 5: solver returned "(empty)" (invalid length=0) — reloading
    [CAPTCHA] Attempt 6: solver returned "(empty)" (invalid length=0) — reloading
    [CAPTCHA] Attempt 7: solved="2122" — submitting...
    [CAPTCHA] Attempt 7: ✗ MISMATCH (server: Could not validate your provided Security Key / CAPTCHA. Please check and try again.) — reloading
    [CAPTCHA] Attempt 8: solved="2675" — submitting...
    [CAPTCHA] Attempt 8: ✗ MISMATCH (server: Could not validate your provided Security Key / CAPTCHA. Please check and try again.) — reloading
    [CAPTCHA] Attempt 9: solved="5776" — submitting...
    [CAPTCHA] Attempt 9: ✗ MISMATCH (server: Could not validate your provided Security Key / CAPTCHA. Please check and try again.) — reloading
    [CAPTCHA] Attempt 10: solved="9980" — submitting...
    [CAPTCHA] Attempt 10: captcha OK but no result for this EIIN/year
NO RESULT
[203/1646] SSC 2016 EIIN=139032 ...     [CAPTCHA] Attempt 1: solved="6794" — submitting...
    [CAPTCHA] Attempt 1: ✗ MISMATCH (server: Could not validate your provided Security Key / CAPTCHA. Please check and try again.) — reloading
    [CAPTCHA] Attempt 2: solved="4113" — submitting...
    [CAPTCHA] Attempt 2: captcha OK but no result for this EIIN/year
NO RESULT
[204/1646] SSC 2017 EIIN=139032 ...     [CAPTCHA] Attempt 1: solved="4394" — submitting...
    [CAPTCHA] Attempt 1: ✗ MISMATCH (server: Could not validate your provided Security Key / CAPTCHA. Please check and try again.) — reloading
    [CAPTCHA] Attempt 2: solved="3880" — submitting...
    [CAPTCHA] Attempt 2: ✗ MISMATCH (server: Could not validate your provided Security Key / CAPTCHA. Please check and try again.) — reloading
    [CAPTCHA] Attempt 3: solved="1814" — submitting...
    [CAPTCHA] Attempt 3: ✗ MISMATCH (server: Could not validate your provided Security Key / CAPTCHA. Please check and try again.) — reloading
    [CAPTCHA] Attempt 4: solved="4928" — submitting...
    [CAPTCHA] Attempt 4: ✗ MISMATCH (server: Could not validate your provided Security Key / CAPTCHA. Please check and try again.) — reloading
    [CAPTCHA] Attempt 5: solved="5947" — submitting...
    [CAPTCHA] Attempt 5: captcha OK but no result for this EIIN/year
NO RESULT
[205/1646] SSC 2018 EIIN=139032 ...     [CAPTCHA] Attempt 1: solved="8410" — submitting...
    [CAPTCHA] Attempt 1: ✗ MISMATCH (server: Could not validate your provided Security Key / CAPTCHA. Please check and try again.) — reloading
    [CAPTCHA] Attempt 2: solved="5033" — submitting...
    [CAPTCHA] Attempt 2: ✗ MISMATCH (server: Could not validate your provided Security Key / CAPTCHA. Please check and try again.) — reloading
    [CAPTCHA] Attempt 3: solved="1419" — submitting...
    [CAPTCHA] Attempt 3: ✗ MISMATCH (server: Could not validate your provided Security Key / CAPTCHA. Please check and try again.) — reloading
    [CAPTCHA] Attempt 4: solved="0116" — submitting...
    [CAPTCHA] Attempt 4: ✗ MISMATCH (server: Could not validate your provided Security Key / CAPTCHA. Please check and try again.) — reloading
    [CAPTCHA] Attempt 5: solved="9442" — submitting...
    [CAPTCHA] Attempt 5: ✗ MISMATCH (server: Could not validate your provided Security Key / CAPTCHA. Please check and try again.) — reloading
    [CAPTCHA] Attempt 6: solver returned "(empty)" (invalid length=0) — reloading
    [CAPTCHA] Attempt 7: solved="9851" — submitting...
    [CAPTCHA] Attempt 7: ✗ MISMATCH (server: Could not validate your provided Security Key / CAPTCHA. Please check and try again.) — reloading
    [CAPTCHA] Attempt 8: solved="8079" — submitting...
    [CAPTCHA] Attempt 8: captcha OK but no result for this EIIN/year
NO RESULT
[206/1646] SSC 2019 EIIN=139032 ...     [CAPTCHA] Attempt 1: solver returned "(empty)" (invalid length=0) — reloading
    [CAPTCHA] Attempt 2: solved="4274" — submitting...
    [CAPTCHA] Attempt 2: ✗ MISMATCH (server: Could not validate your provided Security Key / CAPTCHA. Please check and try again.) — reloading
    [CAPTCHA] Attempt 3: solved="2144" — submitting...
    [CAPTCHA] Attempt 3: ✗ MISMATCH (server: Could not validate your provided Security Key / CAPTCHA. Please check and try again.) — reloading
    [CAPTCHA] Attempt 4: solved="8594" — submitting...
    [CAPTCHA] Attempt 4: ✗ MISMATCH (server: Could not validate your provided Security Key / CAPTCHA. Please check and try again.) — reloading
    [CAPTCHA] Attempt 5: solver returned "(empty)" (invalid length=0) — reloading
    [CAPTCHA] Attempt 6: solved="2298" — submitting...
    [CAPTCHA] Attempt 6: captcha OK but no result for this EIIN/year
NO RESULT
[207/1646] SSC 2020 EIIN=139032 ...     [CAPTCHA] Attempt 1: solved="7625" — submitting...
    [CAPTCHA] Attempt 1: captcha OK but no result for this EIIN/year
NO RESULT
[208/1646] SSC 2021 EIIN=139032 ...     [CAPTCHA] Attempt 1: solved="2191" — submitting...
    [CAPTCHA] Attempt 1: captcha OK but no result for this EIIN/year
NO RESULT
[209/1646] SSC 2022 EIIN=139032 ...     [CAPTCHA] Attempt 1: solver returned "(empty)" (invalid length=0) — reloading
    [CAPTCHA] Attempt 2: solver returned "(empty)" (invalid length=0) — reloading
    [CAPTCHA] Attempt 3: solved="4166" — submitting...
    [CAPTCHA] Attempt 3: ✗ MISMATCH (server: Could not validate your provided Security Key / CAPTCHA. Please check and try again.) — reloading
    [CAPTCHA] Attempt 4: solved="4882" — submitting...
    [CAPTCHA] Attempt 4: captcha OK but no result for this EIIN/year
NO RESULT
[210/1646] SSC 2011 EIIN=138941 ...     [CAPTCHA] Attempt 1: solved="9146" — submitting...
    [CAPTCHA] Attempt 1: ✗ MISMATCH (server: Could not validate your provided Security Key / CAPTCHA. Please check and try again.) — reloading
    [CAPTCHA] Attempt 2: solved="4487" — submitting...
    [CAPTCHA] Attempt 2: ✗ MISMATCH (server: Could not validate your provided Security Key / CAPTCHA. Please check and try again.) — reloading
    [CAPTCHA] Attempt 3: solved="3172" — submitting...
    [CAPTCHA] Attempt 3: captcha OK but no result for this EIIN/year
NO RESULT
[211/1646] SSC 2012 EIIN=138941 ...     [CAPTCHA] Attempt 1: solved="4763" — submitting...
    [CAPTCHA] Attempt 1: captcha OK but no result for this EIIN/year
NO RESULT
[212/1646] SSC 2013 EIIN=138941 ...     [CAPTCHA] Attempt 1: solved="9008" — submitting...
    [CAPTCHA] Attempt 1: ✗ MISMATCH (server: Could not validate your provided Security Key / CAPTCHA. Please check and try again.) — reloading
    [CAPTCHA] Attempt 2: solver returned "(empty)" (invalid length=0) — reloading
    [CAPTCHA] Attempt 3: solved="6131" — submitting...
    [CAPTCHA] Attempt 3: ✗ MISMATCH (server: Could not validate your provided Security Key / CAPTCHA. Please check and try again.) — reloading
    [CAPTCHA] Attempt 4: solved="3538" — submitting...
    [CAPTCHA] Attempt 4: ✗ MISMATCH (server: Could not validate your provided Security Key / CAPTCHA. Please check and try again.) — reloading
    [CAPTCHA] Attempt 5: solved="6648" — submitting...
    [CAPTCHA] Attempt 5: ✗ MISMATCH (server: Could not validate your provided Security Key / CAPTCHA. Please check and try again.) — reloading
    [CAPTCHA] Attempt 6: solver returned "(empty)" (invalid length=0) — reloading
    [CAPTCHA] Attempt 7: solved="9944" — submitting...
    [CAPTCHA] Attempt 7: ✗ MISMATCH (server: Could not validate your provided Security Key / CAPTCHA. Please check and try again.) — reloading
    [CAPTCHA] Attempt 8: solved="9639" — submitting...
    [CAPTCHA] Attempt 8: captcha OK but no result for this EIIN/year
NO RESULT
[213/1646] SSC 2014 EIIN=138941 ...     [CAPTCHA] Attempt 1: solved="2470" — submitting...
    [CAPTCHA] Attempt 1: ✗ MISMATCH (server: Could not validate your provided Security Key / CAPTCHA. Please check and try again.) — reloading
    [CAPTCHA] Attempt 2: solved="1906" — submitting...
    [CAPTCHA] Attempt 2: captcha OK but no result for this EIIN/year
NO RESULT
[214/1646] SSC 2015 EIIN=138941 ...     [CAPTCHA] Attempt 1: solved="6960" — submitting...
    [CAPTCHA] Attempt 1: ✗ MISMATCH (server: Could not validate your provided Security Key / CAPTCHA. Please check and try again.) — reloading
    [CAPTCHA] Attempt 2: solved="8411" — submitting...
    [CAPTCHA] Attempt 2: ✗ MISMATCH (server: Could not validate your provided Security Key / CAPTCHA. Please check and try again.) — reloading
    [CAPTCHA] Attempt 3: solver returned "(empty)" (invalid length=0) — reloading
    [CAPTCHA] Attempt 4: solved="4915" — submitting...
    [CAPTCHA] Attempt 4: captcha OK but no result for this EIIN/year
NO RESULT
[215/1646] SSC 2016 EIIN=138941 ...     [CAPTCHA] Attempt 1: solved="2170" — submitting...
    [CAPTCHA] Attempt 1: captcha OK but no result for this EIIN/year
NO RESULT
[216/1646] SSC 2017 EIIN=138941 ...     [CAPTCHA] Attempt 1: solver returned "(empty)" (invalid length=0) — reloading
    [CAPTCHA] Attempt 2: solved="1824" — submitting...
    [CAPTCHA] Attempt 2: ✗ MISMATCH (server: Could not validate your provided Security Key / CAPTCHA. Please check and try again.) — reloading
    [CAPTCHA] Attempt 3: solver returned "(empty)" (invalid length=0) — reloading
    [CAPTCHA] Attempt 4: solved="1564" — submitting...
    [CAPTCHA] Attempt 4: ✗ MISMATCH (server: Could not validate your provided Security Key / CAPTCHA. Please check and try again.) — reloading
    [CAPTCHA] Attempt 5: solved="2232" — submitting...
    [CAPTCHA] Attempt 5: captcha OK but no result for this EIIN/year
NO RESULT
[217/1646] SSC 2018 EIIN=138941 ...     [CAPTCHA] Attempt 1: solved="1204" — submitting...
    [CAPTCHA] Attempt 1: captcha OK but no result for this EIIN/year
NO RESULT
[218/1646] SSC 2019 EIIN=138941 ...     [CAPTCHA] Attempt 1: solved="8735" — submitting...
    [CAPTCHA] Attempt 1: captcha OK but no result for this EIIN/year
NO RESULT
[219/1646] SSC 2020 EIIN=138941 ...     [CAPTCHA] Attempt 1: solver returned "(empty)" (invalid length=0) — reloading
    [CAPTCHA] Attempt 2: solver returned "(empty)" (invalid length=0) — reloading
    [CAPTCHA] Attempt 3: solved="1828" — submitting...
    [CAPTCHA] Attempt 3: captcha OK but no result for this EIIN/year
NO RESULT
[220/1646] SSC 2021 EIIN=138941 ...     [CAPTCHA] Attempt 1: solved="8558" — submitting...
    [CAPTCHA] Attempt 1: captcha OK but no result for this EIIN/year
NO RESULT
[221/1646] SSC 2022 EIIN=138941 ...     [CAPTCHA] Attempt 1: solver returned "(empty)" (invalid length=0) — reloading
    [CAPTCHA] Attempt 2: solver returned "(empty)" (invalid length=0) — reloading
    [CAPTCHA] Attempt 3: solved="3026" — submitting...
    [CAPTCHA] Attempt 3: ✗ MISMATCH (server: Could not validate your provided Security Key / CAPTCHA. Please check and try again.) — reloading
    [CAPTCHA] Attempt 4: solved="4580" — submitting...
    [CAPTCHA] Attempt 4: captcha OK but no result for this EIIN/year
NO RESULT
[222/1646] SSC 2023 EIIN=138941 ...     [CAPTCHA] Attempt 1: solved="7163" — submitting...
    [CAPTCHA] Attempt 1: ✗ MISMATCH (server: Could not validate your provided Security Key / CAPTCHA. Please check and try again.) — reloading
    [CAPTCHA] Attempt 2: solved="6085" — submitting...
    [CAPTCHA] Attempt 2: ✗ MISMATCH (server: Could not validate your provided Security Key / CAPTCHA. Please check and try again.) — reloading
    [CAPTCHA] Attempt 3: solved="5429" — submitting...
    [CAPTCHA] Attempt 3: captcha OK but no result for this EIIN/year
NO RESULT
[223/1646] SSC 2024 EIIN=138941 ...     [CAPTCHA] Attempt 1: solved="6504" — submitting...
    [CAPTCHA] Attempt 1: captcha OK but no result for this EIIN/year
NO RESULT
[224/1646] SSC 2025 EIIN=138941 ...     [CAPTCHA] Attempt 1: solved="8121" — submitting...
    [CAPTCHA] Attempt 1: captcha OK but no result for this EIIN/year
NO RESULT
[225/1646] SSC 2026 EIIN=138941 ...     [CAPTCHA] Attempt 1: solved="4632" — submitting...
    [CAPTCHA] Attempt 1: ✗ MISMATCH (server: Could not validate your provided Security Key / CAPTCHA. Please check and try again.) — reloading
    [CAPTCHA] Attempt 2: solved="9112" — submitting...
    [CAPTCHA] Attempt 2: ✗ MISMATCH (server: Could not validate your provided Security Key / CAPTCHA. Please check and try again.) — reloading
    [CAPTCHA] Attempt 3: solved="8123" — submitting...
    [CAPTCHA] Attempt 3: ✗ MISMATCH (server: Could not validate your provided Security Key / CAPTCHA. Please check and try again.) — reloading
    [CAPTCHA] Attempt 4: solver returned "(empty)" (invalid length=0) — reloading
    [CAPTCHA] Attempt 5: solved="6301" — submitting...
    [CAPTCHA] Attempt 5: captcha OK but no result for this EIIN/year
NO RESULT
[226/1646] SSC 2011 EIIN=134596 ...     [CAPTCHA] Attempt 1: solver returned "(empty)" (invalid length=0) — reloading
    [CAPTCHA] Attempt 2: solved="8355" — submitting...
    [CAPTCHA] Attempt 2: captcha OK but no result for this EIIN/year
NO RESULT
[227/1646] SSC 2012 EIIN=134596 ...     [CAPTCHA] Attempt 1: solver returned "784" (invalid length=3) — reloading
    [CAPTCHA] Attempt 2: solved="6428" — submitting...
    [CAPTCHA] Attempt 2: ✗ MISMATCH (server: Could not validate your provided Security Key / CAPTCHA. Please check and try again.) — reloading
    [CAPTCHA] Attempt 3: solved="7556" — submitting...
    [CAPTCHA] Attempt 3: ✗ MISMATCH (server: Could not validate your provided Security Key / CAPTCHA. Please check and try again.) — reloading
    [CAPTCHA] Attempt 4: solved="1654" — submitting...
    [CAPTCHA] Attempt 4: captcha OK but no result for this EIIN/year
NO RESULT
[228/1646] SSC 2013 EIIN=134596 ...     [CAPTCHA] Attempt 1: solved="7124" — submitting...
    [CAPTCHA] Attempt 1: ✗ MISMATCH (server: Could not validate your provided Security Key / CAPTCHA. Please check and try again.) — reloading
    [CAPTCHA] Attempt 2: solved="4848" — submitting...
    [CAPTCHA] Attempt 2: captcha OK but no result for this EIIN/year
NO RESULT
[229/1646] SSC 2014 EIIN=134596 ...     [CAPTCHA] Attempt 1: solved="5314" — submitting...
    [CAPTCHA] Attempt 1: ✗ MISMATCH (server: Could not validate your provided Security Key / CAPTCHA. Please check and try again.) — reloading
    [CAPTCHA] Attempt 2: solved="2074" — submitting...
    [CAPTCHA] Attempt 2: captcha OK but no result for this EIIN/year
NO RESULT
[230/1646] SSC 2015 EIIN=134596 ...     [CAPTCHA] Attempt 1: solved="8017" — submitting...
    [CAPTCHA] Attempt 1: ✗ MISMATCH (server: Could not validate your provided Security Key / CAPTCHA. Please check and try again.) — reloading
    [CAPTCHA] Attempt 2: solver returned "(empty)" (invalid length=0) — reloading
    [CAPTCHA] Attempt 3: solved="8270" — submitting...
    [CAPTCHA] Attempt 3: ✗ MISMATCH (server: Could not validate your provided Security Key / CAPTCHA. Please check and try again.) — reloading
    [CAPTCHA] Attempt 4: solver returned "(empty)" (invalid length=0) — reloading
    [CAPTCHA] Attempt 5: solver returned "(empty)" (invalid length=0) — reloading
    [CAPTCHA] Attempt 6: solver returned "(empty)" (invalid length=0) — reloading
    [CAPTCHA] Attempt 7: solved="0102" — submitting...
    [CAPTCHA] Attempt 7: ✗ MISMATCH (server: Could not validate your provided Security Key / CAPTCHA. Please check and try again.) — reloading
    [CAPTCHA] Attempt 8: solved="4630" — submitting...
    [CAPTCHA] Attempt 8: captcha OK but no result for this EIIN/year
NO RESULT
[231/1646] SSC 2016 EIIN=134596 ...     [CAPTCHA] Attempt 1: solved="2914" — submitting...
    [CAPTCHA] Attempt 1: captcha OK but no result for this EIIN/year
NO RESULT
[232/1646] SSC 2011 EIIN=108154 ...     [CAPTCHA] Attempt 1: solved="7970" — submitting...
    [CAPTCHA] Attempt 1: ✗ MISMATCH (server: Could not validate your provided Security Key / CAPTCHA. Please check and try again.) — reloading
    [CAPTCHA] Attempt 2: solved="7602" — submitting...
    [CAPTCHA] Attempt 2: ✗ MISMATCH (server: Could not validate your provided Security Key / CAPTCHA. Please check and try again.) — reloading
    [CAPTCHA] Attempt 3: solved="8528" — submitting...
    [CAPTCHA] Attempt 3: captcha OK but no result for this EIIN/year
NO RESULT
[233/1646] SSC 2012 EIIN=108154 ...     [CAPTCHA] Attempt 1: solver returned "(empty)" (invalid length=0) — reloading
    [CAPTCHA] Attempt 2: solved="7719" — submitting...
    [CAPTCHA] Attempt 2: ✗ MISMATCH (server: Could not validate your provided Security Key / CAPTCHA. Please check and try again.) — reloading
    [CAPTCHA] Attempt 3: solved="4350" — submitting...
    [CAPTCHA] Attempt 3: captcha OK but no result for this EIIN/year
NO RESULT
[234/1646] SSC 2013 EIIN=108154 ...     [CAPTCHA] Attempt 1: solved="2444" — submitting...
    [CAPTCHA] Attempt 1: ✗ MISMATCH (server: Could not validate your provided Security Key / CAPTCHA. Please check and try again.) — reloading
    [CAPTCHA] Attempt 2: solved="1906" — submitting...
    [CAPTCHA] Attempt 2: captcha OK but no result for this EIIN/year
NO RESULT
[235/1646] SSC 2014 EIIN=108154 ...     [CAPTCHA] Attempt 1: solver returned "(empty)" (invalid length=0) — reloading
    [CAPTCHA] Attempt 2: solved="6075" — submitting...
    [CAPTCHA] Attempt 2: captcha OK but no result for this EIIN/year
NO RESULT
[236/1646] SSC 2015 EIIN=108154 ...     [CAPTCHA] Attempt 1: solved="5875" — submitting...
    [CAPTCHA] Attempt 1: captcha OK but no result for this EIIN/year
NO RESULT
[237/1646] SSC 2016 EIIN=108154 ...     [CAPTCHA] Attempt 1: solved="9264" — submitting...
    [CAPTCHA] Attempt 1: captcha OK but no result for this EIIN/year
NO RESULT
[238/1646] SSC 2011 EIIN=134457 ...     [CAPTCHA] Attempt 1: solved="8653" — submitting...
    [CAPTCHA] Attempt 1: captcha OK but no result for this EIIN/year
NO RESULT
[239/1646] SSC 2012 EIIN=134457 ...     [CAPTCHA] Attempt 1: solved="2173" — submitting...
    [CAPTCHA] Attempt 1: captcha OK but no result for this EIIN/year
NO RESULT
[240/1646] SSC 2013 EIIN=134457 ...     [CAPTCHA] Attempt 1: solved="6907" — submitting...
    [CAPTCHA] Attempt 1: ✗ MISMATCH (server: Could not validate your provided Security Key / CAPTCHA. Please check and try again.) — reloading
    [CAPTCHA] Attempt 2: solved="4541" — submitting...
    [CAPTCHA] Attempt 2: ✗ MISMATCH (server: Could not validate your provided Security Key / CAPTCHA. Please check and try again.) — reloading
    [CAPTCHA] Attempt 3: solved="7698" — submitting...
    [CAPTCHA] Attempt 3: captcha OK but no result for this EIIN/year
NO RESULT
[241/1646] SSC 2014 EIIN=134457 ...     [CAPTCHA] Attempt 1: solver returned "(empty)" (invalid length=0) — reloading
    [CAPTCHA] Attempt 2: solver returned "(empty)" (invalid length=0) — reloading
    [CAPTCHA] Attempt 3: solver returned "(empty)" (invalid length=0) — reloading
    [CAPTCHA] Attempt 4: solved="5210" — submitting...
    [CAPTCHA] Attempt 4: captcha OK but no result for this EIIN/year
NO RESULT
[242/1646] SSC 2015 EIIN=134457 ...     [CAPTCHA] Attempt 1: solved="1760" — submitting...
    [CAPTCHA] Attempt 1: ✗ MISMATCH (server: Could not validate your provided Security Key / CAPTCHA. Please check and try again.) — reloading
    [CAPTCHA] Attempt 2: solved="8488" — submitting...
    [CAPTCHA] Attempt 2: ✗ MISMATCH (server: Could not validate your provided Security Key / CAPTCHA. Please check and try again.) — reloading
    [CAPTCHA] Attempt 3: solver returned "(empty)" (invalid length=0) — reloading
    [CAPTCHA] Attempt 4: solved="1574" — submitting...
    [CAPTCHA] Attempt 4: ✗ MISMATCH (server: Could not validate your provided Security Key / CAPTCHA. Please check and try again.) — reloading
    [CAPTCHA] Attempt 5: solver returned "(empty)" (invalid length=0) — reloading
    [CAPTCHA] Attempt 6: solved="8915" — submitting...
    [CAPTCHA] Attempt 6: ✗ MISMATCH (server: Could not validate your provided Security Key / CAPTCHA. Please check and try again.) — reloading
    [CAPTCHA] Attempt 7: solved="4731" — submitting...
    [CAPTCHA] Attempt 7: ✗ MISMATCH (server: Could not validate your provided Security Key / CAPTCHA. Please check and try again.) — reloading
    [CAPTCHA] Attempt 8: solved="7045" — submitting...
    [CAPTCHA] Attempt 8: captcha OK but no result for this EIIN/year
NO RESULT
[243/1646] SSC 2016 EIIN=134457 ...     [CAPTCHA] Attempt 1: solved="7617" — submitting...
    [CAPTCHA] Attempt 1: ✗ MISMATCH (server: Could not validate your provided Security Key / CAPTCHA. Please check and try again.) — reloading
    [CAPTCHA] Attempt 2: solved="7718" — submitting...
    [CAPTCHA] Attempt 2: ✗ MISMATCH (server: Could not validate your provided Security Key / CAPTCHA. Please check and try again.) — reloading
    [CAPTCHA] Attempt 3: solved="8571" — submitting...
    [CAPTCHA] Attempt 3: ✗ MISMATCH (server: Could not validate your provided Security Key / CAPTCHA. Please check and try again.) — reloading
    [CAPTCHA] Attempt 4: solver returned "(empty)" (invalid length=0) — reloading
    [CAPTCHA] Attempt 5: solved="1445" — submitting...
    [CAPTCHA] Attempt 5: ✗ MISMATCH (server: Could not validate your provided Security Key / CAPTCHA. Please check and try again.) — reloading
    [CAPTCHA] Attempt 6: solved="3759" — submitting...
    [CAPTCHA] Attempt 6: captcha OK but no result for this EIIN/year
NO RESULT
[244/1646] SSC 2017 EIIN=134457 ...     [CAPTCHA] Attempt 1: solved="5871" — submitting...
    [CAPTCHA] Attempt 1: ✗ MISMATCH (server: Could not validate your provided Security Key / CAPTCHA. Please check and try again.) — reloading
    [CAPTCHA] Attempt 2: solved="9323" — submitting...
    [CAPTCHA] Attempt 2: captcha OK but no result for this EIIN/year
NO RESULT
[245/1646] SSC 2018 EIIN=134457 ...     [CAPTCHA] Attempt 1: solved="4145" — submitting...
    [CAPTCHA] Attempt 1: ✗ MISMATCH (server: Could not validate your provided Security Key / CAPTCHA. Please check and try again.) — reloading
    [CAPTCHA] Attempt 2: solved="4865" — submitting...
    [CAPTCHA] Attempt 2: captcha OK but no result for this EIIN/year
NO RESULT
[246/1646] SSC 2019 EIIN=134457 ...     [CAPTCHA] Attempt 1: solved="5132" — submitting...
    [CAPTCHA] Attempt 1: ✗ MISMATCH (server: Could not validate your provided Security Key / CAPTCHA. Please check and try again.) — reloading
    [CAPTCHA] Attempt 2: solved="1052" — submitting...
    [CAPTCHA] Attempt 2: ✗ MISMATCH (server: Could not validate your provided Security Key / CAPTCHA. Please check and try again.) — reloading
    [CAPTCHA] Attempt 3: solver returned "(empty)" (invalid length=0) — reloading
    [CAPTCHA] Attempt 4: solved="6177" — submitting...
    [CAPTCHA] Attempt 4: captcha OK but no result for this EIIN/year
NO RESULT
[247/1646] SSC 2020 EIIN=134457 ...     [CAPTCHA] Attempt 1: solved="3302" — submitting...
    [CAPTCHA] Attempt 1: ✗ MISMATCH (server: Could not validate your provided Security Key / CAPTCHA. Please check and try again.) — reloading
    [CAPTCHA] Attempt 2: solver returned "(empty)" (invalid length=0) — reloading
    [CAPTCHA] Attempt 3: solved="1739" — submitting...
    [CAPTCHA] Attempt 3: ✗ MISMATCH (server: Could not validate your provided Security Key / CAPTCHA. Please check and try again.) — reloading
    [CAPTCHA] Attempt 4: solved="5210" — submitting...
    [CAPTCHA] Attempt 4: captcha OK but no result for this EIIN/year
NO RESULT
[248/1646] SSC 2021 EIIN=134457 ...     [CAPTCHA] Attempt 1: solved="1888" — submitting...
    [CAPTCHA] Attempt 1: ✗ MISMATCH (server: Could not validate your provided Security Key / CAPTCHA. Please check and try again.) — reloading
    [CAPTCHA] Attempt 2: solver returned "(empty)" (invalid length=0) — reloading
    [CAPTCHA] Attempt 3: solved="6181" — submitting...
    [CAPTCHA] Attempt 3: captcha OK but no result for this EIIN/year
NO RESULT
[249/1646] SSC 2022 EIIN=134457 ...     [CAPTCHA] Attempt 1: solved="3596" — submitting...
    [CAPTCHA] Attempt 1: ✗ MISMATCH (server: Could not validate your provided Security Key / CAPTCHA. Please check and try again.) — reloading
    [CAPTCHA] Attempt 2: solver returned "(empty)" (invalid length=0) — reloading
    [CAPTCHA] Attempt 3: solved="8656" — submitting...
    [CAPTCHA] Attempt 3: captcha OK but no result for this EIIN/year
NO RESULT
[250/1646] SSC 2023 EIIN=134457 ...     [CAPTCHA] Attempt 1: solved="9888" — submitting...
    [CAPTCHA] Attempt 1: ✗ MISMATCH (server: Could not validate your provided Security Key / CAPTCHA. Please check and try again.) — reloading
    [CAPTCHA] Attempt 2: solved="7704" — submitting...
    [CAPTCHA] Attempt 2: captcha OK but no result for this EIIN/year
NO RESULT
[251/1646] SSC 2024 EIIN=134457 ...     [CAPTCHA] Attempt 1: solved="7554" — submitting...
    [CAPTCHA] Attempt 1: ✗ MISMATCH (server: Could not validate your provided Security Key / CAPTCHA. Please check and try again.) — reloading
    [CAPTCHA] Attempt 2: solver returned "(empty)" (invalid length=0) — reloading
    [CAPTCHA] Attempt 3: solved="2465" — submitting...
    [CAPTCHA] Attempt 3: ✗ MISMATCH (server: Could not validate your provided Security Key / CAPTCHA. Please check and try again.) — reloading
    [CAPTCHA] Attempt 4: solver returned "(empty)" (invalid length=0) — reloading
    [CAPTCHA] Attempt 5: solved="9394" — submitting...
    [CAPTCHA] Attempt 5: ✗ MISMATCH (server: Could not validate your provided Security Key / CAPTCHA. Please check and try again.) — reloading
    [CAPTCHA] Attempt 6: solved="2906" — submitting...
    [CAPTCHA] Attempt 6: captcha OK but no result for this EIIN/year
NO RESULT
[252/1646] SSC 2025 EIIN=134457 ...     [CAPTCHA] Attempt 1: solved="0043" — submitting...
    [CAPTCHA] Attempt 1: ✗ MISMATCH (server: Could not validate your provided Security Key / CAPTCHA. Please check and try again.) — reloading
    [CAPTCHA] Attempt 2: solved="8137" — submitting...
    [CAPTCHA] Attempt 2: captcha OK but no result for this EIIN/year
NO RESULT
[253/1646] SSC 2026 EIIN=134457 ...     [CAPTCHA] Attempt 1: solver returned "(empty)" (invalid length=0) — reloading
    [CAPTCHA] Attempt 2: solved="7719" — submitting...
    [CAPTCHA] Attempt 2: ✗ MISMATCH (server: Could not validate your provided Security Key / CAPTCHA. Please check and try again.) — reloading
    [CAPTCHA] Attempt 3: solved="7276" — submitting...
    [CAPTCHA] Attempt 3: captcha OK but no result for this EIIN/year
NO RESULT
[254/1646] SSC 2011 EIIN=134105 ...     [CAPTCHA] Attempt 1: solved="6894" — submitting...
    [CAPTCHA] Attempt 1: captcha OK but no result for this EIIN/year
NO RESULT
[255/1646] SSC 2016 EIIN=134105 ...     [CAPTCHA] Attempt 1: solver returned "65" (invalid length=2) — reloading
    [CAPTCHA] Attempt 2: solved="8943" — submitting...
    [CAPTCHA] Attempt 2: ✗ MISMATCH (server: Could not validate your provided Security Key / CAPTCHA. Please check and try again.) — reloading
    [CAPTCHA] Attempt 3: solver returned "4" (invalid length=1) — reloading
    [CAPTCHA] Attempt 4: solved="1689" — submitting...
    [CAPTCHA] Attempt 4: ✗ MISMATCH (server: Could not validate your provided Security Key / CAPTCHA. Please check and try again.) — reloading
    [CAPTCHA] Attempt 5: solved="5321" — submitting...
    [CAPTCHA] Attempt 5: ✗ MISMATCH (server: Could not validate your provided Security Key / CAPTCHA. Please check and try again.) — reloading
    [CAPTCHA] Attempt 6: solver returned "(empty)" (invalid length=0) — reloading
    [CAPTCHA] Attempt 7: solved="6576" — submitting...
    [CAPTCHA] Attempt 7: captcha OK but no result for this EIIN/year
NO RESULT
[256/1646] SSC 2017 EIIN=134105 ...     [CAPTCHA] Attempt 1: solver returned "(empty)" (invalid length=0) — reloading
    [CAPTCHA] Attempt 2: solved="1846" — submitting...
    [CAPTCHA] Attempt 2: ✗ MISMATCH (server: Could not validate your provided Security Key / CAPTCHA. Please check and try again.) — reloading
    [CAPTCHA] Attempt 3: solver returned "(empty)" (invalid length=0) — reloading
    [CAPTCHA] Attempt 4: solved="4830" — submitting...
    [CAPTCHA] Attempt 4: ✗ MISMATCH (server: Could not validate your provided Security Key / CAPTCHA. Please check and try again.) — reloading
    [CAPTCHA] Attempt 5: solved="5899" — submitting...
    [CAPTCHA] Attempt 5: captcha OK but no result for this EIIN/year
NO RESULT
[257/1646] SSC 2018 EIIN=134105 ...     [CAPTCHA] Attempt 1: solved="9892" — submitting...
    [CAPTCHA] Attempt 1: ✗ MISMATCH (server: Could not validate your provided Security Key / CAPTCHA. Please check and try again.) — reloading
    [CAPTCHA] Attempt 2: solver returned "7" (invalid length=1) — reloading
    [CAPTCHA] Attempt 3: solver returned "(empty)" (invalid length=0) — reloading
    [CAPTCHA] Attempt 4: solver returned "(empty)" (invalid length=0) — reloading
    [CAPTCHA] Attempt 5: solved="2216" — submitting...
    [CAPTCHA] Attempt 5: ✗ MISMATCH (server: Could not validate your provided Security Key / CAPTCHA. Please check and try again.) — reloading
    [CAPTCHA] Attempt 6: solver returned "776" (invalid length=3) — reloading
    [CAPTCHA] Attempt 7: solved="8937" — submitting...
    [CAPTCHA] Attempt 7: ✗ MISMATCH (server: Could not validate your provided Security Key / CAPTCHA. Please check and try again.) — reloading
    [CAPTCHA] Attempt 8: solved="4360" — submitting...
    [CAPTCHA] Attempt 8: ✗ MISMATCH (server: Could not validate your provided Security Key / CAPTCHA. Please check and try again.) — reloading
    [CAPTCHA] Attempt 9: solver returned "(empty)" (invalid length=0) — reloading
    [CAPTCHA] Attempt 10: solved="5706" — submitting...
    [CAPTCHA] Attempt 10: ✗ MISMATCH (server: Could not validate your provided Security Key / CAPTCHA. Please check and try again.) — reloading
    [CAPTCHA] Attempt 11: solved="1803" — submitting...
    [CAPTCHA] Attempt 11: ✗ MISMATCH (server: Could not validate your provided Security Key / CAPTCHA. Please check and try again.) — reloading
    [CAPTCHA] Attempt 12: solved="2779" — submitting...
    [CAPTCHA] Attempt 12: captcha OK but no result for this EIIN/year
NO RESULT
[258/1646] SSC 2019 EIIN=134105 ...     [CAPTCHA] Attempt 1: solved="9805" — submitting...
    [CAPTCHA] Attempt 1: ✗ MISMATCH (server: Could not validate your provided Security Key / CAPTCHA. Please check and try again.) — reloading
    [CAPTCHA] Attempt 2: solved="1844" — submitting...
    [CAPTCHA] Attempt 2: ✗ MISMATCH (server: Could not validate your provided Security Key / CAPTCHA. Please check and try again.) — reloading
    [CAPTCHA] Attempt 3: solved="6131" — submitting...
    [CAPTCHA] Attempt 3: ✗ MISMATCH (server: Could not validate your provided Security Key / CAPTCHA. Please check and try again.) — reloading
    [CAPTCHA] Attempt 4: solver returned "(empty)" (invalid length=0) — reloading
    [CAPTCHA] Attempt 5: solved="5875" — submitting...
    [CAPTCHA] Attempt 5: captcha OK but no result for this EIIN/year
NO RESULT
[259/1646] SSC 2020 EIIN=134105 ...     [CAPTCHA] Attempt 1: solver returned "(empty)" (invalid length=0) — reloading
    [CAPTCHA] Attempt 2: solved="1716" — submitting...
    [CAPTCHA] Attempt 2: ✗ MISMATCH (server: Could not validate your provided Security Key / CAPTCHA. Please check and try again.) — reloading
    [CAPTCHA] Attempt 3: solver returned "(empty)" (invalid length=0) — reloading
    [CAPTCHA] Attempt 4: solved="7864" — submitting...
    [CAPTCHA] Attempt 4: captcha OK but no result for this EIIN/year
NO RESULT
[260/1646] SSC 2021 EIIN=134105 ...     [CAPTCHA] Attempt 1: solved="1535" — submitting...
    [CAPTCHA] Attempt 1: ✗ MISMATCH (server: Could not validate your provided Security Key / CAPTCHA. Please check and try again.) — reloading
    [CAPTCHA] Attempt 2: solved="8133" — submitting...
    [CAPTCHA] Attempt 2: captcha OK but no result for this EIIN/year
NO RESULT
[261/1646] SSC 2022 EIIN=134105 ...     [CAPTCHA] Attempt 1: solver returned "(empty)" (invalid length=0) — reloading
    [CAPTCHA] Attempt 2: solved="4173" — submitting...
    [CAPTCHA] Attempt 2: ✗ MISMATCH (server: Could not validate your provided Security Key / CAPTCHA. Please check and try again.) — reloading
    [CAPTCHA] Attempt 3: solved="4128" — submitting...
    [CAPTCHA] Attempt 3: ✗ MISMATCH (server: Could not validate your provided Security Key / CAPTCHA. Please check and try again.) — reloading
    [CAPTCHA] Attempt 4: solver returned "(empty)" (invalid length=0) — reloading
    [CAPTCHA] Attempt 5: solved="1904" — submitting...
    [CAPTCHA] Attempt 5: captcha OK but no result for this EIIN/year
NO RESULT
[262/1646] SSC 2023 EIIN=134105 ...     [CAPTCHA] Attempt 1: solved="9152" — submitting...
    [CAPTCHA] Attempt 1: captcha OK but no result for this EIIN/year
NO RESULT
[263/1646] SSC 2024 EIIN=134105 ...     [CAPTCHA] Attempt 1: solved="9667" — submitting...
    [CAPTCHA] Attempt 1: ✗ MISMATCH (server: Could not validate your provided Security Key / CAPTCHA. Please check and try again.) — reloading
    [CAPTCHA] Attempt 2: solver returned "(empty)" (invalid length=0) — reloading
    [CAPTCHA] Attempt 3: solver returned "750" (invalid length=3) — reloading
    [CAPTCHA] Attempt 4: solved="5321" — submitting...
    [CAPTCHA] Attempt 4: captcha OK but no result for this EIIN/year
NO RESULT
[264/1646] SSC 2025 EIIN=134105 ...     [CAPTCHA] Attempt 1: solved="2926" — submitting...
    [CAPTCHA] Attempt 1: captcha OK but no result for this EIIN/year
NO RESULT
[265/1646] SSC 2026 EIIN=134105 ...     [CAPTCHA] Attempt 1: solved="7446" — submitting...
    [CAPTCHA] Attempt 1: ✗ MISMATCH (server: Could not validate your provided Security Key / CAPTCHA. Please check and try again.) — reloading
    [CAPTCHA] Attempt 2: solved="4324" — submitting...
    [CAPTCHA] Attempt 2: captcha OK but no result for this EIIN/year
NO RESULT
[266/1646] SSC 2011 EIIN=134042 ...     [CAPTCHA] Attempt 1: solver returned "(empty)" (invalid length=0) — reloading
    [CAPTCHA] Attempt 2: solved="9071" — submitting...
    [CAPTCHA] Attempt 2: ✗ MISMATCH (server: Could not validate your provided Security Key / CAPTCHA. Please check and try again.) — reloading
    [CAPTCHA] Attempt 3: solver returned "(empty)" (invalid length=0) — reloading
    [CAPTCHA] Attempt 4: solver returned "(empty)" (invalid length=0) — reloading
    [CAPTCHA] Attempt 5: solved="9841" — submitting...
    [CAPTCHA] Attempt 5: captcha OK but no result for this EIIN/year
NO RESULT
[267/1646] SSC 2012 EIIN=134042 ...     [CAPTCHA] Attempt 1: solved="3807" — submitting...
    [CAPTCHA] Attempt 1: captcha OK but no result for this EIIN/year
NO RESULT
[268/1646] SSC 2013 EIIN=134042 ...     [CAPTCHA] Attempt 1: solved="4879" — submitting...
    [CAPTCHA] Attempt 1: captcha OK but no result for this EIIN/year
NO RESULT
[269/1646] SSC 2014 EIIN=134042 ...     [CAPTCHA] Attempt 1: solved="1432" — submitting...
    [CAPTCHA] Attempt 1: captcha OK but no result for this EIIN/year
NO RESULT
[270/1646] SSC 2015 EIIN=134042 ...     [CAPTCHA] Attempt 1: solved="2652" — submitting...
    [CAPTCHA] Attempt 1: captcha OK but no result for this EIIN/year
NO RESULT
[271/1646] SSC 2011 EIIN=137368 ...     [CAPTCHA] Attempt 1: solver returned "491" (invalid length=3) — reloading
    [CAPTCHA] Attempt 2: solved="2179" — submitting...
    [CAPTCHA] Attempt 2: ✗ MISMATCH (server: Could not validate your provided Security Key / CAPTCHA. Please check and try again.) — reloading
    [CAPTCHA] Attempt 3: solved="7237" — submitting...
    [CAPTCHA] Attempt 3: ✗ MISMATCH (server: Could not validate your provided Security Key / CAPTCHA. Please check and try again.) — reloading
    [CAPTCHA] Attempt 4: solved="6232" — submitting...
    [CAPTCHA] Attempt 4: captcha OK but no result for this EIIN/year
NO RESULT
[272/1646] SSC 2012 EIIN=137368 ...     [CAPTCHA] Attempt 1: solved="5967" — submitting...
    [CAPTCHA] Attempt 1: captcha OK but no result for this EIIN/year
NO RESULT
[273/1646] SSC 2013 EIIN=137368 ...     [CAPTCHA] Attempt 1: solved="8355" — submitting...
    [CAPTCHA] Attempt 1: captcha OK but no result for this EIIN/year
NO RESULT
[274/1646] SSC 2014 EIIN=137368 ...     [CAPTCHA] Attempt 1: solved="5464" — submitting...
    [CAPTCHA] Attempt 1: ✗ MISMATCH (server: Could not validate your provided Security Key / CAPTCHA. Please check and try again.) — reloading
    [CAPTCHA] Attempt 2: solved="1424" — submitting...
    [CAPTCHA] Attempt 2: ✗ MISMATCH (server: Could not validate your provided Security Key / CAPTCHA. Please check and try again.) — reloading
    [CAPTCHA] Attempt 3: solved="2685" — submitting...
    [CAPTCHA] Attempt 3: ✗ MISMATCH (server: Could not validate your provided Security Key / CAPTCHA. Please check and try again.) — reloading
    [CAPTCHA] Attempt 4: solved="3581" — submitting...
    [CAPTCHA] Attempt 4: ✗ MISMATCH (server: Could not validate your provided Security Key / CAPTCHA. Please check and try again.) — reloading
    [CAPTCHA] Attempt 5: solved="2413" — submitting...
    [CAPTCHA] Attempt 5: ✗ MISMATCH (server: Could not validate your provided Security Key / CAPTCHA. Please check and try again.) — reloading
    [CAPTCHA] Attempt 6: solved="5822" — submitting...
    [CAPTCHA] Attempt 6: captcha OK but no result for this EIIN/year
NO RESULT
[275/1646] SSC 2015 EIIN=137368 ...     [CAPTCHA] Attempt 1: solved="5017" — submitting...
    [CAPTCHA] Attempt 1: ✗ MISMATCH (server: Could not validate your provided Security Key / CAPTCHA. Please check and try again.) — reloading
    [CAPTCHA] Attempt 2: solved="9753" — submitting...
    [CAPTCHA] Attempt 2: captcha OK but no result for this EIIN/year
NO RESULT
[276/1646] SSC 2016 EIIN=137368 ...     [CAPTCHA] Attempt 1: solved="4494" — submitting...
    [CAPTCHA] Attempt 1: ✗ MISMATCH (server: Could not validate your provided Security Key / CAPTCHA. Please check and try again.) — reloading
    [CAPTCHA] Attempt 2: solved="5686" — submitting...
    [CAPTCHA] Attempt 2: ✗ MISMATCH (server: Could not validate your provided Security Key / CAPTCHA. Please check and try again.) — reloading
    [CAPTCHA] Attempt 3: solved="6438" — submitting...
    [CAPTCHA] Attempt 3: captcha OK but no result for this EIIN/year
NO RESULT
[277/1646] SSC 2017 EIIN=137368 ...     [CAPTCHA] Attempt 1: solved="3449" — submitting...
    [CAPTCHA] Attempt 1: captcha OK but no result for this EIIN/year
NO RESULT
[278/1646] SSC 2018 EIIN=137368 ...     [CAPTCHA] Attempt 1: solved="3176" — submitting...
    [CAPTCHA] Attempt 1: ✗ MISMATCH (server: Could not validate your provided Security Key / CAPTCHA. Please check and try again.) — reloading
    [CAPTCHA] Attempt 2: solver returned "(empty)" (invalid length=0) — reloading
    [CAPTCHA] Attempt 3: solved="4165" — submitting...
    [CAPTCHA] Attempt 3: captcha OK but no result for this EIIN/year
NO RESULT
[279/1646] SSC 2011 EIIN=138971 ...     [CAPTCHA] Attempt 1: solved="7119" — submitting...
    [CAPTCHA] Attempt 1: ✗ MISMATCH (server: Could not validate your provided Security Key / CAPTCHA. Please check and try again.) — reloading
    [CAPTCHA] Attempt 2: solved="4567" — submitting...
    [CAPTCHA] Attempt 2: captcha OK but no result for this EIIN/year
NO RESULT
[280/1646] SSC 2012 EIIN=138971 ...     [CAPTCHA] Attempt 1: solved="5812" — submitting...
    [CAPTCHA] Attempt 1: captcha OK but no result for this EIIN/year
NO RESULT
[281/1646] SSC 2013 EIIN=138971 ...     [CAPTCHA] Attempt 1: solved="3619" — submitting...
    [CAPTCHA] Attempt 1: captcha OK but no result for this EIIN/year
NO RESULT
[282/1646] SSC 2014 EIIN=138971 ...     [CAPTCHA] Attempt 1: solved="2114" — submitting...
    [CAPTCHA] Attempt 1: captcha OK but no result for this EIIN/year
NO RESULT
[283/1646] SSC 2015 EIIN=138971 ...     [CAPTCHA] Attempt 1: solver returned "(empty)" (invalid length=0) — reloading
    [CAPTCHA] Attempt 2: solved="9721" — submitting...
    [CAPTCHA] Attempt 2: captcha OK but no result for this EIIN/year
NO RESULT
[284/1646] SSC 2016 EIIN=138971 ...     [CAPTCHA] Attempt 1: solved="8393" — submitting...
    [CAPTCHA] Attempt 1: captcha OK but no result for this EIIN/year
NO RESULT
[285/1646] SSC 2017 EIIN=138971 ...     [CAPTCHA] Attempt 1: solver returned "(empty)" (invalid length=0) — reloading
    [CAPTCHA] Attempt 2: solved="6853" — submitting...
    [CAPTCHA] Attempt 2: ✗ MISMATCH (server: Could not validate your provided Security Key / CAPTCHA. Please check and try again.) — reloading
    [CAPTCHA] Attempt 3: solved="2539" — submitting...
    [CAPTCHA] Attempt 3: captcha OK but no result for this EIIN/year
NO RESULT
[286/1646] SSC 2018 EIIN=138971 ...     [CAPTCHA] Attempt 1: solved="4577" — submitting...
    [CAPTCHA] Attempt 1: captcha OK but no result for this EIIN/year
NO RESULT
[287/1646] SSC 2019 EIIN=138971 ...     [CAPTCHA] Attempt 1: solved="2469" — submitting...
    [CAPTCHA] Attempt 1: captcha OK but no result for this EIIN/year
NO RESULT
[288/1646] SSC 2020 EIIN=138971 ...     [CAPTCHA] Attempt 1: solved="0457" — submitting...
    [CAPTCHA] Attempt 1: ✗ MISMATCH (server: Could not validate your provided Security Key / CAPTCHA. Please check and try again.) — reloading
    [CAPTCHA] Attempt 2: solved="3731" — submitting...
    [CAPTCHA] Attempt 2: ✗ MISMATCH (server: Could not validate your provided Security Key / CAPTCHA. Please check and try again.) — reloading
    [CAPTCHA] Attempt 3: solved="8175" — submitting...
    [CAPTCHA] Attempt 3: captcha OK but no result for this EIIN/year
NO RESULT
[289/1646] SSC 2021 EIIN=138971 ...     [CAPTCHA] Attempt 1: solved="4773" — submitting...
    [CAPTCHA] Attempt 1: ✗ MISMATCH (server: Could not validate your provided Security Key / CAPTCHA. Please check and try again.) — reloading
    [CAPTCHA] Attempt 2: solved="5945" — submitting...
    [CAPTCHA] Attempt 2: ✗ MISMATCH (server: Could not validate your provided Security Key / CAPTCHA. Please check and try again.) — reloading
    [CAPTCHA] Attempt 3: solver returned "(empty)" (invalid length=0) — reloading
    [CAPTCHA] Attempt 4: solved="9425" — submitting...
    [CAPTCHA] Attempt 4: captcha OK but no result for this EIIN/year
NO RESULT
[290/1646] SSC 2022 EIIN=138971 ...     [CAPTCHA] Attempt 1: solved="9393" — submitting...
    [CAPTCHA] Attempt 1: ✗ MISMATCH (server: Could not validate your provided Security Key / CAPTCHA. Please check and try again.) — reloading
    [CAPTCHA] Attempt 2: solved="1675" — submitting...
    [CAPTCHA] Attempt 2: ✗ MISMATCH (server: Could not validate your provided Security Key / CAPTCHA. Please check and try again.) — reloading
    [CAPTCHA] Attempt 3: solved="4502" — submitting...
    [CAPTCHA] Attempt 3: captcha OK but no result for this EIIN/year
NO RESULT
[291/1646] SSC 2011 EIIN=136110 ...     [CAPTCHA] Attempt 1: solver returned "(empty)" (invalid length=0) — reloading
    [CAPTCHA] Attempt 2: solved="9261" — submitting...
    [CAPTCHA] Attempt 2: ✗ MISMATCH (server: Could not validate your provided Security Key / CAPTCHA. Please check and try again.) — reloading
    [CAPTCHA] Attempt 3: solver returned "(empty)" (invalid length=0) — reloading
    [CAPTCHA] Attempt 4: solved="4686" — submitting...
    [CAPTCHA] Attempt 4: ✗ MISMATCH (server: Could not validate your provided Security Key / CAPTCHA. Please check and try again.) — reloading
    [CAPTCHA] Attempt 5: solved="7036" — submitting...
    [CAPTCHA] Attempt 5: captcha OK but no result for this EIIN/year
NO RESULT
[292/1646] SSC 2012 EIIN=136110 ...     [CAPTCHA] Attempt 1: solved="5311" — submitting...
    [CAPTCHA] Attempt 1: captcha OK but no result for this EIIN/year
NO RESULT
[293/1646] SSC 2013 EIIN=136110 ...     [CAPTCHA] Attempt 1: solved="6579" — submitting...
    [CAPTCHA] Attempt 1: captcha OK but no result for this EIIN/year
NO RESULT
[294/1646] SSC 2014 EIIN=136110 ...     [CAPTCHA] Attempt 1: solved="2335" — submitting...
    [CAPTCHA] Attempt 1: captcha OK but no result for this EIIN/year
NO RESULT
[295/1646] SSC 2015 EIIN=136110 ...     [CAPTCHA] Attempt 1: solved="5845" — submitting...
    [CAPTCHA] Attempt 1: captcha OK but no result for this EIIN/year
NO RESULT
[296/1646] SSC 2016 EIIN=136110 ...     [CAPTCHA] Attempt 1: solved="4741" — submitting...
    [CAPTCHA] Attempt 1: ✗ MISMATCH (server: Could not validate your provided Security Key / CAPTCHA. Please check and try again.) — reloading
    [CAPTCHA] Attempt 2: solved="1760" — submitting...
    [CAPTCHA] Attempt 2: ✗ MISMATCH (server: Could not validate your provided Security Key / CAPTCHA. Please check and try again.) — reloading
    [CAPTCHA] Attempt 3: solver returned "(empty)" (invalid length=0) — reloading
    [CAPTCHA] Attempt 4: solved="8181" — submitting...
    [CAPTCHA] Attempt 4: ✗ MISMATCH (server: Could not validate your provided Security Key / CAPTCHA. Please check and try again.) — reloading
    [CAPTCHA] Attempt 5: solved="3247" — submitting...
    [CAPTCHA] Attempt 5: captcha OK but no result for this EIIN/year
NO RESULT
[297/1646] SSC 2017 EIIN=136110 ...     [CAPTCHA] Attempt 1: solved="3493" — submitting...
    [CAPTCHA] Attempt 1: captcha OK but no result for this EIIN/year
NO RESULT
[298/1646] SSC 2018 EIIN=136110 ...     [CAPTCHA] Attempt 1: solved="5553" — submitting...
    [CAPTCHA] Attempt 1: ✗ MISMATCH (server: Could not validate your provided Security Key / CAPTCHA. Please check and try again.) — reloading
    [CAPTCHA] Attempt 2: solved="5615" — submitting...
    [CAPTCHA] Attempt 2: captcha OK but no result for this EIIN/year
NO RESULT
[299/1646] SSC 2019 EIIN=136110 ...     [CAPTCHA] Attempt 1: solver returned "(empty)" (invalid length=0) — reloading
    [CAPTCHA] Attempt 2: solver returned "(empty)" (invalid length=0) — reloading
    [CAPTCHA] Attempt 3: solved="4223" — submitting...
    [CAPTCHA] Attempt 3: ✗ MISMATCH (server: Could not validate your provided Security Key / CAPTCHA. Please check and try again.) — reloading
    [CAPTCHA] Attempt 4: solved="2828" — submitting...
    [CAPTCHA] Attempt 4: captcha OK but no result for this EIIN/year
NO RESULT
[300/1646] SSC 2020 EIIN=136110 ...     [CAPTCHA] Attempt 1: solved="5483" — submitting...
    [CAPTCHA] Attempt 1: ✗ MISMATCH (server: Could not validate your provided Security Key / CAPTCHA. Please check and try again.) — reloading
    [CAPTCHA] Attempt 2: solver returned "(empty)" (invalid length=0) — reloading
    [CAPTCHA] Attempt 3: solver returned "(empty)" (invalid length=0) — reloading
    [CAPTCHA] Attempt 4: solver returned "(empty)" (invalid length=0) — reloading
    [CAPTCHA] Attempt 5: solved="3082" — submitting...
    [CAPTCHA] Attempt 5: ✗ MISMATCH (server: Could not validate your provided Security Key / CAPTCHA. Please check and try again.) — reloading
    [CAPTCHA] Attempt 6: solver returned "(empty)" (invalid length=0) — reloading
    [CAPTCHA] Attempt 7: solved="1423" — submitting...
    [CAPTCHA] Attempt 7: ✗ MISMATCH (server: Could not validate your provided Security Key / CAPTCHA. Please check and try again.) — reloading
    [CAPTCHA] Attempt 8: solved="9908" — submitting...
    [CAPTCHA] Attempt 8: captcha OK but no result for this EIIN/year
NO RESULT

─── 300/1646 done | OK:0 FAIL:3 | ETA ≈ 1563.3 min ───

[301/1646] SSC 2021 EIIN=136110 ...     [CAPTCHA] Attempt 1: solved="6582" — submitting...
    [CAPTCHA] Attempt 1: ✗ MISMATCH (server: Could not validate your provided Security Key / CAPTCHA. Please check and try again.) — reloading
    [CAPTCHA] Attempt 2: solved="5308" — submitting...
    [CAPTCHA] Attempt 2: ✗ MISMATCH (server: Could not validate your provided Security Key / CAPTCHA. Please check and try again.) — reloading
    [CAPTCHA] Attempt 3: solved="5814" — submitting...
    [CAPTCHA] Attempt 3: captcha OK but no result for this EIIN/year
NO RESULT
[302/1646] SSC 2022 EIIN=136110 ...     [CAPTCHA] Attempt 1: solved="2884" — submitting...
    [CAPTCHA] Attempt 1: ✗ MISMATCH (server: Could not validate your provided Security Key / CAPTCHA. Please check and try again.) — reloading
    [CAPTCHA] Attempt 2: solver returned "(empty)" (invalid length=0) — reloading
    [CAPTCHA] Attempt 3: solver returned "(empty)" (invalid length=0) — reloading
    [CAPTCHA] Attempt 4: solved="1293" — submitting...
    [CAPTCHA] Attempt 4: ✗ MISMATCH (server: Could not validate your provided Security Key / CAPTCHA. Please check and try again.) — reloading
    [CAPTCHA] Attempt 5: solved="6816" — submitting...
    [CAPTCHA] Attempt 5: ✗ MISMATCH (server: Could not validate your provided Security Key / CAPTCHA. Please check and try again.) — reloading
    [CAPTCHA] Attempt 6: solved="3113" — submitting...
    [CAPTCHA] Attempt 6: captcha OK but no result for this EIIN/year
NO RESULT
[303/1646] SSC 2023 EIIN=136110 ...     [CAPTCHA] Attempt 1: solver returned "(empty)" (invalid length=0) — reloading
    [CAPTCHA] Attempt 2: solved="5144" — submitting...
    [CAPTCHA] Attempt 2: ✗ MISMATCH (server: Could not validate your provided Security Key / CAPTCHA. Please check and try again.) — reloading
    [CAPTCHA] Attempt 3: solved="9480" — submitting...
    [CAPTCHA] Attempt 3: captcha OK but no result for this EIIN/year
NO RESULT
[304/1646] SSC 2024 EIIN=136110 ...     [CAPTCHA] Attempt 1: solved="5130" — submitting...
    [CAPTCHA] Attempt 1: ✗ MISMATCH (server: Could not validate your provided Security Key / CAPTCHA. Please check and try again.) — reloading
    [CAPTCHA] Attempt 2: solved="7282" — submitting...
    [CAPTCHA] Attempt 2: ✗ MISMATCH (server: Could not validate your provided Security Key / CAPTCHA. Please check and try again.) — reloading
    [CAPTCHA] Attempt 3: solved="1718" — submitting...
    [CAPTCHA] Attempt 3: captcha OK but no result for this EIIN/year
NO RESULT
[305/1646] SSC 2025 EIIN=136110 ...     [CAPTCHA] Attempt 1: solved="7008" — submitting...
    [CAPTCHA] Attempt 1: ✗ MISMATCH (server: Could not validate your provided Security Key / CAPTCHA. Please check and try again.) — reloading
    [CAPTCHA] Attempt 2: solver returned "34" (invalid length=2) — reloading
    [CAPTCHA] Attempt 3: solved="5518" — submitting...
    [CAPTCHA] Attempt 3: ✗ MISMATCH (server: Could not validate your provided Security Key / CAPTCHA. Please check and try again.) — reloading
    [CAPTCHA] Attempt 4: solved="1219" — submitting...
    [CAPTCHA] Attempt 4: ✗ MISMATCH (server: Could not validate your provided Security Key / CAPTCHA. Please check and try again.) — reloading
    [CAPTCHA] Attempt 5: solved="6498" — submitting...
    [CAPTCHA] Attempt 5: ✗ MISMATCH (server: Could not validate your provided Security Key / CAPTCHA. Please check and try again.) — reloading
    [CAPTCHA] Attempt 6: solved="4499" — submitting...
    [CAPTCHA] Attempt 6: ✗ MISMATCH (server: Could not validate your provided Security Key / CAPTCHA. Please check and try again.) — reloading
    [CAPTCHA] Attempt 7: solved="4364" — submitting...
    [CAPTCHA] Attempt 7: captcha OK but no result for this EIIN/year
NO RESULT
[306/1646] SSC 2026 EIIN=136110 ...     [CAPTCHA] Attempt 1: solved="4761" — submitting...
    [CAPTCHA] Attempt 1: captcha OK but no result for this EIIN/year
NO RESULT
[307/1646] SSC 2011 EIIN=134195 ...     [CAPTCHA] Attempt 1: solved="5611" — submitting...
    [CAPTCHA] Attempt 1: ✗ MISMATCH (server: Could not validate your provided Security Key / CAPTCHA. Please check and try again.) — reloading
    [CAPTCHA] Attempt 2: solved="9048" — submitting...
    [CAPTCHA] Attempt 2: ✗ MISMATCH (server: Could not validate your provided Security Key / CAPTCHA. Please check and try again.) — reloading
    [CAPTCHA] Attempt 3: solver returned "(empty)" (invalid length=0) — reloading
    [CAPTCHA] Attempt 4: solver returned "(empty)" (invalid length=0) — reloading
    [CAPTCHA] Attempt 5: solved="9166" — submitting...
    [CAPTCHA] Attempt 5: ✗ MISMATCH (server: Could not validate your provided Security Key / CAPTCHA. Please check and try again.) — reloading
    [CAPTCHA] Attempt 6: solver returned "(empty)" (invalid length=0) — reloading
    [CAPTCHA] Attempt 7: solved="8612" — submitting...
    [CAPTCHA] Attempt 7: captcha OK but no result for this EIIN/year
NO RESULT
[308/1646] SSC 2012 EIIN=134195 ...     [CAPTCHA] Attempt 1: solved="4046" — submitting...
    [CAPTCHA] Attempt 1: ✗ MISMATCH (server: Could not validate your provided Security Key / CAPTCHA. Please check and try again.) — reloading
    [CAPTCHA] Attempt 2: solved="4667" — submitting...
    [CAPTCHA] Attempt 2: ✗ MISMATCH (server: Could not validate your provided Security Key / CAPTCHA. Please check and try again.) — reloading
    [CAPTCHA] Attempt 3: solved="0144" — submitting...
    [CAPTCHA] Attempt 3: ✗ MISMATCH (server: Could not validate your provided Security Key / CAPTCHA. Please check and try again.) — reloading
    [CAPTCHA] Attempt 4: solved="3450" — submitting...
    [CAPTCHA] Attempt 4: ✗ MISMATCH (server: Could not validate your provided Security Key / CAPTCHA. Please check and try again.) — reloading
    [CAPTCHA] Attempt 5: solved="0704" — submitting...
    [CAPTCHA] Attempt 5: ✗ MISMATCH (server: Could not validate your provided Security Key / CAPTCHA. Please check and try again.) — reloading
    [CAPTCHA] Attempt 6: solved="6583" — submitting...
    [CAPTCHA] Attempt 6: captcha OK but no result for this EIIN/year
NO RESULT
[309/1646] SSC 2013 EIIN=134195 ...     [CAPTCHA] Attempt 1: solver returned "(empty)" (invalid length=0) — reloading
    [CAPTCHA] Attempt 2: solved="5758" — submitting...
    [CAPTCHA] Attempt 2: ✗ MISMATCH (server: Could not validate your provided Security Key / CAPTCHA. Please check and try again.) — reloading
    [CAPTCHA] Attempt 3: solved="1365" — submitting...
    [CAPTCHA] Attempt 3: ✗ MISMATCH (server: Could not validate your provided Security Key / CAPTCHA. Please check and try again.) — reloading
    [CAPTCHA] Attempt 4: solver returned "(empty)" (invalid length=0) — reloading
    [CAPTCHA] Attempt 5: solved="9584" — submitting...
    [CAPTCHA] Attempt 5: ✗ MISMATCH (server: Could not validate your provided Security Key / CAPTCHA. Please check and try again.) — reloading
    [CAPTCHA] Attempt 6: solved="3808" — submitting...
    [CAPTCHA] Attempt 6: ✗ MISMATCH (server: Could not validate your provided Security Key / CAPTCHA. Please check and try again.) — reloading
    [CAPTCHA] Attempt 7: solved="1335" — submitting...
    [CAPTCHA] Attempt 7: ✗ MISMATCH (server: Could not validate your provided Security Key / CAPTCHA. Please check and try again.) — reloading
    [CAPTCHA] Attempt 8: solver returned "(empty)" (invalid length=0) — reloading
    [CAPTCHA] Attempt 9: solver returned "(empty)" (invalid length=0) — reloading
    [CAPTCHA] Attempt 10: solved="1638" — submitting...
    [CAPTCHA] Attempt 10: ✗ MISMATCH (server: Could not validate your provided Security Key / CAPTCHA. Please check and try again.) — reloading
    [CAPTCHA] Attempt 11: solver returned "(empty)" (invalid length=0) — reloading
    [CAPTCHA] Attempt 12: solver returned "354" (invalid length=3) — reloading
    [CAPTCHA] Attempt 13: solver returned "(empty)" (invalid length=0) — reloading
    [CAPTCHA] Attempt 14: solved="1902" — submitting...
    [CAPTCHA] Attempt 14: captcha OK but no result for this EIIN/year
NO RESULT
[310/1646] SSC 2014 EIIN=134195 ...     [CAPTCHA] Attempt 1: solved="4664" — submitting...
    [CAPTCHA] Attempt 1: ✗ MISMATCH (server: Could not validate your provided Security Key / CAPTCHA. Please check and try again.) — reloading
    [CAPTCHA] Attempt 2: solved="4423" — submitting...
    [CAPTCHA] Attempt 2: ✗ MISMATCH (server: Could not validate your provided Security Key / CAPTCHA. Please check and try again.) — reloading
    [CAPTCHA] Attempt 3: solved="7147" — submitting...
    [CAPTCHA] Attempt 3: captcha OK but no result for this EIIN/year
NO RESULT
[311/1646] SSC 2015 EIIN=134195 ...     [CAPTCHA] Attempt 1: solved="1533" — submitting...
    [CAPTCHA] Attempt 1: captcha OK but no result for this EIIN/year
NO RESULT
[312/1646] SSC 2016 EIIN=134195 ...     [CAPTCHA] Attempt 1: solved="1062" — submitting...
    [CAPTCHA] Attempt 1: ✗ MISMATCH (server: Could not validate your provided Security Key / CAPTCHA. Please check and try again.) — reloading
    [CAPTCHA] Attempt 2: solved="0783" — submitting...
    [CAPTCHA] Attempt 2: ✗ MISMATCH (server: Could not validate your provided Security Key / CAPTCHA. Please check and try again.) — reloading
    [CAPTCHA] Attempt 3: solved="2344" — submitting...
    [CAPTCHA] Attempt 3: captcha OK but no result for this EIIN/year
NO RESULT
[313/1646] SSC 2011 EIIN=135231 ...     [CAPTCHA] Attempt 1: solved="4826" — submitting...
    [CAPTCHA] Attempt 1: ✗ MISMATCH (server: Could not validate your provided Security Key / CAPTCHA. Please check and try again.) — reloading
    [CAPTCHA] Attempt 2: solved="6549" — submitting...
    [CAPTCHA] Attempt 2: captcha OK but no result for this EIIN/year
NO RESULT
[314/1646] SSC 2012 EIIN=135231 ...     [CAPTCHA] Attempt 1: solver returned "(empty)" (invalid length=0) — reloading
    [CAPTCHA] Attempt 2: solver returned "(empty)" (invalid length=0) — reloading
    [CAPTCHA] Attempt 3: solved="1898" — submitting...
    [CAPTCHA] Attempt 3: captcha OK but no result for this EIIN/year
NO RESULT
[315/1646] SSC 2013 EIIN=135231 ...     [CAPTCHA] Attempt 1: solved="1483" — submitting...
    [CAPTCHA] Attempt 1: ✗ MISMATCH (server: Could not validate your provided Security Key / CAPTCHA. Please check and try again.) — reloading
    [CAPTCHA] Attempt 2: solved="1073" — submitting...
    [CAPTCHA] Attempt 2: ✗ MISMATCH (server: Could not validate your provided Security Key / CAPTCHA. Please check and try again.) — reloading
    [CAPTCHA] Attempt 3: solved="8609" — submitting...
    [CAPTCHA] Attempt 3: captcha OK but no result for this EIIN/year
NO RESULT
[316/1646] SSC 2014 EIIN=135231 ...     [CAPTCHA] Attempt 1: solved="5409" — submitting...
    [CAPTCHA] Attempt 1: ✗ MISMATCH (server: Could not validate your provided Security Key / CAPTCHA. Please check and try again.) — reloading
    [CAPTCHA] Attempt 2: solver returned "(empty)" (invalid length=0) — reloading
    [CAPTCHA] Attempt 3: solver returned "(empty)" (invalid length=0) — reloading
    [CAPTCHA] Attempt 4: solved="1203" — submitting...
    [CAPTCHA] Attempt 4: ✗ MISMATCH (server: Could not validate your provided Security Key / CAPTCHA. Please check and try again.) — reloading
    [CAPTCHA] Attempt 5: solved="9923" — submitting...
    [CAPTCHA] Attempt 5: captcha OK but no result for this EIIN/year
NO RESULT
[317/1646] SSC 2015 EIIN=135231 ...     [CAPTCHA] Attempt 1: solved="2500" — submitting...
    [CAPTCHA] Attempt 1: captcha OK but no result for this EIIN/year
NO RESULT
[318/1646] SSC 2016 EIIN=135231 ...     [CAPTCHA] Attempt 1: solver returned "(empty)" (invalid length=0) — reloading
    [CAPTCHA] Attempt 2: solved="9341" — submitting...
    [CAPTCHA] Attempt 2: ✗ MISMATCH (server: Could not validate your provided Security Key / CAPTCHA. Please check and try again.) — reloading
    [CAPTCHA] Attempt 3: solver returned "(empty)" (invalid length=0) — reloading
    [CAPTCHA] Attempt 4: solved="1860" — submitting...
    [CAPTCHA] Attempt 4: captcha OK but no result for this EIIN/year
NO RESULT
[319/1646] SSC 2017 EIIN=135231 ...     [CAPTCHA] Attempt 1: solved="1694" — submitting...
    [CAPTCHA] Attempt 1: captcha OK but no result for this EIIN/year
NO RESULT
[320/1646] SSC 2018 EIIN=135231 ...     [CAPTCHA] Attempt 1: solver returned "(empty)" (invalid length=0) — reloading
    [CAPTCHA] Attempt 2: solver returned "(empty)" (invalid length=0) — reloading
    [CAPTCHA] Attempt 3: solved="6484" — submitting...
    [CAPTCHA] Attempt 3: captcha OK but no result for this EIIN/year
NO RESULT
[321/1646] SSC 2019 EIIN=135231 ...     [CAPTCHA] Attempt 1: solver returned "(empty)" (invalid length=0) — reloading
    [CAPTCHA] Attempt 2: solved="7451" — submitting...
    [CAPTCHA] Attempt 2: captcha OK but no result for this EIIN/year
NO RESULT
[322/1646] SSC 2020 EIIN=135231 ...     [CAPTCHA] Attempt 1: solved="2573" — submitting...
    [CAPTCHA] Attempt 1: ✗ MISMATCH (server: Could not validate your provided Security Key / CAPTCHA. Please check and try again.) — reloading
    [CAPTCHA] Attempt 2: solved="5223" — submitting...
    [CAPTCHA] Attempt 2: captcha OK but no result for this EIIN/year
NO RESULT
[323/1646] SSC 2021 EIIN=135231 ...     [CAPTCHA] Attempt 1: solved="8203" — submitting...
    [CAPTCHA] Attempt 1: captcha OK but no result for this EIIN/year
NO RESULT
[324/1646] SSC 2022 EIIN=135231 ...     [CAPTCHA] Attempt 1: solver returned "(empty)" (invalid length=0) — reloading
    [CAPTCHA] Attempt 2: solved="5429" — submitting...
    [CAPTCHA] Attempt 2: captcha OK but no result for this EIIN/year
NO RESULT
[325/1646] SSC 2023 EIIN=135231 ...     [CAPTCHA] Attempt 1: solver returned "(empty)" (invalid length=0) — reloading
    [CAPTCHA] Attempt 2: solved="1244" — submitting...
    [CAPTCHA] Attempt 2: ✗ MISMATCH (server: Could not validate your provided Security Key / CAPTCHA. Please check and try again.) — reloading
    [CAPTCHA] Attempt 3: solved="8645" — submitting...
    [CAPTCHA] Attempt 3: ✗ MISMATCH (server: Could not validate your provided Security Key / CAPTCHA. Please check and try again.) — reloading
    [CAPTCHA] Attempt 4: solver returned "(empty)" (invalid length=0) — reloading
    [CAPTCHA] Attempt 5: solved="1873" — submitting...
    [CAPTCHA] Attempt 5: captcha OK but no result for this EIIN/year
NO RESULT
[326/1646] SSC 2024 EIIN=135231 ...     [CAPTCHA] Attempt 1: solved="6070" — submitting...
    [CAPTCHA] Attempt 1: ✗ MISMATCH (server: Could not validate your provided Security Key / CAPTCHA. Please check and try again.) — reloading
    [CAPTCHA] Attempt 2: solved="9524" — submitting...
    [CAPTCHA] Attempt 2: ✗ MISMATCH (server: Could not validate your provided Security Key / CAPTCHA. Please check and try again.) — reloading
    [CAPTCHA] Attempt 3: solved="8053" — submitting...
    [CAPTCHA] Attempt 3: ✗ MISMATCH (server: Could not validate your provided Security Key / CAPTCHA. Please check and try again.) — reloading
    [CAPTCHA] Attempt 4: solved="8269" — submitting...
    [CAPTCHA] Attempt 4: ✗ MISMATCH (server: Could not validate your provided Security Key / CAPTCHA. Please check and try again.) — reloading
    [CAPTCHA] Attempt 5: solved="4277" — submitting...
    [CAPTCHA] Attempt 5: ✗ MISMATCH (server: Could not validate your provided Security Key / CAPTCHA. Please check and try again.) — reloading
    [CAPTCHA] Attempt 6: solved="3046" — submitting...
    [CAPTCHA] Attempt 6: captcha OK but no result for this EIIN/year
NO RESULT
[327/1646] SSC 2025 EIIN=135231 ...     [CAPTCHA] Attempt 1: solved="4847" — submitting...
    [CAPTCHA] Attempt 1: captcha OK but no result for this EIIN/year
NO RESULT
[328/1646] SSC 2026 EIIN=135231 ...     [CAPTCHA] Attempt 1: solved="4624" — submitting...
    [CAPTCHA] Attempt 1: ✗ MISMATCH (server: Could not validate your provided Security Key / CAPTCHA. Please check and try again.) — reloading
    [CAPTCHA] Attempt 2: solver returned "(empty)" (invalid length=0) — reloading
    [CAPTCHA] Attempt 3: solver returned "(empty)" (invalid length=0) — reloading
    [CAPTCHA] Attempt 4: solved="6439" — submitting...
    [CAPTCHA] Attempt 4: ✗ MISMATCH (server: Could not validate your provided Security Key / CAPTCHA. Please check and try again.) — reloading
    [CAPTCHA] Attempt 5: solved="0366" — submitting...
    [CAPTCHA] Attempt 5: ✗ MISMATCH (server: Could not validate your provided Security Key / CAPTCHA. Please check and try again.) — reloading
    [CAPTCHA] Attempt 6: solved="5344" — submitting...
    [CAPTCHA] Attempt 6: ✗ MISMATCH (server: Could not validate your provided Security Key / CAPTCHA. Please check and try again.) — reloading
    [CAPTCHA] Attempt 7: solver returned "(empty)" (invalid length=0) — reloading
    [CAPTCHA] Attempt 8: solved="7744" — submitting...
    [CAPTCHA] Attempt 8: captcha OK but no result for this EIIN/year
NO RESULT
[329/1646] SSC 2011 EIIN=134563 ...     [CAPTCHA] Attempt 1: solved="9753" — submitting...
    [CAPTCHA] Attempt 1: ✗ MISMATCH (server: Could not validate your provided Security Key / CAPTCHA. Please check and try again.) — reloading
    [CAPTCHA] Attempt 2: solved="4166" — submitting...
    [CAPTCHA] Attempt 2: ✗ MISMATCH (server: Could not validate your provided Security Key / CAPTCHA. Please check and try again.) — reloading
    [CAPTCHA] Attempt 3: solver returned "(empty)" (invalid length=0) — reloading
    [CAPTCHA] Attempt 4: solver returned "(empty)" (invalid length=0) — reloading
    [CAPTCHA] Attempt 5: solved="7547" — submitting...
    [CAPTCHA] Attempt 5: captcha OK but no result for this EIIN/year
NO RESULT
[330/1646] SSC 2012 EIIN=134563 ...     [CAPTCHA] Attempt 1: solver returned "(empty)" (invalid length=0) — reloading
    [CAPTCHA] Attempt 2: solver returned "(empty)" (invalid length=0) — reloading
    [CAPTCHA] Attempt 3: solver returned "(empty)" (invalid length=0) — reloading
    [CAPTCHA] Attempt 4: solved="0339" — submitting...
    [CAPTCHA] Attempt 4: ✗ MISMATCH (server: Could not validate your provided Security Key / CAPTCHA. Please check and try again.) — reloading
    [CAPTCHA] Attempt 5: solved="9378" — submitting...
    [CAPTCHA] Attempt 5: captcha OK but no result for this EIIN/year
NO RESULT
[331/1646] SSC 2013 EIIN=134563 ...     [CAPTCHA] Attempt 1: solved="2501" — submitting...
    [CAPTCHA] Attempt 1: ✗ MISMATCH (server: Could not validate your provided Security Key / CAPTCHA. Please check and try again.) — reloading
    [CAPTCHA] Attempt 2: solved="4982" — submitting...
    [CAPTCHA] Attempt 2: ✗ MISMATCH (server: Could not validate your provided Security Key / CAPTCHA. Please check and try again.) — reloading
    [CAPTCHA] Attempt 3: solved="5351" — submitting...
    [CAPTCHA] Attempt 3: ✗ MISMATCH (server: Could not validate your provided Security Key / CAPTCHA. Please check and try again.) — reloading
    [CAPTCHA] Attempt 4: solver returned "(empty)" (invalid length=0) — reloading
    [CAPTCHA] Attempt 5: solved="6940" — submitting...
    [CAPTCHA] Attempt 5: ✗ MISMATCH (server: Could not validate your provided Security Key / CAPTCHA. Please check and try again.) — reloading
    [CAPTCHA] Attempt 6: solver returned "(empty)" (invalid length=0) — reloading
    [CAPTCHA] Attempt 7: solver returned "(empty)" (invalid length=0) — reloading
    [CAPTCHA] Attempt 8: solved="1838" — submitting...
    [CAPTCHA] Attempt 8: ✗ MISMATCH (server: Could not validate your provided Security Key / CAPTCHA. Please check and try again.) — reloading
    [CAPTCHA] Attempt 9: solver returned "(empty)" (invalid length=0) — reloading
    [CAPTCHA] Attempt 10: solved="2574" — submitting...
    [CAPTCHA] Attempt 10: ✗ MISMATCH (server: Could not validate your provided Security Key / CAPTCHA. Please check and try again.) — reloading
    [CAPTCHA] Attempt 11: solved="5162" — submitting...
    [CAPTCHA] Attempt 11: captcha OK but no result for this EIIN/year
NO RESULT
[332/1646] SSC 2014 EIIN=134563 ...     [CAPTCHA] Attempt 1: solved="4154" — submitting...
    [CAPTCHA] Attempt 1: ✗ MISMATCH (server: Could not validate your provided Security Key / CAPTCHA. Please check and try again.) — reloading
    [CAPTCHA] Attempt 2: solved="9351" — submitting...
    [CAPTCHA] Attempt 2: captcha OK but no result for this EIIN/year
NO RESULT
[333/1646] SSC 2015 EIIN=134563 ...     [CAPTCHA] Attempt 1: solved="9265" — submitting...
    [CAPTCHA] Attempt 1: captcha OK but no result for this EIIN/year
NO RESULT
[334/1646] SSC 2016 EIIN=134563 ...     [CAPTCHA] Attempt 1: solved="5578" — submitting...
    [CAPTCHA] Attempt 1: ✗ MISMATCH (server: Could not validate your provided Security Key / CAPTCHA. Please check and try again.) — reloading
    [CAPTCHA] Attempt 2: solved="9154" — submitting...
    [CAPTCHA] Attempt 2: ✗ MISMATCH (server: Could not validate your provided Security Key / CAPTCHA. Please check and try again.) — reloading
    [CAPTCHA] Attempt 3: solved="8538" — submitting...
    [CAPTCHA] Attempt 3: ✗ MISMATCH (server: Could not validate your provided Security Key / CAPTCHA. Please check and try again.) — reloading
    [CAPTCHA] Attempt 4: solved="8039" — submitting...
    [CAPTCHA] Attempt 4: ✗ MISMATCH (server: Could not validate your provided Security Key / CAPTCHA. Please check and try again.) — reloading
    [CAPTCHA] Attempt 5: solved="1035" — submitting...
    [CAPTCHA] Attempt 5: ✗ MISMATCH (server: Could not validate your provided Security Key / CAPTCHA. Please check and try again.) — reloading
    [CAPTCHA] Attempt 6: solver returned "(empty)" (invalid length=0) — reloading
    [CAPTCHA] Attempt 7: solved="8092" — submitting...
    [CAPTCHA] Attempt 7: captcha OK but no result for this EIIN/year
NO RESULT
[335/1646] SSC 2017 EIIN=134563 ...     [CAPTCHA] Attempt 1: solved="7227" — submitting...
    [CAPTCHA] Attempt 1: ✗ MISMATCH (server: Could not validate your provided Security Key / CAPTCHA. Please check and try again.) — reloading
    [CAPTCHA] Attempt 2: solved="8461" — submitting...
    [CAPTCHA] Attempt 2: ✗ MISMATCH (server: Could not validate your provided Security Key / CAPTCHA. Please check and try again.) — reloading
    [CAPTCHA] Attempt 3: solved="1861" — submitting...
    [CAPTCHA] Attempt 3: ✗ MISMATCH (server: Could not validate your provided Security Key / CAPTCHA. Please check and try again.) — reloading
    [CAPTCHA] Attempt 4: solved="7008" — submitting...
    [CAPTCHA] Attempt 4: ✗ MISMATCH (server: Could not validate your provided Security Key / CAPTCHA. Please check and try again.) — reloading
    [CAPTCHA] Attempt 5: solved="8311" — submitting...
    [CAPTCHA] Attempt 5: ✗ MISMATCH (server: Could not validate your provided Security Key / CAPTCHA. Please check and try again.) — reloading
    [CAPTCHA] Attempt 6: solver returned "(empty)" (invalid length=0) — reloading
    [CAPTCHA] Attempt 7: solved="3807" — submitting...
    [CAPTCHA] Attempt 7: captcha OK but no result for this EIIN/year
NO RESULT
[336/1646] SSC 2018 EIIN=134563 ...     [CAPTCHA] Attempt 1: solved="6298" — submitting...
    [CAPTCHA] Attempt 1: captcha OK but no result for this EIIN/year
NO RESULT
[337/1646] SSC 2019 EIIN=134563 ...     [CAPTCHA] Attempt 1: solved="0443" — submitting...
    [CAPTCHA] Attempt 1: ✗ MISMATCH (server: Could not validate your provided Security Key / CAPTCHA. Please check and try again.) — reloading
    [CAPTCHA] Attempt 2: solved="1285" — submitting...
    [CAPTCHA] Attempt 2: ✗ MISMATCH (server: Could not validate your provided Security Key / CAPTCHA. Please check and try again.) — reloading
    [CAPTCHA] Attempt 3: solved="4148" — submitting...
    [CAPTCHA] Attempt 3: ✗ MISMATCH (server: Could not validate your provided Security Key / CAPTCHA. Please check and try again.) — reloading
    [CAPTCHA] Attempt 4: solved="4672" — submitting...
    [CAPTCHA] Attempt 4: ✗ MISMATCH (server: Could not validate your provided Security Key / CAPTCHA. Please check and try again.) — reloading
    [CAPTCHA] Attempt 5: solver returned "(empty)" (invalid length=0) — reloading
    [CAPTCHA] Attempt 6: solver returned "(empty)" (invalid length=0) — reloading
    [CAPTCHA] Attempt 7: solved="9862" — submitting...
    [CAPTCHA] Attempt 7: captcha OK but no result for this EIIN/year
NO RESULT
[338/1646] SSC 2020 EIIN=134563 ...     [CAPTCHA] Attempt 1: solver returned "(empty)" (invalid length=0) — reloading
    [CAPTCHA] Attempt 2: solved="2501" — submitting...
    [CAPTCHA] Attempt 2: ✗ MISMATCH (server: Could not validate your provided Security Key / CAPTCHA. Please check and try again.) — reloading
    [CAPTCHA] Attempt 3: solver returned "(empty)" (invalid length=0) — reloading
    [CAPTCHA] Attempt 4: solver returned "(empty)" (invalid length=0) — reloading
    [CAPTCHA] Attempt 5: solved="2395" — submitting...
    [CAPTCHA] Attempt 5: captcha OK but no result for this EIIN/year
NO RESULT
[339/1646] SSC 2021 EIIN=134563 ...     [CAPTCHA] Attempt 1: solved="6461" — submitting...
    [CAPTCHA] Attempt 1: captcha OK but no result for this EIIN/year
NO RESULT
[340/1646] SSC 2022 EIIN=134563 ...     [CAPTCHA] Attempt 1: solved="7987" — submitting...
    [CAPTCHA] Attempt 1: captcha OK but no result for this EIIN/year
NO RESULT
[341/1646] SSC 2023 EIIN=134563 ...     [CAPTCHA] Attempt 1: solved="7211" — submitting...
    [CAPTCHA] Attempt 1: ✗ MISMATCH (server: Could not validate your provided Security Key / CAPTCHA. Please check and try again.) — reloading
    [CAPTCHA] Attempt 2: solved="2015" — submitting...
    [CAPTCHA] Attempt 2: ✗ MISMATCH (server: Could not validate your provided Security Key / CAPTCHA. Please check and try again.) — reloading
    [CAPTCHA] Attempt 3: solved="6036" — submitting...
    [CAPTCHA] Attempt 3: ✗ MISMATCH (server: Could not validate your provided Security Key / CAPTCHA. Please check and try again.) — reloading
    [CAPTCHA] Attempt 4: solved="1455" — submitting...
    [CAPTCHA] Attempt 4: ✗ MISMATCH (server: Could not validate your provided Security Key / CAPTCHA. Please check and try again.) — reloading
    [CAPTCHA] Attempt 5: solved="9534" — submitting...
    [CAPTCHA] Attempt 5: ✗ MISMATCH (server: Could not validate your provided Security Key / CAPTCHA. Please check and try again.) — reloading
    [CAPTCHA] Attempt 6: solver returned "(empty)" (invalid length=0) — reloading
    [CAPTCHA] Attempt 7: solved="4879" — submitting...
    [CAPTCHA] Attempt 7: ✗ MISMATCH (server: Could not validate your provided Security Key / CAPTCHA. Please check and try again.) — reloading
    [CAPTCHA] Attempt 8: solver returned "(empty)" (invalid length=0) — reloading
    [CAPTCHA] Attempt 9: solver returned "(empty)" (invalid length=0) — reloading
    [CAPTCHA] Attempt 10: solved="4154" — submitting...
    [CAPTCHA] Attempt 10: captcha OK but no result for this EIIN/year
NO RESULT
[342/1646] SSC 2024 EIIN=134563 ...     [CAPTCHA] Attempt 1: solved="2133" — submitting...
    [CAPTCHA] Attempt 1: ✗ MISMATCH (server: Could not validate your provided Security Key / CAPTCHA. Please check and try again.) — reloading
    [CAPTCHA] Attempt 2: solved="3833" — submitting...
    [CAPTCHA] Attempt 2: captcha OK but no result for this EIIN/year
NO RESULT
[343/1646] SSC 2025 EIIN=134563 ...     [CAPTCHA] Attempt 1: solved="9860" — submitting...
    [CAPTCHA] Attempt 1: captcha OK but no result for this EIIN/year
NO RESULT
[344/1646] SSC 2026 EIIN=134563 ...     [CAPTCHA] Attempt 1: solver returned "(empty)" (invalid length=0) — reloading
    [CAPTCHA] Attempt 2: solved="1438" — submitting...
    [CAPTCHA] Attempt 2: ✗ MISMATCH (server: Could not validate your provided Security Key / CAPTCHA. Please check and try again.) — reloading
    [CAPTCHA] Attempt 3: solved="8733" — submitting...
    [CAPTCHA] Attempt 3: ✗ MISMATCH (server: Could not validate your provided Security Key / CAPTCHA. Please check and try again.) — reloading
    [CAPTCHA] Attempt 4: solver returned "(empty)" (invalid length=0) — reloading
    [CAPTCHA] Attempt 5: solved="9782" — submitting...
    [CAPTCHA] Attempt 5: captcha OK but no result for this EIIN/year
NO RESULT
[345/1646] SSC 2011 EIIN=134478 ...     [CAPTCHA] Attempt 1: solved="1718" — submitting...
    [CAPTCHA] Attempt 1: captcha OK but no result for this EIIN/year
NO RESULT
[346/1646] SSC 2026 EIIN=134478 ...     [CAPTCHA] Attempt 1: solver returned "(empty)" (invalid length=0) — reloading
    [CAPTCHA] Attempt 2: solved="5473" — submitting...
    [CAPTCHA] Attempt 2: captcha OK but no result for this EIIN/year
NO RESULT
[347/1646] SSC 2011 EIIN=138944 ...     [CAPTCHA] Attempt 1: solved="2500" — submitting...
    [CAPTCHA] Attempt 1: captcha OK but no result for this EIIN/year
NO RESULT
[348/1646] SSC 2012 EIIN=138944 ...     [CAPTCHA] Attempt 1: solved="2533" — submitting...
    [CAPTCHA] Attempt 1: captcha OK but no result for this EIIN/year
NO RESULT
[349/1646] SSC 2013 EIIN=138944 ...     [CAPTCHA] Attempt 1: solver returned "(empty)" (invalid length=0) — reloading
    [CAPTCHA] Attempt 2: solved="9032" — submitting...
    [CAPTCHA] Attempt 2: captcha OK but no result for this EIIN/year
NO RESULT
[350/1646] SSC 2014 EIIN=138944 ...     [CAPTCHA] Attempt 1: solver returned "(empty)" (invalid length=0) — reloading
    [CAPTCHA] Attempt 2: solved="4887" — submitting...
    [CAPTCHA] Attempt 2: captcha OK but no result for this EIIN/year
NO RESULT
[351/1646] SSC 2015 EIIN=138944 ...     [CAPTCHA] Attempt 1: solved="9499" — submitting...
    [CAPTCHA] Attempt 1: captcha OK but no result for this EIIN/year
NO RESULT
[352/1646] SSC 2016 EIIN=138944 ...     [CAPTCHA] Attempt 1: solved="1433" — submitting...
    [CAPTCHA] Attempt 1: ✗ MISMATCH (server: Could not validate your provided Security Key / CAPTCHA. Please check and try again.) — reloading
    [CAPTCHA] Attempt 2: solved="2568" — submitting...
    [CAPTCHA] Attempt 2: ✗ MISMATCH (server: Could not validate your provided Security Key / CAPTCHA. Please check and try again.) — reloading
    [CAPTCHA] Attempt 3: solved="8198" — submitting...
    [CAPTCHA] Attempt 3: captcha OK but no result for this EIIN/year
NO RESULT
[353/1646] SSC 2017 EIIN=138944 ...     [CAPTCHA] Attempt 1: solver returned "(empty)" (invalid length=0) — reloading
    [CAPTCHA] Attempt 2: solved="9480" — submitting...
    [CAPTCHA] Attempt 2: captcha OK but no result for this EIIN/year
NO RESULT
[354/1646] SSC 2018 EIIN=138944 ...     [CAPTCHA] Attempt 1: solved="0451" — submitting...
    [CAPTCHA] Attempt 1: ✗ MISMATCH (server: Could not validate your provided Security Key / CAPTCHA. Please check and try again.) — reloading
    [CAPTCHA] Attempt 2: solver returned "(empty)" (invalid length=0) — reloading
    [CAPTCHA] Attempt 3: solver returned "(empty)" (invalid length=0) — reloading
    [CAPTCHA] Attempt 4: solver returned "(empty)" (invalid length=0) — reloading
    [CAPTCHA] Attempt 5: solver returned "(empty)" (invalid length=0) — reloading
    [CAPTCHA] Attempt 6: solver returned "(empty)" (invalid length=0) — reloading
    [CAPTCHA] Attempt 7: solved="3641" — submitting...
    [CAPTCHA] Attempt 7: ✗ MISMATCH (server: Could not validate your provided Security Key / CAPTCHA. Please check and try again.) — reloading
    [CAPTCHA] Attempt 8: solved="5493" — submitting...
    [CAPTCHA] Attempt 8: ✗ MISMATCH (server: Could not validate your provided Security Key / CAPTCHA. Please check and try again.) — reloading
    [CAPTCHA] Attempt 9: solved="5325" — submitting...
    [CAPTCHA] Attempt 9: ✗ MISMATCH (server: Could not validate your provided Security Key / CAPTCHA. Please check and try again.) — reloading
    [CAPTCHA] Attempt 10: solved="4660" — submitting...
    [CAPTCHA] Attempt 10: captcha OK but no result for this EIIN/year
NO RESULT
[355/1646] SSC 2019 EIIN=138944 ...     [CAPTCHA] Attempt 1: solved="6901" — submitting...
    [CAPTCHA] Attempt 1: captcha OK but no result for this EIIN/year
NO RESULT
[356/1646] SSC 2020 EIIN=138944 ...     [CAPTCHA] Attempt 1: solved="1781" — submitting...
    [CAPTCHA] Attempt 1: captcha OK but no result for this EIIN/year
NO RESULT
[357/1646] SSC 2021 EIIN=138944 ...     [CAPTCHA] Attempt 1: solved="7601" — submitting...
    [CAPTCHA] Attempt 1: ✗ MISMATCH (server: Could not validate your provided Security Key / CAPTCHA. Please check and try again.) — reloading
    [CAPTCHA] Attempt 2: solved="4604" — submitting...
    [CAPTCHA] Attempt 2: captcha OK but no result for this EIIN/year
NO RESULT
[358/1646] SSC 2022 EIIN=138944 ...     [CAPTCHA] Attempt 1: solved="8355" — submitting...
    [CAPTCHA] Attempt 1: captcha OK but no result for this EIIN/year
NO RESULT
[359/1646] SSC 2023 EIIN=138944 ...     [CAPTCHA] Attempt 1: solved="4245" — submitting...
    [CAPTCHA] Attempt 1: captcha OK but no result for this EIIN/year
NO RESULT
[360/1646] SSC 2024 EIIN=138944 ...     [CAPTCHA] Attempt 1: solver returned "(empty)" (invalid length=0) — reloading
    [CAPTCHA] Attempt 2: solved="5039" — submitting...
    [CAPTCHA] Attempt 2: ✗ MISMATCH (server: Could not validate your provided Security Key / CAPTCHA. Please check and try again.) — reloading
    [CAPTCHA] Attempt 3: solved="9830" — submitting...
    [CAPTCHA] Attempt 3: ✗ MISMATCH (server: Could not validate your provided Security Key / CAPTCHA. Please check and try again.) — reloading
    [CAPTCHA] Attempt 4: solved="1483" — submitting...
    [CAPTCHA] Attempt 4: ✗ MISMATCH (server: Could not validate your provided Security Key / CAPTCHA. Please check and try again.) — reloading
    [CAPTCHA] Attempt 5: solved="8658" — submitting...
    [CAPTCHA] Attempt 5: ✗ MISMATCH (server: Could not validate your provided Security Key / CAPTCHA. Please check and try again.) — reloading
    [CAPTCHA] Attempt 6: solver returned "(empty)" (invalid length=0) — reloading
    [CAPTCHA] Attempt 7: solved="6031" — submitting...
    [CAPTCHA] Attempt 7: captcha OK but no result for this EIIN/year
NO RESULT
[361/1646] SSC 2011 EIIN=137075 ...     [CAPTCHA] Attempt 1: solved="8798" — submitting...
    [CAPTCHA] Attempt 1: captcha OK but no result for this EIIN/year
NO RESULT
[362/1646] SSC 2012 EIIN=137075 ...     [CAPTCHA] Attempt 1: solved="9035" — submitting...
    [CAPTCHA] Attempt 1: ✗ MISMATCH (server: Could not validate your provided Security Key / CAPTCHA. Please check and try again.) — reloading
    [CAPTCHA] Attempt 2: solved="3134" — submitting...
    [CAPTCHA] Attempt 2: ✗ MISMATCH (server: Could not validate your provided Security Key / CAPTCHA. Please check and try again.) — reloading
    [CAPTCHA] Attempt 3: solved="1582" — submitting...
    [CAPTCHA] Attempt 3: ✗ MISMATCH (server: Could not validate your provided Security Key / CAPTCHA. Please check and try again.) — reloading
    [CAPTCHA] Attempt 4: solved="1292" — submitting...
    [CAPTCHA] Attempt 4: captcha OK but no result for this EIIN/year
NO RESULT
[363/1646] SSC 2013 EIIN=137075 ...     [CAPTCHA] Attempt 1: solver returned "(empty)" (invalid length=0) — reloading
    [CAPTCHA] Attempt 2: solved="3085" — submitting...
    [CAPTCHA] Attempt 2: ✗ MISMATCH (server: Could not validate your provided Security Key / CAPTCHA. Please check and try again.) — reloading
    [CAPTCHA] Attempt 3: solver returned "(empty)" (invalid length=0) — reloading
    [CAPTCHA] Attempt 4: solver returned "(empty)" (invalid length=0) — reloading
    [CAPTCHA] Attempt 5: solved="8741" — submitting...
    [CAPTCHA] Attempt 5: ✗ MISMATCH (server: Could not validate your provided Security Key / CAPTCHA. Please check and try again.) — reloading
    [CAPTCHA] Attempt 6: solved="4986" — submitting...
    [CAPTCHA] Attempt 6: captcha OK but no result for this EIIN/year
NO RESULT
[364/1646] SSC 2014 EIIN=137075 ...     [CAPTCHA] Attempt 1: solver returned "(empty)" (invalid length=0) — reloading
    [CAPTCHA] Attempt 2: solved="3221" — submitting...
    [CAPTCHA] Attempt 2: captcha OK but no result for this EIIN/year
NO RESULT
[365/1646] SSC 2015 EIIN=137075 ...     [CAPTCHA] Attempt 1: solved="7456" — submitting...
    [CAPTCHA] Attempt 1: ✗ MISMATCH (server: Could not validate your provided Security Key / CAPTCHA. Please check and try again.) — reloading
    [CAPTCHA] Attempt 2: solved="9449" — submitting...
    [CAPTCHA] Attempt 2: ✗ MISMATCH (server: Could not validate your provided Security Key / CAPTCHA. Please check and try again.) — reloading
    [CAPTCHA] Attempt 3: solver returned "(empty)" (invalid length=0) — reloading
    [CAPTCHA] Attempt 4: solved="1546" — submitting...
    [CAPTCHA] Attempt 4: captcha OK but no result for this EIIN/year
NO RESULT
[366/1646] SSC 2016 EIIN=137075 ...     [CAPTCHA] Attempt 1: solved="0712" — submitting...
    [CAPTCHA] Attempt 1: ✗ MISMATCH (server: Could not validate your provided Security Key / CAPTCHA. Please check and try again.) — reloading
    [CAPTCHA] Attempt 2: solver returned "(empty)" (invalid length=0) — reloading
    [CAPTCHA] Attempt 3: solved="9193" — submitting...
    [CAPTCHA] Attempt 3: captcha OK but no result for this EIIN/year
NO RESULT
[367/1646] SSC 2017 EIIN=137075 ...     [CAPTCHA] Attempt 1: solved="1775" — submitting...
    [CAPTCHA] Attempt 1: ✗ MISMATCH (server: Could not validate your provided Security Key / CAPTCHA. Please check and try again.) — reloading
    [CAPTCHA] Attempt 2: solver returned "(empty)" (invalid length=0) — reloading
    [CAPTCHA] Attempt 3: solved="1958" — submitting...
    [CAPTCHA] Attempt 3: captcha OK but no result for this EIIN/year
NO RESULT
[368/1646] SSC 2018 EIIN=137075 ...     [CAPTCHA] Attempt 1: solver returned "(empty)" (invalid length=0) — reloading
    [CAPTCHA] Attempt 2: solved="4307" — submitting...
    [CAPTCHA] Attempt 2: captcha OK but no result for this EIIN/year
NO RESULT
[369/1646] SSC 2011 EIIN=134213 ...     [CAPTCHA] Attempt 1: solved="9258" — submitting...
    [CAPTCHA] Attempt 1: ✗ MISMATCH (server: Could not validate your provided Security Key / CAPTCHA. Please check and try again.) — reloading
    [CAPTCHA] Attempt 2: solved="1380" — submitting...
    [CAPTCHA] Attempt 2: ✗ MISMATCH (server: Could not validate your provided Security Key / CAPTCHA. Please check and try again.) — reloading
    [CAPTCHA] Attempt 3: solved="6170" — submitting...
    [CAPTCHA] Attempt 3: ✗ MISMATCH (server: Could not validate your provided Security Key / CAPTCHA. Please check and try again.) — reloading
    [CAPTCHA] Attempt 4: solved="7110" — submitting...
    [CAPTCHA] Attempt 4: ✗ MISMATCH (server: Could not validate your provided Security Key / CAPTCHA. Please check and try again.) — reloading
    [CAPTCHA] Attempt 5: solver returned "0" (invalid length=1) — reloading
    [CAPTCHA] Attempt 6: solved="2869" — submitting...
    [CAPTCHA] Attempt 6: ✗ MISMATCH (server: Could not validate your provided Security Key / CAPTCHA. Please check and try again.) — reloading
    [CAPTCHA] Attempt 7: solved="7443" — submitting...
    [CAPTCHA] Attempt 7: ✗ MISMATCH (server: Could not validate your provided Security Key / CAPTCHA. Please check and try again.) — reloading
    [CAPTCHA] Attempt 8: solved="9655" — submitting...
    [CAPTCHA] Attempt 8: ✗ MISMATCH (server: Could not validate your provided Security Key / CAPTCHA. Please check and try again.) — reloading
    [CAPTCHA] Attempt 9: solved="1431" — submitting...
    [CAPTCHA] Attempt 9: captcha OK but no result for this EIIN/year
NO RESULT
[370/1646] SSC 2012 EIIN=134213 ...     [CAPTCHA] Attempt 1: solved="1689" — submitting...
    [CAPTCHA] Attempt 1: captcha OK but no result for this EIIN/year
NO RESULT
[371/1646] SSC 2013 EIIN=134213 ...     [CAPTCHA] Attempt 1: solved="5956" — submitting...
    [CAPTCHA] Attempt 1: ✗ MISMATCH (server: Could not validate your provided Security Key / CAPTCHA. Please check and try again.) — reloading
    [CAPTCHA] Attempt 2: solved="0590" — submitting...
    [CAPTCHA] Attempt 2: ✗ MISMATCH (server: Could not validate your provided Security Key / CAPTCHA. Please check and try again.) — reloading
    [CAPTCHA] Attempt 3: solved="1444" — submitting...
    [CAPTCHA] Attempt 3: ✗ MISMATCH (server: Could not validate your provided Security Key / CAPTCHA. Please check and try again.) — reloading
    [CAPTCHA] Attempt 4: solved="8493" — submitting...
    [CAPTCHA] Attempt 4: captcha OK but no result for this EIIN/year
NO RESULT
[372/1646] SSC 2014 EIIN=134213 ...     [CAPTCHA] Attempt 1: solved="6135" — submitting...
    [CAPTCHA] Attempt 1: ✗ MISMATCH (server: Could not validate your provided Security Key / CAPTCHA. Please check and try again.) — reloading
    [CAPTCHA] Attempt 2: solver returned "10" (invalid length=2) — reloading
    [CAPTCHA] Attempt 3: solved="8304" — submitting...
    [CAPTCHA] Attempt 3: captcha OK but no result for this EIIN/year
NO RESULT
[373/1646] SSC 2015 EIIN=134213 ...     [CAPTCHA] Attempt 1: solved="5194" — submitting...
    [CAPTCHA] Attempt 1: ✗ MISMATCH (server: Could not validate your provided Security Key / CAPTCHA. Please check and try again.) — reloading
    [CAPTCHA] Attempt 2: solved="2192" — submitting...
    [CAPTCHA] Attempt 2: captcha OK but no result for this EIIN/year
NO RESULT
[374/1646] SSC 2016 EIIN=134213 ...     [CAPTCHA] Attempt 1: solver returned "(empty)" (invalid length=0) — reloading
    [CAPTCHA] Attempt 2: solved="8376" — submitting...
    [CAPTCHA] Attempt 2: captcha OK but no result for this EIIN/year
NO RESULT
[375/1646] SSC 2011 EIIN=134168 ...     [CAPTCHA] Attempt 1: solved="7920" — submitting...
    [CAPTCHA] Attempt 1: captcha OK but no result for this EIIN/year
NO RESULT
[376/1646] SSC 2011 EIIN=133712 ...     [CAPTCHA] Attempt 1: solver returned "(empty)" (invalid length=0) — reloading
    [CAPTCHA] Attempt 2: solved="9466" — submitting...
    [CAPTCHA] Attempt 2: ✗ MISMATCH (server: Could not validate your provided Security Key / CAPTCHA. Please check and try again.) — reloading
    [CAPTCHA] Attempt 3: solver returned "(empty)" (invalid length=0) — reloading
    [CAPTCHA] Attempt 4: solver returned "(empty)" (invalid length=0) — reloading
    [CAPTCHA] Attempt 5: solver returned "(empty)" (invalid length=0) — reloading
    [CAPTCHA] Attempt 6: solved="1461" — submitting...
    [CAPTCHA] Attempt 6: ✗ MISMATCH (server: Could not validate your provided Security Key / CAPTCHA. Please check and try again.) — reloading
    [CAPTCHA] Attempt 7: solver returned "(empty)" (invalid length=0) — reloading
    [CAPTCHA] Attempt 8: solver returned "(empty)" (invalid length=0) — reloading
    [CAPTCHA] Attempt 9: solved="7086" — submitting...
    [CAPTCHA] Attempt 9: ✗ MISMATCH (server: Could not validate your provided Security Key / CAPTCHA. Please check and try again.) — reloading
    [CAPTCHA] Attempt 10: solved="6167" — submitting...
    [CAPTCHA] Attempt 10: ✗ MISMATCH (server: Could not validate your provided Security Key / CAPTCHA. Please check and try again.) — reloading
    [CAPTCHA] Attempt 11: solver returned "(empty)" (invalid length=0) — reloading
    [CAPTCHA] Attempt 12: solved="9744" — submitting...
    [CAPTCHA] Attempt 12: ✗ MISMATCH (server: Could not validate your provided Security Key / CAPTCHA. Please check and try again.) — reloading
    [CAPTCHA] Attempt 13: solver returned "(empty)" (invalid length=0) — reloading
    [CAPTCHA] Attempt 14: solved="1894" — submitting...
    [CAPTCHA] Attempt 14: ✗ MISMATCH (server: Could not validate your provided Security Key / CAPTCHA. Please check and try again.) — reloading
    [CAPTCHA] Attempt 15: solved="6351" — submitting...
    [CAPTCHA] Attempt 15: ✗ MISMATCH (server: Could not validate your provided Security Key / CAPTCHA. Please check and try again.) — reloading
    [CAPTCHA] Attempt 16: solved="6859" — submitting...
    [CAPTCHA] Attempt 16: ✗ MISMATCH (server: Could not validate your provided Security Key / CAPTCHA. Please check and try again.) — reloading
    [CAPTCHA] Attempt 17: solved="6776" — submitting...
    [CAPTCHA] Attempt 17: captcha OK but no result for this EIIN/year
NO RESULT
[377/1646] SSC 2011 EIIN=133995 ...     [CAPTCHA] Attempt 1: solved="1932" — submitting...
    [CAPTCHA] Attempt 1: captcha OK but no result for this EIIN/year
NO RESULT
[378/1646] SSC 2012 EIIN=133995 ...     [CAPTCHA] Attempt 1: solved="9968" — submitting...
    [CAPTCHA] Attempt 1: ✗ MISMATCH (server: Could not validate your provided Security Key / CAPTCHA. Please check and try again.) — reloading
    [CAPTCHA] Attempt 2: solved="6601" — submitting...
    [CAPTCHA] Attempt 2: ✗ MISMATCH (server: Could not validate your provided Security Key / CAPTCHA. Please check and try again.) — reloading
    [CAPTCHA] Attempt 3: solver returned "(empty)" (invalid length=0) — reloading
    [CAPTCHA] Attempt 4: solved="6212" — submitting...
    [CAPTCHA] Attempt 4: captcha OK but no result for this EIIN/year
NO RESULT
[379/1646] SSC 2013 EIIN=133995 ...     [CAPTCHA] Attempt 1: solved="4015" — submitting...
    [CAPTCHA] Attempt 1: captcha OK but no result for this EIIN/year
NO RESULT
[380/1646] SSC 2011 EIIN=107973 ...     [CAPTCHA] Attempt 1: solved="1207" — submitting...
    [CAPTCHA] Attempt 1: ✗ MISMATCH (server: Could not validate your provided Security Key / CAPTCHA. Please check and try again.) — reloading
    [CAPTCHA] Attempt 2: solved="1912" — submitting...
    [CAPTCHA] Attempt 2: ✗ MISMATCH (server: Could not validate your provided Security Key / CAPTCHA. Please check and try again.) — reloading
    [CAPTCHA] Attempt 3: solved="7612" — submitting...
    [CAPTCHA] Attempt 3: ✗ MISMATCH (server: Could not validate your provided Security Key / CAPTCHA. Please check and try again.) — reloading
    [CAPTCHA] Attempt 4: solver returned "4" (invalid length=1) — reloading
    [CAPTCHA] Attempt 5: solved="9304" — submitting...
    [CAPTCHA] Attempt 5: captcha OK but no result for this EIIN/year
NO RESULT
[381/1646] SSC 2012 EIIN=107973 ...     [CAPTCHA] Attempt 1: solved="2183" — submitting...
    [CAPTCHA] Attempt 1: ✗ MISMATCH (server: Could not validate your provided Security Key / CAPTCHA. Please check and try again.) — reloading
    [CAPTCHA] Attempt 2: solved="4703" — submitting...
    [CAPTCHA] Attempt 2: ✗ MISMATCH (server: Could not validate your provided Security Key / CAPTCHA. Please check and try again.) — reloading
    [CAPTCHA] Attempt 3: solved="3113" — submitting...
    [CAPTCHA] Attempt 3: captcha OK but no result for this EIIN/year
NO RESULT
[382/1646] SSC 2013 EIIN=107973 ...     [CAPTCHA] Attempt 1: solver returned "(empty)" (invalid length=0) — reloading
    [CAPTCHA] Attempt 2: solved="9242" — submitting...
    [CAPTCHA] Attempt 2: captcha OK but no result for this EIIN/year
NO RESULT
[383/1646] SSC 2014 EIIN=107973 ...     [CAPTCHA] Attempt 1: solved="3313" — submitting...
    [CAPTCHA] Attempt 1: ✗ MISMATCH (server: Could not validate your provided Security Key / CAPTCHA. Please check and try again.) — reloading
    [CAPTCHA] Attempt 2: solved="9941" — submitting...
    [CAPTCHA] Attempt 2: captcha OK but no result for this EIIN/year
NO RESULT
[384/1646] SSC 2011 EIIN=134394 ...     [CAPTCHA] Attempt 1: solved="6053" — submitting...
    [CAPTCHA] Attempt 1: captcha OK but no result for this EIIN/year
NO RESULT
[385/1646] SSC 2012 EIIN=134394 ...     [CAPTCHA] Attempt 1: solved="9851" — submitting...
    [CAPTCHA] Attempt 1: ✗ MISMATCH (server: Could not validate your provided Security Key / CAPTCHA. Please check and try again.) — reloading
    [CAPTCHA] Attempt 2: solved="5128" — submitting...
    [CAPTCHA] Attempt 2: captcha OK but no result for this EIIN/year
NO RESULT
[386/1646] SSC 2013 EIIN=134394 ...     [CAPTCHA] Attempt 1: solver returned "(empty)" (invalid length=0) — reloading
    [CAPTCHA] Attempt 2: solver returned "(empty)" (invalid length=0) — reloading
    [CAPTCHA] Attempt 3: solved="6607" — submitting...
    [CAPTCHA] Attempt 3: captcha OK but no result for this EIIN/year
NO RESULT
[387/1646] SSC 2014 EIIN=134394 ...     [CAPTCHA] Attempt 1: solved="3104" — submitting...
    [CAPTCHA] Attempt 1: ✗ MISMATCH (server: Could not validate your provided Security Key / CAPTCHA. Please check and try again.) — reloading
    [CAPTCHA] Attempt 2: solved="4151" — submitting...
    [CAPTCHA] Attempt 2: captcha OK but no result for this EIIN/year
NO RESULT
[388/1646] SSC 2015 EIIN=134394 ...     [CAPTCHA] Attempt 1: solver returned "(empty)" (invalid length=0) — reloading
    [CAPTCHA] Attempt 2: solved="5129" — submitting...
    [CAPTCHA] Attempt 2: captcha OK but no result for this EIIN/year
NO RESULT
[389/1646] SSC 2016 EIIN=134394 ...     [CAPTCHA] Attempt 1: solved="4983" — submitting...
    [CAPTCHA] Attempt 1: ✗ MISMATCH (server: Could not validate your provided Security Key / CAPTCHA. Please check and try again.) — reloading
    [CAPTCHA] Attempt 2: solved="9415" — submitting...
    [CAPTCHA] Attempt 2: captcha OK but no result for this EIIN/year
NO RESULT
[390/1646] SSC 2017 EIIN=134394 ...     [CAPTCHA] Attempt 1: solved="1101" — submitting...
    [CAPTCHA] Attempt 1: ✗ MISMATCH (server: Could not validate your provided Security Key / CAPTCHA. Please check and try again.) — reloading
    [CAPTCHA] Attempt 2: solved="6555" — submitting...
    [CAPTCHA] Attempt 2: captcha OK but no result for this EIIN/year
NO RESULT
[391/1646] SSC 2018 EIIN=134394 ...     [CAPTCHA] Attempt 1: solver returned "0" (invalid length=1) — reloading
    [CAPTCHA] Attempt 2: solved="9968" — submitting...
    [CAPTCHA] Attempt 2: captcha OK but no result for this EIIN/year
NO RESULT
[392/1646] SSC 2019 EIIN=134394 ...     [CAPTCHA] Attempt 1: solver returned "(empty)" (invalid length=0) — reloading
    [CAPTCHA] Attempt 2: solver returned "(empty)" (invalid length=0) — reloading
    [CAPTCHA] Attempt 3: solved="1269" — submitting...
    [CAPTCHA] Attempt 3: ✗ MISMATCH (server: Could not validate your provided Security Key / CAPTCHA. Please check and try again.) — reloading
    [CAPTCHA] Attempt 4: solver returned "(empty)" (invalid length=0) — reloading
    [CAPTCHA] Attempt 5: solved="9007" — submitting...
    [CAPTCHA] Attempt 5: captcha OK but no result for this EIIN/year
NO RESULT
[393/1646] SSC 2020 EIIN=134394 ...     [CAPTCHA] Attempt 1: solver returned "(empty)" (invalid length=0) — reloading
    [CAPTCHA] Attempt 2: solved="7810" — submitting...
    [CAPTCHA] Attempt 2: ✗ MISMATCH (server: Could not validate your provided Security Key / CAPTCHA. Please check and try again.) — reloading
    [CAPTCHA] Attempt 3: solved="2511" — submitting...
    [CAPTCHA] Attempt 3: ✗ MISMATCH (server: Could not validate your provided Security Key / CAPTCHA. Please check and try again.) — reloading
    [CAPTCHA] Attempt 4: solver returned "(empty)" (invalid length=0) — reloading
    [CAPTCHA] Attempt 5: solved="5944" — submitting...
    [CAPTCHA] Attempt 5: ✗ MISMATCH (server: Could not validate your provided Security Key / CAPTCHA. Please check and try again.) — reloading
    [CAPTCHA] Attempt 6: solver returned "(empty)" (invalid length=0) — reloading
    [CAPTCHA] Attempt 7: solved="0654" — submitting...
    [CAPTCHA] Attempt 7: ✗ MISMATCH (server: Could not validate your provided Security Key / CAPTCHA. Please check and try again.) — reloading
    [CAPTCHA] Attempt 8: solved="5313" — submitting...
    [CAPTCHA] Attempt 8: ✗ MISMATCH (server: Could not validate your provided Security Key / CAPTCHA. Please check and try again.) — reloading
    [CAPTCHA] Attempt 9: solved="6940" — submitting...
    [CAPTCHA] Attempt 9: ✗ MISMATCH (server: Could not validate your provided Security Key / CAPTCHA. Please check and try again.) — reloading
    [CAPTCHA] Attempt 10: solved="2894" — submitting...
    [CAPTCHA] Attempt 10: captcha OK but no result for this EIIN/year
NO RESULT
[394/1646] SSC 2021 EIIN=134394 ...     [CAPTCHA] Attempt 1: solver returned "(empty)" (invalid length=0) — reloading
    [CAPTCHA] Attempt 2: solved="2058" — submitting...
    [CAPTCHA] Attempt 2: captcha OK but no result for this EIIN/year
NO RESULT
[395/1646] SSC 2022 EIIN=134394 ...     [CAPTCHA] Attempt 1: solver returned "(empty)" (invalid length=0) — reloading
    [CAPTCHA] Attempt 2: solver returned "(empty)" (invalid length=0) — reloading
    [CAPTCHA] Attempt 3: solved="7111" — submitting...
    [CAPTCHA] Attempt 3: ✗ MISMATCH (server: Could not validate your provided Security Key / CAPTCHA. Please check and try again.) — reloading
    [CAPTCHA] Attempt 4: solver returned "(empty)" (invalid length=0) — reloading
    [CAPTCHA] Attempt 5: solved="1281" — submitting...
    [CAPTCHA] Attempt 5: ✗ MISMATCH (server: Could not validate your provided Security Key / CAPTCHA. Please check and try again.) — reloading
    [CAPTCHA] Attempt 6: solved="1183" — submitting...
    [CAPTCHA] Attempt 6: ✗ MISMATCH (server: Could not validate your provided Security Key / CAPTCHA. Please check and try again.) — reloading
    [CAPTCHA] Attempt 7: solved="0840" — submitting...
    [CAPTCHA] Attempt 7: ✗ MISMATCH (server: Could not validate your provided Security Key / CAPTCHA. Please check and try again.) — reloading
    [CAPTCHA] Attempt 8: solved="1086" — submitting...
    [CAPTCHA] Attempt 8: captcha OK but no result for this EIIN/year
NO RESULT
[396/1646] SSC 2023 EIIN=134394 ...     [CAPTCHA] Attempt 1: solver returned "(empty)" (invalid length=0) — reloading
    [CAPTCHA] Attempt 2: solved="2820" — submitting...
    [CAPTCHA] Attempt 2: captcha OK but no result for this EIIN/year
NO RESULT
[397/1646] SSC 2024 EIIN=134394 ...     [CAPTCHA] Attempt 1: solved="8215" — submitting...
    [CAPTCHA] Attempt 1: ✗ MISMATCH (server: Could not validate your provided Security Key / CAPTCHA. Please check and try again.) — reloading
    [CAPTCHA] Attempt 2: solver returned "(empty)" (invalid length=0) — reloading
    [CAPTCHA] Attempt 3: solver returned "(empty)" (invalid length=0) — reloading
    [CAPTCHA] Attempt 4: solver returned "(empty)" (invalid length=0) — reloading
    [CAPTCHA] Attempt 5: solved="2438" — submitting...
    [CAPTCHA] Attempt 5: ✗ MISMATCH (server: Could not validate your provided Security Key / CAPTCHA. Please check and try again.) — reloading
    [CAPTCHA] Attempt 6: solved="9540" — submitting...
    [CAPTCHA] Attempt 6: captcha OK but no result for this EIIN/year
NO RESULT
[398/1646] SSC 2025 EIIN=134394 ...     [CAPTCHA] Attempt 1: solved="3097" — submitting...
    [CAPTCHA] Attempt 1: captcha OK but no result for this EIIN/year
NO RESULT
[399/1646] SSC 2026 EIIN=134394 ...     [CAPTCHA] Attempt 1: solved="5479" — submitting...
    [CAPTCHA] Attempt 1: captcha OK but no result for this EIIN/year
NO RESULT
[400/1646] SSC 2011 EIIN=130758 ...     [CAPTCHA] Attempt 1: solver returned "(empty)" (invalid length=0) — reloading
    [CAPTCHA] Attempt 2: solver returned "(empty)" (invalid length=0) — reloading
    [CAPTCHA] Attempt 3: solver returned "(empty)" (invalid length=0) — reloading
    [CAPTCHA] Attempt 4: solved="4494" — submitting...
    [CAPTCHA] Attempt 4: ✗ MISMATCH (server: Could not validate your provided Security Key / CAPTCHA. Please check and try again.) — reloading
    [CAPTCHA] Attempt 5: solver returned "(empty)" (invalid length=0) — reloading
    [CAPTCHA] Attempt 6: solved="6579" — submitting...
    [CAPTCHA] Attempt 6: captcha OK but no result for this EIIN/year
NO RESULT

─── 400/1646 done | OK:0 FAIL:3 | ETA ≈ 1168.9 min ───

[401/1646] SSC 2012 EIIN=130758 ...     [CAPTCHA] Attempt 1: solved="4559" — submitting...
    [CAPTCHA] Attempt 1: captcha OK but no result for this EIIN/year
NO RESULT
[402/1646] SSC 2013 EIIN=130758 ...     [CAPTCHA] Attempt 1: solved="4853" — submitting...
    [CAPTCHA] Attempt 1: captcha OK but no result for this EIIN/year
NO RESULT
[403/1646] SSC 2014 EIIN=130758 ...     [CAPTCHA] Attempt 1: solved="6710" — submitting...
    [CAPTCHA] Attempt 1: ✗ MISMATCH (server: Could not validate your provided Security Key / CAPTCHA. Please check and try again.) — reloading
    [CAPTCHA] Attempt 2: solved="4833" — submitting...
    [CAPTCHA] Attempt 2: ✗ MISMATCH (server: Could not validate your provided Security Key / CAPTCHA. Please check and try again.) — reloading
    [CAPTCHA] Attempt 3: solved="2355" — submitting...
    [CAPTCHA] Attempt 3: ✗ MISMATCH (server: Could not validate your provided Security Key / CAPTCHA. Please check and try again.) — reloading
    [CAPTCHA] Attempt 4: solved="7910" — submitting...
    [CAPTCHA] Attempt 4: ✗ MISMATCH (server: Could not validate your provided Security Key / CAPTCHA. Please check and try again.) — reloading
    [CAPTCHA] Attempt 5: solved="7643" — submitting...
    [CAPTCHA] Attempt 5: ✗ MISMATCH (server: Could not validate your provided Security Key / CAPTCHA. Please check and try again.) — reloading
    [CAPTCHA] Attempt 6: solved="3954" — submitting...
    [CAPTCHA] Attempt 6: ✗ MISMATCH (server: Could not validate your provided Security Key / CAPTCHA. Please check and try again.) — reloading
    [CAPTCHA] Attempt 7: solver returned "(empty)" (invalid length=0) — reloading
    [CAPTCHA] Attempt 8: solved="2891" — submitting...
    [CAPTCHA] Attempt 8: captcha OK but no result for this EIIN/year
NO RESULT
[404/1646] SSC 2015 EIIN=130758 ...     [CAPTCHA] Attempt 1: solved="9138" — submitting...
    [CAPTCHA] Attempt 1: ✗ MISMATCH (server: Could not validate your provided Security Key / CAPTCHA. Please check and try again.) — reloading
    [CAPTCHA] Attempt 2: solver returned "95" (invalid length=2) — reloading
    [CAPTCHA] Attempt 3: solved="2806" — submitting...
    [CAPTCHA] Attempt 3: ✗ MISMATCH (server: Could not validate your provided Security Key / CAPTCHA. Please check and try again.) — reloading
    [CAPTCHA] Attempt 4: solved="4177" — submitting...
    [CAPTCHA] Attempt 4: ✗ MISMATCH (server: Could not validate your provided Security Key / CAPTCHA. Please check and try again.) — reloading
    [CAPTCHA] Attempt 5: solved="7449" — submitting...
    [CAPTCHA] Attempt 5: captcha OK but no result for this EIIN/year
NO RESULT
[405/1646] SSC 2016 EIIN=130758 ...     [CAPTCHA] Attempt 1: solver returned "(empty)" (invalid length=0) — reloading
    [CAPTCHA] Attempt 2: solved="6603" — submitting...
    [CAPTCHA] Attempt 2: ✗ MISMATCH (server: Could not validate your provided Security Key / CAPTCHA. Please check and try again.) — reloading
    [CAPTCHA] Attempt 3: solver returned "(empty)" (invalid length=0) — reloading
    [CAPTCHA] Attempt 4: solver returned "(empty)" (invalid length=0) — reloading
    [CAPTCHA] Attempt 5: solved="1336" — submitting...
    [CAPTCHA] Attempt 5: captcha OK but no result for this EIIN/year
NO RESULT
[406/1646] SSC 2017 EIIN=130758 ...     [CAPTCHA] Attempt 1: solved="2111" — submitting...
    [CAPTCHA] Attempt 1: ✗ MISMATCH (server: Could not validate your provided Security Key / CAPTCHA. Please check and try again.) — reloading
    [CAPTCHA] Attempt 2: solved="4001" — submitting...
    [CAPTCHA] Attempt 2: captcha OK but no result for this EIIN/year
NO RESULT
[407/1646] SSC 2018 EIIN=130758 ...     [CAPTCHA] Attempt 1: solver returned "(empty)" (invalid length=0) — reloading
    [CAPTCHA] Attempt 2: solved="1982" — submitting...
    [CAPTCHA] Attempt 2: captcha OK but no result for this EIIN/year
NO RESULT
[408/1646] SSC 2019 EIIN=130758 ...     [CAPTCHA] Attempt 1: solved="7099" — submitting...
    [CAPTCHA] Attempt 1: captcha OK but no result for this EIIN/year
NO RESULT
[409/1646] SSC 2020 EIIN=130758 ...     [CAPTCHA] Attempt 1: solved="3032" — submitting...
    [CAPTCHA] Attempt 1: ✗ MISMATCH (server: Verification cookie expired. Solve the challenge and retry the request.) — reloading
ERR  elementHandle.screenshot: Element is not attached to the DOM
Call log:
[2m  - t
[410/1646] SSC 2021 EIIN=130758 ...     [CAPTCHA] Attempt 1: solved="4195" — submitting...
    [CAPTCHA] Attempt 1: captcha OK but no result for this EIIN/year
NO RESULT
[411/1646] SSC 2022 EIIN=130758 ...     [CAPTCHA] Attempt 1: solved="9123" — submitting...
    [CAPTCHA] Attempt 1: ✗ MISMATCH (server: Could not validate your provided Security Key / CAPTCHA. Please check and try again.) — reloading
    [CAPTCHA] Attempt 2: solved="1862" — submitting...
    [CAPTCHA] Attempt 2: captcha OK but no result for this EIIN/year
NO RESULT
[412/1646] SSC 2023 EIIN=130758 ...     [CAPTCHA] Attempt 1: solver returned "(empty)" (invalid length=0) — reloading
    [CAPTCHA] Attempt 2: solved="7553" — submitting...
    [CAPTCHA] Attempt 2: ✗ MISMATCH (server: Could not validate your provided Security Key / CAPTCHA. Please check and try again.) — reloading
    [CAPTCHA] Attempt 3: solved="8581" — submitting...
    [CAPTCHA] Attempt 3: ✗ MISMATCH (server: Could not validate your provided Security Key / CAPTCHA. Please check and try again.) — reloading
    [CAPTCHA] Attempt 4: solved="6447" — submitting...
    [CAPTCHA] Attempt 4: captcha OK but no result for this EIIN/year
NO RESULT
[413/1646] SSC 2024 EIIN=130758 ...     [CAPTCHA] Attempt 1: solved="3876" — submitting...
    [CAPTCHA] Attempt 1: ✗ MISMATCH (server: Could not validate your provided Security Key / CAPTCHA. Please check and try again.) — reloading
    [CAPTCHA] Attempt 2: solved="3489" — submitting...
    [CAPTCHA] Attempt 2: captcha OK but no result for this EIIN/year
NO RESULT
[414/1646] SSC 2025 EIIN=130758 ...     [CAPTCHA] Attempt 1: solved="9480" — submitting...
    [CAPTCHA] Attempt 1: captcha OK but no result for this EIIN/year
NO RESULT
[415/1646] SSC 2026 EIIN=130758 ...     [CAPTCHA] Attempt 1: solved="8425" — submitting...
    [CAPTCHA] Attempt 1: captcha OK but no result for this EIIN/year
NO RESULT
[416/1646] SSC 2011 EIIN=134114 ...     [CAPTCHA] Attempt 1: solved="9435" — submitting...
    [CAPTCHA] Attempt 1: ✗ MISMATCH (server: Could not validate your provided Security Key / CAPTCHA. Please check and try again.) — reloading
    [CAPTCHA] Attempt 2: solved="2232" — submitting...
    [CAPTCHA] Attempt 2: ✗ MISMATCH (server: Could not validate your provided Security Key / CAPTCHA. Please check and try again.) — reloading
    [CAPTCHA] Attempt 3: solver returned "(empty)" (invalid length=0) — reloading
    [CAPTCHA] Attempt 4: solved="1701" — submitting...
    [CAPTCHA] Attempt 4: ✗ MISMATCH (server: Could not validate your provided Security Key / CAPTCHA. Please check and try again.) — reloading
    [CAPTCHA] Attempt 5: solver returned "(empty)" (invalid length=0) — reloading
    [CAPTCHA] Attempt 6: solved="0012" — submitting...
    [CAPTCHA] Attempt 6: ✗ MISMATCH (server: Could not validate your provided Security Key / CAPTCHA. Please check and try again.) — reloading
    [CAPTCHA] Attempt 7: solved="5788" — submitting...
    [CAPTCHA] Attempt 7: captcha OK but no result for this EIIN/year
NO RESULT
[417/1646] SSC 2012 EIIN=134114 ...     [CAPTCHA] Attempt 1: solved="6341" — submitting...
    [CAPTCHA] Attempt 1: captcha OK but no result for this EIIN/year
NO RESULT
[418/1646] SSC 2013 EIIN=134114 ...     [CAPTCHA] Attempt 1: solved="3144" — submitting...
    [CAPTCHA] Attempt 1: ✗ MISMATCH (server: Could not validate your provided Security Key / CAPTCHA. Please check and try again.) — reloading
    [CAPTCHA] Attempt 2: solver returned "(empty)" (invalid length=0) — reloading
    [CAPTCHA] Attempt 3: solved="1479" — submitting...
    [CAPTCHA] Attempt 3: ✗ MISMATCH (server: Could not validate your provided Security Key / CAPTCHA. Please check and try again.) — reloading
    [CAPTCHA] Attempt 4: solved="6718" — submitting...
    [CAPTCHA] Attempt 4: captcha OK but no result for this EIIN/year
NO RESULT
[419/1646] SSC 2014 EIIN=134114 ...     [CAPTCHA] Attempt 1: solved="7777" — submitting...
    [CAPTCHA] Attempt 1: ✗ MISMATCH (server: Could not validate your provided Security Key / CAPTCHA. Please check and try again.) — reloading
    [CAPTCHA] Attempt 2: solved="3508" — submitting...
    [CAPTCHA] Attempt 2: captcha OK but no result for this EIIN/year
NO RESULT
[420/1646] SSC 2011 EIIN=134016 ...     [CAPTCHA] Attempt 1: solver returned "(empty)" (invalid length=0) — reloading
    [CAPTCHA] Attempt 2: solved="1203" — submitting...
    [CAPTCHA] Attempt 2: ✗ MISMATCH (server: Could not validate your provided Security Key / CAPTCHA. Please check and try again.) — reloading
    [CAPTCHA] Attempt 3: solved="1638" — submitting...
    [CAPTCHA] Attempt 3: ✗ MISMATCH (server: Could not validate your provided Security Key / CAPTCHA. Please check and try again.) — reloading
    [CAPTCHA] Attempt 4: solved="4819" — submitting...
    [CAPTCHA] Attempt 4: ✗ MISMATCH (server: Could not validate your provided Security Key / CAPTCHA. Please check and try again.) — reloading
    [CAPTCHA] Attempt 5: solved="1676" — submitting...
    [CAPTCHA] Attempt 5: captcha OK but no result for this EIIN/year
NO RESULT
[421/1646] SSC 2012 EIIN=134016 ...     [CAPTCHA] Attempt 1: solved="3357" — submitting...
    [CAPTCHA] Attempt 1: captcha OK but no result for this EIIN/year
NO RESULT
[422/1646] SSC 2013 EIIN=134016 ...     [CAPTCHA] Attempt 1: solver returned "(empty)" (invalid length=0) — reloading
    [CAPTCHA] Attempt 2: solver returned "(empty)" (invalid length=0) — reloading
    [CAPTCHA] Attempt 3: solved="7252" — submitting...
    [CAPTCHA] Attempt 3: captcha OK but no result for this EIIN/year
NO RESULT
[423/1646] SSC 2014 EIIN=134016 ...     [CAPTCHA] Attempt 1: solver returned "(empty)" (invalid length=0) — reloading
    [CAPTCHA] Attempt 2: solved="4493" — submitting...
    [CAPTCHA] Attempt 2: ✗ MISMATCH (server: Could not validate your provided Security Key / CAPTCHA. Please check and try again.) — reloading
    [CAPTCHA] Attempt 3: solved="1011" — submitting...
    [CAPTCHA] Attempt 3: ✗ MISMATCH (server: Could not validate your provided Security Key / CAPTCHA. Please check and try again.) — reloading
    [CAPTCHA] Attempt 4: solved="8148" — submitting...
    [CAPTCHA] Attempt 4: ✗ MISMATCH (server: Could not validate your provided Security Key / CAPTCHA. Please check and try again.) — reloading
    [CAPTCHA] Attempt 5: solver returned "(empty)" (invalid length=0) — reloading
    [CAPTCHA] Attempt 6: solved="2679" — submitting...
    [CAPTCHA] Attempt 6: captcha OK but no result for this EIIN/year
NO RESULT
[424/1646] SSC 2011 EIIN=133927 ...     [CAPTCHA] Attempt 1: solved="2754" — submitting...
    [CAPTCHA] Attempt 1: ✗ MISMATCH (server: Could not validate your provided Security Key / CAPTCHA. Please check and try again.) — reloading
    [CAPTCHA] Attempt 2: solved="2004" — submitting...
    [CAPTCHA] Attempt 2: captcha OK but no result for this EIIN/year
NO RESULT
[425/1646] SSC 2012 EIIN=133927 ...     [CAPTCHA] Attempt 1: solved="1583" — submitting...
    [CAPTCHA] Attempt 1: ✗ MISMATCH (server: Could not validate your provided Security Key / CAPTCHA. Please check and try again.) — reloading
    [CAPTCHA] Attempt 2: solved="5002" — submitting...
    [CAPTCHA] Attempt 2: captcha OK but no result for this EIIN/year
NO RESULT
[426/1646] SSC 2013 EIIN=133927 ...     [CAPTCHA] Attempt 1: solved="3298" — submitting...
    [CAPTCHA] Attempt 1: captcha OK but no result for this EIIN/year
NO RESULT
[427/1646] SSC 2014 EIIN=133927 ...     [CAPTCHA] Attempt 1: solved="2344" — submitting...
    [CAPTCHA] Attempt 1: ✗ MISMATCH (server: Could not validate your provided Security Key / CAPTCHA. Please check and try again.) — reloading
    [CAPTCHA] Attempt 2: solved="1261" — submitting...
    [CAPTCHA] Attempt 2: ✗ MISMATCH (server: Could not validate your provided Security Key / CAPTCHA. Please check and try again.) — reloading
    [CAPTCHA] Attempt 3: solver returned "(empty)" (invalid length=0) — reloading
    [CAPTCHA] Attempt 4: solved="7903" — submitting...
    [CAPTCHA] Attempt 4: ✗ MISMATCH (server: Could not validate your provided Security Key / CAPTCHA. Please check and try again.) — reloading
    [CAPTCHA] Attempt 5: solved="6140" — submitting...
    [CAPTCHA] Attempt 5: ✗ MISMATCH (server: Could not validate your provided Security Key / CAPTCHA. Please check and try again.) — reloading
    [CAPTCHA] Attempt 6: solver returned "(empty)" (invalid length=0) — reloading
    [CAPTCHA] Attempt 7: solver returned "(empty)" (invalid length=0) — reloading
    [CAPTCHA] Attempt 8: solved="2140" — submitting...
    [CAPTCHA] Attempt 8: captcha OK but no result for this EIIN/year
NO RESULT
[428/1646] SSC 2015 EIIN=133927 ...     [CAPTCHA] Attempt 1: solved="2796" — submitting...
    [CAPTCHA] Attempt 1: ✗ MISMATCH (server: Could not validate your provided Security Key / CAPTCHA. Please check and try again.) — reloading
    [CAPTCHA] Attempt 2: solved="2859" — submitting...
    [CAPTCHA] Attempt 2: captcha OK but no result for this EIIN/year
NO RESULT
[429/1646] SSC 2016 EIIN=133927 ...     [CAPTCHA] Attempt 1: solver returned "(empty)" (invalid length=0) — reloading
    [CAPTCHA] Attempt 2: solver returned "(empty)" (invalid length=0) — reloading
    [CAPTCHA] Attempt 3: solved="3521" — submitting...
    [CAPTCHA] Attempt 3: captcha OK but no result for this EIIN/year
NO RESULT
[430/1646] SSC 2017 EIIN=133927 ...     [CAPTCHA] Attempt 1: solved="6085" — submitting...
    [CAPTCHA] Attempt 1: ✗ MISMATCH (server: Could not validate your provided Security Key / CAPTCHA. Please check and try again.) — reloading
    [CAPTCHA] Attempt 2: solver returned "(empty)" (invalid length=0) — reloading
    [CAPTCHA] Attempt 3: solver returned "(empty)" (invalid length=0) — reloading
    [CAPTCHA] Attempt 4: solved="8796" — submitting...
    [CAPTCHA] Attempt 4: captcha OK but no result for this EIIN/year
NO RESULT
[431/1646] SSC 2018 EIIN=133927 ...     [CAPTCHA] Attempt 1: solved="0310" — submitting...
    [CAPTCHA] Attempt 1: ✗ MISMATCH (server: Could not validate your provided Security Key / CAPTCHA. Please check and try again.) — reloading
    [CAPTCHA] Attempt 2: solved="3411" — submitting...
    [CAPTCHA] Attempt 2: ✗ MISMATCH (server: Could not validate your provided Security Key / CAPTCHA. Please check and try again.) — reloading
    [CAPTCHA] Attempt 3: solved="4238" — submitting...
    [CAPTCHA] Attempt 3: captcha OK but no result for this EIIN/year
NO RESULT
[432/1646] SSC 2019 EIIN=133927 ...     [CAPTCHA] Attempt 1: solver returned "(empty)" (invalid length=0) — reloading
    [CAPTCHA] Attempt 2: solver returned "(empty)" (invalid length=0) — reloading
    [CAPTCHA] Attempt 3: solver returned "75" (invalid length=2) — reloading
    [CAPTCHA] Attempt 4: solver returned "(empty)" (invalid length=0) — reloading
    [CAPTCHA] Attempt 5: solved="4247" — submitting...
    [CAPTCHA] Attempt 5: ✗ MISMATCH (server: Could not validate your provided Security Key / CAPTCHA. Please check and try again.) — reloading
    [CAPTCHA] Attempt 6: solver returned "(empty)" (invalid length=0) — reloading
    [CAPTCHA] Attempt 7: solver returned "(empty)" (invalid length=0) — reloading
    [CAPTCHA] Attempt 8: solved="5526" — submitting...
    [CAPTCHA] Attempt 8: captcha OK but no result for this EIIN/year
NO RESULT
[433/1646] SSC 2020 EIIN=133927 ...     [CAPTCHA] Attempt 1: solved="5941" — submitting...
    [CAPTCHA] Attempt 1: captcha OK but no result for this EIIN/year
NO RESULT
[434/1646] SSC 2021 EIIN=133927 ...     [CAPTCHA] Attempt 1: solved="4687" — submitting...
    [CAPTCHA] Attempt 1: captcha OK but no result for this EIIN/year
NO RESULT
[435/1646] SSC 2022 EIIN=133927 ...     [CAPTCHA] Attempt 1: solved="2040" — submitting...
    [CAPTCHA] Attempt 1: ✗ MISMATCH (server: Could not validate your provided Security Key / CAPTCHA. Please check and try again.) — reloading
    [CAPTCHA] Attempt 2: solved="0302" — submitting...
    [CAPTCHA] Attempt 2: ✗ MISMATCH (server: Could not validate your provided Security Key / CAPTCHA. Please check and try again.) — reloading
    [CAPTCHA] Attempt 3: solved="2119" — submitting...
    [CAPTCHA] Attempt 3: ✗ MISMATCH (server: Could not validate your provided Security Key / CAPTCHA. Please check and try again.) — reloading
    [CAPTCHA] Attempt 4: solved="9210" — submitting...
    [CAPTCHA] Attempt 4: ✗ MISMATCH (server: Could not validate your provided Security Key / CAPTCHA. Please check and try again.) — reloading
    [CAPTCHA] Attempt 5: solved="1455" — submitting...
    [CAPTCHA] Attempt 5: ✗ MISMATCH (server: Could not validate your provided Security Key / CAPTCHA. Please check and try again.) — reloading
    [CAPTCHA] Attempt 6: solved="8885" — submitting...
    [CAPTCHA] Attempt 6: ✗ MISMATCH (server: Could not validate your provided Security Key / CAPTCHA. Please check and try again.) — reloading
    [CAPTCHA] Attempt 7: solved="3421" — submitting...
    [CAPTCHA] Attempt 7: ✗ MISMATCH (server: Could not validate your provided Security Key / CAPTCHA. Please check and try again.) — reloading
    [CAPTCHA] Attempt 8: solver returned "(empty)" (invalid length=0) — reloading
    [CAPTCHA] Attempt 9: solved="9604" — submitting...
    [CAPTCHA] Attempt 9: ✗ MISMATCH (server: Could not validate your provided Security Key / CAPTCHA. Please check and try again.) — reloading
    [CAPTCHA] Attempt 10: solved="6014" — submitting...
    [CAPTCHA] Attempt 10: captcha OK but no result for this EIIN/year
NO RESULT
[436/1646] SSC 2023 EIIN=133927 ...     [CAPTCHA] Attempt 1: solved="6539" — submitting...
    [CAPTCHA] Attempt 1: captcha OK but no result for this EIIN/year
NO RESULT
[437/1646] SSC 2024 EIIN=133927 ...     [CAPTCHA] Attempt 1: solved="8351" — submitting...
    [CAPTCHA] Attempt 1: captcha OK but no result for this EIIN/year
NO RESULT
[438/1646] SSC 2025 EIIN=133927 ...     [CAPTCHA] Attempt 1: solver returned "(empty)" (invalid length=0) — reloading
    [CAPTCHA] Attempt 2: solved="6646" — submitting...
    [CAPTCHA] Attempt 2: ✗ MISMATCH (server: Could not validate your provided Security Key / CAPTCHA. Please check and try again.) — reloading
    [CAPTCHA] Attempt 3: solved="7692" — submitting...
    [CAPTCHA] Attempt 3: ✗ MISMATCH (server: Could not validate your provided Security Key / CAPTCHA. Please check and try again.) — reloading
    [CAPTCHA] Attempt 4: solver returned "(empty)" (invalid length=0) — reloading
    [CAPTCHA] Attempt 5: solved="0255" — submitting...
    [CAPTCHA] Attempt 5: ✗ MISMATCH (server: Could not validate your provided Security Key / CAPTCHA. Please check and try again.) — reloading
    [CAPTCHA] Attempt 6: solved="8287" — submitting...
    [CAPTCHA] Attempt 6: captcha OK but no result for this EIIN/year
NO RESULT
[439/1646] SSC 2026 EIIN=133927 ...     [CAPTCHA] Attempt 1: solved="5660" — submitting...
    [CAPTCHA] Attempt 1: ✗ MISMATCH (server: Could not validate your provided Security Key / CAPTCHA. Please check and try again.) — reloading
    [CAPTCHA] Attempt 2: solved="4282" — submitting...
    [CAPTCHA] Attempt 2: captcha OK but no result for this EIIN/year
NO RESULT
[440/1646] SSC 2011 EIIN=134419 ...     [CAPTCHA] Attempt 1: solved="1634" — submitting...
    [CAPTCHA] Attempt 1: ✗ MISMATCH (server: Could not validate your provided Security Key / CAPTCHA. Please check and try again.) — reloading
    [CAPTCHA] Attempt 2: solved="9515" — submitting...
    [CAPTCHA] Attempt 2: captcha OK but no result for this EIIN/year
NO RESULT
[441/1646] SSC 2012 EIIN=134419 ...     [CAPTCHA] Attempt 1: solver returned "(empty)" (invalid length=0) — reloading
    [CAPTCHA] Attempt 2: solved="7744" — submitting...
    [CAPTCHA] Attempt 2: captcha OK but no result for this EIIN/year
NO RESULT
[442/1646] SSC 2013 EIIN=134419 ...     [CAPTCHA] Attempt 1: solved="2784" — submitting...
    [CAPTCHA] Attempt 1: ✗ MISMATCH (server: Could not validate your provided Security Key / CAPTCHA. Please check and try again.) — reloading
    [CAPTCHA] Attempt 2: solved="1351" — submitting...
    [CAPTCHA] Attempt 2: ✗ MISMATCH (server: Could not validate your provided Security Key / CAPTCHA. Please check and try again.) — reloading
    [CAPTCHA] Attempt 3: solved="6781" — submitting...
    [CAPTCHA] Attempt 3: ✗ MISMATCH (server: Could not validate your provided Security Key / CAPTCHA. Please check and try again.) — reloading
    [CAPTCHA] Attempt 4: solver returned "(empty)" (invalid length=0) — reloading
    [CAPTCHA] Attempt 5: solved="1243" — submitting...
    [CAPTCHA] Attempt 5: ✗ MISMATCH (server: Could not validate your provided Security Key / CAPTCHA. Please check and try again.) — reloading
    [CAPTCHA] Attempt 6: solved="4813" — submitting...
    [CAPTCHA] Attempt 6: ✗ MISMATCH (server: Could not validate your provided Security Key / CAPTCHA. Please check and try again.) — reloading
    [CAPTCHA] Attempt 7: solved="6502" — submitting...
    [CAPTCHA] Attempt 7: ✗ MISMATCH (server: Could not validate your provided Security Key / CAPTCHA. Please check and try again.) — reloading
    [CAPTCHA] Attempt 8: solver returned "(empty)" (invalid length=0) — reloading
    [CAPTCHA] Attempt 9: solved="4950" — submitting...
    [CAPTCHA] Attempt 9: ✗ MISMATCH (server: Could not validate your provided Security Key / CAPTCHA. Please check and try again.) — reloading
    [CAPTCHA] Attempt 10: solver returned "(empty)" (invalid length=0) — reloading
    [CAPTCHA] Attempt 11: solved="6398" — submitting...
    [CAPTCHA] Attempt 11: ✗ MISMATCH (server: Could not validate your provided Security Key / CAPTCHA. Please check and try again.) — reloading
    [CAPTCHA] Attempt 12: solved="2107" — submitting...
    [CAPTCHA] Attempt 12: captcha OK but no result for this EIIN/year
NO RESULT
[443/1646] SSC 2014 EIIN=134419 ...     [CAPTCHA] Attempt 1: solver returned "(empty)" (invalid length=0) — reloading
    [CAPTCHA] Attempt 2: solved="2355" — submitting...
    [CAPTCHA] Attempt 2: ✗ MISMATCH (server: Could not validate your provided Security Key / CAPTCHA. Please check and try again.) — reloading
    [CAPTCHA] Attempt 3: solved="4645" — submitting...
    [CAPTCHA] Attempt 3: captcha OK but no result for this EIIN/year
NO RESULT
[444/1646] SSC 2015 EIIN=134419 ...     [CAPTCHA] Attempt 1: solved="5140" — submitting...
    [CAPTCHA] Attempt 1: ✗ MISMATCH (server: Could not validate your provided Security Key / CAPTCHA. Please check and try again.) — reloading
    [CAPTCHA] Attempt 2: solved="4898" — submitting...
    [CAPTCHA] Attempt 2: captcha OK but no result for this EIIN/year
NO RESULT
[445/1646] SSC 2016 EIIN=134419 ...     [CAPTCHA] Attempt 1: solved="1715" — submitting...
    [CAPTCHA] Attempt 1: captcha OK but no result for this EIIN/year
NO RESULT
[446/1646] SSC 2017 EIIN=134419 ...     [CAPTCHA] Attempt 1: solved="6882" — submitting...
    [CAPTCHA] Attempt 1: captcha OK but no result for this EIIN/year
NO RESULT
[447/1646] SSC 2018 EIIN=134419 ...     [CAPTCHA] Attempt 1: solved="0001" — submitting...
    [CAPTCHA] Attempt 1: ✗ MISMATCH (server: Could not validate your provided Security Key / CAPTCHA. Please check and try again.) — reloading
    [CAPTCHA] Attempt 2: solver returned "(empty)" (invalid length=0) — reloading
    [CAPTCHA] Attempt 3: solver returned "(empty)" (invalid length=0) — reloading
    [CAPTCHA] Attempt 4: solved="8133" — submitting...
    [CAPTCHA] Attempt 4: captcha OK but no result for this EIIN/year
NO RESULT
[448/1646] SSC 2019 EIIN=134419 ...     [CAPTCHA] Attempt 1: solver returned "(empty)" (invalid length=0) — reloading
    [CAPTCHA] Attempt 2: solved="5420" — submitting...
    [CAPTCHA] Attempt 2: ✗ MISMATCH (server: Could not validate your provided Security Key / CAPTCHA. Please check and try again.) — reloading
    [CAPTCHA] Attempt 3: solved="5543" — submitting...
    [CAPTCHA] Attempt 3: ✗ MISMATCH (server: Could not validate your provided Security Key / CAPTCHA. Please check and try again.) — reloading
    [CAPTCHA] Attempt 4: solved="2854" — submitting...
    [CAPTCHA] Attempt 4: ✗ MISMATCH (server: Could not validate your provided Security Key / CAPTCHA. Please check and try again.) — reloading
    [CAPTCHA] Attempt 5: solver returned "(empty)" (invalid length=0) — reloading
    [CAPTCHA] Attempt 6: solved="2891" — submitting...
    [CAPTCHA] Attempt 6: ✗ MISMATCH (server: Could not validate your provided Security Key / CAPTCHA. Please check and try again.) — reloading
    [CAPTCHA] Attempt 7: solver returned "(empty)" (invalid length=0) — reloading
    [CAPTCHA] Attempt 8: solved="3483" — submitting...
    [CAPTCHA] Attempt 8: ✗ MISMATCH (server: Could not validate your provided Security Key / CAPTCHA. Please check and try again.) — reloading
    [CAPTCHA] Attempt 9: solved="2500" — submitting...
    [CAPTCHA] Attempt 9: captcha OK but no result for this EIIN/year
NO RESULT
[449/1646] SSC 2020 EIIN=134419 ...     [CAPTCHA] Attempt 1: solved="8214" — submitting...
    [CAPTCHA] Attempt 1: ✗ MISMATCH (server: Could not validate your provided Security Key / CAPTCHA. Please check and try again.) — reloading
    [CAPTCHA] Attempt 2: solved="2712" — submitting...
    [CAPTCHA] Attempt 2: ✗ MISMATCH (server: Could not validate your provided Security Key / CAPTCHA. Please check and try again.) — reloading
    [CAPTCHA] Attempt 3: solved="5794" — submitting...
    [CAPTCHA] Attempt 3: ✗ MISMATCH (server: Could not validate your provided Security Key / CAPTCHA. Please check and try again.) — reloading
    [CAPTCHA] Attempt 4: solved="2933" — submitting...
    [CAPTCHA] Attempt 4: captcha OK but no result for this EIIN/year
NO RESULT
[450/1646] SSC 2021 EIIN=134419 ...     [CAPTCHA] Attempt 1: solver returned "(empty)" (invalid length=0) — reloading
    [CAPTCHA] Attempt 2: solved="6781" — submitting...
    [CAPTCHA] Attempt 2: ✗ MISMATCH (server: Could not validate your provided Security Key / CAPTCHA. Please check and try again.) — reloading
    [CAPTCHA] Attempt 3: solved="6311" — submitting...
    [CAPTCHA] Attempt 3: captcha OK but no result for this EIIN/year
NO RESULT
[451/1646] SSC 2022 EIIN=134419 ...     [CAPTCHA] Attempt 1: solver returned "(empty)" (invalid length=0) — reloading
    [CAPTCHA] Attempt 2: solved="5719" — submitting...
    [CAPTCHA] Attempt 2: captcha OK but no result for this EIIN/year
NO RESULT
[452/1646] SSC 2023 EIIN=134419 ...     [CAPTCHA] Attempt 1: solver returned "(empty)" (invalid length=0) — reloading
    [CAPTCHA] Attempt 2: solved="3423" — submitting...
    [CAPTCHA] Attempt 2: captcha OK but no result for this EIIN/year
NO RESULT
[453/1646] SSC 2024 EIIN=134419 ...     [CAPTCHA] Attempt 1: solved="2889" — submitting...
    [CAPTCHA] Attempt 1: ✗ MISMATCH (server: Could not validate your provided Security Key / CAPTCHA. Please check and try again.) — reloading
    [CAPTCHA] Attempt 2: solver returned "(empty)" (invalid length=0) — reloading
    [CAPTCHA] Attempt 3: solved="0047" — submitting...
    [CAPTCHA] Attempt 3: ✗ MISMATCH (server: Could not validate your provided Security Key / CAPTCHA. Please check and try again.) — reloading
    [CAPTCHA] Attempt 4: solver returned "(empty)" (invalid length=0) — reloading
    [CAPTCHA] Attempt 5: solved="8190" — submitting...
    [CAPTCHA] Attempt 5: ✗ MISMATCH (server: Could not validate your provided Security Key / CAPTCHA. Please check and try again.) — reloading
    [CAPTCHA] Attempt 6: solved="9653" — submitting...
    [CAPTCHA] Attempt 6: captcha OK but no result for this EIIN/year
NO RESULT
[454/1646] SSC 2025 EIIN=134419 ...     [CAPTCHA] Attempt 1: solver returned "(empty)" (invalid length=0) — reloading
    [CAPTCHA] Attempt 2: solved="9396" — submitting...
    [CAPTCHA] Attempt 2: ✗ MISMATCH (server: Could not validate your provided Security Key / CAPTCHA. Please check and try again.) — reloading
    [CAPTCHA] Attempt 3: solved="1905" — submitting...
    [CAPTCHA] Attempt 3: ✗ MISMATCH (server: Could not validate your provided Security Key / CAPTCHA. Please check and try again.) — reloading
    [CAPTCHA] Attempt 4: solved="4593" — submitting...
    [CAPTCHA] Attempt 4: ✗ MISMATCH (server: Could not validate your provided Security Key / CAPTCHA. Please check and try again.) — reloading
    [CAPTCHA] Attempt 5: solver returned "(empty)" (invalid length=0) — reloading
    [CAPTCHA] Attempt 6: solved="9747" — submitting...
    [CAPTCHA] Attempt 6: ✗ MISMATCH (server: Could not validate your provided Security Key / CAPTCHA. Please check and try again.) — reloading
    [CAPTCHA] Attempt 7: solver returned "(empty)" (invalid length=0) — reloading
    [CAPTCHA] Attempt 8: solved="0704" — submitting...
    [CAPTCHA] Attempt 8: ✗ MISMATCH (server: Could not validate your provided Security Key / CAPTCHA. Please check and try again.) — reloading
    [CAPTCHA] Attempt 9: solved="9862" — submitting...
    [CAPTCHA] Attempt 9: captcha OK but no result for this EIIN/year
NO RESULT
[455/1646] SSC 2011 EIIN=136763 ...     [CAPTCHA] Attempt 1: solver returned "4" (invalid length=1) — reloading
    [CAPTCHA] Attempt 2: solver returned "(empty)" (invalid length=0) — reloading
    [CAPTCHA] Attempt 3: solved="5429" — submitting...
    [CAPTCHA] Attempt 3: captcha OK but no result for this EIIN/year
NO RESULT
[456/1646] SSC 2012 EIIN=136763 ...     [CAPTCHA] Attempt 1: solved="7881" — submitting...
    [CAPTCHA] Attempt 1: ✗ MISMATCH (server: Could not validate your provided Security Key / CAPTCHA. Please check and try again.) — reloading
    [CAPTCHA] Attempt 2: solved="1317" — submitting...
    [CAPTCHA] Attempt 2: ✗ MISMATCH (server: Could not validate your provided Security Key / CAPTCHA. Please check and try again.) — reloading
    [CAPTCHA] Attempt 3: solver returned "(empty)" (invalid length=0) — reloading
    [CAPTCHA] Attempt 4: solver returned "25" (invalid length=2) — reloading
    [CAPTCHA] Attempt 5: solved="1861" — submitting...
    [CAPTCHA] Attempt 5: captcha OK but no result for this EIIN/year
NO RESULT
[457/1646] SSC 2013 EIIN=136763 ...     [CAPTCHA] Attempt 1: solved="1958" — submitting...
    [CAPTCHA] Attempt 1: captcha OK but no result for this EIIN/year
NO RESULT
[458/1646] SSC 2014 EIIN=136763 ...     [CAPTCHA] Attempt 1: solved="6205" — submitting...
    [CAPTCHA] Attempt 1: captcha OK but no result for this EIIN/year
NO RESULT
[459/1646] SSC 2015 EIIN=136763 ...     [CAPTCHA] Attempt 1: solver returned "(empty)" (invalid length=0) — reloading
    [CAPTCHA] Attempt 2: solved="7443" — submitting...
    [CAPTCHA] Attempt 2: ✗ MISMATCH (server: Could not validate your provided Security Key / CAPTCHA. Please check and try again.) — reloading
    [CAPTCHA] Attempt 3: solver returned "(empty)" (invalid length=0) — reloading
    [CAPTCHA] Attempt 4: solved="6118" — submitting...
    [CAPTCHA] Attempt 4: ✗ MISMATCH (server: Could not validate your provided Security Key / CAPTCHA. Please check and try again.) — reloading
    [CAPTCHA] Attempt 5: solved="7075" — submitting...
    [CAPTCHA] Attempt 5: ✗ MISMATCH (server: Could not validate your provided Security Key / CAPTCHA. Please check and try again.) — reloading
    [CAPTCHA] Attempt 6: solved="2132" — submitting...
    [CAPTCHA] Attempt 6: captcha OK but no result for this EIIN/year
NO RESULT
[460/1646] SSC 2016 EIIN=136763 ...     [CAPTCHA] Attempt 1: solved="9133" — submitting...
    [CAPTCHA] Attempt 1: ✗ MISMATCH (server: Could not validate your provided Security Key / CAPTCHA. Please check and try again.) — reloading
    [CAPTCHA] Attempt 2: solved="8709" — submitting...
    [CAPTCHA] Attempt 2: captcha OK but no result for this EIIN/year
NO RESULT
[461/1646] SSC 2017 EIIN=136763 ...     [CAPTCHA] Attempt 1: solved="3465" — submitting...
    [CAPTCHA] Attempt 1: ✗ MISMATCH (server: Could not validate your provided Security Key / CAPTCHA. Please check and try again.) — reloading
    [CAPTCHA] Attempt 2: solved="7936" — submitting...
    [CAPTCHA] Attempt 2: captcha OK but no result for this EIIN/year
NO RESULT
[462/1646] SSC 2018 EIIN=136763 ...     [CAPTCHA] Attempt 1: solved="8783" — submitting...
    [CAPTCHA] Attempt 1: captcha OK but no result for this EIIN/year
NO RESULT
[463/1646] SSC 2019 EIIN=136763 ...     [CAPTCHA] Attempt 1: solved="7545" — submitting...
    [CAPTCHA] Attempt 1: ✗ MISMATCH (server: Could not validate your provided Security Key / CAPTCHA. Please check and try again.) — reloading
    [CAPTCHA] Attempt 2: solver returned "(empty)" (invalid length=0) — reloading
    [CAPTCHA] Attempt 3: solved="1108" — submitting...
    [CAPTCHA] Attempt 3: ✗ MISMATCH (server: Could not validate your provided Security Key / CAPTCHA. Please check and try again.) — reloading
    [CAPTCHA] Attempt 4: solved="5898" — submitting...
    [CAPTCHA] Attempt 4: captcha OK but no result for this EIIN/year
NO RESULT
[464/1646] SSC 2020 EIIN=136763 ...     [CAPTCHA] Attempt 1: solved="1210" — submitting...
    [CAPTCHA] Attempt 1: captcha OK but no result for this EIIN/year
NO RESULT
[465/1646] SSC 2011 EIIN=138821 ...     [CAPTCHA] Attempt 1: solved="6182" — submitting...
    [CAPTCHA] Attempt 1: captcha OK but no result for this EIIN/year
NO RESULT
[466/1646] SSC 2012 EIIN=138821 ...     [CAPTCHA] Attempt 1: solved="3847" — submitting...
    [CAPTCHA] Attempt 1: captcha OK but no result for this EIIN/year
NO RESULT
[467/1646] SSC 2013 EIIN=138821 ...     [CAPTCHA] Attempt 1: solver returned "(empty)" (invalid length=0) — reloading
    [CAPTCHA] Attempt 2: solved="2374" — submitting...
    [CAPTCHA] Attempt 2: ✗ MISMATCH (server: Could not validate your provided Security Key / CAPTCHA. Please check and try again.) — reloading
    [CAPTCHA] Attempt 3: solved="3070" — submitting...
    [CAPTCHA] Attempt 3: ✗ MISMATCH (server: Could not validate your provided Security Key / CAPTCHA. Please check and try again.) — reloading
    [CAPTCHA] Attempt 4: solver returned "(empty)" (invalid length=0) — reloading
    [CAPTCHA] Attempt 5: solved="6628" — submitting...
    [CAPTCHA] Attempt 5: ✗ MISMATCH (server: Could not validate your provided Security Key / CAPTCHA. Please check and try again.) — reloading
    [CAPTCHA] Attempt 6: solved="4606" — submitting...
    [CAPTCHA] Attempt 6: ✗ MISMATCH (server: Could not validate your provided Security Key / CAPTCHA. Please check and try again.) — reloading
    [CAPTCHA] Attempt 7: solved="7558" — submitting...
    [CAPTCHA] Attempt 7: captcha OK but no result for this EIIN/year
NO RESULT
[468/1646] SSC 2014 EIIN=138821 ...     [CAPTCHA] Attempt 1: solved="9376" — submitting...
    [CAPTCHA] Attempt 1: captcha OK but no result for this EIIN/year
NO RESULT
[469/1646] SSC 2015 EIIN=138821 ...     [CAPTCHA] Attempt 1: solver returned "(empty)" (invalid length=0) — reloading
    [CAPTCHA] Attempt 2: solved="1381" — submitting...
    [CAPTCHA] Attempt 2: ✗ MISMATCH (server: Could not validate your provided Security Key / CAPTCHA. Please check and try again.) — reloading
    [CAPTCHA] Attempt 3: solved="6307" — submitting...
    [CAPTCHA] Attempt 3: captcha OK but no result for this EIIN/year
NO RESULT
[470/1646] SSC 2016 EIIN=138821 ...     [CAPTCHA] Attempt 1: solved="7046" — submitting...
    [CAPTCHA] Attempt 1: ✗ MISMATCH (server: Could not validate your provided Security Key / CAPTCHA. Please check and try again.) — reloading
    [CAPTCHA] Attempt 2: solver returned "(empty)" (invalid length=0) — reloading
    [CAPTCHA] Attempt 3: solver returned "(empty)" (invalid length=0) — reloading
    [CAPTCHA] Attempt 4: solved="9333" — submitting...
    [CAPTCHA] Attempt 4: ✗ MISMATCH (server: Could not validate your provided Security Key / CAPTCHA. Please check and try again.) — reloading
    [CAPTCHA] Attempt 5: solved="8304" — submitting...
    [CAPTCHA] Attempt 5: captcha OK but no result for this EIIN/year
NO RESULT
[471/1646] SSC 2017 EIIN=138821 ...     [CAPTCHA] Attempt 1: solved="4604" — submitting...
    [CAPTCHA] Attempt 1: ✗ MISMATCH (server: Could not validate your provided Security Key / CAPTCHA. Please check and try again.) — reloading
    [CAPTCHA] Attempt 2: solved="2951" — submitting...
    [CAPTCHA] Attempt 2: captcha OK but no result for this EIIN/year
NO RESULT
[472/1646] SSC 2018 EIIN=138821 ...     [CAPTCHA] Attempt 1: solver returned "(empty)" (invalid length=0) — reloading
    [CAPTCHA] Attempt 2: solver returned "(empty)" (invalid length=0) — reloading
    [CAPTCHA] Attempt 3: solved="1243" — submitting...
    [CAPTCHA] Attempt 3: ✗ MISMATCH (server: Could not validate your provided Security Key / CAPTCHA. Please check and try again.) — reloading
    [CAPTCHA] Attempt 4: solved="9602" — submitting...
    [CAPTCHA] Attempt 4: captcha OK but no result for this EIIN/year
NO RESULT
[473/1646] SSC 2019 EIIN=138821 ...     [CAPTCHA] Attempt 1: solver returned "(empty)" (invalid length=0) — reloading
    [CAPTCHA] Attempt 2: solved="1752" — submitting...
    [CAPTCHA] Attempt 2: captcha OK but no result for this EIIN/year
NO RESULT
[474/1646] SSC 2020 EIIN=138821 ...     [CAPTCHA] Attempt 1: solved="2104" — submitting...
    [CAPTCHA] Attempt 1: ✗ MISMATCH (server: Could not validate your provided Security Key / CAPTCHA. Please check and try again.) — reloading
    [CAPTCHA] Attempt 2: solved="5049" — submitting...
    [CAPTCHA] Attempt 2: ✗ MISMATCH (server: Could not validate your provided Security Key / CAPTCHA. Please check and try again.) — reloading
    [CAPTCHA] Attempt 3: solved="3104" — submitting...
    [CAPTCHA] Attempt 3: captcha OK but no result for this EIIN/year
NO RESULT
[475/1646] SSC 2021 EIIN=138821 ...     [CAPTCHA] Attempt 1: solved="1407" — submitting...
    [CAPTCHA] Attempt 1: ✗ MISMATCH (server: Could not validate your provided Security Key / CAPTCHA. Please check and try again.) — reloading
    [CAPTCHA] Attempt 2: solved="4298" — submitting...
    [CAPTCHA] Attempt 2: captcha OK but no result for this EIIN/year
NO RESULT
[476/1646] SSC 2022 EIIN=138821 ...     [CAPTCHA] Attempt 1: solved="2506" — submitting...
    [CAPTCHA] Attempt 1: ✗ MISMATCH (server: Could not validate your provided Security Key / CAPTCHA. Please check and try again.) — reloading
    [CAPTCHA] Attempt 2: solved="1285" — submitting...
    [CAPTCHA] Attempt 2: captcha OK but no result for this EIIN/year
NO RESULT
[477/1646] SSC 2023 EIIN=138821 ...     [CAPTCHA] Attempt 1: solver returned "(empty)" (invalid length=0) — reloading
    [CAPTCHA] Attempt 2: solved="9127" — submitting...
    [CAPTCHA] Attempt 2: ✗ MISMATCH (server: Could not validate your provided Security Key / CAPTCHA. Please check and try again.) — reloading
    [CAPTCHA] Attempt 3: solved="3305" — submitting...
    [CAPTCHA] Attempt 3: captcha OK but no result for this EIIN/year
NO RESULT
[478/1646] SSC 2024 EIIN=138821 ...     [CAPTCHA] Attempt 1: solved="6334" — submitting...
    [CAPTCHA] Attempt 1: ✗ MISMATCH (server: Could not validate your provided Security Key / CAPTCHA. Please check and try again.) — reloading
    [CAPTCHA] Attempt 2: solved="8878" — submitting...
    [CAPTCHA] Attempt 2: ✗ MISMATCH (server: Could not validate your provided Security Key / CAPTCHA. Please check and try again.) — reloading
    [CAPTCHA] Attempt 3: solved="4511" — submitting...
    [CAPTCHA] Attempt 3: ✗ MISMATCH (server: Could not validate your provided Security Key / CAPTCHA. Please check and try again.) — reloading
    [CAPTCHA] Attempt 4: solved="4165" — submitting...
    [CAPTCHA] Attempt 4: ✗ MISMATCH (server: Could not validate your provided Security Key / CAPTCHA. Please check and try again.) — reloading
    [CAPTCHA] Attempt 5: solved="4228" — submitting...
    [CAPTCHA] Attempt 5: captcha OK but no result for this EIIN/year
NO RESULT
[479/1646] SSC 2025 EIIN=138821 ...     [CAPTCHA] Attempt 1: solved="1132" — submitting...
    [CAPTCHA] Attempt 1: ✗ MISMATCH (server: Could not validate your provided Security Key / CAPTCHA. Please check and try again.) — reloading
    [CAPTCHA] Attempt 2: solved="2279" — submitting...
    [CAPTCHA] Attempt 2: ✗ MISMATCH (server: Could not validate your provided Security Key / CAPTCHA. Please check and try again.) — reloading
    [CAPTCHA] Attempt 3: solved="9025" — submitting...
    [CAPTCHA] Attempt 3: captcha OK but no result for this EIIN/year
NO RESULT
[480/1646] SSC 2011 EIIN=134716 ...     [CAPTCHA] Attempt 1: solved="9540" — submitting...
    [CAPTCHA] Attempt 1: captcha OK but no result for this EIIN/year
NO RESULT
[481/1646] SSC 2012 EIIN=134716 ...     [CAPTCHA] Attempt 1: solved="1800" — submitting...
    [CAPTCHA] Attempt 1: ✗ MISMATCH (server: Could not validate your provided Security Key / CAPTCHA. Please check and try again.) — reloading
    [CAPTCHA] Attempt 2: solver returned "46" (invalid length=2) — reloading
    [CAPTCHA] Attempt 3: solved="1920" — submitting...
    [CAPTCHA] Attempt 3: ✗ MISMATCH (server: Could not validate your provided Security Key / CAPTCHA. Please check and try again.) — reloading
    [CAPTCHA] Attempt 4: solved="1008" — submitting...
    [CAPTCHA] Attempt 4: ✗ MISMATCH (server: Could not validate your provided Security Key / CAPTCHA. Please check and try again.) — reloading
    [CAPTCHA] Attempt 5: solved="3131" — submitting...
    [CAPTCHA] Attempt 5: ✗ MISMATCH (server: Could not validate your provided Security Key / CAPTCHA. Please check and try again.) — reloading
    [CAPTCHA] Attempt 6: solved="5828" — submitting...
    [CAPTCHA] Attempt 6: ✗ MISMATCH (server: Could not validate your provided Security Key / CAPTCHA. Please check and try again.) — reloading
    [CAPTCHA] Attempt 7: solved="9991" — submitting...
    [CAPTCHA] Attempt 7: captcha OK but no result for this EIIN/year
NO RESULT
[482/1646] SSC 2013 EIIN=134716 ...     [CAPTCHA] Attempt 1: solver returned "(empty)" (invalid length=0) — reloading
    [CAPTCHA] Attempt 2: solved="6182" — submitting...
    [CAPTCHA] Attempt 2: captcha OK but no result for this EIIN/year
NO RESULT
[483/1646] SSC 2014 EIIN=134716 ...     [CAPTCHA] Attempt 1: solver returned "(empty)" (invalid length=0) — reloading
    [CAPTCHA] Attempt 2: solved="7737" — submitting...
    [CAPTCHA] Attempt 2: captcha OK but no result for this EIIN/year
NO RESULT
[484/1646] SSC 2015 EIIN=134716 ...     [CAPTCHA] Attempt 1: solved="2959" — submitting...
    [CAPTCHA] Attempt 1: captcha OK but no result for this EIIN/year
NO RESULT
[485/1646] SSC 2011 EIIN=133989 ...     [CAPTCHA] Attempt 1: solved="9016" — submitting...
    [CAPTCHA] Attempt 1: ✗ MISMATCH (server: Could not validate your provided Security Key / CAPTCHA. Please check and try again.) — reloading
    [CAPTCHA] Attempt 2: solved="4723" — submitting...
    [CAPTCHA] Attempt 2: captcha OK but no result for this EIIN/year
NO RESULT
[486/1646] SSC 2012 EIIN=133989 ...     [CAPTCHA] Attempt 1: solved="4716" — submitting...
    [CAPTCHA] Attempt 1: ✗ MISMATCH (server: Could not validate your provided Security Key / CAPTCHA. Please check and try again.) — reloading
    [CAPTCHA] Attempt 2: solved="9829" — submitting...
    [CAPTCHA] Attempt 2: captcha OK but no result for this EIIN/year
NO RESULT
[487/1646] SSC 2011 EIIN=135456 ...     [CAPTCHA] Attempt 1: solved="3775" — submitting...
    [CAPTCHA] Attempt 1: captcha OK but no result for this EIIN/year
NO RESULT
[488/1646] SSC 2012 EIIN=135456 ...     [CAPTCHA] Attempt 1: solver returned "(empty)" (invalid length=0) — reloading
    [CAPTCHA] Attempt 2: solved="7843" — submitting...
    [CAPTCHA] Attempt 2: captcha OK but no result for this EIIN/year
NO RESULT
[489/1646] SSC 2013 EIIN=135456 ...     [CAPTCHA] Attempt 1: solved="0363" — submitting...
    [CAPTCHA] Attempt 1: ✗ MISMATCH (server: Could not validate your provided Security Key / CAPTCHA. Please check and try again.) — reloading
    [CAPTCHA] Attempt 2: solver returned "(empty)" (invalid length=0) — reloading
    [CAPTCHA] Attempt 3: solved="6914" — submitting...
    [CAPTCHA] Attempt 3: captcha OK but no result for this EIIN/year
NO RESULT
[490/1646] SSC 2014 EIIN=135456 ...     [CAPTCHA] Attempt 1: solved="6137" — submitting...
    [CAPTCHA] Attempt 1: ✗ MISMATCH (server: Could not validate your provided Security Key / CAPTCHA. Please check and try again.) — reloading
    [CAPTCHA] Attempt 2: solved="6327" — submitting...
    [CAPTCHA] Attempt 2: ✗ MISMATCH (server: Could not validate your provided Security Key / CAPTCHA. Please check and try again.) — reloading
    [CAPTCHA] Attempt 3: solver returned "124" (invalid length=3) — reloading
    [CAPTCHA] Attempt 4: solved="6380" — submitting...
    [CAPTCHA] Attempt 4: captcha OK but no result for this EIIN/year
NO RESULT
[491/1646] SSC 2015 EIIN=135456 ...     [CAPTCHA] Attempt 1: solved="2140" — submitting...
    [CAPTCHA] Attempt 1: captcha OK but no result for this EIIN/year
NO RESULT
[492/1646] SSC 2016 EIIN=135456 ...     [CAPTCHA] Attempt 1: solved="5264" — submitting...
    [CAPTCHA] Attempt 1: ✗ MISMATCH (server: Could not validate your provided Security Key / CAPTCHA. Please check and try again.) — reloading
    [CAPTCHA] Attempt 2: solved="9482" — submitting...
    [CAPTCHA] Attempt 2: ✗ MISMATCH (server: Could not validate your provided Security Key / CAPTCHA. Please check and try again.) — reloading
    [CAPTCHA] Attempt 3: solved="5787" — submitting...
    [CAPTCHA] Attempt 3: captcha OK but no result for this EIIN/year
NO RESULT
[493/1646] SSC 2017 EIIN=135456 ...     [CAPTCHA] Attempt 1: solved="2363" — submitting...
    [CAPTCHA] Attempt 1: captcha OK but no result for this EIIN/year
NO RESULT
[494/1646] SSC 2018 EIIN=135456 ...     [CAPTCHA] Attempt 1: solver returned "(empty)" (invalid length=0) — reloading
    [CAPTCHA] Attempt 2: solver returned "(empty)" (invalid length=0) — reloading
    [CAPTCHA] Attempt 3: solved="9951" — submitting...
    [CAPTCHA] Attempt 3: captcha OK but no result for this EIIN/year
NO RESULT
[495/1646] SSC 2019 EIIN=135456 ...     [CAPTCHA] Attempt 1: solver returned "(empty)" (invalid length=0) — reloading
    [CAPTCHA] Attempt 2: solved="1701" — submitting...
    [CAPTCHA] Attempt 2: ✗ MISMATCH (server: Could not validate your provided Security Key / CAPTCHA. Please check and try again.) — reloading
    [CAPTCHA] Attempt 3: solved="1164" — submitting...
    [CAPTCHA] Attempt 3: ✗ MISMATCH (server: Could not validate your provided Security Key / CAPTCHA. Please check and try again.) — reloading
    [CAPTCHA] Attempt 4: solved="6466" — submitting...
    [CAPTCHA] Attempt 4: captcha OK but no result for this EIIN/year
NO RESULT
[496/1646] SSC 2020 EIIN=135456 ...     [CAPTCHA] Attempt 1: solved="2344" — submitting...
    [CAPTCHA] Attempt 1: ✗ MISMATCH (server: Could not validate your provided Security Key / CAPTCHA. Please check and try again.) — reloading
    [CAPTCHA] Attempt 2: solved="4072" — submitting...
    [CAPTCHA] Attempt 2: ✗ MISMATCH (server: Could not validate your provided Security Key / CAPTCHA. Please check and try again.) — reloading
    [CAPTCHA] Attempt 3: solved="6582" — submitting...
    [CAPTCHA] Attempt 3: captcha OK but no result for this EIIN/year
NO RESULT
[497/1646] SSC 2021 EIIN=135456 ...     [CAPTCHA] Attempt 1: solved="4761" — submitting...
    [CAPTCHA] Attempt 1: captcha OK but no result for this EIIN/year
NO RESULT
[498/1646] SSC 2022 EIIN=135456 ...     [CAPTCHA] Attempt 1: solver returned "(empty)" (invalid length=0) — reloading
    [CAPTCHA] Attempt 2: solved="6212" — submitting...
    [CAPTCHA] Attempt 2: captcha OK but no result for this EIIN/year
NO RESULT
[499/1646] SSC 2023 EIIN=135456 ...     [CAPTCHA] Attempt 1: solved="7105" — submitting...
    [CAPTCHA] Attempt 1: captcha OK but no result for this EIIN/year
NO RESULT
[500/1646] SSC 2024 EIIN=135456 ...     [CAPTCHA] Attempt 1: solved="7314" — submitting...
    [CAPTCHA] Attempt 1: ✗ MISMATCH (server: Could not validate your provided Security Key / CAPTCHA. Please check and try again.) — reloading
    [CAPTCHA] Attempt 2: solver returned "(empty)" (invalid length=0) — reloading
    [CAPTCHA] Attempt 3: solved="5118" — submitting...
    [CAPTCHA] Attempt 3: captcha OK but no result for this EIIN/year
NO RESULT

─── 500/1646 done | OK:0 FAIL:4 | ETA ≈ 910.3 min ───

[501/1646] SSC 2025 EIIN=135456 ...     [CAPTCHA] Attempt 1: solved="2144" — submitting...
    [CAPTCHA] Attempt 1: ✗ MISMATCH (server: Could not validate your provided Security Key / CAPTCHA. Please check and try again.) — reloading
    [CAPTCHA] Attempt 2: solved="7759" — submitting...
    [CAPTCHA] Attempt 2: ✗ MISMATCH (server: Could not validate your provided Security Key / CAPTCHA. Please check and try again.) — reloading
    [CAPTCHA] Attempt 3: solved="7085" — submitting...
    [CAPTCHA] Attempt 3: ✗ MISMATCH (server: Could not validate your provided Security Key / CAPTCHA. Please check and try again.) — reloading
    [CAPTCHA] Attempt 4: solver returned "(empty)" (invalid length=0) — reloading
    [CAPTCHA] Attempt 5: solved="1790" — submitting...
    [CAPTCHA] Attempt 5: captcha OK but no result for this EIIN/year
NO RESULT
[502/1646] SSC 2026 EIIN=135456 ...     [CAPTCHA] Attempt 1: solved="7317" — submitting...
    [CAPTCHA] Attempt 1: captcha OK but no result for this EIIN/year
NO RESULT
[503/1646] SSC 2011 EIIN=134578 ...     [CAPTCHA] Attempt 1: solved="4886" — submitting...
    [CAPTCHA] Attempt 1: ✗ MISMATCH (server: Could not validate your provided Security Key / CAPTCHA. Please check and try again.) — reloading
    [CAPTCHA] Attempt 2: solved="1078" — submitting...
    [CAPTCHA] Attempt 2: ✗ MISMATCH (server: Could not validate your provided Security Key / CAPTCHA. Please check and try again.) — reloading
    [CAPTCHA] Attempt 3: solved="1706" — submitting...
    [CAPTCHA] Attempt 3: ✗ MISMATCH (server: Could not validate your provided Security Key / CAPTCHA. Please check and try again.) — reloading
    [CAPTCHA] Attempt 4: solver returned "(empty)" (invalid length=0) — reloading
    [CAPTCHA] Attempt 5: solved="1219" — submitting...
    [CAPTCHA] Attempt 5: ✗ MISMATCH (server: Could not validate your provided Security Key / CAPTCHA. Please check and try again.) — reloading
    [CAPTCHA] Attempt 6: solved="5378" — submitting...
    [CAPTCHA] Attempt 6: captcha OK but no result for this EIIN/year
NO RESULT
[504/1646] SSC 2012 EIIN=134578 ...     [CAPTCHA] Attempt 1: solver returned "(empty)" (invalid length=0) — reloading
    [CAPTCHA] Attempt 2: solved="4763" — submitting...
    [CAPTCHA] Attempt 2: captcha OK but no result for this EIIN/year
NO RESULT
[505/1646] SSC 2013 EIIN=134578 ...     [CAPTCHA] Attempt 1: solver returned "(empty)" (invalid length=0) — reloading
    [CAPTCHA] Attempt 2: solver returned "(empty)" (invalid length=0) — reloading
    [CAPTCHA] Attempt 3: solver returned "018" (invalid length=3) — reloading
    [CAPTCHA] Attempt 4: solved="6486" — submitting...
    [CAPTCHA] Attempt 4: captcha OK but no result for this EIIN/year
NO RESULT
[506/1646] SSC 2014 EIIN=134578 ...     [CAPTCHA] Attempt 1: solved="2572" — submitting...
    [CAPTCHA] Attempt 1: ✗ MISMATCH (server: Could not validate your provided Security Key / CAPTCHA. Please check and try again.) — reloading
    [CAPTCHA] Attempt 2: solver returned "(empty)" (invalid length=0) — reloading
    [CAPTCHA] Attempt 3: solved="5184" — submitting...
    [CAPTCHA] Attempt 3: ✗ MISMATCH (server: Could not validate your provided Security Key / CAPTCHA. Please check and try again.) — reloading
    [CAPTCHA] Attempt 4: solved="3058" — submitting...
    [CAPTCHA] Attempt 4: ✗ MISMATCH (server: Could not validate your provided Security Key / CAPTCHA. Please check and try again.) — reloading
    [CAPTCHA] Attempt 5: solved="6912" — submitting...
    [CAPTCHA] Attempt 5: ✗ MISMATCH (server: Could not validate your provided Security Key / CAPTCHA. Please check and try again.) — reloading
    [CAPTCHA] Attempt 6: solved="9350" — submitting...
    [CAPTCHA] Attempt 6: captcha OK but no result for this EIIN/year
NO RESULT
[507/1646] SSC 2011 EIIN=133984 ...     [CAPTCHA] Attempt 1: solver returned "(empty)" (invalid length=0) — reloading
    [CAPTCHA] Attempt 2: solved="9152" — submitting...
    [CAPTCHA] Attempt 2: captcha OK but no result for this EIIN/year
NO RESULT
[508/1646] SSC 2012 EIIN=133984 ...     [CAPTCHA] Attempt 1: solved="3705" — submitting...
    [CAPTCHA] Attempt 1: captcha OK but no result for this EIIN/year
NO RESULT
[509/1646] SSC 2013 EIIN=133984 ...     [CAPTCHA] Attempt 1: solver returned "3" (invalid length=1) — reloading
    [CAPTCHA] Attempt 2: solved="6804" — submitting...
    [CAPTCHA] Attempt 2: captcha OK but no result for this EIIN/year
NO RESULT
[510/1646] SSC 2014 EIIN=133984 ...     [CAPTCHA] Attempt 1: solved="3920" — submitting...
    [CAPTCHA] Attempt 1: captcha OK but no result for this EIIN/year
NO RESULT
[511/1646] SSC 2015 EIIN=133984 ...     [CAPTCHA] Attempt 1: solved="7832" — submitting...
    [CAPTCHA] Attempt 1: captcha OK but no result for this EIIN/year
NO RESULT
[512/1646] SSC 2016 EIIN=133984 ...     [CAPTCHA] Attempt 1: solved="4714" — submitting...
    [CAPTCHA] Attempt 1: ✗ MISMATCH (server: Could not validate your provided Security Key / CAPTCHA. Please check and try again.) — reloading
    [CAPTCHA] Attempt 2: solved="7996" — submitting...
    [CAPTCHA] Attempt 2: ✗ MISMATCH (server: Could not validate your provided Security Key / CAPTCHA. Please check and try again.) — reloading
    [CAPTCHA] Attempt 3: solved="8390" — submitting...
    [CAPTCHA] Attempt 3: ✗ MISMATCH (server: Could not validate your provided Security Key / CAPTCHA. Please check and try again.) — reloading
    [CAPTCHA] Attempt 4: solver returned "(empty)" (invalid length=0) — reloading
    [CAPTCHA] Attempt 5: solved="7355" — submitting...
    [CAPTCHA] Attempt 5: captcha OK but no result for this EIIN/year
NO RESULT
[513/1646] SSC 2017 EIIN=133984 ...     [CAPTCHA] Attempt 1: solver returned "(empty)" (invalid length=0) — reloading
    [CAPTCHA] Attempt 2: solver returned "(empty)" (invalid length=0) — reloading
    [CAPTCHA] Attempt 3: solved="1101" — submitting...
    [CAPTCHA] Attempt 3: ✗ MISMATCH (server: Could not validate your provided Security Key / CAPTCHA. Please check and try again.) — reloading
    [CAPTCHA] Attempt 4: solved="4918" — submitting...
    [CAPTCHA] Attempt 4: captcha OK but no result for this EIIN/year
NO RESULT
[514/1646] SSC 2018 EIIN=133984 ...     [CAPTCHA] Attempt 1: solver returned "(empty)" (invalid length=0) — reloading
    [CAPTCHA] Attempt 2: solved="3781" — submitting...
    [CAPTCHA] Attempt 2: captcha OK but no result for this EIIN/year
NO RESULT
[515/1646] SSC 2019 EIIN=133984 ...     [CAPTCHA] Attempt 1: solved="4949" — submitting...
    [CAPTCHA] Attempt 1: ✗ MISMATCH (server: Could not validate your provided Security Key / CAPTCHA. Please check and try again.) — reloading
    [CAPTCHA] Attempt 2: solved="4287" — submitting...
    [CAPTCHA] Attempt 2: captcha OK but no result for this EIIN/year
NO RESULT
[516/1646] SSC 2020 EIIN=133984 ...     [CAPTCHA] Attempt 1: solved="3634" — submitting...
    [CAPTCHA] Attempt 1: captcha OK but no result for this EIIN/year
NO RESULT
[517/1646] SSC 2021 EIIN=133984 ...     [CAPTCHA] Attempt 1: solved="1697" — submitting...
    [CAPTCHA] Attempt 1: captcha OK but no result for this EIIN/year
NO RESULT
[518/1646] SSC 2011 EIIN=138611 ...     [CAPTCHA] Attempt 1: solver returned "(empty)" (invalid length=0) — reloading
    [CAPTCHA] Attempt 2: solved="2156" — submitting...
    [CAPTCHA] Attempt 2: ✗ MISMATCH (server: Could not validate your provided Security Key / CAPTCHA. Please check and try again.) — reloading
    [CAPTCHA] Attempt 3: solved="8270" — submitting...
    [CAPTCHA] Attempt 3: ✗ MISMATCH (server: Could not validate your provided Security Key / CAPTCHA. Please check and try again.) — reloading
    [CAPTCHA] Attempt 4: solved="3860" — submitting...
    [CAPTCHA] Attempt 4: captcha OK but no result for this EIIN/year
NO RESULT
[519/1646] SSC 2012 EIIN=138611 ...     [CAPTCHA] Attempt 1: solver returned "(empty)" (invalid length=0) — reloading
    [CAPTCHA] Attempt 2: solved="9177" — submitting...
    [CAPTCHA] Attempt 2: ✗ MISMATCH (server: Could not validate your provided Security Key / CAPTCHA. Please check and try again.) — reloading
    [CAPTCHA] Attempt 3: solver returned "(empty)" (invalid length=0) — reloading
    [CAPTCHA] Attempt 4: solver returned "(empty)" (invalid length=0) — reloading
    [CAPTCHA] Attempt 5: solver returned "(empty)" (invalid length=0) — reloading
    [CAPTCHA] Attempt 6: solved="7819" — submitting...
    [CAPTCHA] Attempt 6: ✗ MISMATCH (server: Could not validate your provided Security Key / CAPTCHA. Please check and try again.) — reloading
    [CAPTCHA] Attempt 7: solved="8203" — submitting...
    [CAPTCHA] Attempt 7: captcha OK but no result for this EIIN/year
NO RESULT
[520/1646] SSC 2013 EIIN=138611 ...     [CAPTCHA] Attempt 1: solver returned "(empty)" (invalid length=0) — reloading
    [CAPTCHA] Attempt 2: solver returned "(empty)" (invalid length=0) — reloading
    [CAPTCHA] Attempt 3: solved="1547" — submitting...
    [CAPTCHA] Attempt 3: captcha OK but no result for this EIIN/year
NO RESULT
[521/1646] SSC 2014 EIIN=138611 ...     [CAPTCHA] Attempt 1: solved="9258" — submitting...
    [CAPTCHA] Attempt 1: captcha OK but no result for this EIIN/year
NO RESULT
[522/1646] SSC 2015 EIIN=138611 ...     [CAPTCHA] Attempt 1: solver returned "(empty)" (invalid length=0) — reloading
    [CAPTCHA] Attempt 2: solved="2355" — submitting...
    [CAPTCHA] Attempt 2: captcha OK but no result for this EIIN/year
NO RESULT
[523/1646] SSC 2016 EIIN=138611 ...     [CAPTCHA] Attempt 1: solved="1870" — submitting...
    [CAPTCHA] Attempt 1: ✗ MISMATCH (server: Could not validate your provided Security Key / CAPTCHA. Please check and try again.) — reloading
    [CAPTCHA] Attempt 2: solved="2941" — submitting...
    [CAPTCHA] Attempt 2: ✗ MISMATCH (server: Could not validate your provided Security Key / CAPTCHA. Please check and try again.) — reloading
    [CAPTCHA] Attempt 3: solved="1443" — submitting...
    [CAPTCHA] Attempt 3: ✗ MISMATCH (server: Could not validate your provided Security Key / CAPTCHA. Please check and try again.) — reloading
    [CAPTCHA] Attempt 4: solved="6036" — submitting...
    [CAPTCHA] Attempt 4: ✗ MISMATCH (server: Could not validate your provided Security Key / CAPTCHA. Please check and try again.) — reloading
    [CAPTCHA] Attempt 5: solved="6549" — submitting...
    [CAPTCHA] Attempt 5: captcha OK but no result for this EIIN/year
NO RESULT
[524/1646] SSC 2017 EIIN=138611 ...     [CAPTCHA] Attempt 1: solved="8811" — submitting...
    [CAPTCHA] Attempt 1: ✗ MISMATCH (server: Could not validate your provided Security Key / CAPTCHA. Please check and try again.) — reloading
    [CAPTCHA] Attempt 2: solved="8014" — submitting...
    [CAPTCHA] Attempt 2: ✗ MISMATCH (server: Could not validate your provided Security Key / CAPTCHA. Please check and try again.) — reloading
    [CAPTCHA] Attempt 3: solved="4345" — submitting...
    [CAPTCHA] Attempt 3: ✗ MISMATCH (server: Could not validate your provided Security Key / CAPTCHA. Please check and try again.) — reloading
    [CAPTCHA] Attempt 4: solved="3892" — submitting...
    [CAPTCHA] Attempt 4: ✗ MISMATCH (server: Could not validate your provided Security Key / CAPTCHA. Please check and try again.) — reloading
    [CAPTCHA] Attempt 5: solver returned "(empty)" (invalid length=0) — reloading
    [CAPTCHA] Attempt 6: solver returned "(empty)" (invalid length=0) — reloading
    [CAPTCHA] Attempt 7: solved="7121" — submitting...
    [CAPTCHA] Attempt 7: ✗ MISMATCH (server: Could not validate your provided Security Key / CAPTCHA. Please check and try again.) — reloading
    [CAPTCHA] Attempt 8: solved="2764" — submitting...
    [CAPTCHA] Attempt 8: captcha OK but no result for this EIIN/year
NO RESULT
[525/1646] SSC 2018 EIIN=138611 ...     [CAPTCHA] Attempt 1: solver returned "(empty)" (invalid length=0) — reloading
    [CAPTCHA] Attempt 2: solved="1482" — submitting...
    [CAPTCHA] Attempt 2: captcha OK but no result for this EIIN/year
NO RESULT
[526/1646] SSC 2019 EIIN=138611 ...     [CAPTCHA] Attempt 1: solved="3622" — submitting...
    [CAPTCHA] Attempt 1: captcha OK but no result for this EIIN/year
NO RESULT
[527/1646] SSC 2011 EIIN=133979 ...     [CAPTCHA] Attempt 1: solver returned "(empty)" (invalid length=0) — reloading
    [CAPTCHA] Attempt 2: solver returned "(empty)" (invalid length=0) — reloading
    [CAPTCHA] Attempt 3: solved="4549" — submitting...
    [CAPTCHA] Attempt 3: captcha OK but no result for this EIIN/year
NO RESULT
[528/1646] SSC 2012 EIIN=133979 ...     [CAPTCHA] Attempt 1: solver returned "(empty)" (invalid length=0) — reloading
    [CAPTCHA] Attempt 2: solved="6145" — submitting...
    [CAPTCHA] Attempt 2: ✗ MISMATCH (server: Could not validate your provided Security Key / CAPTCHA. Please check and try again.) — reloading
    [CAPTCHA] Attempt 3: solver returned "(empty)" (invalid length=0) — reloading
    [CAPTCHA] Attempt 4: solved="9744" — submitting...
    [CAPTCHA] Attempt 4: ✗ MISMATCH (server: Could not validate your provided Security Key / CAPTCHA. Please check and try again.) — reloading
    [CAPTCHA] Attempt 5: solved="9680" — submitting...
    [CAPTCHA] Attempt 5: captcha OK but no result for this EIIN/year
NO RESULT
[529/1646] SSC 2013 EIIN=133979 ...     [CAPTCHA] Attempt 1: solver returned "(empty)" (invalid length=0) — reloading
    [CAPTCHA] Attempt 2: solved="3812" — submitting...
    [CAPTCHA] Attempt 2: ✗ MISMATCH (server: Could not validate your provided Security Key / CAPTCHA. Please check and try again.) — reloading
    [CAPTCHA] Attempt 3: solved="4095" — submitting...
    [CAPTCHA] Attempt 3: ✗ MISMATCH (server: Could not validate your provided Security Key / CAPTCHA. Please check and try again.) — reloading
    [CAPTCHA] Attempt 4: solved="1993" — submitting...
    [CAPTCHA] Attempt 4: ✗ MISMATCH (server: Could not validate your provided Security Key / CAPTCHA. Please check and try again.) — reloading
    [CAPTCHA] Attempt 5: solver returned "7" (invalid length=1) — reloading
    [CAPTCHA] Attempt 6: solver returned "(empty)" (invalid length=0) — reloading
    [CAPTCHA] Attempt 7: solver returned "(empty)" (invalid length=0) — reloading
    [CAPTCHA] Attempt 8: solver returned "(empty)" (invalid length=0) — reloading
    [CAPTCHA] Attempt 9: solved="0300" — submitting...
    [CAPTCHA] Attempt 9: ✗ MISMATCH (server: Could not validate your provided Security Key / CAPTCHA. Please check and try again.) — reloading
    [CAPTCHA] Attempt 10: solved="2418" — submitting...
    [CAPTCHA] Attempt 10: ✗ MISMATCH (server: Could not validate your provided Security Key / CAPTCHA. Please check and try again.) — reloading
    [CAPTCHA] Attempt 11: solved="6781" — submitting...
    [CAPTCHA] Attempt 11: ✗ MISMATCH (server: Could not validate your provided Security Key / CAPTCHA. Please check and try again.) — reloading
    [CAPTCHA] Attempt 12: solver returned "(empty)" (invalid length=0) — reloading
    [CAPTCHA] Attempt 13: solved="2355" — submitting...
    [CAPTCHA] Attempt 13: ✗ MISMATCH (server: Could not validate your provided Security Key / CAPTCHA. Please check and try again.) — reloading
    [CAPTCHA] Attempt 14: solved="5943" — submitting...
    [CAPTCHA] Attempt 14: ✗ MISMATCH (server: Could not validate your provided Security Key / CAPTCHA. Please check and try again.) — reloading
    [CAPTCHA] Attempt 15: solved="2234" — submitting...
    [CAPTCHA] Attempt 15: captcha OK but no result for this EIIN/year
NO RESULT
[530/1646] SSC 2014 EIIN=133979 ...     [CAPTCHA] Attempt 1: solved="8802" — submitting...
    [CAPTCHA] Attempt 1: captcha OK but no result for this EIIN/year
NO RESULT
[531/1646] SSC 2015 EIIN=133979 ...     [CAPTCHA] Attempt 1: solved="1435" — submitting...
    [CAPTCHA] Attempt 1: captcha OK but no result for this EIIN/year
NO RESULT
[532/1646] SSC 2016 EIIN=133979 ...     [CAPTCHA] Attempt 1: solved="7340" — submitting...
    [CAPTCHA] Attempt 1: captcha OK but no result for this EIIN/year
NO RESULT
[533/1646] SSC 2017 EIIN=133979 ...     [CAPTCHA] Attempt 1: solved="9150" — submitting...
    [CAPTCHA] Attempt 1: ✗ MISMATCH (server: Could not validate your provided Security Key / CAPTCHA. Please check and try again.) — reloading
    [CAPTCHA] Attempt 2: solved="4123" — submitting...
    [CAPTCHA] Attempt 2: captcha OK but no result for this EIIN/year
NO RESULT
[534/1646] SSC 2018 EIIN=133979 ...     [CAPTCHA] Attempt 1: solved="8121" — submitting...
    [CAPTCHA] Attempt 1: ✗ MISMATCH (server: Could not validate your provided Security Key / CAPTCHA. Please check and try again.) — reloading
    [CAPTCHA] Attempt 2: solved="8171" — submitting...
    [CAPTCHA] Attempt 2: captcha OK but no result for this EIIN/year
NO RESULT
[535/1646] SSC 2019 EIIN=133979 ...     [CAPTCHA] Attempt 1: solved="2858" — submitting...
    [CAPTCHA] Attempt 1: ✗ MISMATCH (server: Could not validate your provided Security Key / CAPTCHA. Please check and try again.) — reloading
    [CAPTCHA] Attempt 2: solver returned "(empty)" (invalid length=0) — reloading
    [CAPTCHA] Attempt 3: solved="4870" — submitting...
    [CAPTCHA] Attempt 3: ✗ MISMATCH (server: Could not validate your provided Security Key / CAPTCHA. Please check and try again.) — reloading
    [CAPTCHA] Attempt 4: solved="1461" — submitting...
    [CAPTCHA] Attempt 4: ✗ MISMATCH (server: Could not validate your provided Security Key / CAPTCHA. Please check and try again.) — reloading
    [CAPTCHA] Attempt 5: solved="5038" — submitting...
    [CAPTCHA] Attempt 5: ✗ MISMATCH (server: Could not validate your provided Security Key / CAPTCHA. Please check and try again.) — reloading
    [CAPTCHA] Attempt 6: solved="1391" — submitting...
    [CAPTCHA] Attempt 6: captcha OK but no result for this EIIN/year
NO RESULT
[536/1646] SSC 2020 EIIN=133979 ...     [CAPTCHA] Attempt 1: solved="8390" — submitting...
    [CAPTCHA] Attempt 1: ✗ MISMATCH (server: Could not validate your provided Security Key / CAPTCHA. Please check and try again.) — reloading
    [CAPTCHA] Attempt 2: solved="4074" — submitting...
    [CAPTCHA] Attempt 2: ✗ MISMATCH (server: Could not validate your provided Security Key / CAPTCHA. Please check and try again.) — reloading
    [CAPTCHA] Attempt 3: solved="1549" — submitting...
    [CAPTCHA] Attempt 3: ✗ MISMATCH (server: Could not validate your provided Security Key / CAPTCHA. Please check and try again.) — reloading
    [CAPTCHA] Attempt 4: solver returned "(empty)" (invalid length=0) — reloading
    [CAPTCHA] Attempt 5: solved="9364" — submitting...
    [CAPTCHA] Attempt 5: ✗ MISMATCH (server: Could not validate your provided Security Key / CAPTCHA. Please check and try again.) — reloading
    [CAPTCHA] Attempt 6: solver returned "(empty)" (invalid length=0) — reloading
    [CAPTCHA] Attempt 7: solver returned "(empty)" (invalid length=0) — reloading
    [CAPTCHA] Attempt 8: solved="9608" — submitting...
    [CAPTCHA] Attempt 8: ✗ MISMATCH (server: Could not validate your provided Security Key / CAPTCHA. Please check and try again.) — reloading
    [CAPTCHA] Attempt 9: solver returned "(empty)" (invalid length=0) — reloading
    [CAPTCHA] Attempt 10: solver returned "(empty)" (invalid length=0) — reloading
    [CAPTCHA] Attempt 11: solver returned "(empty)" (invalid length=0) — reloading
    [CAPTCHA] Attempt 12: solver returned "(empty)" (invalid length=0) — reloading
    [CAPTCHA] Attempt 13: solved="8974" — submitting...
    [CAPTCHA] Attempt 13: captcha OK but no result for this EIIN/year
NO RESULT
[537/1646] SSC 2021 EIIN=133979 ...     [CAPTCHA] Attempt 1: solved="4384" — submitting...
    [CAPTCHA] Attempt 1: ✗ MISMATCH (server: Could not validate your provided Security Key / CAPTCHA. Please check and try again.) — reloading
    [CAPTCHA] Attempt 2: solved="2237" — submitting...
    [CAPTCHA] Attempt 2: ✗ MISMATCH (server: Could not validate your provided Security Key / CAPTCHA. Please check and try again.) — reloading
    [CAPTCHA] Attempt 3: solved="7436" — submitting...
    [CAPTCHA] Attempt 3: ✗ MISMATCH (server: Could not validate your provided Security Key / CAPTCHA. Please check and try again.) — reloading
    [CAPTCHA] Attempt 4: solved="4756" — submitting...
    [CAPTCHA] Attempt 4: ✗ MISMATCH (server: Could not validate your provided Security Key / CAPTCHA. Please check and try again.) — reloading
    [CAPTCHA] Attempt 5: solver returned "(empty)" (invalid length=0) — reloading
    [CAPTCHA] Attempt 6: solver returned "(empty)" (invalid length=0) — reloading
    [CAPTCHA] Attempt 7: solved="4403" — submitting...
    [CAPTCHA] Attempt 7: ✗ MISMATCH (server: Could not validate your provided Security Key / CAPTCHA. Please check and try again.) — reloading
    [CAPTCHA] Attempt 8: solved="9252" — submitting...
    [CAPTCHA] Attempt 8: ✗ MISMATCH (server: Could not validate your provided Security Key / CAPTCHA. Please check and try again.) — reloading
    [CAPTCHA] Attempt 9: solved="8637" — submitting...
    [CAPTCHA] Attempt 9: captcha OK but no result for this EIIN/year
NO RESULT
[538/1646] SSC 2022 EIIN=133979 ...     [CAPTCHA] Attempt 1: solver returned "(empty)" (invalid length=0) — reloading
    [CAPTCHA] Attempt 2: solved="7970" — submitting...
    [CAPTCHA] Attempt 2: captcha OK but no result for this EIIN/year
NO RESULT
[539/1646] SSC 2023 EIIN=133979 ...     [CAPTCHA] Attempt 1: solver returned "(empty)" (invalid length=0) — reloading
    [CAPTCHA] Attempt 2: solved="7220" — submitting...
    [CAPTCHA] Attempt 2: captcha OK but no result for this EIIN/year
NO RESULT
[540/1646] SSC 2024 EIIN=133979 ...     [CAPTCHA] Attempt 1: solver returned "(empty)" (invalid length=0) — reloading
    [CAPTCHA] Attempt 2: solved="2104" — submitting...
    [CAPTCHA] Attempt 2: ✗ MISMATCH (server: Could not validate your provided Security Key / CAPTCHA. Please check and try again.) — reloading
    [CAPTCHA] Attempt 3: solved="9138" — submitting...
    [CAPTCHA] Attempt 3: ✗ MISMATCH (server: Could not validate your provided Security Key / CAPTCHA. Please check and try again.) — reloading
    [CAPTCHA] Attempt 4: solved="7777" — submitting...
    [CAPTCHA] Attempt 4: ✗ MISMATCH (server: Could not validate your provided Security Key / CAPTCHA. Please check and try again.) — reloading
    [CAPTCHA] Attempt 5: solved="0675" — submitting...
    [CAPTCHA] Attempt 5: ✗ MISMATCH (server: Could not validate your provided Security Key / CAPTCHA. Please check and try again.) — reloading
    [CAPTCHA] Attempt 6: solver returned "(empty)" (invalid length=0) — reloading
    [CAPTCHA] Attempt 7: solver returned "(empty)" (invalid length=0) — reloading
    [CAPTCHA] Attempt 8: solved="8114" — submitting...
    [CAPTCHA] Attempt 8: ✗ MISMATCH (server: Could not validate your provided Security Key / CAPTCHA. Please check and try again.) — reloading
    [CAPTCHA] Attempt 9: solved="2140" — submitting...
    [CAPTCHA] Attempt 9: captcha OK but no result for this EIIN/year
NO RESULT
[541/1646] SSC 2025 EIIN=133979 ...     [CAPTCHA] Attempt 1: solved="0712" — submitting...
    [CAPTCHA] Attempt 1: ✗ MISMATCH (server: Could not validate your provided Security Key / CAPTCHA. Please check and try again.) — reloading
    [CAPTCHA] Attempt 2: solved="5338" — submitting...
    [CAPTCHA] Attempt 2: ✗ MISMATCH (server: Could not validate your provided Security Key / CAPTCHA. Please check and try again.) — reloading
    [CAPTCHA] Attempt 3: solved="4610" — submitting...
    [CAPTCHA] Attempt 3: ✗ MISMATCH (server: Could not validate your provided Security Key / CAPTCHA. Please check and try again.) — reloading
    [CAPTCHA] Attempt 4: solved="8419" — submitting...
    [CAPTCHA] Attempt 4: captcha OK but no result for this EIIN/year
NO RESULT
[542/1646] SSC 2026 EIIN=133979 ...     [CAPTCHA] Attempt 1: solved="5097" — submitting...
    [CAPTCHA] Attempt 1: captcha OK but no result for this EIIN/year
NO RESULT
[543/1646] SSC 2011 EIIN=140353 ...     [CAPTCHA] Attempt 1: solved="3123" — submitting...
    [CAPTCHA] Attempt 1: ✗ MISMATCH (server: Could not validate your provided Security Key / CAPTCHA. Please check and try again.) — reloading
    [CAPTCHA] Attempt 2: solved="9470" — submitting...
    [CAPTCHA] Attempt 2: ✗ MISMATCH (server: Could not validate your provided Security Key / CAPTCHA. Please check and try again.) — reloading
    [CAPTCHA] Attempt 3: solved="8033" — submitting...
    [CAPTCHA] Attempt 3: captcha OK but no result for this EIIN/year
NO RESULT
[544/1646] SSC 2012 EIIN=140353 ...     [CAPTCHA] Attempt 1: solved="1241" — submitting...
    [CAPTCHA] Attempt 1: captcha OK but no result for this EIIN/year
NO RESULT
[545/1646] SSC 2013 EIIN=140353 ...     [CAPTCHA] Attempt 1: solved="9581" — submitting...
    [CAPTCHA] Attempt 1: captcha OK but no result for this EIIN/year
NO RESULT
[546/1646] SSC 2014 EIIN=140353 ...     [CAPTCHA] Attempt 1: solved="6463" — submitting...
    [CAPTCHA] Attempt 1: ✗ MISMATCH (server: Could not validate your provided Security Key / CAPTCHA. Please check and try again.) — reloading
    [CAPTCHA] Attempt 2: solved="2112" — submitting...
    [CAPTCHA] Attempt 2: ✗ MISMATCH (server: Could not validate your provided Security Key / CAPTCHA. Please check and try again.) — reloading
    [CAPTCHA] Attempt 3: solver returned "(empty)" (invalid length=0) — reloading
    [CAPTCHA] Attempt 4: solver returned "(empty)" (invalid length=0) — reloading
    [CAPTCHA] Attempt 5: solved="1858" — submitting...
    [CAPTCHA] Attempt 5: ✗ MISMATCH (server: Could not validate your provided Security Key / CAPTCHA. Please check and try again.) — reloading
    [CAPTCHA] Attempt 6: solved="1309" — submitting...
    [CAPTCHA] Attempt 6: ✗ MISMATCH (server: Could not validate your provided Security Key / CAPTCHA. Please check and try again.) — reloading
    [CAPTCHA] Attempt 7: solved="1905" — submitting...
    [CAPTCHA] Attempt 7: captcha OK but no result for this EIIN/year
NO RESULT
[547/1646] SSC 2015 EIIN=140353 ...     [CAPTCHA] Attempt 1: solved="4245" — submitting...
    [CAPTCHA] Attempt 1: captcha OK but no result for this EIIN/year
NO RESULT
[548/1646] SSC 2016 EIIN=140353 ...     [CAPTCHA] Attempt 1: solver returned "(empty)" (invalid length=0) — reloading
    [CAPTCHA] Attempt 2: solver returned "(empty)" (invalid length=0) — reloading
    [CAPTCHA] Attempt 3: solved="9449" — submitting...
    [CAPTCHA] Attempt 3: ✗ MISMATCH (server: Could not validate your provided Security Key / CAPTCHA. Please check and try again.) — reloading
    [CAPTCHA] Attempt 4: solved="6141" — submitting...
    [CAPTCHA] Attempt 4: ✗ MISMATCH (server: Could not validate your provided Security Key / CAPTCHA. Please check and try again.) — reloading
    [CAPTCHA] Attempt 5: solved="1618" — submitting...
    [CAPTCHA] Attempt 5: ✗ MISMATCH (server: Could not validate your provided Security Key / CAPTCHA. Please check and try again.) — reloading
    [CAPTCHA] Attempt 6: solver returned "(empty)" (invalid length=0) — reloading
    [CAPTCHA] Attempt 7: solved="7436" — submitting...
    [CAPTCHA] Attempt 7: ✗ MISMATCH (server: Could not validate your provided Security Key / CAPTCHA. Please check and try again.) — reloading
    [CAPTCHA] Attempt 8: solved="4667" — submitting...
    [CAPTCHA] Attempt 8: ✗ MISMATCH (server: Could not validate your provided Security Key / CAPTCHA. Please check and try again.) — reloading
    [CAPTCHA] Attempt 9: solved="6135" — submitting...
    [CAPTCHA] Attempt 9: ✗ MISMATCH (server: Could not validate your provided Security Key / CAPTCHA. Please check and try again.) — reloading
    [CAPTCHA] Attempt 10: solved="1083" — submitting...
    [CAPTCHA] Attempt 10: ✗ MISMATCH (server: Could not validate your provided Security Key / CAPTCHA. Please check and try again.) — reloading
    [CAPTCHA] Attempt 11: solved="3615" — submitting...
    [CAPTCHA] Attempt 11: ✗ MISMATCH (server: Could not validate your provided Security Key / CAPTCHA. Please check and try again.) — reloading
    [CAPTCHA] Attempt 12: solved="1244" — submitting...
    [CAPTCHA] Attempt 12: ✗ MISMATCH (server: Could not validate your provided Security Key / CAPTCHA. Please check and try again.) — reloading
    [CAPTCHA] Attempt 13: solver returned "(empty)" (invalid length=0) — reloading
    [CAPTCHA] Attempt 14: solved="4166" — submitting...
    [CAPTCHA] Attempt 14: ✗ MISMATCH (server: Could not validate your provided Security Key / CAPTCHA. Please check and try again.) — reloading
    [CAPTCHA] Attempt 15: solved="3633" — submitting...
    [CAPTCHA] Attempt 15: ✗ MISMATCH (server: Could not validate your provided Security Key / CAPTCHA. Please check and try again.) — reloading
    [CAPTCHA] Attempt 16: solver returned "(empty)" (invalid length=0) — reloading
    [CAPTCHA] Attempt 17: solved="9245" — submitting...
    [CAPTCHA] Attempt 17: ✗ MISMATCH (server: Could not validate your provided Security Key / CAPTCHA. Please check and try again.) — reloading
    [CAPTCHA] Attempt 18: solved="3059" — submitting...
    [CAPTCHA] Attempt 18: ✗ MISMATCH (server: Could not validate your provided Security Key / CAPTCHA. Please check and try again.) — reloading
    [CAPTCHA] Attempt 19: solver returned "(empty)" (invalid length=0) — reloading
    [CAPTCHA] Attempt 20: solved="5514" — submitting...
    [CAPTCHA] Attempt 20: captcha OK but no result for this EIIN/year
NO RESULT
[549/1646] SSC 2017 EIIN=140353 ...     [CAPTCHA] Attempt 1: solved="7316" — submitting...
    [CAPTCHA] Attempt 1: captcha OK but no result for this EIIN/year
NO RESULT
[550/1646] SSC 2018 EIIN=140353 ...     [CAPTCHA] Attempt 1: solved="4574" — submitting...
    [CAPTCHA] Attempt 1: ✗ MISMATCH (server: Could not validate your provided Security Key / CAPTCHA. Please check and try again.) — reloading
    [CAPTCHA] Attempt 2: solved="7482" — submitting...
    [CAPTCHA] Attempt 2: ✗ MISMATCH (server: Could not validate your provided Security Key / CAPTCHA. Please check and try again.) — reloading
    [CAPTCHA] Attempt 3: solved="5171" — submitting...
    [CAPTCHA] Attempt 3: captcha OK but no result for this EIIN/year
NO RESULT
[551/1646] SSC 2019 EIIN=140353 ...     [CAPTCHA] Attempt 1: solved="9344" — submitting...
    [CAPTCHA] Attempt 1: ✗ MISMATCH (server: Could not validate your provided Security Key / CAPTCHA. Please check and try again.) — reloading
    [CAPTCHA] Attempt 2: solved="2156" — submitting...
    [CAPTCHA] Attempt 2: ✗ MISMATCH (server: Could not validate your provided Security Key / CAPTCHA. Please check and try again.) — reloading
    [CAPTCHA] Attempt 3: solved="2277" — submitting...
    [CAPTCHA] Attempt 3: captcha OK but no result for this EIIN/year
NO RESULT
[552/1646] SSC 2020 EIIN=140353 ...     [CAPTCHA] Attempt 1: solved="3488" — submitting...
    [CAPTCHA] Attempt 1: captcha OK but no result for this EIIN/year
NO RESULT
[553/1646] SSC 2021 EIIN=140353 ...     [CAPTCHA] Attempt 1: solver returned "(empty)" (invalid length=0) — reloading
    [CAPTCHA] Attempt 2: solved="9041" — submitting...
    [CAPTCHA] Attempt 2: ✗ MISMATCH (server: Could not validate your provided Security Key / CAPTCHA. Please check and try again.) — reloading
    [CAPTCHA] Attempt 3: solved="3496" — submitting...
    [CAPTCHA] Attempt 3: ✗ MISMATCH (server: Could not validate your provided Security Key / CAPTCHA. Please check and try again.) — reloading
    [CAPTCHA] Attempt 4: solver returned "(empty)" (invalid length=0) — reloading
    [CAPTCHA] Attempt 5: solved="2485" — submitting...
    [CAPTCHA] Attempt 5: ✗ MISMATCH (server: Could not validate your provided Security Key / CAPTCHA. Please check and try again.) — reloading
    [CAPTCHA] Attempt 6: solved="3489" — submitting...
    [CAPTCHA] Attempt 6: captcha OK but no result for this EIIN/year
NO RESULT
[554/1646] SSC 2022 EIIN=140353 ...     [CAPTCHA] Attempt 1: solved="4736" — submitting...
    [CAPTCHA] Attempt 1: ✗ MISMATCH (server: Could not validate your provided Security Key / CAPTCHA. Please check and try again.) — reloading
    [CAPTCHA] Attempt 2: solved="2192" — submitting...
    [CAPTCHA] Attempt 2: captcha OK but no result for this EIIN/year
NO RESULT
[555/1646] SSC 2023 EIIN=140353 ...     [CAPTCHA] Attempt 1: solved="2566" — submitting...
    [CAPTCHA] Attempt 1: captcha OK but no result for this EIIN/year
NO RESULT
[556/1646] SSC 2024 EIIN=140353 ...     [CAPTCHA] Attempt 1: solver returned "(empty)" (invalid length=0) — reloading
    [CAPTCHA] Attempt 2: solver returned "(empty)" (invalid length=0) — reloading
    [CAPTCHA] Attempt 3: solver returned "(empty)" (invalid length=0) — reloading
    [CAPTCHA] Attempt 4: solver returned "779" (invalid length=3) — reloading
    [CAPTCHA] Attempt 5: solved="3118" — submitting...
    [CAPTCHA] Attempt 5: captcha OK but no result for this EIIN/year
NO RESULT
[557/1646] SSC 2025 EIIN=140353 ...     [CAPTCHA] Attempt 1: solved="8488" — submitting...
    [CAPTCHA] Attempt 1: ✗ MISMATCH (server: Could not validate your provided Security Key / CAPTCHA. Please check and try again.) — reloading
    [CAPTCHA] Attempt 2: solved="6182" — submitting...
    [CAPTCHA] Attempt 2: captcha OK but no result for this EIIN/year
NO RESULT
[558/1646] SSC 2026 EIIN=140353 ...     [CAPTCHA] Attempt 1: solved="7340" — submitting...
    [CAPTCHA] Attempt 1: captcha OK but no result for this EIIN/year
NO RESULT
[559/1646] SSC 2011 EIIN=134601 ...     [CAPTCHA] Attempt 1: solved="1213" — submitting...
    [CAPTCHA] Attempt 1: ✗ MISMATCH (server: Could not validate your provided Security Key / CAPTCHA. Please check and try again.) — reloading
    [CAPTCHA] Attempt 2: solved="8816" — submitting...
    [CAPTCHA] Attempt 2: ✗ MISMATCH (server: Could not validate your provided Security Key / CAPTCHA. Please check and try again.) — reloading
    [CAPTCHA] Attempt 3: solved="2165" — submitting...
    [CAPTCHA] Attempt 3: ✗ MISMATCH (server: Could not validate your provided Security Key / CAPTCHA. Please check and try again.) — reloading
    [CAPTCHA] Attempt 4: solved="6148" — submitting...
    [CAPTCHA] Attempt 4: ✗ MISMATCH (server: Could not validate your provided Security Key / CAPTCHA. Please check and try again.) — reloading
    [CAPTCHA] Attempt 5: solved="2029" — submitting...
    [CAPTCHA] Attempt 5: ✗ MISMATCH (server: Could not validate your provided Security Key / CAPTCHA. Please check and try again.) — reloading
    [CAPTCHA] Attempt 6: solved="7737" — submitting...
    [CAPTCHA] Attempt 6: captcha OK but no result for this EIIN/year
NO RESULT
[560/1646] SSC 2012 EIIN=134601 ...     [CAPTCHA] Attempt 1: solved="6303" — submitting...
    [CAPTCHA] Attempt 1: ✗ MISMATCH (server: Could not validate your provided Security Key / CAPTCHA. Please check and try again.) — reloading
    [CAPTCHA] Attempt 2: solver returned "400" (invalid length=3) — reloading
    [CAPTCHA] Attempt 3: solved="8029" — submitting...
    [CAPTCHA] Attempt 3: captcha OK but no result for this EIIN/year
NO RESULT
[561/1646] SSC 2013 EIIN=134601 ...     [CAPTCHA] Attempt 1: solver returned "(empty)" (invalid length=0) — reloading
    [CAPTCHA] Attempt 2: solved="3385" — submitting...
    [CAPTCHA] Attempt 2: ✗ MISMATCH (server: Could not validate your provided Security Key / CAPTCHA. Please check and try again.) — reloading
    [CAPTCHA] Attempt 3: solved="5742" — submitting...
    [CAPTCHA] Attempt 3: captcha OK but no result for this EIIN/year
NO RESULT
[562/1646] SSC 2014 EIIN=134601 ...     [CAPTCHA] Attempt 1: solver returned "258" (invalid length=3) — reloading
    [CAPTCHA] Attempt 2: solved="1024" — submitting...
    [CAPTCHA] Attempt 2: ✗ MISMATCH (server: Could not validate your provided Security Key / CAPTCHA. Please check and try again.) — reloading
    [CAPTCHA] Attempt 3: solved="8850" — submitting...
    [CAPTCHA] Attempt 3: captcha OK but no result for this EIIN/year
NO RESULT
[563/1646] SSC 2015 EIIN=134601 ...     [CAPTCHA] Attempt 1: solved="2058" — submitting...
    [CAPTCHA] Attempt 1: ✗ MISMATCH (server: Could not validate your provided Security Key / CAPTCHA. Please check and try again.) — reloading
    [CAPTCHA] Attempt 2: solved="6181" — submitting...
    [CAPTCHA] Attempt 2: ✗ MISMATCH (server: Could not validate your provided Security Key / CAPTCHA. Please check and try again.) — reloading
    [CAPTCHA] Attempt 3: solved="8409" — submitting...
    [CAPTCHA] Attempt 3: ✗ MISMATCH (server: Could not validate your provided Security Key / CAPTCHA. Please check and try again.) — reloading
    [CAPTCHA] Attempt 4: solved="1838" — submitting...
    [CAPTCHA] Attempt 4: ✗ MISMATCH (server: Could not validate your provided Security Key / CAPTCHA. Please check and try again.) — reloading
    [CAPTCHA] Attempt 5: solved="8203" — submitting...
    [CAPTCHA] Attempt 5: captcha OK but no result for this EIIN/year
NO RESULT
[564/1646] SSC 2022 EIIN=134601 ...     [CAPTCHA] Attempt 1: solved="3418" — submitting...
    [CAPTCHA] Attempt 1: ✗ MISMATCH (server: Could not validate your provided Security Key / CAPTCHA. Please check and try again.) — reloading
    [CAPTCHA] Attempt 2: solved="7524" — submitting...
    [CAPTCHA] Attempt 2: ✗ MISMATCH (server: Could not validate your provided Security Key / CAPTCHA. Please check and try again.) — reloading
    [CAPTCHA] Attempt 3: solver returned "(empty)" (invalid length=0) — reloading
    [CAPTCHA] Attempt 4: solved="9474" — submitting...
    [CAPTCHA] Attempt 4: ✗ MISMATCH (server: Could not validate your provided Security Key / CAPTCHA. Please check and try again.) — reloading
    [CAPTCHA] Attempt 5: solved="3324" — submitting...
    [CAPTCHA] Attempt 5: captcha OK but no result for this EIIN/year
NO RESULT
[565/1646] SSC 2023 EIIN=134601 ...     [CAPTCHA] Attempt 1: solved="4342" — submitting...
    [CAPTCHA] Attempt 1: ✗ MISMATCH (server: Could not validate your provided Security Key / CAPTCHA. Please check and try again.) — reloading
    [CAPTCHA] Attempt 2: solved="4140" — submitting...
    [CAPTCHA] Attempt 2: captcha OK but no result for this EIIN/year
NO RESULT
[566/1646] SSC 2024 EIIN=134601 ...     [CAPTCHA] Attempt 1: solver returned "(empty)" (invalid length=0) — reloading
    [CAPTCHA] Attempt 2: solver returned "(empty)" (invalid length=0) — reloading
    [CAPTCHA] Attempt 3: solved="4700" — submitting...
    [CAPTCHA] Attempt 3: ✗ MISMATCH (server: Could not validate your provided Security Key / CAPTCHA. Please check and try again.) — reloading
    [CAPTCHA] Attempt 4: solved="9480" — submitting...
    [CAPTCHA] Attempt 4: captcha OK but no result for this EIIN/year
NO RESULT
[567/1646] SSC 2025 EIIN=134601 ...     [CAPTCHA] Attempt 1: solved="9267" — submitting...
    [CAPTCHA] Attempt 1: captcha OK but no result for this EIIN/year
NO RESULT
[568/1646] SSC 2026 EIIN=134601 ...     [CAPTCHA] Attempt 1: solver returned "(empty)" (invalid length=0) — reloading
    [CAPTCHA] Attempt 2: solver returned "(empty)" (invalid length=0) — reloading
    [CAPTCHA] Attempt 3: solver returned "(empty)" (invalid length=0) — reloading
    [CAPTCHA] Attempt 4: solver returned "(empty)" (invalid length=0) — reloading
    [CAPTCHA] Attempt 5: solver returned "(empty)" (invalid length=0) — reloading
    [CAPTCHA] Attempt 6: solved="4384" — submitting...
    [CAPTCHA] Attempt 6: ✗ MISMATCH (server: Could not validate your provided Security Key / CAPTCHA. Please check and try again.) — reloading
    [CAPTCHA] Attempt 7: solved="2026" — submitting...
    [CAPTCHA] Attempt 7: ✗ MISMATCH (server: Could not validate your provided Security Key / CAPTCHA. Please check and try again.) — reloading
    [CAPTCHA] Attempt 8: solved="8348" — submitting...
    [CAPTCHA] Attempt 8: ✗ MISMATCH (server: Could not validate your provided Security Key / CAPTCHA. Please check and try again.) — reloading
    [CAPTCHA] Attempt 9: solved="5534" — submitting...
    [CAPTCHA] Attempt 9: ✗ MISMATCH (server: Could not validate your provided Security Key / CAPTCHA. Please check and try again.) — reloading
    [CAPTCHA] Attempt 10: solver returned "(empty)" (invalid length=0) — reloading
    [CAPTCHA] Attempt 11: solver returned "(empty)" (invalid length=0) — reloading
    [CAPTCHA] Attempt 12: solved="9438" — submitting...
    [CAPTCHA] Attempt 12: captcha OK but no result for this EIIN/year
NO RESULT
[569/1646] SSC 2011 EIIN=132096 ...     [CAPTCHA] Attempt 1: solved="3008" — submitting...
    [CAPTCHA] Attempt 1: captcha OK but no result for this EIIN/year
NO RESULT
[570/1646] SSC 2012 EIIN=132096 ...     [CAPTCHA] Attempt 1: solved="1816" — submitting...
    [CAPTCHA] Attempt 1: ✗ MISMATCH (server: Could not validate your provided Security Key / CAPTCHA. Please check and try again.) — reloading
    [CAPTCHA] Attempt 2: solved="1470" — submitting...
    [CAPTCHA] Attempt 2: ✗ MISMATCH (server: Could not validate your provided Security Key / CAPTCHA. Please check and try again.) — reloading
    [CAPTCHA] Attempt 3: solver returned "(empty)" (invalid length=0) — reloading
    [CAPTCHA] Attempt 4: solved="9262" — submitting...
    [CAPTCHA] Attempt 4: captcha OK but no result for this EIIN/year
NO RESULT
[571/1646] SSC 2013 EIIN=132096 ...     [CAPTCHA] Attempt 1: solved="2843" — submitting...
    [CAPTCHA] Attempt 1: captcha OK but no result for this EIIN/year
NO RESULT
[572/1646] SSC 2014 EIIN=132096 ...     [CAPTCHA] Attempt 1: solved="5379" — submitting...
    [CAPTCHA] Attempt 1: captcha OK but no result for this EIIN/year
NO RESULT
[573/1646] SSC 2015 EIIN=132096 ...     [CAPTCHA] Attempt 1: solved="7235" — submitting...
    [CAPTCHA] Attempt 1: captcha OK but no result for this EIIN/year
NO RESULT
[574/1646] SSC 2011 EIIN=131634 ...     [CAPTCHA] Attempt 1: solved="4033" — submitting...
    [CAPTCHA] Attempt 1: captcha OK but no result for this EIIN/year
NO RESULT
[575/1646] SSC 2012 EIIN=131634 ...     [CAPTCHA] Attempt 1: solved="3035" — submitting...
    [CAPTCHA] Attempt 1: ✗ MISMATCH (server: Could not validate your provided Security Key / CAPTCHA. Please check and try again.) — reloading
    [CAPTCHA] Attempt 2: solved="6718" — submitting...
    [CAPTCHA] Attempt 2: captcha OK but no result for this EIIN/year
NO RESULT
[576/1646] SSC 2013 EIIN=131634 ...     [CAPTCHA] Attempt 1: solved="3881" — submitting...
    [CAPTCHA] Attempt 1: ✗ MISMATCH (server: Could not validate your provided Security Key / CAPTCHA. Please check and try again.) — reloading
    [CAPTCHA] Attempt 2: solved="1462" — submitting...
    [CAPTCHA] Attempt 2: captcha OK but no result for this EIIN/year
NO RESULT
[577/1646] SSC 2014 EIIN=131634 ...     [CAPTCHA] Attempt 1: solver returned "(empty)" (invalid length=0) — reloading
    [CAPTCHA] Attempt 2: solved="2443" — submitting...
    [CAPTCHA] Attempt 2: ✗ MISMATCH (server: Could not validate your provided Security Key / CAPTCHA. Please check and try again.) — reloading
    [CAPTCHA] Attempt 3: solved="4231" — submitting...
    [CAPTCHA] Attempt 3: captcha OK but no result for this EIIN/year
NO RESULT
[578/1646] SSC 2015 EIIN=131634 ...     [CAPTCHA] Attempt 1: solved="0595" — submitting...
    [CAPTCHA] Attempt 1: ✗ MISMATCH (server: Could not validate your provided Security Key / CAPTCHA. Please check and try again.) — reloading
    [CAPTCHA] Attempt 2: solved="6537" — submitting...
    [CAPTCHA] Attempt 2: captcha OK but no result for this EIIN/year
NO RESULT
[579/1646] SSC 2011 EIIN=130931 ...     [CAPTCHA] Attempt 1: solved="2327" — submitting...
    [CAPTCHA] Attempt 1: ✗ MISMATCH (server: Could not validate your provided Security Key / CAPTCHA. Please check and try again.) — reloading
    [CAPTCHA] Attempt 2: solver returned "(empty)" (invalid length=0) — reloading
    [CAPTCHA] Attempt 3: solved="1323" — submitting...
    [CAPTCHA] Attempt 3: captcha OK but no result for this EIIN/year
NO RESULT
[580/1646] SSC 2011 EIIN=134172 ...     [CAPTCHA] Attempt 1: solver returned "(empty)" (invalid length=0) — reloading
    [CAPTCHA] Attempt 2: solved="6003" — submitting...
    [CAPTCHA] Attempt 2: ✗ MISMATCH (server: Could not validate your provided Security Key / CAPTCHA. Please check and try again.) — reloading
    [CAPTCHA] Attempt 3: solved="2246" — submitting...
    [CAPTCHA] Attempt 3: captcha OK but no result for this EIIN/year
NO RESULT
[581/1646] SSC 2011 EIIN=130916 ...     [CAPTCHA] Attempt 1: solver returned "(empty)" (invalid length=0) — reloading
    [CAPTCHA] Attempt 2: solved="4615" — submitting...
    [CAPTCHA] Attempt 2: captcha OK but no result for this EIIN/year
NO RESULT
[582/1646] SSC 2011 EIIN=134186 ...     [CAPTCHA] Attempt 1: solver returned "(empty)" (invalid length=0) — reloading
    [CAPTCHA] Attempt 2: solver returned "(empty)" (invalid length=0) — reloading
    [CAPTCHA] Attempt 3: solver returned "(empty)" (invalid length=0) — reloading
    [CAPTCHA] Attempt 4: solver returned "(empty)" (invalid length=0) — reloading
    [CAPTCHA] Attempt 5: solved="2516" — submitting...
    [CAPTCHA] Attempt 5: captcha OK but no result for this EIIN/year
NO RESULT
[583/1646] SSC 2012 EIIN=134186 ...     [CAPTCHA] Attempt 1: solver returned "63" (invalid length=2) — reloading
    [CAPTCHA] Attempt 2: solver returned "(empty)" (invalid length=0) — reloading
    [CAPTCHA] Attempt 3: solved="4785" — submitting...
    [CAPTCHA] Attempt 3: ✗ MISMATCH (server: Could not validate your provided Security Key / CAPTCHA. Please check and try again.) — reloading
    [CAPTCHA] Attempt 4: solved="1360" — submitting...
    [CAPTCHA] Attempt 4: ✗ MISMATCH (server: Could not validate your provided Security Key / CAPTCHA. Please check and try again.) — reloading
    [CAPTCHA] Attempt 5: solved="2335" — submitting...
    [CAPTCHA] Attempt 5: captcha OK but no result for this EIIN/year
NO RESULT
[584/1646] SSC 2013 EIIN=134186 ...     [CAPTCHA] Attempt 1: solved="3734" — submitting...
    [CAPTCHA] Attempt 1: captcha OK but no result for this EIIN/year
NO RESULT
[585/1646] SSC 2014 EIIN=134186 ...     [CAPTCHA] Attempt 1: solver returned "(empty)" (invalid length=0) — reloading
    [CAPTCHA] Attempt 2: solver returned "(empty)" (invalid length=0) — reloading
    [CAPTCHA] Attempt 3: solved="2501" — submitting...
    [CAPTCHA] Attempt 3: ✗ MISMATCH (server: Could not validate your provided Security Key / CAPTCHA. Please check and try again.) — reloading
    [CAPTCHA] Attempt 4: solver returned "(empty)" (invalid length=0) — reloading
    [CAPTCHA] Attempt 5: solved="3093" — submitting...
    [CAPTCHA] Attempt 5: captcha OK but no result for this EIIN/year
NO RESULT
[586/1646] SSC 2015 EIIN=134186 ...     [CAPTCHA] Attempt 1: solver returned "(empty)" (invalid length=0) — reloading
    [CAPTCHA] Attempt 2: solved="2702" — submitting...
    [CAPTCHA] Attempt 2: captcha OK but no result for this EIIN/year
NO RESULT
[587/1646] SSC 2016 EIIN=134186 ...     [CAPTCHA] Attempt 1: solver returned "(empty)" (invalid length=0) — reloading
    [CAPTCHA] Attempt 2: solved="2685" — submitting...
    [CAPTCHA] Attempt 2: ✗ MISMATCH (server: Could not validate your provided Security Key / CAPTCHA. Please check and try again.) — reloading
    [CAPTCHA] Attempt 3: solved="7705" — submitting...
    [CAPTCHA] Attempt 3: captcha OK but no result for this EIIN/year
NO RESULT
[588/1646] SSC 2017 EIIN=134186 ...     [CAPTCHA] Attempt 1: solver returned "(empty)" (invalid length=0) — reloading
    [CAPTCHA] Attempt 2: solved="5111" — submitting...
    [CAPTCHA] Attempt 2: ✗ MISMATCH (server: Could not validate your provided Security Key / CAPTCHA. Please check and try again.) — reloading
    [CAPTCHA] Attempt 3: solved="5170" — submitting...
    [CAPTCHA] Attempt 3: captcha OK but no result for this EIIN/year
NO RESULT
[589/1646] SSC 2018 EIIN=134186 ...     [CAPTCHA] Attempt 1: solved="7841" — submitting...
    [CAPTCHA] Attempt 1: ✗ MISMATCH (server: Could not validate your provided Security Key / CAPTCHA. Please check and try again.) — reloading
    [CAPTCHA] Attempt 2: solved="2764" — submitting...
    [CAPTCHA] Attempt 2: ✗ MISMATCH (server: Could not validate your provided Security Key / CAPTCHA. Please check and try again.) — reloading
    [CAPTCHA] Attempt 3: solved="7558" — submitting...
    [CAPTCHA] Attempt 3: ✗ MISMATCH (server: Could not validate your provided Security Key / CAPTCHA. Please check and try again.) — reloading
    [CAPTCHA] Attempt 4: solved="9602" — submitting...
    [CAPTCHA] Attempt 4: captcha OK but no result for this EIIN/year
NO RESULT
[590/1646] SSC 2019 EIIN=134186 ...     [CAPTCHA] Attempt 1: solved="8180" — submitting...
    [CAPTCHA] Attempt 1: ✗ MISMATCH (server: Could not validate your provided Security Key / CAPTCHA. Please check and try again.) — reloading
    [CAPTCHA] Attempt 2: solved="2558" — submitting...
    [CAPTCHA] Attempt 2: captcha OK but no result for this EIIN/year
NO RESULT
[591/1646] SSC 2020 EIIN=134186 ...     [CAPTCHA] Attempt 1: solved="9667" — submitting...
    [CAPTCHA] Attempt 1: captcha OK but no result for this EIIN/year
NO RESULT
[592/1646] SSC 2021 EIIN=134186 ...     [CAPTCHA] Attempt 1: solver returned "(empty)" (invalid length=0) — reloading
    [CAPTCHA] Attempt 2: solved="8044" — submitting...
    [CAPTCHA] Attempt 2: captcha OK but no result for this EIIN/year
NO RESULT
[593/1646] SSC 2022 EIIN=134186 ...     [CAPTCHA] Attempt 1: solver returned "(empty)" (invalid length=0) — reloading
    [CAPTCHA] Attempt 2: solved="5609" — submitting...
    [CAPTCHA] Attempt 2: captcha OK but no result for this EIIN/year
NO RESULT
[594/1646] SSC 2023 EIIN=134186 ...     [CAPTCHA] Attempt 1: solved="7450" — submitting...
    [CAPTCHA] Attempt 1: ✗ MISMATCH (server: Could not validate your provided Security Key / CAPTCHA. Please check and try again.) — reloading
    [CAPTCHA] Attempt 2: solved="8530" — submitting...
    [CAPTCHA] Attempt 2: ✗ MISMATCH (server: Could not validate your provided Security Key / CAPTCHA. Please check and try again.) — reloading
    [CAPTCHA] Attempt 3: solved="6972" — submitting...
    [CAPTCHA] Attempt 3: captcha OK but no result for this EIIN/year
NO RESULT
[595/1646] SSC 2024 EIIN=134186 ...     [CAPTCHA] Attempt 1: solver returned "(empty)" (invalid length=0) — reloading
    [CAPTCHA] Attempt 2: solver returned "(empty)" (invalid length=0) — reloading
    [CAPTCHA] Attempt 3: solved="6187" — submitting...
    [CAPTCHA] Attempt 3: ✗ MISMATCH (server: Could not validate your provided Security Key / CAPTCHA. Please check and try again.) — reloading
    [CAPTCHA] Attempt 4: solved="1481" — submitting...
    [CAPTCHA] Attempt 4: ✗ MISMATCH (server: Could not validate your provided Security Key / CAPTCHA. Please check and try again.) — reloading
    [CAPTCHA] Attempt 5: solver returned "(empty)" (invalid length=0) — reloading
    [CAPTCHA] Attempt 6: solved="5317" — submitting...
    [CAPTCHA] Attempt 6: captcha OK but no result for this EIIN/year
NO RESULT
[596/1646] SSC 2025 EIIN=134186 ...     [CAPTCHA] Attempt 1: solved="8145" — submitting...
    [CAPTCHA] Attempt 1: captcha OK but no result for this EIIN/year
NO RESULT
[597/1646] SSC 2026 EIIN=134186 ...     [CAPTCHA] Attempt 1: solver returned "(empty)" (invalid length=0) — reloading
    [CAPTCHA] Attempt 2: solver returned "(empty)" (invalid length=0) — reloading
    [CAPTCHA] Attempt 3: solved="5126" — submitting...
    [CAPTCHA] Attempt 3: ✗ MISMATCH (server: Could not validate your provided Security Key / CAPTCHA. Please check and try again.) — reloading
    [CAPTCHA] Attempt 4: solver returned "(empty)" (invalid length=0) — reloading
    [CAPTCHA] Attempt 5: solved="1168" — submitting...
    [CAPTCHA] Attempt 5: captcha OK but no result for this EIIN/year
NO RESULT
[598/1646] SSC 2011 EIIN=108131 ...     [CAPTCHA] Attempt 1: solved="1426" — submitting...
    [CAPTCHA] Attempt 1: captcha OK but no result for this EIIN/year
NO RESULT
[599/1646] SSC 2011 EIIN=130642 ...     [CAPTCHA] Attempt 1: solved="3289" — submitting...
    [CAPTCHA] Attempt 1: ✗ MISMATCH (server: Could not validate your provided Security Key / CAPTCHA. Please check and try again.) — reloading
    [CAPTCHA] Attempt 2: solver returned "(empty)" (invalid length=0) — reloading
    [CAPTCHA] Attempt 3: solved="8817" — submitting...
    [CAPTCHA] Attempt 3: ✗ MISMATCH (server: Could not validate your provided Security Key / CAPTCHA. Please check and try again.) — reloading
    [CAPTCHA] Attempt 4: solved="7918" — submitting...
    [CAPTCHA] Attempt 4: captcha OK but no result for this EIIN/year
NO RESULT
[600/1646] SSC 2012 EIIN=130642 ...     [CAPTCHA] Attempt 1: solver returned "(empty)" (invalid length=0) — reloading
    [CAPTCHA] Attempt 2: solved="6913" — submitting...
    [CAPTCHA] Attempt 2: captcha OK but no result for this EIIN/year
NO RESULT

─── 600/1646 done | OK:0 FAIL:4 | ETA ≈ 738.6 min ───

[601/1646] SSC 2013 EIIN=130642 ...     [CAPTCHA] Attempt 1: solver returned "(empty)" (invalid length=0) — reloading
    [CAPTCHA] Attempt 2: solved="4162" — submitting...
    [CAPTCHA] Attempt 2: captcha OK but no result for this EIIN/year
NO RESULT
[602/1646] SSC 2014 EIIN=130642 ...     [CAPTCHA] Attempt 1: solver returned "(empty)" (invalid length=0) — reloading
    [CAPTCHA] Attempt 2: solved="9804" — submitting...
    [CAPTCHA] Attempt 2: captcha OK but no result for this EIIN/year
NO RESULT
[603/1646] SSC 2011 EIIN=137786 ...     [CAPTCHA] Attempt 1: solver returned "(empty)" (invalid length=0) — reloading
    [CAPTCHA] Attempt 2: solver returned "(empty)" (invalid length=0) — reloading
    [CAPTCHA] Attempt 3: solver returned "(empty)" (invalid length=0) — reloading
    [CAPTCHA] Attempt 4: solved="1657" — submitting...
    [CAPTCHA] Attempt 4: captcha OK but no result for this EIIN/year
NO RESULT
[604/1646] SSC 2012 EIIN=137786 ...     [CAPTCHA] Attempt 1: solved="1125" — submitting...
    [CAPTCHA] Attempt 1: captcha OK but no result for this EIIN/year
NO RESULT
[605/1646] SSC 2013 EIIN=137786 ...     [CAPTCHA] Attempt 1: solver returned "(empty)" (invalid length=0) — reloading
    [CAPTCHA] Attempt 2: solved="1470" — submitting...
    [CAPTCHA] Attempt 2: ✗ MISMATCH (server: Could not validate your provided Security Key / CAPTCHA. Please check and try again.) — reloading
    [CAPTCHA] Attempt 3: solved="5320" — submitting...
    [CAPTCHA] Attempt 3: captcha OK but no result for this EIIN/year
NO RESULT
[606/1646] SSC 2014 EIIN=137786 ...     [CAPTCHA] Attempt 1: solved="4324" — submitting...
    [CAPTCHA] Attempt 1: captcha OK but no result for this EIIN/year
NO RESULT
[607/1646] SSC 2015 EIIN=137786 ...     [CAPTCHA] Attempt 1: solved="7430" — submitting...
    [CAPTCHA] Attempt 1: ✗ MISMATCH (server: Could not validate your provided Security Key / CAPTCHA. Please check and try again.) — reloading
    [CAPTCHA] Attempt 2: solved="8204" — submitting...
    [CAPTCHA] Attempt 2: ✗ MISMATCH (server: Could not validate your provided Security Key / CAPTCHA. Please check and try again.) — reloading
    [CAPTCHA] Attempt 3: solved="8930" — submitting...
    [CAPTCHA] Attempt 3: ✗ MISMATCH (server: Could not validate your provided Security Key / CAPTCHA. Please check and try again.) — reloading
    [CAPTCHA] Attempt 4: solver returned "(empty)" (invalid length=0) — reloading
    [CAPTCHA] Attempt 5: solved="1363" — submitting...
    [CAPTCHA] Attempt 5: ✗ MISMATCH (server: Could not validate your provided Security Key / CAPTCHA. Please check and try again.) — reloading
    [CAPTCHA] Attempt 6: solver returned "(empty)" (invalid length=0) — reloading
    [CAPTCHA] Attempt 7: solver returned "(empty)" (invalid length=0) — reloading
    [CAPTCHA] Attempt 8: solver returned "(empty)" (invalid length=0) — reloading
    [CAPTCHA] Attempt 9: solved="9114" — submitting...
    [CAPTCHA] Attempt 9: ✗ MISMATCH (server: Could not validate your provided Security Key / CAPTCHA. Please check and try again.) — reloading
    [CAPTCHA] Attempt 10: solved="8462" — submitting...
    [CAPTCHA] Attempt 10: captcha OK but no result for this EIIN/year
NO RESULT
[608/1646] SSC 2016 EIIN=137786 ...     [CAPTCHA] Attempt 1: solved="7420" — submitting...
    [CAPTCHA] Attempt 1: ✗ MISMATCH (server: Could not validate your provided Security Key / CAPTCHA. Please check and try again.) — reloading
    [CAPTCHA] Attempt 2: solved="6810" — submitting...
    [CAPTCHA] Attempt 2: ✗ MISMATCH (server: Could not validate your provided Security Key / CAPTCHA. Please check and try again.) — reloading
    [CAPTCHA] Attempt 3: solver returned "(empty)" (invalid length=0) — reloading
    [CAPTCHA] Attempt 4: solved="4925" — submitting...
    [CAPTCHA] Attempt 4: ✗ MISMATCH (server: Could not validate your provided Security Key / CAPTCHA. Please check and try again.) — reloading
    [CAPTCHA] Attempt 5: solved="3144" — submitting...
    [CAPTCHA] Attempt 5: ✗ MISMATCH (server: Could not validate your provided Security Key / CAPTCHA. Please check and try again.) — reloading
    [CAPTCHA] Attempt 6: solved="4494" — submitting...
    [CAPTCHA] Attempt 6: ✗ MISMATCH (server: Could not validate your provided Security Key / CAPTCHA. Please check and try again.) — reloading
    [CAPTCHA] Attempt 7: solved="3185" — submitting...
    [CAPTCHA] Attempt 7: ✗ MISMATCH (server: Could not validate your provided Security Key / CAPTCHA. Please check and try again.) — reloading
    [CAPTCHA] Attempt 8: solved="3972" — submitting...
    [CAPTCHA] Attempt 8: captcha OK but no result for this EIIN/year
NO RESULT
[609/1646] SSC 2017 EIIN=137786 ...     [CAPTCHA] Attempt 1: solved="1445" — submitting...
    [CAPTCHA] Attempt 1: ✗ MISMATCH (server: Could not validate your provided Security Key / CAPTCHA. Please check and try again.) — reloading
    [CAPTCHA] Attempt 2: solved="1752" — submitting...
    [CAPTCHA] Attempt 2: captcha OK but no result for this EIIN/year
NO RESULT
[610/1646] SSC 2018 EIIN=137786 ...     [CAPTCHA] Attempt 1: solved="7961" — submitting...
    [CAPTCHA] Attempt 1: captcha OK but no result for this EIIN/year
NO RESULT
[611/1646] SSC 2019 EIIN=137786 ...     [CAPTCHA] Attempt 1: solved="9450" — submitting...
    [CAPTCHA] Attempt 1: captcha OK but no result for this EIIN/year
NO RESULT
[612/1646] SSC 2020 EIIN=137786 ...     [CAPTCHA] Attempt 1: solved="8796" — submitting...
    [CAPTCHA] Attempt 1: captcha OK but no result for this EIIN/year
NO RESULT
[613/1646] SSC 2011 EIIN=132109 ...     [CAPTCHA] Attempt 1: solved="9240" — submitting...
    [CAPTCHA] Attempt 1: ✗ MISMATCH (server: Could not validate your provided Security Key / CAPTCHA. Please check and try again.) — reloading
    [CAPTCHA] Attempt 2: solved="1610" — submitting...
    [CAPTCHA] Attempt 2: ✗ MISMATCH (server: Could not validate your provided Security Key / CAPTCHA. Please check and try again.) — reloading
    [CAPTCHA] Attempt 3: solved="8131" — submitting...
    [CAPTCHA] Attempt 3: captcha OK but no result for this EIIN/year
NO RESULT
[614/1646] SSC 2012 EIIN=132109 ...     [CAPTCHA] Attempt 1: solved="7661" — submitting...
    [CAPTCHA] Attempt 1: captcha OK but no result for this EIIN/year
NO RESULT
[615/1646] SSC 2013 EIIN=132109 ...     [CAPTCHA] Attempt 1: solved="2945" — submitting...
    [CAPTCHA] Attempt 1: ✗ MISMATCH (server: Could not validate your provided Security Key / CAPTCHA. Please check and try again.) — reloading
    [CAPTCHA] Attempt 2: solver returned "(empty)" (invalid length=0) — reloading
    [CAPTCHA] Attempt 3: solved="5394" — submitting...
    [CAPTCHA] Attempt 3: captcha OK but no result for this EIIN/year
NO RESULT
[616/1646] SSC 2014 EIIN=132109 ...     [CAPTCHA] Attempt 1: solved="4284" — submitting...
    [CAPTCHA] Attempt 1: ✗ MISMATCH (server: Could not validate your provided Security Key / CAPTCHA. Please check and try again.) — reloading
    [CAPTCHA] Attempt 2: solved="8107" — submitting...
    [CAPTCHA] Attempt 2: captcha OK but no result for this EIIN/year
NO RESULT
[617/1646] SSC 2015 EIIN=132109 ...     [CAPTCHA] Attempt 1: solver returned "(empty)" (invalid length=0) — reloading
    [CAPTCHA] Attempt 2: solved="6504" — submitting...
    [CAPTCHA] Attempt 2: ✗ MISMATCH (server: Could not validate your provided Security Key / CAPTCHA. Please check and try again.) — reloading
    [CAPTCHA] Attempt 3: solver returned "(empty)" (invalid length=0) — reloading
    [CAPTCHA] Attempt 4: solver returned "(empty)" (invalid length=0) — reloading
    [CAPTCHA] Attempt 5: solved="9748" — submitting...
    [CAPTCHA] Attempt 5: ✗ MISMATCH (server: Could not validate your provided Security Key / CAPTCHA. Please check and try again.) — reloading
    [CAPTCHA] Attempt 6: solved="9917" — submitting...
    [CAPTCHA] Attempt 6: captcha OK but no result for this EIIN/year
NO RESULT
[618/1646] SSC 2016 EIIN=132109 ...     [CAPTCHA] Attempt 1: solved="7218" — submitting...
    [CAPTCHA] Attempt 1: ✗ MISMATCH (server: Could not validate your provided Security Key / CAPTCHA. Please check and try again.) — reloading
    [CAPTCHA] Attempt 2: solver returned "(empty)" (invalid length=0) — reloading
    [CAPTCHA] Attempt 3: solver returned "(empty)" (invalid length=0) — reloading
    [CAPTCHA] Attempt 4: solved="1201" — submitting...
    [CAPTCHA] Attempt 4: ✗ MISMATCH (server: Could not validate your provided Security Key / CAPTCHA. Please check and try again.) — reloading
    [CAPTCHA] Attempt 5: solver returned "(empty)" (invalid length=0) — reloading
    [CAPTCHA] Attempt 6: solver returned "(empty)" (invalid length=0) — reloading
    [CAPTCHA] Attempt 7: solved="5117" — submitting...
    [CAPTCHA] Attempt 7: ✗ MISMATCH (server: Could not validate your provided Security Key / CAPTCHA. Please check and try again.) — reloading
    [CAPTCHA] Attempt 8: solved="8864" — submitting...
    [CAPTCHA] Attempt 8: captcha OK but no result for this EIIN/year
NO RESULT
[619/1646] SSC 2017 EIIN=132109 ...     [CAPTCHA] Attempt 1: solved="4847" — submitting...
    [CAPTCHA] Attempt 1: ✗ MISMATCH (server: Could not validate your provided Security Key / CAPTCHA. Please check and try again.) — reloading
    [CAPTCHA] Attempt 2: solver returned "(empty)" (invalid length=0) — reloading
    [CAPTCHA] Attempt 3: solved="4760" — submitting...
    [CAPTCHA] Attempt 3: ✗ MISMATCH (server: Could not validate your provided Security Key / CAPTCHA. Please check and try again.) — reloading
    [CAPTCHA] Attempt 4: solved="4882" — submitting...
    [CAPTCHA] Attempt 4: captcha OK but no result for this EIIN/year
NO RESULT
[620/1646] SSC 2018 EIIN=132109 ...     [CAPTCHA] Attempt 1: solved="4440" — submitting...
    [CAPTCHA] Attempt 1: ✗ MISMATCH (server: Could not validate your provided Security Key / CAPTCHA. Please check and try again.) — reloading
    [CAPTCHA] Attempt 2: solver returned "(empty)" (invalid length=0) — reloading
    [CAPTCHA] Attempt 3: solved="7505" — submitting...
    [CAPTCHA] Attempt 3: captcha OK but no result for this EIIN/year
NO RESULT
[621/1646] SSC 2019 EIIN=132109 ...     [CAPTCHA] Attempt 1: solved="4233" — submitting...
    [CAPTCHA] Attempt 1: ✗ MISMATCH (server: Could not validate your provided Security Key / CAPTCHA. Please check and try again.) — reloading
    [CAPTCHA] Attempt 2: solved="7116" — submitting...
    [CAPTCHA] Attempt 2: ✗ MISMATCH (server: Could not validate your provided Security Key / CAPTCHA. Please check and try again.) — reloading
    [CAPTCHA] Attempt 3: solved="6021" — submitting...
    [CAPTCHA] Attempt 3: captcha OK but no result for this EIIN/year
NO RESULT
[622/1646] SSC 2011 EIIN=130893 ...     [CAPTCHA] Attempt 1: solved="8887" — submitting...
    [CAPTCHA] Attempt 1: ✗ MISMATCH (server: Could not validate your provided Security Key / CAPTCHA. Please check and try again.) — reloading
    [CAPTCHA] Attempt 2: solver returned "(empty)" (invalid length=0) — reloading
    [CAPTCHA] Attempt 3: solver returned "220" (invalid length=3) — reloading
    [CAPTCHA] Attempt 4: solved="6014" — submitting...
    [CAPTCHA] Attempt 4: ✗ MISMATCH (server: Could not validate your provided Security Key / CAPTCHA. Please check and try again.) — reloading
    [CAPTCHA] Attempt 5: solver returned "(empty)" (invalid length=0) — reloading
    [CAPTCHA] Attempt 6: solver returned "(empty)" (invalid length=0) — reloading
    [CAPTCHA] Attempt 7: solved="2796" — submitting...
    [CAPTCHA] Attempt 7: ✗ MISMATCH (server: Could not validate your provided Security Key / CAPTCHA. Please check and try again.) — reloading
    [CAPTCHA] Attempt 8: solver returned "(empty)" (invalid length=0) — reloading
    [CAPTCHA] Attempt 9: solved="7365" — submitting...
    [CAPTCHA] Attempt 9: captcha OK but no result for this EIIN/year
NO RESULT
[623/1646] SSC 2012 EIIN=130893 ...     [CAPTCHA] Attempt 1: solved="6180" — submitting...
    [CAPTCHA] Attempt 1: ✗ MISMATCH (server: Could not validate your provided Security Key / CAPTCHA. Please check and try again.) — reloading
    [CAPTCHA] Attempt 2: solved="6603" — submitting...
    [CAPTCHA] Attempt 2: ✗ MISMATCH (server: Could not validate your provided Security Key / CAPTCHA. Please check and try again.) — reloading
    [CAPTCHA] Attempt 3: solved="8974" — submitting...
    [CAPTCHA] Attempt 3: captcha OK but no result for this EIIN/year
NO RESULT
[624/1646] SSC 2011 EIIN=134180 ...     [CAPTCHA] Attempt 1: solved="5470" — submitting...
    [CAPTCHA] Attempt 1: ✗ MISMATCH (server: Could not validate your provided Security Key / CAPTCHA. Please check and try again.) — reloading
    [CAPTCHA] Attempt 2: solver returned "(empty)" (invalid length=0) — reloading
    [CAPTCHA] Attempt 3: solved="3957" — submitting...
    [CAPTCHA] Attempt 3: captcha OK but no result for this EIIN/year
NO RESULT
[625/1646] SSC 2011 EIIN=134139 ...     [CAPTCHA] Attempt 1: solved="5914" — submitting...
    [CAPTCHA] Attempt 1: captcha OK but no result for this EIIN/year
NO RESULT
[626/1646] SSC 2012 EIIN=134139 ...     [CAPTCHA] Attempt 1: solved="3401" — submitting...
    [CAPTCHA] Attempt 1: ✗ MISMATCH (server: Could not validate your provided Security Key / CAPTCHA. Please check and try again.) — reloading
    [CAPTCHA] Attempt 2: solved="6527" — submitting...
    [CAPTCHA] Attempt 2: captcha OK but no result for this EIIN/year
NO RESULT
[627/1646] SSC 2011 EIIN=108213 ...     [CAPTCHA] Attempt 1: solved="0149" — submitting...
    [CAPTCHA] Attempt 1: ✗ MISMATCH (server: Could not validate your provided Security Key / CAPTCHA. Please check and try again.) — reloading
    [CAPTCHA] Attempt 2: solved="2848" — submitting...
    [CAPTCHA] Attempt 2: captcha OK but no result for this EIIN/year
NO RESULT
[628/1646] SSC 2012 EIIN=108213 ...     [CAPTCHA] Attempt 1: solved="9323" — submitting...
    [CAPTCHA] Attempt 1: captcha OK but no result for this EIIN/year
NO RESULT
[629/1646] SSC 2013 EIIN=108213 ...     [CAPTCHA] Attempt 1: solved="3674" — submitting...
    [CAPTCHA] Attempt 1: ✗ MISMATCH (server: Could not validate your provided Security Key / CAPTCHA. Please check and try again.) — reloading
    [CAPTCHA] Attempt 2: solved="1337" — submitting...
    [CAPTCHA] Attempt 2: captcha OK but no result for this EIIN/year
NO RESULT
[630/1646] SSC 2014 EIIN=108213 ...     [CAPTCHA] Attempt 1: solved="2133" — submitting...
    [CAPTCHA] Attempt 1: ✗ MISMATCH (server: Could not validate your provided Security Key / CAPTCHA. Please check and try again.) — reloading
    [CAPTCHA] Attempt 2: solved="5015" — submitting...
    [CAPTCHA] Attempt 2: ✗ MISMATCH (server: Could not validate your provided Security Key / CAPTCHA. Please check and try again.) — reloading
    [CAPTCHA] Attempt 3: solved="5461" — submitting...
    [CAPTCHA] Attempt 3: ✗ MISMATCH (server: Could not validate your provided Security Key / CAPTCHA. Please check and try again.) — reloading
    [CAPTCHA] Attempt 4: solver returned "(empty)" (invalid length=0) — reloading
    [CAPTCHA] Attempt 5: solved="3489" — submitting...
    [CAPTCHA] Attempt 5: captcha OK but no result for this EIIN/year
NO RESULT
[631/1646] SSC 2015 EIIN=108213 ...     [CAPTCHA] Attempt 1: solved="2829" — submitting...
    [CAPTCHA] Attempt 1: captcha OK but no result for this EIIN/year
NO RESULT
[632/1646] SSC 2016 EIIN=108213 ...     [CAPTCHA] Attempt 1: solved="2535" — submitting...
    [CAPTCHA] Attempt 1: ✗ MISMATCH (server: Could not validate your provided Security Key / CAPTCHA. Please check and try again.) — reloading
    [CAPTCHA] Attempt 2: solver returned "(empty)" (invalid length=0) — reloading
    [CAPTCHA] Attempt 3: solved="1780" — submitting...
    [CAPTCHA] Attempt 3: ✗ MISMATCH (server: Could not validate your provided Security Key / CAPTCHA. Please check and try again.) — reloading
    [CAPTCHA] Attempt 4: solver returned "(empty)" (invalid length=0) — reloading
    [CAPTCHA] Attempt 5: solved="3530" — submitting...
    [CAPTCHA] Attempt 5: ✗ MISMATCH (server: Could not validate your provided Security Key / CAPTCHA. Please check and try again.) — reloading
    [CAPTCHA] Attempt 6: solved="1110" — submitting...
    [CAPTCHA] Attempt 6: ✗ MISMATCH (server: Could not validate your provided Security Key / CAPTCHA. Please check and try again.) — reloading
    [CAPTCHA] Attempt 7: solved="6090" — submitting...
    [CAPTCHA] Attempt 7: captcha OK but no result for this EIIN/year
NO RESULT
[633/1646] SSC 2017 EIIN=108213 ...     [CAPTCHA] Attempt 1: solved="0334" — submitting...
    [CAPTCHA] Attempt 1: ✗ MISMATCH (server: Could not validate your provided Security Key / CAPTCHA. Please check and try again.) — reloading
    [CAPTCHA] Attempt 2: solved="0003" — submitting...
    [CAPTCHA] Attempt 2: ✗ MISMATCH (server: Could not validate your provided Security Key / CAPTCHA. Please check and try again.) — reloading
    [CAPTCHA] Attempt 3: solved="3605" — submitting...
    [CAPTCHA] Attempt 3: captcha OK but no result for this EIIN/year
NO RESULT
[634/1646] SSC 2018 EIIN=108213 ...     [CAPTCHA] Attempt 1: solved="6913" — submitting...
    [CAPTCHA] Attempt 1: ✗ MISMATCH (server: Could not validate your provided Security Key / CAPTCHA. Please check and try again.) — reloading
    [CAPTCHA] Attempt 2: solved="7234" — submitting...
    [CAPTCHA] Attempt 2: ✗ MISMATCH (server: Could not validate your provided Security Key / CAPTCHA. Please check and try again.) — reloading
    [CAPTCHA] Attempt 3: solver returned "(empty)" (invalid length=0) — reloading
    [CAPTCHA] Attempt 4: solver returned "(empty)" (invalid length=0) — reloading
    [CAPTCHA] Attempt 5: solved="9835" — submitting...
    [CAPTCHA] Attempt 5: captcha OK but no result for this EIIN/year
NO RESULT
[635/1646] SSC 2019 EIIN=108213 ...     [CAPTCHA] Attempt 1: solved="3624" — submitting...
    [CAPTCHA] Attempt 1: ✗ MISMATCH (server: Could not validate your provided Security Key / CAPTCHA. Please check and try again.) — reloading
    [CAPTCHA] Attempt 2: solved="5746" — submitting...
    [CAPTCHA] Attempt 2: ✗ MISMATCH (server: Could not validate your provided Security Key / CAPTCHA. Please check and try again.) — reloading
    [CAPTCHA] Attempt 3: solved="3896" — submitting...
    [CAPTCHA] Attempt 3: captcha OK but no result for this EIIN/year
NO RESULT
[636/1646] SSC 2020 EIIN=108213 ...     [CAPTCHA] Attempt 1: solved="8561" — submitting...
    [CAPTCHA] Attempt 1: captcha OK but no result for this EIIN/year
NO RESULT
[637/1646] SSC 2021 EIIN=108213 ...     [CAPTCHA] Attempt 1: solver returned "(empty)" (invalid length=0) — reloading
    [CAPTCHA] Attempt 2: solved="5981" — submitting...
    [CAPTCHA] Attempt 2: ✗ MISMATCH (server: Could not validate your provided Security Key / CAPTCHA. Please check and try again.) — reloading
    [CAPTCHA] Attempt 3: solver returned "(empty)" (invalid length=0) — reloading
    [CAPTCHA] Attempt 4: solver returned "(empty)" (invalid length=0) — reloading
    [CAPTCHA] Attempt 5: solver returned "(empty)" (invalid length=0) — reloading
    [CAPTCHA] Attempt 6: solver returned "122" (invalid length=3) — reloading
    [CAPTCHA] Attempt 7: solved="5538" — submitting...
    [CAPTCHA] Attempt 7: captcha OK but no result for this EIIN/year
NO RESULT
[638/1646] SSC 2022 EIIN=108213 ...     [CAPTCHA] Attempt 1: solver returned "115" (invalid length=3) — reloading
    [CAPTCHA] Attempt 2: solved="9653" — submitting...
    [CAPTCHA] Attempt 2: ✗ MISMATCH (server: Could not validate your provided Security Key / CAPTCHA. Please check and try again.) — reloading
    [CAPTCHA] Attempt 3: solver returned "(empty)" (invalid length=0) — reloading
    [CAPTCHA] Attempt 4: solved="5742" — submitting...
    [CAPTCHA] Attempt 4: captcha OK but no result for this EIIN/year
NO RESULT
[639/1646] SSC 2023 EIIN=108213 ...     [CAPTCHA] Attempt 1: solved="1256" — submitting...
    [CAPTCHA] Attempt 1: captcha OK but no result for this EIIN/year
NO RESULT
[640/1646] SSC 2024 EIIN=108213 ...     [CAPTCHA] Attempt 1: solved="1399" — submitting...
    [CAPTCHA] Attempt 1: ✗ MISMATCH (server: Could not validate your provided Security Key / CAPTCHA. Please check and try again.) — reloading
    [CAPTCHA] Attempt 2: solved="5806" — submitting...
    [CAPTCHA] Attempt 2: ✗ MISMATCH (server: Could not validate your provided Security Key / CAPTCHA. Please check and try again.) — reloading
    [CAPTCHA] Attempt 3: solved="7424" — submitting...
    [CAPTCHA] Attempt 3: ✗ MISMATCH (server: Could not validate your provided Security Key / CAPTCHA. Please check and try again.) — reloading
    [CAPTCHA] Attempt 4: solved="8684" — submitting...
    [CAPTCHA] Attempt 4: captcha OK but no result for this EIIN/year
NO RESULT
[641/1646] SSC 2025 EIIN=108213 ...     [CAPTCHA] Attempt 1: solved="1281" — submitting...
    [CAPTCHA] Attempt 1: ✗ MISMATCH (server: Could not validate your provided Security Key / CAPTCHA. Please check and try again.) — reloading
    [CAPTCHA] Attempt 2: solver returned "(empty)" (invalid length=0) — reloading
    [CAPTCHA] Attempt 3: solver returned "(empty)" (invalid length=0) — reloading
    [CAPTCHA] Attempt 4: solved="2169" — submitting...
    [CAPTCHA] Attempt 4: ✗ MISMATCH (server: Could not validate your provided Security Key / CAPTCHA. Please check and try again.) — reloading
    [CAPTCHA] Attempt 5: solved="8654" — submitting...
    [CAPTCHA] Attempt 5: ✗ MISMATCH (server: Could not validate your provided Security Key / CAPTCHA. Please check and try again.) — reloading
    [CAPTCHA] Attempt 6: solved="2695" — submitting...
    [CAPTCHA] Attempt 6: captcha OK but no result for this EIIN/year
NO RESULT
[642/1646] SSC 2026 EIIN=108213 ...     [CAPTCHA] Attempt 1: solved="4780" — submitting...
    [CAPTCHA] Attempt 1: captcha OK but no result for this EIIN/year
NO RESULT
[643/1646] SSC 2011 EIIN=133940 ...     [CAPTCHA] Attempt 1: solver returned "(empty)" (invalid length=0) — reloading
    [CAPTCHA] Attempt 2: solver returned "(empty)" (invalid length=0) — reloading
    [CAPTCHA] Attempt 3: solver returned "(empty)" (invalid length=0) — reloading
    [CAPTCHA] Attempt 4: solved="6476" — submitting...
    [CAPTCHA] Attempt 4: ✗ MISMATCH (server: Could not validate your provided Security Key / CAPTCHA. Please check and try again.) — reloading
    [CAPTCHA] Attempt 5: solved="5133" — submitting...
    [CAPTCHA] Attempt 5: ✗ MISMATCH (server: Could not validate your provided Security Key / CAPTCHA. Please check and try again.) — reloading
    [CAPTCHA] Attempt 6: solver returned "(empty)" (invalid length=0) — reloading
    [CAPTCHA] Attempt 7: solved="9238" — submitting...
    [CAPTCHA] Attempt 7: ✗ MISMATCH (server: Could not validate your provided Security Key / CAPTCHA. Please check and try again.) — reloading
    [CAPTCHA] Attempt 8: solved="1450" — submitting...
    [CAPTCHA] Attempt 8: captcha OK but no result for this EIIN/year
NO RESULT
[644/1646] SSC 2012 EIIN=133940 ...     [CAPTCHA] Attempt 1: solved="6742" — submitting...
    [CAPTCHA] Attempt 1: ✗ MISMATCH (server: Could not validate your provided Security Key / CAPTCHA. Please check and try again.) — reloading
    [CAPTCHA] Attempt 2: solved="4270" — submitting...
    [CAPTCHA] Attempt 2: captcha OK but no result for this EIIN/year
NO RESULT
[645/1646] SSC 2011 EIIN=138428 ...     [CAPTCHA] Attempt 1: solved="2834" — submitting...
    [CAPTCHA] Attempt 1: captcha OK but no result for this EIIN/year
NO RESULT
[646/1646] SSC 2012 EIIN=138428 ...     [CAPTCHA] Attempt 1: solved="8531" — submitting...
    [CAPTCHA] Attempt 1: ✗ MISMATCH (server: Could not validate your provided Security Key / CAPTCHA. Please check and try again.) — reloading
    [CAPTCHA] Attempt 2: solved="6467" — submitting...
    [CAPTCHA] Attempt 2: ✗ MISMATCH (server: Could not validate your provided Security Key / CAPTCHA. Please check and try again.) — reloading
    [CAPTCHA] Attempt 3: solved="2347" — submitting...
    [CAPTCHA] Attempt 3: captcha OK but no result for this EIIN/year
NO RESULT
[647/1646] SSC 2013 EIIN=138428 ...     [CAPTCHA] Attempt 1: solved="4029" — submitting...
    [CAPTCHA] Attempt 1: ✗ MISMATCH (server: Could not validate your provided Security Key / CAPTCHA. Please check and try again.) — reloading
    [CAPTCHA] Attempt 2: solved="3395" — submitting...
    [CAPTCHA] Attempt 2: ✗ MISMATCH (server: Could not validate your provided Security Key / CAPTCHA. Please check and try again.) — reloading
    [CAPTCHA] Attempt 3: solver returned "(empty)" (invalid length=0) — reloading
    [CAPTCHA] Attempt 4: solved="4601" — submitting...
    [CAPTCHA] Attempt 4: ✗ MISMATCH (server: Could not validate your provided Security Key / CAPTCHA. Please check and try again.) — reloading
    [CAPTCHA] Attempt 5: solved="7287" — submitting...
    [CAPTCHA] Attempt 5: captcha OK but no result for this EIIN/year
NO RESULT
[648/1646] SSC 2014 EIIN=138428 ...     [CAPTCHA] Attempt 1: solved="2679" — submitting...
    [CAPTCHA] Attempt 1: captcha OK but no result for this EIIN/year
NO RESULT
[649/1646] SSC 2015 EIIN=138428 ...     [CAPTCHA] Attempt 1: solved="9016" — submitting...
    [CAPTCHA] Attempt 1: ✗ MISMATCH (server: Could not validate your provided Security Key / CAPTCHA. Please check and try again.) — reloading
    [CAPTCHA] Attempt 2: solved="8957" — submitting...
    [CAPTCHA] Attempt 2: captcha OK but no result for this EIIN/year
NO RESULT
[650/1646] SSC 2016 EIIN=138428 ...     [CAPTCHA] Attempt 1: solved="2317" — submitting...
    [CAPTCHA] Attempt 1: captcha OK but no result for this EIIN/year
NO RESULT
[651/1646] SSC 2017 EIIN=138428 ...     [CAPTCHA] Attempt 1: solved="4790" — submitting...
    [CAPTCHA] Attempt 1: ✗ MISMATCH (server: Could not validate your provided Security Key / CAPTCHA. Please check and try again.) — reloading
    [CAPTCHA] Attempt 2: solved="7441" — submitting...
    [CAPTCHA] Attempt 2: ✗ MISMATCH (server: Could not validate your provided Security Key / CAPTCHA. Please check and try again.) — reloading
    [CAPTCHA] Attempt 3: solver returned "(empty)" (invalid length=0) — reloading
    [CAPTCHA] Attempt 4: solver returned "(empty)" (invalid length=0) — reloading
    [CAPTCHA] Attempt 5: solved="3620" — submitting...
    [CAPTCHA] Attempt 5: ✗ MISMATCH (server: Could not validate your provided Security Key / CAPTCHA. Please check and try again.) — reloading
    [CAPTCHA] Attempt 6: solver returned "(empty)" (invalid length=0) — reloading
    [CAPTCHA] Attempt 7: solved="7505" — submitting...
    [CAPTCHA] Attempt 7: ✗ MISMATCH (server: Could not validate your provided Security Key / CAPTCHA. Please check and try again.) — reloading
    [CAPTCHA] Attempt 8: solver returned "(empty)" (invalid length=0) — reloading
ERR  elementHandle.screenshot: Element is not attached to the DOM
Call log:
[2m  - t
[652/1646] SSC 2018 EIIN=138428 ...     [CAPTCHA] Attempt 1: solved="2327" — submitting...
    [CAPTCHA] Attempt 1: ✗ MISMATCH (server: Could not validate your provided Security Key / CAPTCHA. Please check and try again.) — reloading
    [CAPTCHA] Attempt 2: solved="8223" — submitting...
    [CAPTCHA] Attempt 2: captcha OK but no result for this EIIN/year
NO RESULT
[653/1646] SSC 2019 EIIN=138428 ...     [CAPTCHA] Attempt 1: solver returned "(empty)" (invalid length=0) — reloading
    [CAPTCHA] Attempt 2: solver returned "(empty)" (invalid length=0) — reloading
    [CAPTCHA] Attempt 3: solver returned "328" (invalid length=3) — reloading
    [CAPTCHA] Attempt 4: solved="4710" — submitting...
    [CAPTCHA] Attempt 4: ✗ MISMATCH (server: Could not validate your provided Security Key / CAPTCHA. Please check and try again.) — reloading
    [CAPTCHA] Attempt 5: solver returned "(empty)" (invalid length=0) — reloading
    [CAPTCHA] Attempt 6: solver returned "(empty)" (invalid length=0) — reloading
    [CAPTCHA] Attempt 7: solved="0210" — submitting...
    [CAPTCHA] Attempt 7: ✗ MISMATCH (server: Could not validate your provided Security Key / CAPTCHA. Please check and try again.) — reloading
    [CAPTCHA] Attempt 8: solved="9314" — submitting...
    [CAPTCHA] Attempt 8: ✗ MISMATCH (server: Could not validate your provided Security Key / CAPTCHA. Please check and try again.) — reloading
    [CAPTCHA] Attempt 9: solved="0179" — submitting...
    [CAPTCHA] Attempt 9: ✗ MISMATCH (server: Could not validate your provided Security Key / CAPTCHA. Please check and try again.) — reloading
    [CAPTCHA] Attempt 10: solver returned "(empty)" (invalid length=0) — reloading
    [CAPTCHA] Attempt 11: solved="2833" — submitting...
    [CAPTCHA] Attempt 11: captcha OK but no result for this EIIN/year
NO RESULT
[654/1646] SSC 2020 EIIN=138428 ...     [CAPTCHA] Attempt 1: solver returned "(empty)" (invalid length=0) — reloading
    [CAPTCHA] Attempt 2: solver returned "(empty)" (invalid length=0) — reloading
    [CAPTCHA] Attempt 3: solved="1551" — submitting...
    [CAPTCHA] Attempt 3: ✗ MISMATCH (server: Could not validate your provided Security Key / CAPTCHA. Please check and try again.) — reloading
    [CAPTCHA] Attempt 4: solved="1476" — submitting...
    [CAPTCHA] Attempt 4: ✗ MISMATCH (server: Could not validate your provided Security Key / CAPTCHA. Please check and try again.) — reloading
    [CAPTCHA] Attempt 5: solved="8872" — submitting...
    [CAPTCHA] Attempt 5: captcha OK but no result for this EIIN/year
NO RESULT
[655/1646] SSC 2011 EIIN=130896 ...     [CAPTCHA] Attempt 1: solved="6678" — submitting...
    [CAPTCHA] Attempt 1: captcha OK but no result for this EIIN/year
NO RESULT
[656/1646] SSC 2012 EIIN=130896 ...     [CAPTCHA] Attempt 1: solved="8923" — submitting...
    [CAPTCHA] Attempt 1: ✗ MISMATCH (server: Could not validate your provided Security Key / CAPTCHA. Please check and try again.) — reloading
    [CAPTCHA] Attempt 2: solved="4209" — submitting...
    [CAPTCHA] Attempt 2: captcha OK but no result for this EIIN/year
NO RESULT
[657/1646] SSC 2013 EIIN=130896 ...     [CAPTCHA] Attempt 1: solved="3674" — submitting...
    [CAPTCHA] Attempt 1: ✗ MISMATCH (server: Could not validate your provided Security Key / CAPTCHA. Please check and try again.) — reloading
    [CAPTCHA] Attempt 2: solver returned "(empty)" (invalid length=0) — reloading
    [CAPTCHA] Attempt 3: solved="9147" — submitting...
    [CAPTCHA] Attempt 3: captcha OK but no result for this EIIN/year
NO RESULT
[658/1646] SSC 2014 EIIN=130896 ...     [CAPTCHA] Attempt 1: solved="4616" — submitting...
    [CAPTCHA] Attempt 1: ✗ MISMATCH (server: Could not validate your provided Security Key / CAPTCHA. Please check and try again.) — reloading
    [CAPTCHA] Attempt 2: solved="5091" — submitting...
    [CAPTCHA] Attempt 2: captcha OK but no result for this EIIN/year
NO RESULT
[659/1646] SSC 2011 EIIN=139745 ...     [CAPTCHA] Attempt 1: solved="5015" — submitting...
    [CAPTCHA] Attempt 1: ✗ MISMATCH (server: Could not validate your provided Security Key / CAPTCHA. Please check and try again.) — reloading
    [CAPTCHA] Attempt 2: solved="9550" — submitting...
    [CAPTCHA] Attempt 2: ✗ MISMATCH (server: Could not validate your provided Security Key / CAPTCHA. Please check and try again.) — reloading
    [CAPTCHA] Attempt 3: solved="6500" — submitting...
    [CAPTCHA] Attempt 3: ✗ MISMATCH (server: Could not validate your provided Security Key / CAPTCHA. Please check and try again.) — reloading
    [CAPTCHA] Attempt 4: solved="3713" — submitting...
    [CAPTCHA] Attempt 4: captcha OK but no result for this EIIN/year
NO RESULT
[660/1646] SSC 2012 EIIN=139745 ...     [CAPTCHA] Attempt 1: solved="1688" — submitting...
    [CAPTCHA] Attempt 1: ✗ MISMATCH (server: Could not validate your provided Security Key / CAPTCHA. Please check and try again.) — reloading
    [CAPTCHA] Attempt 2: solved="3182" — submitting...
    [CAPTCHA] Attempt 2: ✗ MISMATCH (server: Could not validate your provided Security Key / CAPTCHA. Please check and try again.) — reloading
    [CAPTCHA] Attempt 3: solver returned "(empty)" (invalid length=0) — reloading
    [CAPTCHA] Attempt 4: solver returned "(empty)" (invalid length=0) — reloading
    [CAPTCHA] Attempt 5: solved="3301" — submitting...
    [CAPTCHA] Attempt 5: ✗ MISMATCH (server: Could not validate your provided Security Key / CAPTCHA. Please check and try again.) — reloading
    [CAPTCHA] Attempt 6: solved="6875" — submitting...
    [CAPTCHA] Attempt 6: captcha OK but no result for this EIIN/year
NO RESULT
[661/1646] SSC 2013 EIIN=139745 ...     [CAPTCHA] Attempt 1: solver returned "(empty)" (invalid length=0) — reloading
    [CAPTCHA] Attempt 2: solved="3677" — submitting...
    [CAPTCHA] Attempt 2: ✗ MISMATCH (server: Could not validate your provided Security Key / CAPTCHA. Please check and try again.) — reloading
    [CAPTCHA] Attempt 3: solved="6818" — submitting...
    [CAPTCHA] Attempt 3: captcha OK but no result for this EIIN/year
NO RESULT
[662/1646] SSC 2014 EIIN=139745 ...     [CAPTCHA] Attempt 1: solved="5429" — submitting...
    [CAPTCHA] Attempt 1: captcha OK but no result for this EIIN/year
NO RESULT
[663/1646] SSC 2015 EIIN=139745 ...     [CAPTCHA] Attempt 1: solver returned "43" (invalid length=2) — reloading
    [CAPTCHA] Attempt 2: solver returned "(empty)" (invalid length=0) — reloading
    [CAPTCHA] Attempt 3: solver returned "(empty)" (invalid length=0) — reloading
    [CAPTCHA] Attempt 4: solved="2144" — submitting...
    [CAPTCHA] Attempt 4: ✗ MISMATCH (server: Could not validate your provided Security Key / CAPTCHA. Please check and try again.) — reloading
    [CAPTCHA] Attempt 5: solver returned "(empty)" (invalid length=0) — reloading
    [CAPTCHA] Attempt 6: solved="7643" — submitting...
    [CAPTCHA] Attempt 6: ✗ MISMATCH (server: Could not validate your provided Security Key / CAPTCHA. Please check and try again.) — reloading
    [CAPTCHA] Attempt 7: solver returned "(empty)" (invalid length=0) — reloading
    [CAPTCHA] Attempt 8: solved="3912" — submitting...
    [CAPTCHA] Attempt 8: captcha OK but no result for this EIIN/year
NO RESULT
[664/1646] SSC 2016 EIIN=139745 ...     [CAPTCHA] Attempt 1: solved="5941" — submitting...
    [CAPTCHA] Attempt 1: ✗ MISMATCH (server: Could not validate your provided Security Key / CAPTCHA. Please check and try again.) — reloading
    [CAPTCHA] Attempt 2: solved="1453" — submitting...
    [CAPTCHA] Attempt 2: captcha OK but no result for this EIIN/year
NO RESULT
[665/1646] SSC 2017 EIIN=139745 ...     [CAPTCHA] Attempt 1: solved="8873" — submitting...
    [CAPTCHA] Attempt 1: ✗ MISMATCH (server: Could not validate your provided Security Key / CAPTCHA. Please check and try again.) — reloading
    [CAPTCHA] Attempt 2: solved="1334" — submitting...
    [CAPTCHA] Attempt 2: captcha OK but no result for this EIIN/year
NO RESULT
[666/1646] SSC 2018 EIIN=139745 ...     [CAPTCHA] Attempt 1: solver returned "(empty)" (invalid length=0) — reloading
    [CAPTCHA] Attempt 2: solver returned "(empty)" (invalid length=0) — reloading
    [CAPTCHA] Attempt 3: solved="3414" — submitting...
    [CAPTCHA] Attempt 3: ✗ MISMATCH (server: Could not validate your provided Security Key / CAPTCHA. Please check and try again.) — reloading
    [CAPTCHA] Attempt 4: solver returned "7" (invalid length=1) — reloading
    [CAPTCHA] Attempt 5: solved="3633" — submitting...
    [CAPTCHA] Attempt 5: captcha OK but no result for this EIIN/year
NO RESULT
[667/1646] SSC 2019 EIIN=139745 ...     [CAPTCHA] Attempt 1: solved="7683" — submitting...
    [CAPTCHA] Attempt 1: ✗ MISMATCH (server: Could not validate your provided Security Key / CAPTCHA. Please check and try again.) — reloading
    [CAPTCHA] Attempt 2: solver returned "(empty)" (invalid length=0) — reloading
    [CAPTCHA] Attempt 3: solved="6453" — submitting...
    [CAPTCHA] Attempt 3: ✗ MISMATCH (server: Could not validate your provided Security Key / CAPTCHA. Please check and try again.) — reloading
    [CAPTCHA] Attempt 4: solved="6998" — submitting...
    [CAPTCHA] Attempt 4: captcha OK but no result for this EIIN/year
NO RESULT
[668/1646] SSC 2020 EIIN=139745 ...     [CAPTCHA] Attempt 1: solved="8039" — submitting...
    [CAPTCHA] Attempt 1: ✗ MISMATCH (server: Could not validate your provided Security Key / CAPTCHA. Please check and try again.) — reloading
    [CAPTCHA] Attempt 2: solved="3312" — submitting...
    [CAPTCHA] Attempt 2: captcha OK but no result for this EIIN/year
NO RESULT
[669/1646] SSC 2021 EIIN=139745 ...     [CAPTCHA] Attempt 1: solver returned "(empty)" (invalid length=0) — reloading
    [CAPTCHA] Attempt 2: solved="1854" — submitting...
    [CAPTCHA] Attempt 2: ✗ MISMATCH (server: Could not validate your provided Security Key / CAPTCHA. Please check and try again.) — reloading
    [CAPTCHA] Attempt 3: solved="3487" — submitting...
    [CAPTCHA] Attempt 3: captcha OK but no result for this EIIN/year
NO RESULT
[670/1646] SSC 2022 EIIN=139745 ...     [CAPTCHA] Attempt 1: solved="9424" — submitting...
    [CAPTCHA] Attempt 1: captcha OK but no result for this EIIN/year
NO RESULT
[671/1646] SSC 2023 EIIN=139745 ...     [CAPTCHA] Attempt 1: solved="1721" — submitting...
    [CAPTCHA] Attempt 1: captcha OK but no result for this EIIN/year
NO RESULT
[672/1646] SSC 2024 EIIN=139745 ...     [CAPTCHA] Attempt 1: solver returned "(empty)" (invalid length=0) — reloading
    [CAPTCHA] Attempt 2: solved="6232" — submitting...
    [CAPTCHA] Attempt 2: ✗ MISMATCH (server: Could not validate your provided Security Key / CAPTCHA. Please check and try again.) — reloading
    [CAPTCHA] Attempt 3: solved="1891" — submitting...
    [CAPTCHA] Attempt 3: ✗ MISMATCH (server: Could not validate your provided Security Key / CAPTCHA. Please check and try again.) — reloading
    [CAPTCHA] Attempt 4: solver returned "(empty)" (invalid length=0) — reloading
    [CAPTCHA] Attempt 5: solved="5886" — submitting...
    [CAPTCHA] Attempt 5: ✗ MISMATCH (server: Could not validate your provided Security Key / CAPTCHA. Please check and try again.) — reloading
    [CAPTCHA] Attempt 6: solver returned "(empty)" (invalid length=0) — reloading
    [CAPTCHA] Attempt 7: solved="4853" — submitting...
    [CAPTCHA] Attempt 7: captcha OK but no result for this EIIN/year
NO RESULT
[673/1646] SSC 2025 EIIN=139745 ...     [CAPTCHA] Attempt 1: solver returned "8" (invalid length=1) — reloading
    [CAPTCHA] Attempt 2: solved="4010" — submitting...
    [CAPTCHA] Attempt 2: captcha OK but no result for this EIIN/year
NO RESULT
[674/1646] SSC 2011 EIIN=136836 ...     [CAPTCHA] Attempt 1: solved="4158" — submitting...
    [CAPTCHA] Attempt 1: captcha OK but no result for this EIIN/year
NO RESULT
[675/1646] SSC 2012 EIIN=136836 ...     [CAPTCHA] Attempt 1: solved="4081" — submitting...
    [CAPTCHA] Attempt 1: ✗ MISMATCH (server: Could not validate your provided Security Key / CAPTCHA. Please check and try again.) — reloading
    [CAPTCHA] Attempt 2: solved="2997" — submitting...
    [CAPTCHA] Attempt 2: captcha OK but no result for this EIIN/year
NO RESULT
[676/1646] SSC 2013 EIIN=136836 ...     [CAPTCHA] Attempt 1: solver returned "(empty)" (invalid length=0) — reloading
    [CAPTCHA] Attempt 2: solver returned "(empty)" (invalid length=0) — reloading
    [CAPTCHA] Attempt 3: solved="4300" — submitting...
    [CAPTCHA] Attempt 3: ✗ MISMATCH (server: Could not validate your provided Security Key / CAPTCHA. Please check and try again.) — reloading
    [CAPTCHA] Attempt 4: solved="6581" — submitting...
    [CAPTCHA] Attempt 4: ✗ MISMATCH (server: Could not validate your provided Security Key / CAPTCHA. Please check and try again.) — reloading
    [CAPTCHA] Attempt 5: solved="3616" — submitting...
    [CAPTCHA] Attempt 5: captcha OK but no result for this EIIN/year
NO RESULT
[677/1646] SSC 2014 EIIN=136836 ...     [CAPTCHA] Attempt 1: solver returned "(empty)" (invalid length=0) — reloading
    [CAPTCHA] Attempt 2: solved="7205" — submitting...
    [CAPTCHA] Attempt 2: captcha OK but no result for this EIIN/year
NO RESULT
[678/1646] SSC 2015 EIIN=136836 ...     [CAPTCHA] Attempt 1: solved="5043" — submitting...
    [CAPTCHA] Attempt 1: captcha OK but no result for this EIIN/year
NO RESULT
[679/1646] SSC 2016 EIIN=136836 ...     [CAPTCHA] Attempt 1: solved="9321" — submitting...
    [CAPTCHA] Attempt 1: ✗ MISMATCH (server: Could not validate your provided Security Key / CAPTCHA. Please check and try again.) — reloading
    [CAPTCHA] Attempt 2: solved="6625" — submitting...
    [CAPTCHA] Attempt 2: captcha OK but no result for this EIIN/year
NO RESULT
[680/1646] SSC 2011 EIIN=138623 ...     [CAPTCHA] Attempt 1: solved="3351" — submitting...
    [CAPTCHA] Attempt 1: ✗ MISMATCH (server: Could not validate your provided Security Key / CAPTCHA. Please check and try again.) — reloading
    [CAPTCHA] Attempt 2: solved="1542" — submitting...
    [CAPTCHA] Attempt 2: ✗ MISMATCH (server: Could not validate your provided Security Key / CAPTCHA. Please check and try again.) — reloading
    [CAPTCHA] Attempt 3: solved="8481" — submitting...
    [CAPTCHA] Attempt 3: captcha OK but no result for this EIIN/year
NO RESULT
[681/1646] SSC 2012 EIIN=138623 ...     [CAPTCHA] Attempt 1: solved="3894" — submitting...
    [CAPTCHA] Attempt 1: ✗ MISMATCH (server: Could not validate your provided Security Key / CAPTCHA. Please check and try again.) — reloading
    [CAPTCHA] Attempt 2: solved="4866" — submitting...
    [CAPTCHA] Attempt 2: ✗ MISMATCH (server: Could not validate your provided Security Key / CAPTCHA. Please check and try again.) — reloading
    [CAPTCHA] Attempt 3: solved="9384" — submitting...
    [CAPTCHA] Attempt 3: captcha OK but no result for this EIIN/year
NO RESULT
[682/1646] SSC 2013 EIIN=138623 ...     [CAPTCHA] Attempt 1: solver returned "(empty)" (invalid length=0) — reloading
    [CAPTCHA] Attempt 2: solved="2812" — submitting...
    [CAPTCHA] Attempt 2: ✗ MISMATCH (server: Could not validate your provided Security Key / CAPTCHA. Please check and try again.) — reloading
    [CAPTCHA] Attempt 3: solved="4830" — submitting...
    [CAPTCHA] Attempt 3: ✗ MISMATCH (server: Could not validate your provided Security Key / CAPTCHA. Please check and try again.) — reloading
    [CAPTCHA] Attempt 4: solved="2438" — submitting...
    [CAPTCHA] Attempt 4: ✗ MISMATCH (server: Could not validate your provided Security Key / CAPTCHA. Please check and try again.) — reloading
    [CAPTCHA] Attempt 5: solved="9846" — submitting...
    [CAPTCHA] Attempt 5: captcha OK but no result for this EIIN/year
NO RESULT
[683/1646] SSC 2014 EIIN=138623 ...     [CAPTCHA] Attempt 1: solved="1944" — submitting...
    [CAPTCHA] Attempt 1: captcha OK but no result for this EIIN/year
NO RESULT
[684/1646] SSC 2015 EIIN=138623 ...     [CAPTCHA] Attempt 1: solved="4589" — submitting...
    [CAPTCHA] Attempt 1: ✗ MISMATCH (server: Could not validate your provided Security Key / CAPTCHA. Please check and try again.) — reloading
    [CAPTCHA] Attempt 2: solved="0641" — submitting...
    [CAPTCHA] Attempt 2: ✗ MISMATCH (server: Could not validate your provided Security Key / CAPTCHA. Please check and try again.) — reloading
    [CAPTCHA] Attempt 3: solver returned "(empty)" (invalid length=0) — reloading
    [CAPTCHA] Attempt 4: solver returned "(empty)" (invalid length=0) — reloading
    [CAPTCHA] Attempt 5: solved="4814" — submitting...
    [CAPTCHA] Attempt 5: captcha OK but no result for this EIIN/year
NO RESULT
[685/1646] SSC 2016 EIIN=138623 ...     [CAPTCHA] Attempt 1: solver returned "(empty)" (invalid length=0) — reloading
    [CAPTCHA] Attempt 2: solver returned "(empty)" (invalid length=0) — reloading
    [CAPTCHA] Attempt 3: solved="0840" — submitting...
    [CAPTCHA] Attempt 3: ✗ MISMATCH (server: Could not validate your provided Security Key / CAPTCHA. Please check and try again.) — reloading
    [CAPTCHA] Attempt 4: solved="2319" — submitting...
    [CAPTCHA] Attempt 4: ✗ MISMATCH (server: Could not validate your provided Security Key / CAPTCHA. Please check and try again.) — reloading
    [CAPTCHA] Attempt 5: solved="2240" — submitting...
    [CAPTCHA] Attempt 5: captcha OK but no result for this EIIN/year
NO RESULT
[686/1646] SSC 2017 EIIN=138623 ...     [CAPTCHA] Attempt 1: solved="5498" — submitting...
    [CAPTCHA] Attempt 1: captcha OK but no result for this EIIN/year
NO RESULT
[687/1646] SSC 2018 EIIN=138623 ...     [CAPTCHA] Attempt 1: solver returned "(empty)" (invalid length=0) — reloading
    [CAPTCHA] Attempt 2: solved="4708" — submitting...
    [CAPTCHA] Attempt 2: ✗ MISMATCH (server: Could not validate your provided Security Key / CAPTCHA. Please check and try again.) — reloading
    [CAPTCHA] Attempt 3: solved="3324" — submitting...
    [CAPTCHA] Attempt 3: ✗ MISMATCH (server: Could not validate your provided Security Key / CAPTCHA. Please check and try again.) — reloading
    [CAPTCHA] Attempt 4: solved="2120" — submitting...
    [CAPTCHA] Attempt 4: captcha OK but no result for this EIIN/year
NO RESULT
[688/1646] SSC 2019 EIIN=138623 ...     [CAPTCHA] Attempt 1: solver returned "(empty)" (invalid length=0) — reloading
    [CAPTCHA] Attempt 2: solved="2470" — submitting...
    [CAPTCHA] Attempt 2: captcha OK but no result for this EIIN/year
NO RESULT
[689/1646] SSC 2020 EIIN=138623 ...     [CAPTCHA] Attempt 1: solved="5022" — submitting...
    [CAPTCHA] Attempt 1: captcha OK but no result for this EIIN/year
NO RESULT
[690/1646] SSC 2025 EIIN=138623 ...     [CAPTCHA] Attempt 1: solved="7714" — submitting...
    [CAPTCHA] Attempt 1: ✗ MISMATCH (server: Could not validate your provided Security Key / CAPTCHA. Please check and try again.) — reloading
    [CAPTCHA] Attempt 2: solved="7719" — submitting...
    [CAPTCHA] Attempt 2: ✗ MISMATCH (server: Could not validate your provided Security Key / CAPTCHA. Please check and try again.) — reloading
    [CAPTCHA] Attempt 3: solved="9544" — submitting...
    [CAPTCHA] Attempt 3: ✗ MISMATCH (server: Could not validate your provided Security Key / CAPTCHA. Please check and try again.) — reloading
    [CAPTCHA] Attempt 4: solved="0750" — submitting...
    [CAPTCHA] Attempt 4: ✗ MISMATCH (server: Could not validate your provided Security Key / CAPTCHA. Please check and try again.) — reloading
    [CAPTCHA] Attempt 5: solved="0391" — submitting...
    [CAPTCHA] Attempt 5: ✗ MISMATCH (server: Could not validate your provided Security Key / CAPTCHA. Please check and try again.) — reloading
    [CAPTCHA] Attempt 6: solved="9129" — submitting...
    [CAPTCHA] Attempt 6: captcha OK but no result for this EIIN/year
NO RESULT
[691/1646] SSC 2026 EIIN=138623 ...     [CAPTCHA] Attempt 1: solver returned "(empty)" (invalid length=0) — reloading
    [CAPTCHA] Attempt 2: solved="3201" — submitting...
    [CAPTCHA] Attempt 2: ✗ MISMATCH (server: Could not validate your provided Security Key / CAPTCHA. Please check and try again.) — reloading
    [CAPTCHA] Attempt 3: solver returned "(empty)" (invalid length=0) — reloading
    [CAPTCHA] Attempt 4: solved="8441" — submitting...
    [CAPTCHA] Attempt 4: ✗ MISMATCH (server: Could not validate your provided Security Key / CAPTCHA. Please check and try again.) — reloading
    [CAPTCHA] Attempt 5: solver returned "(empty)" (invalid length=0) — reloading
    [CAPTCHA] Attempt 6: solver returned "(empty)" (invalid length=0) — reloading
    [CAPTCHA] Attempt 7: solved="5288" — submitting...
    [CAPTCHA] Attempt 7: ✗ MISMATCH (server: Could not validate your provided Security Key / CAPTCHA. Please check and try again.) — reloading
    [CAPTCHA] Attempt 8: solved="8441" — submitting...
    [CAPTCHA] Attempt 8: ✗ MISMATCH (server: Could not validate your provided Security Key / CAPTCHA. Please check and try again.) — reloading
    [CAPTCHA] Attempt 9: solved="6281" — submitting...
    [CAPTCHA] Attempt 9: captcha OK but no result for this EIIN/year
NO RESULT
[692/1646] SSC 2011 EIIN=133987 ...     [CAPTCHA] Attempt 1: solver returned "(empty)" (invalid length=0) — reloading
    [CAPTCHA] Attempt 2: solver returned "441" (invalid length=3) — reloading
    [CAPTCHA] Attempt 3: solved="9847" — submitting...
    [CAPTCHA] Attempt 3: ✗ MISMATCH (server: Could not validate your provided Security Key / CAPTCHA. Please check and try again.) — reloading
    [CAPTCHA] Attempt 4: solved="3357" — submitting...
    [CAPTCHA] Attempt 4: ✗ MISMATCH (server: Could not validate your provided Security Key / CAPTCHA. Please check and try again.) — reloading
    [CAPTCHA] Attempt 5: solved="5636" — submitting...
    [CAPTCHA] Attempt 5: ✗ MISMATCH (server: Could not validate your provided Security Key / CAPTCHA. Please check and try again.) — reloading
    [CAPTCHA] Attempt 6: solver returned "(empty)" (invalid length=0) — reloading
    [CAPTCHA] Attempt 7: solved="2930" — submitting...
    [CAPTCHA] Attempt 7: captcha OK but no result for this EIIN/year
NO RESULT
[693/1646] SSC 2011 EIIN=134446 ...     [CAPTCHA] Attempt 1: solved="9536" — submitting...
    [CAPTCHA] Attempt 1: ✗ MISMATCH (server: Could not validate your provided Security Key / CAPTCHA. Please check and try again.) — reloading
    [CAPTCHA] Attempt 2: solved="1480" — submitting...
    [CAPTCHA] Attempt 2: captcha OK but no result for this EIIN/year
NO RESULT
[694/1646] SSC 2011 EIIN=130864 ...     [CAPTCHA] Attempt 1: solved="9449" — submitting...
    [CAPTCHA] Attempt 1: ✗ MISMATCH (server: Could not validate your provided Security Key / CAPTCHA. Please check and try again.) — reloading
    [CAPTCHA] Attempt 2: solved="4467" — submitting...
    [CAPTCHA] Attempt 2: ✗ MISMATCH (server: Could not validate your provided Security Key / CAPTCHA. Please check and try again.) — reloading
    [CAPTCHA] Attempt 3: solved="6489" — submitting...
    [CAPTCHA] Attempt 3: captcha OK but no result for this EIIN/year
NO RESULT
[695/1646] SSC 2012 EIIN=130864 ...     [CAPTCHA] Attempt 1: solved="2156" — submitting...
    [CAPTCHA] Attempt 1: captcha OK but no result for this EIIN/year
NO RESULT
[696/1646] SSC 2013 EIIN=130864 ...     [CAPTCHA] Attempt 1: solved="6385" — submitting...
    [CAPTCHA] Attempt 1: ✗ MISMATCH (server: Could not validate your provided Security Key / CAPTCHA. Please check and try again.) — reloading
    [CAPTCHA] Attempt 2: solved="1059" — submitting...
    [CAPTCHA] Attempt 2: ✗ MISMATCH (server: Could not validate your provided Security Key / CAPTCHA. Please check and try again.) — reloading
    [CAPTCHA] Attempt 3: solved="3697" — submitting...
    [CAPTCHA] Attempt 3: captcha OK but no result for this EIIN/year
NO RESULT
[697/1646] SSC 2014 EIIN=130864 ...     [CAPTCHA] Attempt 1: solved="7044" — submitting...
    [CAPTCHA] Attempt 1: ✗ MISMATCH (server: Could not validate your provided Security Key / CAPTCHA. Please check and try again.) — reloading
    [CAPTCHA] Attempt 2: solved="8994" — submitting...
    [CAPTCHA] Attempt 2: captcha OK but no result for this EIIN/year
NO RESULT
[698/1646] SSC 2015 EIIN=130864 ...     [CAPTCHA] Attempt 1: solved="7392" — submitting...
    [CAPTCHA] Attempt 1: ✗ MISMATCH (server: Could not validate your provided Security Key / CAPTCHA. Please check and try again.) — reloading
    [CAPTCHA] Attempt 2: solver returned "(empty)" (invalid length=0) — reloading
    [CAPTCHA] Attempt 3: solved="4193" — submitting...
    [CAPTCHA] Attempt 3: ✗ MISMATCH (server: Could not validate your provided Security Key / CAPTCHA. Please check and try again.) — reloading
    [CAPTCHA] Attempt 4: solved="5652" — submitting...
    [CAPTCHA] Attempt 4: captcha OK but no result for this EIIN/year
NO RESULT
[699/1646] SSC 2018 EIIN=130864 ...     [CAPTCHA] Attempt 1: solved="5949" — submitting...
    [CAPTCHA] Attempt 1: captcha OK but no result for this EIIN/year
NO RESULT
[700/1646] SSC 2019 EIIN=130864 ...     [CAPTCHA] Attempt 1: solved="5275" — submitting...
    [CAPTCHA] Attempt 1: captcha OK but no result for this EIIN/year
NO RESULT

─── 700/1646 done | OK:0 FAIL:5 | ETA ≈ 606.3 min ───

[701/1646] SSC 2011 EIIN=130911 ...     [CAPTCHA] Attempt 1: solved="3614" — submitting...
    [CAPTCHA] Attempt 1: ✗ MISMATCH (server: Could not validate your provided Security Key / CAPTCHA. Please check and try again.) — reloading
    [CAPTCHA] Attempt 2: solved="3539" — submitting...
    [CAPTCHA] Attempt 2: captcha OK but no result for this EIIN/year
NO RESULT
[702/1646] SSC 2012 EIIN=130911 ...     [CAPTCHA] Attempt 1: solved="8454" — submitting...
    [CAPTCHA] Attempt 1: captcha OK but no result for this EIIN/year
NO RESULT
[703/1646] SSC 2013 EIIN=130911 ...     [CAPTCHA] Attempt 1: solved="6447" — submitting...
    [CAPTCHA] Attempt 1: captcha OK but no result for this EIIN/year
NO RESULT
[704/1646] SSC 2014 EIIN=130911 ...     [CAPTCHA] Attempt 1: solver returned "(empty)" (invalid length=0) — reloading
    [CAPTCHA] Attempt 2: solved="6922" — submitting...
    [CAPTCHA] Attempt 2: captcha OK but no result for this EIIN/year
NO RESULT
[705/1646] SSC 2015 EIIN=130911 ...     [CAPTCHA] Attempt 1: solved="8171" — submitting...
    [CAPTCHA] Attempt 1: ✗ MISMATCH (server: Could not validate your provided Security Key / CAPTCHA. Please check and try again.) — reloading
    [CAPTCHA] Attempt 2: solved="5521" — submitting...
    [CAPTCHA] Attempt 2: ✗ MISMATCH (server: Could not validate your provided Security Key / CAPTCHA. Please check and try again.) — reloading
    [CAPTCHA] Attempt 3: solved="3131" — submitting...
    [CAPTCHA] Attempt 3: ✗ MISMATCH (server: Could not validate your provided Security Key / CAPTCHA. Please check and try again.) — reloading
    [CAPTCHA] Attempt 4: solved="1055" — submitting...
    [CAPTCHA] Attempt 4: captcha OK but no result for this EIIN/year
NO RESULT
[706/1646] SSC 2016 EIIN=130911 ...     [CAPTCHA] Attempt 1: solved="3516" — submitting...
    [CAPTCHA] Attempt 1: captcha OK but no result for this EIIN/year
NO RESULT
[707/1646] SSC 2017 EIIN=130911 ...     [CAPTCHA] Attempt 1: solved="1404" — submitting...
    [CAPTCHA] Attempt 1: ✗ MISMATCH (server: Could not validate your provided Security Key / CAPTCHA. Please check and try again.) — reloading
    [CAPTCHA] Attempt 2: solver returned "(empty)" (invalid length=0) — reloading
    [CAPTCHA] Attempt 3: solved="6418" — submitting...
    [CAPTCHA] Attempt 3: captcha OK but no result for this EIIN/year
NO RESULT
[708/1646] SSC 2018 EIIN=130911 ...     [CAPTCHA] Attempt 1: solver returned "(empty)" (invalid length=0) — reloading
    [CAPTCHA] Attempt 2: solved="6411" — submitting...
    [CAPTCHA] Attempt 2: ✗ MISMATCH (server: Could not validate your provided Security Key / CAPTCHA. Please check and try again.) — reloading
    [CAPTCHA] Attempt 3: solved="7434" — submitting...
    [CAPTCHA] Attempt 3: captcha OK but no result for this EIIN/year
NO RESULT
[709/1646] SSC 2019 EIIN=130911 ...     [CAPTCHA] Attempt 1: solved="7475" — submitting...
    [CAPTCHA] Attempt 1: captcha OK but no result for this EIIN/year
NO RESULT
[710/1646] SSC 2020 EIIN=130911 ...     [CAPTCHA] Attempt 1: solved="5493" — submitting...
    [CAPTCHA] Attempt 1: captcha OK but no result for this EIIN/year
NO RESULT
[711/1646] SSC 2021 EIIN=130911 ...     [CAPTCHA] Attempt 1: solved="5132" — submitting...
    [CAPTCHA] Attempt 1: captcha OK but no result for this EIIN/year
NO RESULT
[712/1646] SSC 2022 EIIN=130911 ...     [CAPTCHA] Attempt 1: solved="3887" — submitting...
    [CAPTCHA] Attempt 1: ✗ MISMATCH (server: Could not validate your provided Security Key / CAPTCHA. Please check and try again.) — reloading
    [CAPTCHA] Attempt 2: solved="2503" — submitting...
    [CAPTCHA] Attempt 2: ✗ MISMATCH (server: Could not validate your provided Security Key / CAPTCHA. Please check and try again.) — reloading
    [CAPTCHA] Attempt 3: solver returned "(empty)" (invalid length=0) — reloading
    [CAPTCHA] Attempt 4: solved="1638" — submitting...
    [CAPTCHA] Attempt 4: ✗ MISMATCH (server: Could not validate your provided Security Key / CAPTCHA. Please check and try again.) — reloading
    [CAPTCHA] Attempt 5: solved="4437" — submitting...
    [CAPTCHA] Attempt 5: ✗ MISMATCH (server: Could not validate your provided Security Key / CAPTCHA. Please check and try again.) — reloading
    [CAPTCHA] Attempt 6: solved="8558" — submitting...
    [CAPTCHA] Attempt 6: captcha OK but no result for this EIIN/year
NO RESULT
[713/1646] SSC 2023 EIIN=130911 ...     [CAPTCHA] Attempt 1: solved="2231" — submitting...
    [CAPTCHA] Attempt 1: ✗ MISMATCH (server: Could not validate your provided Security Key / CAPTCHA. Please check and try again.) — reloading
    [CAPTCHA] Attempt 2: solved="4454" — submitting...
    [CAPTCHA] Attempt 2: ✗ MISMATCH (server: Could not validate your provided Security Key / CAPTCHA. Please check and try again.) — reloading
    [CAPTCHA] Attempt 3: solver returned "7" (invalid length=1) — reloading
    [CAPTCHA] Attempt 4: solver returned "(empty)" (invalid length=0) — reloading
    [CAPTCHA] Attempt 5: solver returned "(empty)" (invalid length=0) — reloading
    [CAPTCHA] Attempt 6: solved="1798" — submitting...
    [CAPTCHA] Attempt 6: captcha OK but no result for this EIIN/year
NO RESULT
[714/1646] SSC 2024 EIIN=130911 ...     [CAPTCHA] Attempt 1: solver returned "(empty)" (invalid length=0) — reloading
    [CAPTCHA] Attempt 2: solver returned "(empty)" (invalid length=0) — reloading
    [CAPTCHA] Attempt 3: solved="6124" — submitting...
    [CAPTCHA] Attempt 3: ✗ MISMATCH (server: Could not validate your provided Security Key / CAPTCHA. Please check and try again.) — reloading
    [CAPTCHA] Attempt 4: solved="1309" — submitting...
    [CAPTCHA] Attempt 4: ✗ MISMATCH (server: Could not validate your provided Security Key / CAPTCHA. Please check and try again.) — reloading
    [CAPTCHA] Attempt 5: solver returned "(empty)" (invalid length=0) — reloading
    [CAPTCHA] Attempt 6: solved="5943" — submitting...
    [CAPTCHA] Attempt 6: ✗ MISMATCH (server: Could not validate your provided Security Key / CAPTCHA. Please check and try again.) — reloading
    [CAPTCHA] Attempt 7: solved="8095" — submitting...
    [CAPTCHA] Attempt 7: captcha OK but no result for this EIIN/year
NO RESULT
[715/1646] SSC 2025 EIIN=130911 ...     [CAPTCHA] Attempt 1: solved="1101" — submitting...
    [CAPTCHA] Attempt 1: ✗ MISMATCH (server: Could not validate your provided Security Key / CAPTCHA. Please check and try again.) — reloading
    [CAPTCHA] Attempt 2: solved="9980" — submitting...
    [CAPTCHA] Attempt 2: captcha OK but no result for this EIIN/year
NO RESULT
[716/1646] SSC 2026 EIIN=130911 ...     [CAPTCHA] Attempt 1: solver returned "1" (invalid length=1) — reloading
    [CAPTCHA] Attempt 2: solved="7507" — submitting...
    [CAPTCHA] Attempt 2: captcha OK but no result for this EIIN/year
NO RESULT
[717/1646] SSC 2011 EIIN=136263 ...     [CAPTCHA] Attempt 1: solved="3009" — submitting...
    [CAPTCHA] Attempt 1: captcha OK but no result for this EIIN/year
NO RESULT
[718/1646] SSC 2012 EIIN=136263 ...     [CAPTCHA] Attempt 1: solved="7140" — submitting...
    [CAPTCHA] Attempt 1: captcha OK but no result for this EIIN/year
NO RESULT
[719/1646] SSC 2013 EIIN=136263 ...     [CAPTCHA] Attempt 1: solved="4276" — submitting...
    [CAPTCHA] Attempt 1: captcha OK but no result for this EIIN/year
NO RESULT
[720/1646] SSC 2014 EIIN=136263 ...     [CAPTCHA] Attempt 1: solved="9931" — submitting...
    [CAPTCHA] Attempt 1: captcha OK but no result for this EIIN/year
NO RESULT
[721/1646] SSC 2015 EIIN=136263 ...     [CAPTCHA] Attempt 1: solved="2990" — submitting...
    [CAPTCHA] Attempt 1: captcha OK but no result for this EIIN/year
NO RESULT
[722/1646] SSC 2016 EIIN=136263 ...     [CAPTCHA] Attempt 1: solved="5673" — submitting...
    [CAPTCHA] Attempt 1: ✗ MISMATCH (server: Could not validate your provided Security Key / CAPTCHA. Please check and try again.) — reloading
    [CAPTCHA] Attempt 2: solved="4153" — submitting...
    [CAPTCHA] Attempt 2: ✗ MISMATCH (server: Could not validate your provided Security Key / CAPTCHA. Please check and try again.) — reloading
    [CAPTCHA] Attempt 3: solved="2721" — submitting...
    [CAPTCHA] Attempt 3: captcha OK but no result for this EIIN/year
NO RESULT
[723/1646] SSC 2017 EIIN=136263 ...     [CAPTCHA] Attempt 1: solver returned "(empty)" (invalid length=0) — reloading
    [CAPTCHA] Attempt 2: solver returned "(empty)" (invalid length=0) — reloading
    [CAPTCHA] Attempt 3: solved="0201" — submitting...
    [CAPTCHA] Attempt 3: ✗ MISMATCH (server: Could not validate your provided Security Key / CAPTCHA. Please check and try again.) — reloading
    [CAPTCHA] Attempt 4: solved="4211" — submitting...
    [CAPTCHA] Attempt 4: ✗ MISMATCH (server: Could not validate your provided Security Key / CAPTCHA. Please check and try again.) — reloading
    [CAPTCHA] Attempt 5: solved="7828" — submitting...
    [CAPTCHA] Attempt 5: ✗ MISMATCH (server: Could not validate your provided Security Key / CAPTCHA. Please check and try again.) — reloading
    [CAPTCHA] Attempt 6: solved="4492" — submitting...
    [CAPTCHA] Attempt 6: ✗ MISMATCH (server: Could not validate your provided Security Key / CAPTCHA. Please check and try again.) — reloading
    [CAPTCHA] Attempt 7: solver returned "(empty)" (invalid length=0) — reloading
    [CAPTCHA] Attempt 8: solved="2211" — submitting...
    [CAPTCHA] Attempt 8: ✗ MISMATCH (server: Could not validate your provided Security Key / CAPTCHA. Please check and try again.) — reloading
    [CAPTCHA] Attempt 9: solved="9581" — submitting...
    [CAPTCHA] Attempt 9: captcha OK but no result for this EIIN/year
NO RESULT
[724/1646] SSC 2018 EIIN=136263 ...     [CAPTCHA] Attempt 1: solved="5510" — submitting...
    [CAPTCHA] Attempt 1: ✗ MISMATCH (server: Could not validate your provided Security Key / CAPTCHA. Please check and try again.) — reloading
    [CAPTCHA] Attempt 2: solved="7270" — submitting...
    [CAPTCHA] Attempt 2: captcha OK but no result for this EIIN/year
NO RESULT
[725/1646] SSC 2019 EIIN=136263 ...     [CAPTCHA] Attempt 1: solved="5317" — submitting...
    [CAPTCHA] Attempt 1: captcha OK but no result for this EIIN/year
NO RESULT
[726/1646] SSC 2020 EIIN=136263 ...     [CAPTCHA] Attempt 1: solved="5126" — submitting...
    [CAPTCHA] Attempt 1: ✗ MISMATCH (server: Could not validate your provided Security Key / CAPTCHA. Please check and try again.) — reloading
    [CAPTCHA] Attempt 2: solved="1511" — submitting...
    [CAPTCHA] Attempt 2: captcha OK but no result for this EIIN/year
NO RESULT
[727/1646] SSC 2021 EIIN=136263 ...     [CAPTCHA] Attempt 1: solved="7355" — submitting...
    [CAPTCHA] Attempt 1: captcha OK but no result for this EIIN/year
NO RESULT
[728/1646] SSC 2022 EIIN=136263 ...     [CAPTCHA] Attempt 1: solved="2726" — submitting...
    [CAPTCHA] Attempt 1: captcha OK but no result for this EIIN/year
NO RESULT
[729/1646] SSC 2023 EIIN=136263 ...     [CAPTCHA] Attempt 1: solved="1143" — submitting...
    [CAPTCHA] Attempt 1: ✗ MISMATCH (server: Could not validate your provided Security Key / CAPTCHA. Please check and try again.) — reloading
    [CAPTCHA] Attempt 2: solver returned "(empty)" (invalid length=0) — reloading
    [CAPTCHA] Attempt 3: solver returned "(empty)" (invalid length=0) — reloading
    [CAPTCHA] Attempt 4: solved="8340" — submitting...
    [CAPTCHA] Attempt 4: ✗ MISMATCH (server: Could not validate your provided Security Key / CAPTCHA. Please check and try again.) — reloading
    [CAPTCHA] Attempt 5: solved="8042" — submitting...
    [CAPTCHA] Attempt 5: captcha OK but no result for this EIIN/year
NO RESULT
[730/1646] SSC 2024 EIIN=136263 ...     [CAPTCHA] Attempt 1: solved="8974" — submitting...
    [CAPTCHA] Attempt 1: captcha OK but no result for this EIIN/year
NO RESULT
[731/1646] SSC 2025 EIIN=136263 ...     [CAPTCHA] Attempt 1: solved="6467" — submitting...
    [CAPTCHA] Attempt 1: ✗ MISMATCH (server: Could not validate your provided Security Key / CAPTCHA. Please check and try again.) — reloading
    [CAPTCHA] Attempt 2: solved="5987" — submitting...
    [CAPTCHA] Attempt 2: ✗ MISMATCH (server: Could not validate your provided Security Key / CAPTCHA. Please check and try again.) — reloading
    [CAPTCHA] Attempt 3: solved="1720" — submitting...
    [CAPTCHA] Attempt 3: ✗ MISMATCH (server: Could not validate your provided Security Key / CAPTCHA. Please check and try again.) — reloading
    [CAPTCHA] Attempt 4: solved="8650" — submitting...
    [CAPTCHA] Attempt 4: ✗ MISMATCH (server: Could not validate your provided Security Key / CAPTCHA. Please check and try again.) — reloading
    [CAPTCHA] Attempt 5: solver returned "(empty)" (invalid length=0) — reloading
    [CAPTCHA] Attempt 6: solved="4716" — submitting...
    [CAPTCHA] Attempt 6: ✗ MISMATCH (server: Could not validate your provided Security Key / CAPTCHA. Please check and try again.) — reloading
    [CAPTCHA] Attempt 7: solver returned "(empty)" (invalid length=0) — reloading
    [CAPTCHA] Attempt 8: solver returned "(empty)" (invalid length=0) — reloading
    [CAPTCHA] Attempt 9: solved="3765" — submitting...
    [CAPTCHA] Attempt 9: ✗ MISMATCH (server: Could not validate your provided Security Key / CAPTCHA. Please check and try again.) — reloading
    [CAPTCHA] Attempt 10: solved="5379" — submitting...
    [CAPTCHA] Attempt 10: captcha OK but no result for this EIIN/year
NO RESULT
[732/1646] SSC 2011 EIIN=134644 ...     [CAPTCHA] Attempt 1: solver returned "(empty)" (invalid length=0) — reloading
    [CAPTCHA] Attempt 2: solved="5091" — submitting...
    [CAPTCHA] Attempt 2: captcha OK but no result for this EIIN/year
NO RESULT
[733/1646] SSC 2012 EIIN=134644 ...     [CAPTCHA] Attempt 1: solved="4084" — submitting...
    [CAPTCHA] Attempt 1: ✗ MISMATCH (server: Could not validate your provided Security Key / CAPTCHA. Please check and try again.) — reloading
    [CAPTCHA] Attempt 2: solved="5033" — submitting...
    [CAPTCHA] Attempt 2: ✗ MISMATCH (server: Could not validate your provided Security Key / CAPTCHA. Please check and try again.) — reloading
    [CAPTCHA] Attempt 3: solved="5787" — submitting...
    [CAPTCHA] Attempt 3: captcha OK but no result for this EIIN/year
NO RESULT
[734/1646] SSC 2013 EIIN=134644 ...     [CAPTCHA] Attempt 1: solved="4559" — submitting...
    [CAPTCHA] Attempt 1: captcha OK but no result for this EIIN/year
NO RESULT
[735/1646] SSC 2014 EIIN=134644 ...     [CAPTCHA] Attempt 1: solved="6970" — submitting...
    [CAPTCHA] Attempt 1: ✗ MISMATCH (server: Could not validate your provided Security Key / CAPTCHA. Please check and try again.) — reloading
    [CAPTCHA] Attempt 2: solved="3982" — submitting...
    [CAPTCHA] Attempt 2: captcha OK but no result for this EIIN/year
NO RESULT
[736/1646] SSC 2015 EIIN=134644 ...     [CAPTCHA] Attempt 1: solver returned "(empty)" (invalid length=0) — reloading
    [CAPTCHA] Attempt 2: solved="1576" — submitting...
    [CAPTCHA] Attempt 2: captcha OK but no result for this EIIN/year
NO RESULT
[737/1646] SSC 2016 EIIN=134644 ...     [CAPTCHA] Attempt 1: solver returned "(empty)" (invalid length=0) — reloading
    [CAPTCHA] Attempt 2: solved="6216" — submitting...
    [CAPTCHA] Attempt 2: ✗ MISMATCH (server: Could not validate your provided Security Key / CAPTCHA. Please check and try again.) — reloading
    [CAPTCHA] Attempt 3: solved="1182" — submitting...
    [CAPTCHA] Attempt 3: ✗ MISMATCH (server: Could not validate your provided Security Key / CAPTCHA. Please check and try again.) — reloading
    [CAPTCHA] Attempt 4: solved="3701" — submitting...
    [CAPTCHA] Attempt 4: captcha OK but no result for this EIIN/year
NO RESULT
[738/1646] SSC 2017 EIIN=134644 ...     [CAPTCHA] Attempt 1: solved="9244" — submitting...
    [CAPTCHA] Attempt 1: captcha OK but no result for this EIIN/year
NO RESULT
[739/1646] SSC 2018 EIIN=134644 ...     [CAPTCHA] Attempt 1: solved="7443" — submitting...
    [CAPTCHA] Attempt 1: ✗ MISMATCH (server: Could not validate your provided Security Key / CAPTCHA. Please check and try again.) — reloading
    [CAPTCHA] Attempt 2: solved="2635" — submitting...
    [CAPTCHA] Attempt 2: captcha OK but no result for this EIIN/year
NO RESULT
[740/1646] SSC 2019 EIIN=134644 ...     [CAPTCHA] Attempt 1: solver returned "(empty)" (invalid length=0) — reloading
    [CAPTCHA] Attempt 2: solved="6019" — submitting...
    [CAPTCHA] Attempt 2: captcha OK but no result for this EIIN/year
NO RESULT
[741/1646] SSC 2020 EIIN=134644 ...     [CAPTCHA] Attempt 1: solver returned "(empty)" (invalid length=0) — reloading
    [CAPTCHA] Attempt 2: solved="2511" — submitting...
    [CAPTCHA] Attempt 2: captcha OK but no result for this EIIN/year
NO RESULT
[742/1646] SSC 2021 EIIN=134644 ...     [CAPTCHA] Attempt 1: solver returned "(empty)" (invalid length=0) — reloading
    [CAPTCHA] Attempt 2: solved="8150" — submitting...
    [CAPTCHA] Attempt 2: captcha OK but no result for this EIIN/year
NO RESULT
[743/1646] SSC 2022 EIIN=134644 ...     [CAPTCHA] Attempt 1: solved="1509" — submitting...
    [CAPTCHA] Attempt 1: captcha OK but no result for this EIIN/year
NO RESULT
[744/1646] SSC 2023 EIIN=134644 ...     [CAPTCHA] Attempt 1: solved="4154" — submitting...
    [CAPTCHA] Attempt 1: ✗ MISMATCH (server: Could not validate your provided Security Key / CAPTCHA. Please check and try again.) — reloading
    [CAPTCHA] Attempt 2: solved="1972" — submitting...
    [CAPTCHA] Attempt 2: ✗ MISMATCH (server: Could not validate your provided Security Key / CAPTCHA. Please check and try again.) — reloading
    [CAPTCHA] Attempt 3: solved="4757" — submitting...
    [CAPTCHA] Attempt 3: ✗ MISMATCH (server: Could not validate your provided Security Key / CAPTCHA. Please check and try again.) — reloading
    [CAPTCHA] Attempt 4: solved="8872" — submitting...
    [CAPTCHA] Attempt 4: captcha OK but no result for this EIIN/year
NO RESULT
[745/1646] SSC 2024 EIIN=134644 ...     [CAPTCHA] Attempt 1: solved="5948" — submitting...
    [CAPTCHA] Attempt 1: ✗ MISMATCH (server: Could not validate your provided Security Key / CAPTCHA. Please check and try again.) — reloading
    [CAPTCHA] Attempt 2: solved="5134" — submitting...
    [CAPTCHA] Attempt 2: captcha OK but no result for this EIIN/year
NO RESULT
[746/1646] SSC 2025 EIIN=134644 ...     [CAPTCHA] Attempt 1: solver returned "(empty)" (invalid length=0) — reloading
    [CAPTCHA] Attempt 2: solved="9733" — submitting...
    [CAPTCHA] Attempt 2: ✗ MISMATCH (server: Could not validate your provided Security Key / CAPTCHA. Please check and try again.) — reloading
    [CAPTCHA] Attempt 3: solved="0304" — submitting...
    [CAPTCHA] Attempt 3: ✗ MISMATCH (server: Could not validate your provided Security Key / CAPTCHA. Please check and try again.) — reloading
    [CAPTCHA] Attempt 4: solved="7016" — submitting...
    [CAPTCHA] Attempt 4: ✗ MISMATCH (server: Could not validate your provided Security Key / CAPTCHA. Please check and try again.) — reloading
    [CAPTCHA] Attempt 5: solver returned "(empty)" (invalid length=0) — reloading
    [CAPTCHA] Attempt 6: solved="2017" — submitting...
    [CAPTCHA] Attempt 6: ✗ MISMATCH (server: Could not validate your provided Security Key / CAPTCHA. Please check and try again.) — reloading
    [CAPTCHA] Attempt 7: solver returned "(empty)" (invalid length=0) — reloading
    [CAPTCHA] Attempt 8: solved="7689" — submitting...
    [CAPTCHA] Attempt 8: captcha OK but no result for this EIIN/year
NO RESULT
[747/1646] SSC 2026 EIIN=134644 ...     [CAPTCHA] Attempt 1: solved="3483" — submitting...
    [CAPTCHA] Attempt 1: captcha OK but no result for this EIIN/year
NO RESULT
[748/1646] SSC 2011 EIIN=133939 ...     [CAPTCHA] Attempt 1: solved="2232" — submitting...
    [CAPTCHA] Attempt 1: captcha OK but no result for this EIIN/year
NO RESULT
[749/1646] SSC 2011 EIIN=134002 ...     [CAPTCHA] Attempt 1: solved="5910" — submitting...
    [CAPTCHA] Attempt 1: ✗ MISMATCH (server: Could not validate your provided Security Key / CAPTCHA. Please check and try again.) — reloading
    [CAPTCHA] Attempt 2: solved="5895" — submitting...
    [CAPTCHA] Attempt 2: captcha OK but no result for this EIIN/year
NO RESULT
[750/1646] SSC 2012 EIIN=134002 ...     [CAPTCHA] Attempt 1: solved="8464" — submitting...
    [CAPTCHA] Attempt 1: ✗ MISMATCH (server: Could not validate your provided Security Key / CAPTCHA. Please check and try again.) — reloading
    [CAPTCHA] Attempt 2: solved="1450" — submitting...
    [CAPTCHA] Attempt 2: ✗ MISMATCH (server: Could not validate your provided Security Key / CAPTCHA. Please check and try again.) — reloading
    [CAPTCHA] Attempt 3: solved="4034" — submitting...
    [CAPTCHA] Attempt 3: ✗ MISMATCH (server: Could not validate your provided Security Key / CAPTCHA. Please check and try again.) — reloading
    [CAPTCHA] Attempt 4: solver returned "(empty)" (invalid length=0) — reloading
    [CAPTCHA] Attempt 5: solved="4175" — submitting...
    [CAPTCHA] Attempt 5: captcha OK but no result for this EIIN/year
NO RESULT
[751/1646] SSC 2013 EIIN=134002 ...     [CAPTCHA] Attempt 1: solver returned "(empty)" (invalid length=0) — reloading
    [CAPTCHA] Attempt 2: solved="3583" — submitting...
    [CAPTCHA] Attempt 2: captcha OK but no result for this EIIN/year
NO RESULT
[752/1646] SSC 2014 EIIN=134002 ...     [CAPTCHA] Attempt 1: solver returned "(empty)" (invalid length=0) — reloading
    [CAPTCHA] Attempt 2: solved="6159" — submitting...
    [CAPTCHA] Attempt 2: ✗ MISMATCH (server: Could not validate your provided Security Key / CAPTCHA. Please check and try again.) — reloading
    [CAPTCHA] Attempt 3: solver returned "(empty)" (invalid length=0) — reloading
    [CAPTCHA] Attempt 4: solved="2427" — submitting...
    [CAPTCHA] Attempt 4: captcha OK but no result for this EIIN/year
NO RESULT
[753/1646] SSC 2015 EIIN=134002 ...     [CAPTCHA] Attempt 1: solver returned "(empty)" (invalid length=0) — reloading
    [CAPTCHA] Attempt 2: solver returned "(empty)" (invalid length=0) — reloading
    [CAPTCHA] Attempt 3: solved="3347" — submitting...
    [CAPTCHA] Attempt 3: ✗ MISMATCH (server: Could not validate your provided Security Key / CAPTCHA. Please check and try again.) — reloading
    [CAPTCHA] Attempt 4: solved="9465" — submitting...
    [CAPTCHA] Attempt 4: captcha OK but no result for this EIIN/year
NO RESULT
[754/1646] SSC 2016 EIIN=134002 ...     [CAPTCHA] Attempt 1: solved="1247" — submitting...
    [CAPTCHA] Attempt 1: ✗ MISMATCH (server: Could not validate your provided Security Key / CAPTCHA. Please check and try again.) — reloading
    [CAPTCHA] Attempt 2: solved="0231" — submitting...
    [CAPTCHA] Attempt 2: ✗ MISMATCH (server: Could not validate your provided Security Key / CAPTCHA. Please check and try again.) — reloading
    [CAPTCHA] Attempt 3: solved="1902" — submitting...
    [CAPTCHA] Attempt 3: captcha OK but no result for this EIIN/year
NO RESULT
[755/1646] SSC 2017 EIIN=134002 ...     [CAPTCHA] Attempt 1: solved="9639" — submitting...
    [CAPTCHA] Attempt 1: captcha OK but no result for this EIIN/year
NO RESULT
[756/1646] SSC 2018 EIIN=134002 ...     [CAPTCHA] Attempt 1: solved="7969" — submitting...
    [CAPTCHA] Attempt 1: ✗ MISMATCH (server: Could not validate your provided Security Key / CAPTCHA. Please check and try again.) — reloading
    [CAPTCHA] Attempt 2: solved="5313" — submitting...
    [CAPTCHA] Attempt 2: captcha OK but no result for this EIIN/year
NO RESULT
[757/1646] SSC 2019 EIIN=134002 ...     [CAPTCHA] Attempt 1: solved="6274" — submitting...
    [CAPTCHA] Attempt 1: ✗ MISMATCH (server: Could not validate your provided Security Key / CAPTCHA. Please check and try again.) — reloading
    [CAPTCHA] Attempt 2: solved="8107" — submitting...
    [CAPTCHA] Attempt 2: captcha OK but no result for this EIIN/year
NO RESULT
[758/1646] SSC 2020 EIIN=134002 ...     [CAPTCHA] Attempt 1: solved="4934" — submitting...
    [CAPTCHA] Attempt 1: ✗ MISMATCH (server: Could not validate your provided Security Key / CAPTCHA. Please check and try again.) — reloading
    [CAPTCHA] Attempt 2: solved="2655" — submitting...
    [CAPTCHA] Attempt 2: captcha OK but no result for this EIIN/year
NO RESULT
[759/1646] SSC 2021 EIIN=134002 ...     [CAPTCHA] Attempt 1: solved="1234" — submitting...
    [CAPTCHA] Attempt 1: ✗ MISMATCH (server: Could not validate your provided Security Key / CAPTCHA. Please check and try again.) — reloading
    [CAPTCHA] Attempt 2: solved="4632" — submitting...
    [CAPTCHA] Attempt 2: ✗ MISMATCH (server: Could not validate your provided Security Key / CAPTCHA. Please check and try again.) — reloading
    [CAPTCHA] Attempt 3: solver returned "(empty)" (invalid length=0) — reloading
    [CAPTCHA] Attempt 4: solver returned "(empty)" (invalid length=0) — reloading
    [CAPTCHA] Attempt 5: solved="1586" — submitting...
    [CAPTCHA] Attempt 5: ✗ MISMATCH (server: Could not validate your provided Security Key / CAPTCHA. Please check and try again.) — reloading
    [CAPTCHA] Attempt 6: solver returned "(empty)" (invalid length=0) — reloading
    [CAPTCHA] Attempt 7: solved="3633" — submitting...
    [CAPTCHA] Attempt 7: ✗ MISMATCH (server: Could not validate your provided Security Key / CAPTCHA. Please check and try again.) — reloading
    [CAPTCHA] Attempt 8: solved="9094" — submitting...
    [CAPTCHA] Attempt 8: ✗ MISMATCH (server: Could not validate your provided Security Key / CAPTCHA. Please check and try again.) — reloading
    [CAPTCHA] Attempt 9: solved="6900" — submitting...
    [CAPTCHA] Attempt 9: ✗ MISMATCH (server: Could not validate your provided Security Key / CAPTCHA. Please check and try again.) — reloading
    [CAPTCHA] Attempt 10: solved="1055" — submitting...
    [CAPTCHA] Attempt 10: captcha OK but no result for this EIIN/year
NO RESULT
[760/1646] SSC 2022 EIIN=134002 ...     [CAPTCHA] Attempt 1: solved="2383" — submitting...
    [CAPTCHA] Attempt 1: captcha OK but no result for this EIIN/year
NO RESULT
[761/1646] SSC 2023 EIIN=134002 ...     [CAPTCHA] Attempt 1: solved="1159" — submitting...
    [CAPTCHA] Attempt 1: captcha OK but no result for this EIIN/year
NO RESULT
[762/1646] SSC 2024 EIIN=134002 ...     [CAPTCHA] Attempt 1: solved="1778" — submitting...
    [CAPTCHA] Attempt 1: captcha OK but no result for this EIIN/year
NO RESULT
[763/1646] SSC 2025 EIIN=134002 ...     [CAPTCHA] Attempt 1: solved="7011" — submitting...
    [CAPTCHA] Attempt 1: ✗ MISMATCH (server: Could not validate your provided Security Key / CAPTCHA. Please check and try again.) — reloading
    [CAPTCHA] Attempt 2: solved="6741" — submitting...
    [CAPTCHA] Attempt 2: ✗ MISMATCH (server: Could not validate your provided Security Key / CAPTCHA. Please check and try again.) — reloading
    [CAPTCHA] Attempt 3: solved="7365" — submitting...
    [CAPTCHA] Attempt 3: captcha OK but no result for this EIIN/year
NO RESULT
[764/1646] SSC 2026 EIIN=134002 ...     [CAPTCHA] Attempt 1: solved="0533" — submitting...
    [CAPTCHA] Attempt 1: ✗ MISMATCH (server: Could not validate your provided Security Key / CAPTCHA. Please check and try again.) — reloading
    [CAPTCHA] Attempt 2: solved="6398" — submitting...
    [CAPTCHA] Attempt 2: captcha OK but no result for this EIIN/year
NO RESULT
[765/1646] SSC 2011 EIIN=130875 ...     [CAPTCHA] Attempt 1: solved="5744" — submitting...
    [CAPTCHA] Attempt 1: ✗ MISMATCH (server: Could not validate your provided Security Key / CAPTCHA. Please check and try again.) — reloading
    [CAPTCHA] Attempt 2: solved="9581" — submitting...
    [CAPTCHA] Attempt 2: captcha OK but no result for this EIIN/year
NO RESULT
[766/1646] SSC 2011 EIIN=108195 ...     [CAPTCHA] Attempt 1: solved="8829" — submitting...
    [CAPTCHA] Attempt 1: captcha OK but no result for this EIIN/year
NO RESULT
[767/1646] SSC 2011 EIIN=130900 ...     [CAPTCHA] Attempt 1: solved="5074" — submitting...
    [CAPTCHA] Attempt 1: captcha OK but no result for this EIIN/year
NO RESULT
[768/1646] SSC 2012 EIIN=130900 ...     [CAPTCHA] Attempt 1: solved="6118" — submitting...
    [CAPTCHA] Attempt 1: ✗ MISMATCH (server: Could not validate your provided Security Key / CAPTCHA. Please check and try again.) — reloading
    [CAPTCHA] Attempt 2: solver returned "(empty)" (invalid length=0) — reloading
    [CAPTCHA] Attempt 3: solved="2239" — submitting...
    [CAPTCHA] Attempt 3: ✗ MISMATCH (server: Could not validate your provided Security Key / CAPTCHA. Please check and try again.) — reloading
    [CAPTCHA] Attempt 4: solved="7342" — submitting...
    [CAPTCHA] Attempt 4: captcha OK but no result for this EIIN/year
NO RESULT
[769/1646] SSC 2013 EIIN=130900 ...     [CAPTCHA] Attempt 1: solved="3232" — submitting...
    [CAPTCHA] Attempt 1: ✗ MISMATCH (server: Could not validate your provided Security Key / CAPTCHA. Please check and try again.) — reloading
    [CAPTCHA] Attempt 2: solved="9415" — submitting...
    [CAPTCHA] Attempt 2: ✗ MISMATCH (server: Could not validate your provided Security Key / CAPTCHA. Please check and try again.) — reloading
    [CAPTCHA] Attempt 3: solver returned "(empty)" (invalid length=0) — reloading
    [CAPTCHA] Attempt 4: solver returned "(empty)" (invalid length=0) — reloading
    [CAPTCHA] Attempt 5: solver returned "(empty)" (invalid length=0) — reloading
    [CAPTCHA] Attempt 6: solved="1930" — submitting...
    [CAPTCHA] Attempt 6: captcha OK but no result for this EIIN/year
NO RESULT
[770/1646] SSC 2014 EIIN=130900 ...     [CAPTCHA] Attempt 1: solved="7723" — submitting...
    [CAPTCHA] Attempt 1: captcha OK but no result for this EIIN/year
NO RESULT
[771/1646] SSC 2015 EIIN=130900 ...     [CAPTCHA] Attempt 1: solver returned "(empty)" (invalid length=0) — reloading
    [CAPTCHA] Attempt 2: solved="3909" — submitting...
    [CAPTCHA] Attempt 2: captcha OK but no result for this EIIN/year
NO RESULT
[772/1646] SSC 2016 EIIN=130900 ...     [CAPTCHA] Attempt 1: solved="9009" — submitting...
    [CAPTCHA] Attempt 1: ✗ MISMATCH (server: Could not validate your provided Security Key / CAPTCHA. Please check and try again.) — reloading
    [CAPTCHA] Attempt 2: solved="2024" — submitting...
    [CAPTCHA] Attempt 2: captcha OK but no result for this EIIN/year
NO RESULT
[773/1646] SSC 2017 EIIN=130900 ...     [CAPTCHA] Attempt 1: solver returned "(empty)" (invalid length=0) — reloading
    [CAPTCHA] Attempt 2: solved="0840" — submitting...
    [CAPTCHA] Attempt 2: ✗ MISMATCH (server: Could not validate your provided Security Key / CAPTCHA. Please check and try again.) — reloading
    [CAPTCHA] Attempt 3: solver returned "(empty)" (invalid length=0) — reloading
    [CAPTCHA] Attempt 4: solved="6117" — submitting...
    [CAPTCHA] Attempt 4: captcha OK but no result for this EIIN/year
NO RESULT
[774/1646] SSC 2018 EIIN=130900 ...     [CAPTCHA] Attempt 1: solved="2697" — submitting...
    [CAPTCHA] Attempt 1: captcha OK but no result for this EIIN/year
NO RESULT
[775/1646] SSC 2019 EIIN=130900 ...     [CAPTCHA] Attempt 1: solved="9421" — submitting...
    [CAPTCHA] Attempt 1: captcha OK but no result for this EIIN/year
NO RESULT
[776/1646] SSC 2020 EIIN=130900 ...     [CAPTCHA] Attempt 1: solved="0996" — submitting...
    [CAPTCHA] Attempt 1: ✗ MISMATCH (server: Could not validate your provided Security Key / CAPTCHA. Please check and try again.) — reloading
    [CAPTCHA] Attempt 2: solver returned "(empty)" (invalid length=0) — reloading
    [CAPTCHA] Attempt 3: solver returned "(empty)" (invalid length=0) — reloading
    [CAPTCHA] Attempt 4: solved="4050" — submitting...
    [CAPTCHA] Attempt 4: ✗ MISMATCH (server: Could not validate your provided Security Key / CAPTCHA. Please check and try again.) — reloading
    [CAPTCHA] Attempt 5: solved="2878" — submitting...
    [CAPTCHA] Attempt 5: captcha OK but no result for this EIIN/year
NO RESULT
[777/1646] SSC 2021 EIIN=130900 ...     [CAPTCHA] Attempt 1: solved="1197" — submitting...
    [CAPTCHA] Attempt 1: ✗ MISMATCH (server: Could not validate your provided Security Key / CAPTCHA. Please check and try again.) — reloading
    [CAPTCHA] Attempt 2: solved="6718" — submitting...
    [CAPTCHA] Attempt 2: captcha OK but no result for this EIIN/year
NO RESULT
[778/1646] SSC 2022 EIIN=130900 ...     [CAPTCHA] Attempt 1: solved="8189" — submitting...
    [CAPTCHA] Attempt 1: captcha OK but no result for this EIIN/year
NO RESULT
[779/1646] SSC 2023 EIIN=130900 ...     [CAPTCHA] Attempt 1: solved="3532" — submitting...
    [CAPTCHA] Attempt 1: ✗ MISMATCH (server: Could not validate your provided Security Key / CAPTCHA. Please check and try again.) — reloading
    [CAPTCHA] Attempt 2: solved="9313" — submitting...
    [CAPTCHA] Attempt 2: ✗ MISMATCH (server: Could not validate your provided Security Key / CAPTCHA. Please check and try again.) — reloading
    [CAPTCHA] Attempt 3: solved="6180" — submitting...
    [CAPTCHA] Attempt 3: ✗ MISMATCH (server: Could not validate your provided Security Key / CAPTCHA. Please check and try again.) — reloading
    [CAPTCHA] Attempt 4: solved="4613" — submitting...
    [CAPTCHA] Attempt 4: ✗ MISMATCH (server: Could not validate your provided Security Key / CAPTCHA. Please check and try again.) — reloading
    [CAPTCHA] Attempt 5: solved="8538" — submitting...
    [CAPTCHA] Attempt 5: captcha OK but no result for this EIIN/year
NO RESULT
[780/1646] SSC 2024 EIIN=130900 ...     [CAPTCHA] Attempt 1: solved="1536" — submitting...
    [CAPTCHA] Attempt 1: ✗ MISMATCH (server: Could not validate your provided Security Key / CAPTCHA. Please check and try again.) — reloading
    [CAPTCHA] Attempt 2: solved="5403" — submitting...
    [CAPTCHA] Attempt 2: captcha OK but no result for this EIIN/year
NO RESULT
[781/1646] SSC 2025 EIIN=130900 ...     [CAPTCHA] Attempt 1: solver returned "(empty)" (invalid length=0) — reloading
    [CAPTCHA] Attempt 2: solver returned "(empty)" (invalid length=0) — reloading
    [CAPTCHA] Attempt 3: solver returned "(empty)" (invalid length=0) — reloading
    [CAPTCHA] Attempt 4: solver returned "(empty)" (invalid length=0) — reloading
    [CAPTCHA] Attempt 5: solved="3834" — submitting...
    [CAPTCHA] Attempt 5: captcha OK but no result for this EIIN/year
NO RESULT
[782/1646] SSC 2026 EIIN=130900 ...     [CAPTCHA] Attempt 1: solved="8992" — submitting...
    [CAPTCHA] Attempt 1: captcha OK but no result for this EIIN/year
NO RESULT
[783/1646] SSC 2011 EIIN=134136 ...     [CAPTCHA] Attempt 1: solved="0302" — submitting...
    [CAPTCHA] Attempt 1: ✗ MISMATCH (server: Could not validate your provided Security Key / CAPTCHA. Please check and try again.) — reloading
    [CAPTCHA] Attempt 2: solved="8032" — submitting...
    [CAPTCHA] Attempt 2: captcha OK but no result for this EIIN/year
NO RESULT
[784/1646] SSC 2011 EIIN=139020 ...     [CAPTCHA] Attempt 1: solved="7744" — submitting...
    [CAPTCHA] Attempt 1: captcha OK but no result for this EIIN/year
NO RESULT
[785/1646] SSC 2012 EIIN=139020 ...     [CAPTCHA] Attempt 1: solved="6578" — submitting...
    [CAPTCHA] Attempt 1: ✗ MISMATCH (server: Could not validate your provided Security Key / CAPTCHA. Please check and try again.) — reloading
    [CAPTCHA] Attempt 2: solved="4340" — submitting...
    [CAPTCHA] Attempt 2: captcha OK but no result for this EIIN/year
NO RESULT
[786/1646] SSC 2013 EIIN=139020 ...     [CAPTCHA] Attempt 1: solver returned "(empty)" (invalid length=0) — reloading
    [CAPTCHA] Attempt 2: solved="9183" — submitting...
    [CAPTCHA] Attempt 2: captcha OK but no result for this EIIN/year
NO RESULT
[787/1646] SSC 2014 EIIN=139020 ...     [CAPTCHA] Attempt 1: solved="7259" — submitting...
    [CAPTCHA] Attempt 1: ✗ MISMATCH (server: Could not validate your provided Security Key / CAPTCHA. Please check and try again.) — reloading
    [CAPTCHA] Attempt 2: solved="6606" — submitting...
    [CAPTCHA] Attempt 2: ✗ MISMATCH (server: Could not validate your provided Security Key / CAPTCHA. Please check and try again.) — reloading
    [CAPTCHA] Attempt 3: solved="3561" — submitting...
    [CAPTCHA] Attempt 3: ✗ MISMATCH (server: Could not validate your provided Security Key / CAPTCHA. Please check and try again.) — reloading
    [CAPTCHA] Attempt 4: solved="9630" — submitting...
    [CAPTCHA] Attempt 4: captcha OK but no result for this EIIN/year
NO RESULT
[788/1646] SSC 2015 EIIN=139020 ...     [CAPTCHA] Attempt 1: solved="2172" — submitting...
    [CAPTCHA] Attempt 1: captcha OK but no result for this EIIN/year
NO RESULT
[789/1646] SSC 2016 EIIN=139020 ...     [CAPTCHA] Attempt 1: solved="6261" — submitting...
    [CAPTCHA] Attempt 1: ✗ MISMATCH (server: Could not validate your provided Security Key / CAPTCHA. Please check and try again.) — reloading
    [CAPTCHA] Attempt 2: solved="6292" — submitting...
    [CAPTCHA] Attempt 2: ✗ MISMATCH (server: Could not validate your provided Security Key / CAPTCHA. Please check and try again.) — reloading
    [CAPTCHA] Attempt 3: solver returned "26" (invalid length=2) — reloading
    [CAPTCHA] Attempt 4: solved="3447" — submitting...
    [CAPTCHA] Attempt 4: captcha OK but no result for this EIIN/year
NO RESULT
[790/1646] SSC 2017 EIIN=139020 ...     [CAPTCHA] Attempt 1: solved="4967" — submitting...
    [CAPTCHA] Attempt 1: ✗ MISMATCH (server: Could not validate your provided Security Key / CAPTCHA. Please check and try again.) — reloading
    [CAPTCHA] Attempt 2: solver returned "(empty)" (invalid length=0) — reloading
    [CAPTCHA] Attempt 3: solved="0124" — submitting...
    [CAPTCHA] Attempt 3: ✗ MISMATCH (server: Could not validate your provided Security Key / CAPTCHA. Please check and try again.) — reloading
    [CAPTCHA] Attempt 4: solved="6507" — submitting...
    [CAPTCHA] Attempt 4: ✗ MISMATCH (server: Could not validate your provided Security Key / CAPTCHA. Please check and try again.) — reloading
    [CAPTCHA] Attempt 5: solved="4325" — submitting...
    [CAPTCHA] Attempt 5: ✗ MISMATCH (server: Could not validate your provided Security Key / CAPTCHA. Please check and try again.) — reloading
    [CAPTCHA] Attempt 6: solved="3081" — submitting...
    [CAPTCHA] Attempt 6: ✗ MISMATCH (server: Could not validate your provided Security Key / CAPTCHA. Please check and try again.) — reloading
    [CAPTCHA] Attempt 7: solver returned "(empty)" (invalid length=0) — reloading
    [CAPTCHA] Attempt 8: solved="9109" — submitting...
    [CAPTCHA] Attempt 8: captcha OK but no result for this EIIN/year
NO RESULT
[791/1646] SSC 2018 EIIN=139020 ...     [CAPTCHA] Attempt 1: solved="9410" — submitting...
    [CAPTCHA] Attempt 1: ✗ MISMATCH (server: Could not validate your provided Security Key / CAPTCHA. Please check and try again.) — reloading
    [CAPTCHA] Attempt 2: solver returned "44" (invalid length=2) — reloading
    [CAPTCHA] Attempt 3: solved="9277" — submitting...
    [CAPTCHA] Attempt 3: ✗ MISMATCH (server: Could not validate your provided Security Key / CAPTCHA. Please check and try again.) — reloading
    [CAPTCHA] Attempt 4: solved="7556" — submitting...
    [CAPTCHA] Attempt 4: ✗ MISMATCH (server: Could not validate your provided Security Key / CAPTCHA. Please check and try again.) — reloading
    [CAPTCHA] Attempt 5: solved="2213" — submitting...
    [CAPTCHA] Attempt 5: captcha OK but no result for this EIIN/year
NO RESULT
[792/1646] SSC 2019 EIIN=139020 ...     [CAPTCHA] Attempt 1: solved="4403" — submitting...
    [CAPTCHA] Attempt 1: ✗ MISMATCH (server: Could not validate your provided Security Key / CAPTCHA. Please check and try again.) — reloading
    [CAPTCHA] Attempt 2: solver returned "(empty)" (invalid length=0) — reloading
    [CAPTCHA] Attempt 3: solved="2429" — submitting...
    [CAPTCHA] Attempt 3: captcha OK but no result for this EIIN/year
NO RESULT
[793/1646] SSC 2020 EIIN=139020 ...     [CAPTCHA] Attempt 1: solved="7873" — submitting...
    [CAPTCHA] Attempt 1: ✗ MISMATCH (server: Could not validate your provided Security Key / CAPTCHA. Please check and try again.) — reloading
    [CAPTCHA] Attempt 2: solved="1932" — submitting...
    [CAPTCHA] Attempt 2: captcha OK but no result for this EIIN/year
NO RESULT
[794/1646] SSC 2021 EIIN=139020 ...     [CAPTCHA] Attempt 1: solved="8484" — submitting...
    [CAPTCHA] Attempt 1: ✗ MISMATCH (server: Could not validate your provided Security Key / CAPTCHA. Please check and try again.) — reloading
    [CAPTCHA] Attempt 2: solved="9102" — submitting...
    [CAPTCHA] Attempt 2: captcha OK but no result for this EIIN/year
NO RESULT
[795/1646] SSC 2022 EIIN=139020 ...     [CAPTCHA] Attempt 1: solved="0077" — submitting...
    [CAPTCHA] Attempt 1: ✗ MISMATCH (server: Could not validate your provided Security Key / CAPTCHA. Please check and try again.) — reloading
    [CAPTCHA] Attempt 2: solver returned "(empty)" (invalid length=0) — reloading
    [CAPTCHA] Attempt 3: solved="4765" — submitting...
    [CAPTCHA] Attempt 3: captcha OK but no result for this EIIN/year
NO RESULT
[796/1646] SSC 2011 EIIN=130913 ...     [CAPTCHA] Attempt 1: solver returned "(empty)" (invalid length=0) — reloading
    [CAPTCHA] Attempt 2: solved="5749" — submitting...
    [CAPTCHA] Attempt 2: captcha OK but no result for this EIIN/year
NO RESULT
[797/1646] SSC 2012 EIIN=130913 ...     [CAPTCHA] Attempt 1: solver returned "(empty)" (invalid length=0) — reloading
    [CAPTCHA] Attempt 2: solved="7982" — submitting...
    [CAPTCHA] Attempt 2: ✗ MISMATCH (server: Could not validate your provided Security Key / CAPTCHA. Please check and try again.) — reloading
    [CAPTCHA] Attempt 3: solved="1445" — submitting...
    [CAPTCHA] Attempt 3: captcha OK but no result for this EIIN/year
NO RESULT
[798/1646] SSC 2013 EIIN=130913 ...     [CAPTCHA] Attempt 1: solved="8492" — submitting...
    [CAPTCHA] Attempt 1: ✗ MISMATCH (server: Could not validate your provided Security Key / CAPTCHA. Please check and try again.) — reloading
    [CAPTCHA] Attempt 2: solved="3273" — submitting...
    [CAPTCHA] Attempt 2: captcha OK but no result for this EIIN/year
NO RESULT
[799/1646] SSC 2014 EIIN=130913 ...     [CAPTCHA] Attempt 1: solved="5549" — submitting...
    [CAPTCHA] Attempt 1: ✗ MISMATCH (server: Could not validate your provided Security Key / CAPTCHA. Please check and try again.) — reloading
    [CAPTCHA] Attempt 2: solved="9310" — submitting...
    [CAPTCHA] Attempt 2: ✗ MISMATCH (server: Could not validate your provided Security Key / CAPTCHA. Please check and try again.) — reloading
    [CAPTCHA] Attempt 3: solved="5611" — submitting...
    [CAPTCHA] Attempt 3: ✗ MISMATCH (server: Could not validate your provided Security Key / CAPTCHA. Please check and try again.) — reloading
    [CAPTCHA] Attempt 4: solved="1858" — submitting...
    [CAPTCHA] Attempt 4: ✗ MISMATCH (server: Could not validate your provided Security Key / CAPTCHA. Please check and try again.) — reloading
    [CAPTCHA] Attempt 5: solved="4140" — submitting...
    [CAPTCHA] Attempt 5: ✗ MISMATCH (server: Could not validate your provided Security Key / CAPTCHA. Please check and try again.) — reloading
    [CAPTCHA] Attempt 6: solved="5891" — submitting...
    [CAPTCHA] Attempt 6: ✗ MISMATCH (server: Could not validate your provided Security Key / CAPTCHA. Please check and try again.) — reloading
    [CAPTCHA] Attempt 7: solved="4134" — submitting...
    [CAPTCHA] Attempt 7: captcha OK but no result for this EIIN/year
NO RESULT
[800/1646] SSC 2015 EIIN=130913 ...     [CAPTCHA] Attempt 1: solver returned "840" (invalid length=3) — reloading
    [CAPTCHA] Attempt 2: solver returned "(empty)" (invalid length=0) — reloading
    [CAPTCHA] Attempt 3: solver returned "(empty)" (invalid length=0) — reloading
    [CAPTCHA] Attempt 4: solver returned "(empty)" (invalid length=0) — reloading
    [CAPTCHA] Attempt 5: solved="2828" — submitting...
    [CAPTCHA] Attempt 5: captcha OK but no result for this EIIN/year
NO RESULT

─── 800/1646 done | OK:0 FAIL:5 | ETA ≈ 494.9 min ───

[801/1646] SSC 2016 EIIN=130913 ...     [CAPTCHA] Attempt 1: solved="7435" — submitting...
    [CAPTCHA] Attempt 1: ✗ MISMATCH (server: Could not validate your provided Security Key / CAPTCHA. Please check and try again.) — reloading
    [CAPTCHA] Attempt 2: solved="5697" — submitting...
    [CAPTCHA] Attempt 2: captcha OK but no result for this EIIN/year
NO RESULT
[802/1646] SSC 2017 EIIN=130913 ...     [CAPTCHA] Attempt 1: solved="7933" — submitting...
    [CAPTCHA] Attempt 1: captcha OK but no result for this EIIN/year
NO RESULT
[803/1646] SSC 2018 EIIN=130913 ...     [CAPTCHA] Attempt 1: solver returned "(empty)" (invalid length=0) — reloading
    [CAPTCHA] Attempt 2: solver returned "(empty)" (invalid length=0) — reloading
    [CAPTCHA] Attempt 3: solved="1131" — submitting...
    [CAPTCHA] Attempt 3: captcha OK but no result for this EIIN/year
NO RESULT
[804/1646] SSC 2019 EIIN=130913 ...     [CAPTCHA] Attempt 1: solved="8014" — submitting...
    [CAPTCHA] Attempt 1: ✗ MISMATCH (server: Could not validate your provided Security Key / CAPTCHA. Please check and try again.) — reloading
    [CAPTCHA] Attempt 2: solved="1047" — submitting...
    [CAPTCHA] Attempt 2: ✗ MISMATCH (server: Could not validate your provided Security Key / CAPTCHA. Please check and try again.) — reloading
    [CAPTCHA] Attempt 3: solved="4844" — submitting...
    [CAPTCHA] Attempt 3: ✗ MISMATCH (server: Could not validate your provided Security Key / CAPTCHA. Please check and try again.) — reloading
    [CAPTCHA] Attempt 4: solved="9330" — submitting...
    [CAPTCHA] Attempt 4: captcha OK but no result for this EIIN/year
NO RESULT
[805/1646] SSC 2020 EIIN=130913 ...     [CAPTCHA] Attempt 1: solved="7443" — submitting...
    [CAPTCHA] Attempt 1: ✗ MISMATCH (server: Could not validate your provided Security Key / CAPTCHA. Please check and try again.) — reloading
    [CAPTCHA] Attempt 2: solved="4311" — submitting...
    [CAPTCHA] Attempt 2: ✗ MISMATCH (server: Could not validate your provided Security Key / CAPTCHA. Please check and try again.) — reloading
    [CAPTCHA] Attempt 3: solved="2068" — submitting...
    [CAPTCHA] Attempt 3: ✗ MISMATCH (server: Could not validate your provided Security Key / CAPTCHA. Please check and try again.) — reloading
    [CAPTCHA] Attempt 4: solved="7794" — submitting...
    [CAPTCHA] Attempt 4: captcha OK but no result for this EIIN/year
NO RESULT
[806/1646] SSC 2021 EIIN=130913 ...     [CAPTCHA] Attempt 1: solver returned "(empty)" (invalid length=0) — reloading
    [CAPTCHA] Attempt 2: solved="1674" — submitting...
    [CAPTCHA] Attempt 2: ✗ MISMATCH (server: Could not validate your provided Security Key / CAPTCHA. Please check and try again.) — reloading
    [CAPTCHA] Attempt 3: solved="0210" — submitting...
    [CAPTCHA] Attempt 3: ✗ MISMATCH (server: Could not validate your provided Security Key / CAPTCHA. Please check and try again.) — reloading
    [CAPTCHA] Attempt 4: solved="3322" — submitting...
    [CAPTCHA] Attempt 4: captcha OK but no result for this EIIN/year
NO RESULT
[807/1646] SSC 2022 EIIN=130913 ...     [CAPTCHA] Attempt 1: solver returned "(empty)" (invalid length=0) — reloading
    [CAPTCHA] Attempt 2: solver returned "(empty)" (invalid length=0) — reloading
    [CAPTCHA] Attempt 3: solved="0474" — submitting...
    [CAPTCHA] Attempt 3: ✗ MISMATCH (server: Could not validate your provided Security Key / CAPTCHA. Please check and try again.) — reloading
    [CAPTCHA] Attempt 4: solved="7176" — submitting...
    [CAPTCHA] Attempt 4: captcha OK but no result for this EIIN/year
NO RESULT
[808/1646] SSC 2023 EIIN=130913 ...     [CAPTCHA] Attempt 1: solved="7662" — submitting...
    [CAPTCHA] Attempt 1: ✗ MISMATCH (server: Could not validate your provided Security Key / CAPTCHA. Please check and try again.) — reloading
    [CAPTCHA] Attempt 2: solver returned "(empty)" (invalid length=0) — reloading
    [CAPTCHA] Attempt 3: solver returned "(empty)" (invalid length=0) — reloading
    [CAPTCHA] Attempt 4: solved="8176" — submitting...
    [CAPTCHA] Attempt 4: captcha OK but no result for this EIIN/year
NO RESULT
[809/1646] SSC 2024 EIIN=130913 ...     [CAPTCHA] Attempt 1: solver returned "(empty)" (invalid length=0) — reloading
    [CAPTCHA] Attempt 2: solver returned "(empty)" (invalid length=0) — reloading
    [CAPTCHA] Attempt 3: solved="2210" — submitting...
    [CAPTCHA] Attempt 3: ✗ MISMATCH (server: Could not validate your provided Security Key / CAPTCHA. Please check and try again.) — reloading
    [CAPTCHA] Attempt 4: solved="2050" — submitting...
    [CAPTCHA] Attempt 4: captcha OK but no result for this EIIN/year
NO RESULT
[810/1646] SSC 2025 EIIN=130913 ...     [CAPTCHA] Attempt 1: solved="5645" — submitting...
    [CAPTCHA] Attempt 1: ✗ MISMATCH (server: Could not validate your provided Security Key / CAPTCHA. Please check and try again.) — reloading
    [CAPTCHA] Attempt 2: solved="7888" — submitting...
    [CAPTCHA] Attempt 2: ✗ MISMATCH (server: Could not validate your provided Security Key / CAPTCHA. Please check and try again.) — reloading
    [CAPTCHA] Attempt 3: solved="1527" — submitting...
    [CAPTCHA] Attempt 3: captcha OK but no result for this EIIN/year
NO RESULT
[811/1646] SSC 2026 EIIN=130913 ...     [CAPTCHA] Attempt 1: solved="1337" — submitting...
    [CAPTCHA] Attempt 1: ✗ MISMATCH (server: Could not validate your provided Security Key / CAPTCHA. Please check and try again.) — reloading
    [CAPTCHA] Attempt 2: solved="1619" — submitting...
    [CAPTCHA] Attempt 2: ✗ MISMATCH (server: Could not validate your provided Security Key / CAPTCHA. Please check and try again.) — reloading
    [CAPTCHA] Attempt 3: solver returned "(empty)" (invalid length=0) — reloading
    [CAPTCHA] Attempt 4: solver returned "(empty)" (invalid length=0) — reloading
    [CAPTCHA] Attempt 5: solver returned "4" (invalid length=1) — reloading
    [CAPTCHA] Attempt 6: solved="4344" — submitting...
    [CAPTCHA] Attempt 6: ✗ MISMATCH (server: Could not validate your provided Security Key / CAPTCHA. Please check and try again.) — reloading
    [CAPTCHA] Attempt 7: solved="8252" — submitting...
    [CAPTCHA] Attempt 7: ✗ MISMATCH (server: Could not validate your provided Security Key / CAPTCHA. Please check and try again.) — reloading
    [CAPTCHA] Attempt 8: solved="1813" — submitting...
    [CAPTCHA] Attempt 8: ✗ MISMATCH (server: Could not validate your provided Security Key / CAPTCHA. Please check and try again.) — reloading
    [CAPTCHA] Attempt 9: solved="7248" — submitting...
    [CAPTCHA] Attempt 9: captcha OK but no result for this EIIN/year
NO RESULT
[812/1646] SSC 2011 EIIN=135449 ...     [CAPTCHA] Attempt 1: solved="7927" — submitting...
    [CAPTCHA] Attempt 1: captcha OK but no result for this EIIN/year
NO RESULT
[813/1646] SSC 2012 EIIN=135449 ...     [CAPTCHA] Attempt 1: solver returned "(empty)" (invalid length=0) — reloading
    [CAPTCHA] Attempt 2: solver returned "(empty)" (invalid length=0) — reloading
    [CAPTCHA] Attempt 3: solved="7847" — submitting...
    [CAPTCHA] Attempt 3: ✗ MISMATCH (server: Could not validate your provided Security Key / CAPTCHA. Please check and try again.) — reloading
    [CAPTCHA] Attempt 4: solved="5948" — submitting...
    [CAPTCHA] Attempt 4: ✗ MISMATCH (server: Could not validate your provided Security Key / CAPTCHA. Please check and try again.) — reloading
    [CAPTCHA] Attempt 5: solver returned "(empty)" (invalid length=0) — reloading
    [CAPTCHA] Attempt 6: solved="7701" — submitting...
    [CAPTCHA] Attempt 6: captcha OK but no result for this EIIN/year
NO RESULT
[814/1646] SSC 2013 EIIN=135449 ...     [CAPTCHA] Attempt 1: solved="6050" — submitting...
    [CAPTCHA] Attempt 1: ✗ MISMATCH (server: Could not validate your provided Security Key / CAPTCHA. Please check and try again.) — reloading
    [CAPTCHA] Attempt 2: solved="3881" — submitting...
    [CAPTCHA] Attempt 2: ✗ MISMATCH (server: Could not validate your provided Security Key / CAPTCHA. Please check and try again.) — reloading
    [CAPTCHA] Attempt 3: solved="1474" — submitting...
    [CAPTCHA] Attempt 3: captcha OK but no result for this EIIN/year
NO RESULT
[815/1646] SSC 2014 EIIN=135449 ...     [CAPTCHA] Attempt 1: solved="6034" — submitting...
    [CAPTCHA] Attempt 1: ✗ MISMATCH (server: Could not validate your provided Security Key / CAPTCHA. Please check and try again.) — reloading
    [CAPTCHA] Attempt 2: solver returned "(empty)" (invalid length=0) — reloading
    [CAPTCHA] Attempt 3: solver returned "(empty)" (invalid length=0) — reloading
    [CAPTCHA] Attempt 4: solved="2680" — submitting...
    [CAPTCHA] Attempt 4: captcha OK but no result for this EIIN/year
NO RESULT
[816/1646] SSC 2015 EIIN=135449 ...     [CAPTCHA] Attempt 1: solved="4421" — submitting...
    [CAPTCHA] Attempt 1: ✗ MISMATCH (server: Could not validate your provided Security Key / CAPTCHA. Please check and try again.) — reloading
    [CAPTCHA] Attempt 2: solver returned "(empty)" (invalid length=0) — reloading
    [CAPTCHA] Attempt 3: solver returned "(empty)" (invalid length=0) — reloading
    [CAPTCHA] Attempt 4: solved="8629" — submitting...
    [CAPTCHA] Attempt 4: captcha OK but no result for this EIIN/year
NO RESULT
[817/1646] SSC 2016 EIIN=135449 ...     [CAPTCHA] Attempt 1: solved="7295" — submitting...
    [CAPTCHA] Attempt 1: captcha OK but no result for this EIIN/year
NO RESULT
[818/1646] SSC 2017 EIIN=135449 ...     [CAPTCHA] Attempt 1: solver returned "(empty)" (invalid length=0) — reloading
    [CAPTCHA] Attempt 2: solved="2579" — submitting...
    [CAPTCHA] Attempt 2: captcha OK but no result for this EIIN/year
NO RESULT
[819/1646] SSC 2018 EIIN=135449 ...     [CAPTCHA] Attempt 1: solved="9126" — submitting...
    [CAPTCHA] Attempt 1: ✗ MISMATCH (server: Could not validate your provided Security Key / CAPTCHA. Please check and try again.) — reloading
    [CAPTCHA] Attempt 2: solver returned "0" (invalid length=1) — reloading
    [CAPTCHA] Attempt 3: solved="2829" — submitting...
    [CAPTCHA] Attempt 3: captcha OK but no result for this EIIN/year
NO RESULT
[820/1646] SSC 2019 EIIN=135449 ...     [CAPTCHA] Attempt 1: solved="6285" — submitting...
    [CAPTCHA] Attempt 1: ✗ MISMATCH (server: Could not validate your provided Security Key / CAPTCHA. Please check and try again.) — reloading
    [CAPTCHA] Attempt 2: solved="2569" — submitting...
    [CAPTCHA] Attempt 2: captcha OK but no result for this EIIN/year
NO RESULT
[821/1646] SSC 2020 EIIN=135449 ...     [CAPTCHA] Attempt 1: solved="7832" — submitting...
    [CAPTCHA] Attempt 1: captcha OK but no result for this EIIN/year
NO RESULT
[822/1646] SSC 2021 EIIN=135449 ...     [CAPTCHA] Attempt 1: solved="6462" — submitting...
    [CAPTCHA] Attempt 1: ✗ MISMATCH (server: Could not validate your provided Security Key / CAPTCHA. Please check and try again.) — reloading
    [CAPTCHA] Attempt 2: solved="2092" — submitting...
    [CAPTCHA] Attempt 2: captcha OK but no result for this EIIN/year
NO RESULT
[823/1646] SSC 2022 EIIN=135449 ...     [CAPTCHA] Attempt 1: solver returned "(empty)" (invalid length=0) — reloading
    [CAPTCHA] Attempt 2: solver returned "(empty)" (invalid length=0) — reloading
    [CAPTCHA] Attempt 3: solved="2035" — submitting...
    [CAPTCHA] Attempt 3: captcha OK but no result for this EIIN/year
NO RESULT
[824/1646] SSC 2023 EIIN=135449 ...     [CAPTCHA] Attempt 1: solved="4644" — submitting...
    [CAPTCHA] Attempt 1: ✗ MISMATCH (server: Could not validate your provided Security Key / CAPTCHA. Please check and try again.) — reloading
    [CAPTCHA] Attempt 2: solved="2704" — submitting...
    [CAPTCHA] Attempt 2: captcha OK but no result for this EIIN/year
NO RESULT
[825/1646] SSC 2024 EIIN=135449 ...     [CAPTCHA] Attempt 1: solved="5822" — submitting...
    [CAPTCHA] Attempt 1: ✗ MISMATCH (server: Could not validate your provided Security Key / CAPTCHA. Please check and try again.) — reloading
    [CAPTCHA] Attempt 2: solved="6286" — submitting...
    [CAPTCHA] Attempt 2: ✗ MISMATCH (server: Could not validate your provided Security Key / CAPTCHA. Please check and try again.) — reloading
    [CAPTCHA] Attempt 3: solved="7728" — submitting...
    [CAPTCHA] Attempt 3: captcha OK but no result for this EIIN/year
NO RESULT
[826/1646] SSC 2025 EIIN=135449 ...     [CAPTCHA] Attempt 1: solver returned "(empty)" (invalid length=0) — reloading
    [CAPTCHA] Attempt 2: solver returned "(empty)" (invalid length=0) — reloading
    [CAPTCHA] Attempt 3: solved="8889" — submitting...
    [CAPTCHA] Attempt 3: captcha OK but no result for this EIIN/year
NO RESULT
[827/1646] SSC 2026 EIIN=135449 ...     [CAPTCHA] Attempt 1: solved="6117" — submitting...
    [CAPTCHA] Attempt 1: captcha OK but no result for this EIIN/year
NO RESULT
[828/1646] SSC 2011 EIIN=108331 ...     [CAPTCHA] Attempt 1: solved="3831" — submitting...
    [CAPTCHA] Attempt 1: ✗ MISMATCH (server: Could not validate your provided Security Key / CAPTCHA. Please check and try again.) — reloading
    [CAPTCHA] Attempt 2: solver returned "(empty)" (invalid length=0) — reloading
    [CAPTCHA] Attempt 3: solved="6084" — submitting...
    [CAPTCHA] Attempt 3: ✗ MISMATCH (server: Could not validate your provided Security Key / CAPTCHA. Please check and try again.) — reloading
    [CAPTCHA] Attempt 4: solved="3809" — submitting...
    [CAPTCHA] Attempt 4: captcha OK but no result for this EIIN/year
NO RESULT
[829/1646] SSC 2012 EIIN=108331 ...     [CAPTCHA] Attempt 1: solved="6547" — submitting...
    [CAPTCHA] Attempt 1: captcha OK but no result for this EIIN/year
NO RESULT
[830/1646] SSC 2013 EIIN=108331 ...     [CAPTCHA] Attempt 1: solver returned "(empty)" (invalid length=0) — reloading
    [CAPTCHA] Attempt 2: solved="9561" — submitting...
    [CAPTCHA] Attempt 2: captcha OK but no result for this EIIN/year
NO RESULT
[831/1646] SSC 2014 EIIN=108331 ...     [CAPTCHA] Attempt 1: solver returned "(empty)" (invalid length=0) — reloading
    [CAPTCHA] Attempt 2: solved="9523" — submitting...
    [CAPTCHA] Attempt 2: captcha OK but no result for this EIIN/year
NO RESULT
[832/1646] SSC 2015 EIIN=108331 ...     [CAPTCHA] Attempt 1: solved="2532" — submitting...
    [CAPTCHA] Attempt 1: captcha OK but no result for this EIIN/year
NO RESULT
[833/1646] SSC 2011 EIIN=138743 ...     [CAPTCHA] Attempt 1: solved="4257" — submitting...
    [CAPTCHA] Attempt 1: captcha OK but no result for this EIIN/year
NO RESULT
[834/1646] SSC 2012 EIIN=138743 ...     [CAPTCHA] Attempt 1: solved="5949" — submitting...
    [CAPTCHA] Attempt 1: captcha OK but no result for this EIIN/year
NO RESULT
[835/1646] SSC 2013 EIIN=138743 ...     [CAPTCHA] Attempt 1: solved="9360" — submitting...
    [CAPTCHA] Attempt 1: ✗ MISMATCH (server: Could not validate your provided Security Key / CAPTCHA. Please check and try again.) — reloading
    [CAPTCHA] Attempt 2: solved="2119" — submitting...
    [CAPTCHA] Attempt 2: ✗ MISMATCH (server: Could not validate your provided Security Key / CAPTCHA. Please check and try again.) — reloading
    [CAPTCHA] Attempt 3: solved="2193" — submitting...
    [CAPTCHA] Attempt 3: ✗ MISMATCH (server: Could not validate your provided Security Key / CAPTCHA. Please check and try again.) — reloading
    [CAPTCHA] Attempt 4: solved="2412" — submitting...
    [CAPTCHA] Attempt 4: ✗ MISMATCH (server: Could not validate your provided Security Key / CAPTCHA. Please check and try again.) — reloading
    [CAPTCHA] Attempt 5: solved="5803" — submitting...
    [CAPTCHA] Attempt 5: captcha OK but no result for this EIIN/year
NO RESULT
[836/1646] SSC 2014 EIIN=138743 ...     [CAPTCHA] Attempt 1: solved="5073" — submitting...
    [CAPTCHA] Attempt 1: ✗ MISMATCH (server: Could not validate your provided Security Key / CAPTCHA. Please check and try again.) — reloading
    [CAPTCHA] Attempt 2: solved="2430" — submitting...
    [CAPTCHA] Attempt 2: captcha OK but no result for this EIIN/year
NO RESULT
[837/1646] SSC 2015 EIIN=138743 ...     [CAPTCHA] Attempt 1: solved="5899" — submitting...
    [CAPTCHA] Attempt 1: ✗ MISMATCH (server: Could not validate your provided Security Key / CAPTCHA. Please check and try again.) — reloading
    [CAPTCHA] Attempt 2: solved="3917" — submitting...
    [CAPTCHA] Attempt 2: captcha OK but no result for this EIIN/year
NO RESULT
[838/1646] SSC 2016 EIIN=138743 ...     [CAPTCHA] Attempt 1: solved="9033" — submitting...
    [CAPTCHA] Attempt 1: captcha OK but no result for this EIIN/year
NO RESULT
[839/1646] SSC 2017 EIIN=138743 ...     [CAPTCHA] Attempt 1: solved="2322" — submitting...
    [CAPTCHA] Attempt 1: captcha OK but no result for this EIIN/year
NO RESULT
[840/1646] SSC 2018 EIIN=138743 ...     [CAPTCHA] Attempt 1: solved="6746" — submitting...
    [CAPTCHA] Attempt 1: captcha OK but no result for this EIIN/year
NO RESULT
[841/1646] SSC 2019 EIIN=138743 ...     [CAPTCHA] Attempt 1: solved="5291" — submitting...
    [CAPTCHA] Attempt 1: captcha OK but no result for this EIIN/year
NO RESULT
[842/1646] SSC 2020 EIIN=138743 ...     [CAPTCHA] Attempt 1: solved="8411" — submitting...
    [CAPTCHA] Attempt 1: captcha OK but no result for this EIIN/year
NO RESULT
[843/1646] SSC 2021 EIIN=138743 ...     [CAPTCHA] Attempt 1: solver returned "(empty)" (invalid length=0) — reloading
    [CAPTCHA] Attempt 2: solved="1377" — submitting...
    [CAPTCHA] Attempt 2: ✗ MISMATCH (server: Could not validate your provided Security Key / CAPTCHA. Please check and try again.) — reloading
    [CAPTCHA] Attempt 3: solved="2165" — submitting...
    [CAPTCHA] Attempt 3: ✗ MISMATCH (server: Could not validate your provided Security Key / CAPTCHA. Please check and try again.) — reloading
    [CAPTCHA] Attempt 4: solver returned "(empty)" (invalid length=0) — reloading
    [CAPTCHA] Attempt 5: solver returned "(empty)" (invalid length=0) — reloading
    [CAPTCHA] Attempt 6: solved="5282" — submitting...
    [CAPTCHA] Attempt 6: ✗ MISMATCH (server: Could not validate your provided Security Key / CAPTCHA. Please check and try again.) — reloading
    [CAPTCHA] Attempt 7: solved="2990" — submitting...
    [CAPTCHA] Attempt 7: ✗ MISMATCH (server: Could not validate your provided Security Key / CAPTCHA. Please check and try again.) — reloading
    [CAPTCHA] Attempt 8: solved="5590" — submitting...
    [CAPTCHA] Attempt 8: captcha OK but no result for this EIIN/year
NO RESULT
[844/1646] SSC 2022 EIIN=138743 ...     [CAPTCHA] Attempt 1: solver returned "7" (invalid length=1) — reloading
    [CAPTCHA] Attempt 2: solved="0422" — submitting...
    [CAPTCHA] Attempt 2: ✗ MISMATCH (server: Could not validate your provided Security Key / CAPTCHA. Please check and try again.) — reloading
    [CAPTCHA] Attempt 3: solved="1419" — submitting...
    [CAPTCHA] Attempt 3: ✗ MISMATCH (server: Could not validate your provided Security Key / CAPTCHA. Please check and try again.) — reloading
    [CAPTCHA] Attempt 4: solver returned "(empty)" (invalid length=0) — reloading
    [CAPTCHA] Attempt 5: solver returned "(empty)" (invalid length=0) — reloading
    [CAPTCHA] Attempt 6: solved="8528" — submitting...
    [CAPTCHA] Attempt 6: captcha OK but no result for this EIIN/year
NO RESULT
[845/1646] SSC 2023 EIIN=138743 ...     [CAPTCHA] Attempt 1: solved="4369" — submitting...
    [CAPTCHA] Attempt 1: ✗ MISMATCH (server: Could not validate your provided Security Key / CAPTCHA. Please check and try again.) — reloading
    [CAPTCHA] Attempt 2: solved="6099" — submitting...
    [CAPTCHA] Attempt 2: ✗ MISMATCH (server: Could not validate your provided Security Key / CAPTCHA. Please check and try again.) — reloading
    [CAPTCHA] Attempt 3: solver returned "04" (invalid length=2) — reloading
    [CAPTCHA] Attempt 4: solved="4198" — submitting...
    [CAPTCHA] Attempt 4: ✗ MISMATCH (server: Could not validate your provided Security Key / CAPTCHA. Please check and try again.) — reloading
    [CAPTCHA] Attempt 5: solved="4015" — submitting...
    [CAPTCHA] Attempt 5: ✗ MISMATCH (server: Could not validate your provided Security Key / CAPTCHA. Please check and try again.) — reloading
    [CAPTCHA] Attempt 6: solved="6264" — submitting...
    [CAPTCHA] Attempt 6: captcha OK but no result for this EIIN/year
NO RESULT
[846/1646] SSC 2024 EIIN=138743 ...     [CAPTCHA] Attempt 1: solved="6578" — submitting...
    [CAPTCHA] Attempt 1: ✗ MISMATCH (server: Could not validate your provided Security Key / CAPTCHA. Please check and try again.) — reloading
    [CAPTCHA] Attempt 2: solved="0334" — submitting...
    [CAPTCHA] Attempt 2: ✗ MISMATCH (server: Could not validate your provided Security Key / CAPTCHA. Please check and try again.) — reloading
    [CAPTCHA] Attempt 3: solved="6188" — submitting...
    [CAPTCHA] Attempt 3: ✗ MISMATCH (server: Could not validate your provided Security Key / CAPTCHA. Please check and try again.) — reloading
    [CAPTCHA] Attempt 4: solver returned "(empty)" (invalid length=0) — reloading
    [CAPTCHA] Attempt 5: solved="6575" — submitting...
    [CAPTCHA] Attempt 5: captcha OK but no result for this EIIN/year
NO RESULT
[847/1646] SSC 2011 EIIN=134462 ...     [CAPTCHA] Attempt 1: solved="1363" — submitting...
    [CAPTCHA] Attempt 1: ✗ MISMATCH (server: Could not validate your provided Security Key / CAPTCHA. Please check and try again.) — reloading
    [CAPTCHA] Attempt 2: solved="7801" — submitting...
    [CAPTCHA] Attempt 2: ✗ MISMATCH (server: Could not validate your provided Security Key / CAPTCHA. Please check and try again.) — reloading
    [CAPTCHA] Attempt 3: solved="3641" — submitting...
    [CAPTCHA] Attempt 3: ✗ MISMATCH (server: Could not validate your provided Security Key / CAPTCHA. Please check and try again.) — reloading
    [CAPTCHA] Attempt 4: solved="2533" — submitting...
    [CAPTCHA] Attempt 4: captcha OK but no result for this EIIN/year
NO RESULT
[848/1646] SSC 2012 EIIN=134462 ...     [CAPTCHA] Attempt 1: solved="1536" — submitting...
    [CAPTCHA] Attempt 1: ✗ MISMATCH (server: Could not validate your provided Security Key / CAPTCHA. Please check and try again.) — reloading
    [CAPTCHA] Attempt 2: solved="7840" — submitting...
    [CAPTCHA] Attempt 2: captcha OK but no result for this EIIN/year
NO RESULT
[849/1646] SSC 2013 EIIN=134462 ...     [CAPTCHA] Attempt 1: solved="1711" — submitting...
    [CAPTCHA] Attempt 1: ✗ MISMATCH (server: Could not validate your provided Security Key / CAPTCHA. Please check and try again.) — reloading
    [CAPTCHA] Attempt 2: solver returned "(empty)" (invalid length=0) — reloading
    [CAPTCHA] Attempt 3: solved="7507" — submitting...
    [CAPTCHA] Attempt 3: captcha OK but no result for this EIIN/year
NO RESULT
[850/1646] SSC 2014 EIIN=134462 ...     [CAPTCHA] Attempt 1: solved="1871" — submitting...
    [CAPTCHA] Attempt 1: ✗ MISMATCH (server: Could not validate your provided Security Key / CAPTCHA. Please check and try again.) — reloading
    [CAPTCHA] Attempt 2: solved="6805" — submitting...
    [CAPTCHA] Attempt 2: ✗ MISMATCH (server: Could not validate your provided Security Key / CAPTCHA. Please check and try again.) — reloading
    [CAPTCHA] Attempt 3: solved="9122" — submitting...
    [CAPTCHA] Attempt 3: captcha OK but no result for this EIIN/year
NO RESULT
[851/1646] SSC 2015 EIIN=134462 ...     [CAPTCHA] Attempt 1: solved="4048" — submitting...
    [CAPTCHA] Attempt 1: captcha OK but no result for this EIIN/year
NO RESULT
[852/1646] SSC 2016 EIIN=134462 ...     [CAPTCHA] Attempt 1: solved="7019" — submitting...
    [CAPTCHA] Attempt 1: ✗ MISMATCH (server: Could not validate your provided Security Key / CAPTCHA. Please check and try again.) — reloading
    [CAPTCHA] Attempt 2: solver returned "(empty)" (invalid length=0) — reloading
    [CAPTCHA] Attempt 3: solver returned "(empty)" (invalid length=0) — reloading
    [CAPTCHA] Attempt 4: solved="5190" — submitting...
    [CAPTCHA] Attempt 4: ✗ MISMATCH (server: Could not validate your provided Security Key / CAPTCHA. Please check and try again.) — reloading
    [CAPTCHA] Attempt 5: solved="1374" — submitting...
    [CAPTCHA] Attempt 5: captcha OK but no result for this EIIN/year
NO RESULT
[853/1646] SSC 2011 EIIN=130921 ...     [CAPTCHA] Attempt 1: solved="3995" — submitting...
    [CAPTCHA] Attempt 1: ✗ MISMATCH (server: Could not validate your provided Security Key / CAPTCHA. Please check and try again.) — reloading
    [CAPTCHA] Attempt 2: solver returned "(empty)" (invalid length=0) — reloading
    [CAPTCHA] Attempt 3: solved="4580" — submitting...
    [CAPTCHA] Attempt 3: captcha OK but no result for this EIIN/year
NO RESULT
[854/1646] SSC 2012 EIIN=130921 ...     [CAPTCHA] Attempt 1: solved="3887" — submitting...
    [CAPTCHA] Attempt 1: ✗ MISMATCH (server: Could not validate your provided Security Key / CAPTCHA. Please check and try again.) — reloading
    [CAPTCHA] Attempt 2: solved="2678" — submitting...
    [CAPTCHA] Attempt 2: captcha OK but no result for this EIIN/year
NO RESULT
[855/1646] SSC 2013 EIIN=130921 ...     [CAPTCHA] Attempt 1: solved="7451" — submitting...
    [CAPTCHA] Attempt 1: captcha OK but no result for this EIIN/year
NO RESULT
[856/1646] SSC 2014 EIIN=130921 ...     [CAPTCHA] Attempt 1: solved="4824" — submitting...
    [CAPTCHA] Attempt 1: captcha OK but no result for this EIIN/year
NO RESULT
[857/1646] SSC 2015 EIIN=130921 ...     [CAPTCHA] Attempt 1: solved="5297" — submitting...
    [CAPTCHA] Attempt 1: captcha OK but no result for this EIIN/year
NO RESULT
[858/1646] SSC 2016 EIIN=130921 ...     [CAPTCHA] Attempt 1: solver returned "(empty)" (invalid length=0) — reloading
    [CAPTCHA] Attempt 2: solved="3280" — submitting...
    [CAPTCHA] Attempt 2: ✗ MISMATCH (server: Could not validate your provided Security Key / CAPTCHA. Please check and try again.) — reloading
    [CAPTCHA] Attempt 3: solver returned "(empty)" (invalid length=0) — reloading
    [CAPTCHA] Attempt 4: solver returned "(empty)" (invalid length=0) — reloading
    [CAPTCHA] Attempt 5: solved="3113" — submitting...
    [CAPTCHA] Attempt 5: captcha OK but no result for this EIIN/year
NO RESULT
[859/1646] SSC 2011 EIIN=130912 ...     [CAPTCHA] Attempt 1: solved="1297" — submitting...
    [CAPTCHA] Attempt 1: ✗ MISMATCH (server: Could not validate your provided Security Key / CAPTCHA. Please check and try again.) — reloading
    [CAPTCHA] Attempt 2: solved="9688" — submitting...
    [CAPTCHA] Attempt 2: ✗ MISMATCH (server: Could not validate your provided Security Key / CAPTCHA. Please check and try again.) — reloading
    [CAPTCHA] Attempt 3: solver returned "(empty)" (invalid length=0) — reloading
    [CAPTCHA] Attempt 4: solved="4700" — submitting...
    [CAPTCHA] Attempt 4: ✗ MISMATCH (server: Could not validate your provided Security Key / CAPTCHA. Please check and try again.) — reloading
    [CAPTCHA] Attempt 5: solved="8971" — submitting...
    [CAPTCHA] Attempt 5: captcha OK but no result for this EIIN/year
NO RESULT
[860/1646] SSC 2012 EIIN=130912 ...     [CAPTCHA] Attempt 1: solved="1503" — submitting...
    [CAPTCHA] Attempt 1: ✗ MISMATCH (server: Could not validate your provided Security Key / CAPTCHA. Please check and try again.) — reloading
    [CAPTCHA] Attempt 2: solved="1297" — submitting...
    [CAPTCHA] Attempt 2: ✗ MISMATCH (server: Could not validate your provided Security Key / CAPTCHA. Please check and try again.) — reloading
    [CAPTCHA] Attempt 3: solved="4809" — submitting...
    [CAPTCHA] Attempt 3: captcha OK but no result for this EIIN/year
NO RESULT
[861/1646] SSC 2013 EIIN=130912 ...     [CAPTCHA] Attempt 1: solved="2290" — submitting...
    [CAPTCHA] Attempt 1: ✗ MISMATCH (server: Could not validate your provided Security Key / CAPTCHA. Please check and try again.) — reloading
    [CAPTCHA] Attempt 2: solved="2181" — submitting...
    [CAPTCHA] Attempt 2: ✗ MISMATCH (server: Could not validate your provided Security Key / CAPTCHA. Please check and try again.) — reloading
    [CAPTCHA] Attempt 3: solved="1586" — submitting...
    [CAPTCHA] Attempt 3: ✗ MISMATCH (server: Could not validate your provided Security Key / CAPTCHA. Please check and try again.) — reloading
    [CAPTCHA] Attempt 4: solved="4606" — submitting...
    [CAPTCHA] Attempt 4: ✗ MISMATCH (server: Could not validate your provided Security Key / CAPTCHA. Please check and try again.) — reloading
    [CAPTCHA] Attempt 5: solver returned "(empty)" (invalid length=0) — reloading
    [CAPTCHA] Attempt 6: solved="9680" — submitting...
    [CAPTCHA] Attempt 6: captcha OK but no result for this EIIN/year
NO RESULT
[862/1646] SSC 2014 EIIN=130912 ...     [CAPTCHA] Attempt 1: solved="4241" — submitting...
    [CAPTCHA] Attempt 1: captcha OK but no result for this EIIN/year
NO RESULT
[863/1646] SSC 2015 EIIN=130912 ...     [CAPTCHA] Attempt 1: solved="1858" — submitting...
    [CAPTCHA] Attempt 1: ✗ MISMATCH (server: Could not validate your provided Security Key / CAPTCHA. Please check and try again.) — reloading
    [CAPTCHA] Attempt 2: solver returned "779" (invalid length=3) — reloading
    [CAPTCHA] Attempt 3: solved="8071" — submitting...
    [CAPTCHA] Attempt 3: captcha OK but no result for this EIIN/year
NO RESULT
[864/1646] SSC 2016 EIIN=130912 ...     [CAPTCHA] Attempt 1: solver returned "(empty)" (invalid length=0) — reloading
    [CAPTCHA] Attempt 2: solved="5230" — submitting...
    [CAPTCHA] Attempt 2: ✗ MISMATCH (server: Could not validate your provided Security Key / CAPTCHA. Please check and try again.) — reloading
    [CAPTCHA] Attempt 3: solved="1377" — submitting...
    [CAPTCHA] Attempt 3: ✗ MISMATCH (server: Could not validate your provided Security Key / CAPTCHA. Please check and try again.) — reloading
    [CAPTCHA] Attempt 4: solver returned "(empty)" (invalid length=0) — reloading
    [CAPTCHA] Attempt 5: solved="7984" — submitting...
    [CAPTCHA] Attempt 5: ✗ MISMATCH (server: Could not validate your provided Security Key / CAPTCHA. Please check and try again.) — reloading
    [CAPTCHA] Attempt 6: solved="1789" — submitting...
    [CAPTCHA] Attempt 6: captcha OK but no result for this EIIN/year
NO RESULT
[865/1646] SSC 2011 EIIN=138964 ...     [CAPTCHA] Attempt 1: solved="6350" — submitting...
    [CAPTCHA] Attempt 1: captcha OK but no result for this EIIN/year
NO RESULT
[866/1646] SSC 2012 EIIN=138964 ...     [CAPTCHA] Attempt 1: solver returned "(empty)" (invalid length=0) — reloading
    [CAPTCHA] Attempt 2: solver returned "(empty)" (invalid length=0) — reloading
    [CAPTCHA] Attempt 3: solved="2172" — submitting...
    [CAPTCHA] Attempt 3: captcha OK but no result for this EIIN/year
NO RESULT
[867/1646] SSC 2013 EIIN=138964 ...     [CAPTCHA] Attempt 1: solver returned "(empty)" (invalid length=0) — reloading
    [CAPTCHA] Attempt 2: solved="2803" — submitting...
    [CAPTCHA] Attempt 2: ✗ MISMATCH (server: Could not validate your provided Security Key / CAPTCHA. Please check and try again.) — reloading
    [CAPTCHA] Attempt 3: solved="2778" — submitting...
    [CAPTCHA] Attempt 3: ✗ MISMATCH (server: Could not validate your provided Security Key / CAPTCHA. Please check and try again.) — reloading
    [CAPTCHA] Attempt 4: solved="9440" — submitting...
    [CAPTCHA] Attempt 4: captcha OK but no result for this EIIN/year
NO RESULT
[868/1646] SSC 2014 EIIN=138964 ...     [CAPTCHA] Attempt 1: solved="8880" — submitting...
    [CAPTCHA] Attempt 1: ✗ MISMATCH (server: Could not validate your provided Security Key / CAPTCHA. Please check and try again.) — reloading
    [CAPTCHA] Attempt 2: solved="3317" — submitting...
    [CAPTCHA] Attempt 2: captcha OK but no result for this EIIN/year
NO RESULT
[869/1646] SSC 2015 EIIN=138964 ...     [CAPTCHA] Attempt 1: solved="2440" — submitting...
    [CAPTCHA] Attempt 1: ✗ MISMATCH (server: Could not validate your provided Security Key / CAPTCHA. Please check and try again.) — reloading
    [CAPTCHA] Attempt 2: solved="6849" — submitting...
    [CAPTCHA] Attempt 2: captcha OK but no result for this EIIN/year
NO RESULT
[870/1646] SSC 2016 EIIN=138964 ...     [CAPTCHA] Attempt 1: solved="5615" — submitting...
    [CAPTCHA] Attempt 1: captcha OK but no result for this EIIN/year
NO RESULT
[871/1646] SSC 2017 EIIN=138964 ...     [CAPTCHA] Attempt 1: solved="1062" — submitting...
    [CAPTCHA] Attempt 1: ✗ MISMATCH (server: Could not validate your provided Security Key / CAPTCHA. Please check and try again.) — reloading
    [CAPTCHA] Attempt 2: solved="8235" — submitting...
    [CAPTCHA] Attempt 2: captcha OK but no result for this EIIN/year
NO RESULT
[872/1646] SSC 2018 EIIN=138964 ...     [CAPTCHA] Attempt 1: solver returned "(empty)" (invalid length=0) — reloading
    [CAPTCHA] Attempt 2: solved="9918" — submitting...
    [CAPTCHA] Attempt 2: ✗ MISMATCH (server: Could not validate your provided Security Key / CAPTCHA. Please check and try again.) — reloading
    [CAPTCHA] Attempt 3: solved="9667" — submitting...
    [CAPTCHA] Attempt 3: captcha OK but no result for this EIIN/year
NO RESULT
[873/1646] SSC 2019 EIIN=138964 ...     [CAPTCHA] Attempt 1: solved="1844" — submitting...
    [CAPTCHA] Attempt 1: ✗ MISMATCH (server: Could not validate your provided Security Key / CAPTCHA. Please check and try again.) — reloading
    [CAPTCHA] Attempt 2: solved="6620" — submitting...
    [CAPTCHA] Attempt 2: ✗ MISMATCH (server: Could not validate your provided Security Key / CAPTCHA. Please check and try again.) — reloading
    [CAPTCHA] Attempt 3: solved="7086" — submitting...
    [CAPTCHA] Attempt 3: ✗ MISMATCH (server: Could not validate your provided Security Key / CAPTCHA. Please check and try again.) — reloading
    [CAPTCHA] Attempt 4: solved="8637" — submitting...
    [CAPTCHA] Attempt 4: captcha OK but no result for this EIIN/year
NO RESULT
[874/1646] SSC 2020 EIIN=138964 ...     [CAPTCHA] Attempt 1: solved="3194" — submitting...
    [CAPTCHA] Attempt 1: captcha OK but no result for this EIIN/year
NO RESULT
[875/1646] SSC 2021 EIIN=138964 ...     [CAPTCHA] Attempt 1: solved="8108" — submitting...
    [CAPTCHA] Attempt 1: captcha OK but no result for this EIIN/year
NO RESULT
[876/1646] SSC 2022 EIIN=138964 ...     [CAPTCHA] Attempt 1: solved="4059" — submitting...
    [CAPTCHA] Attempt 1: ✗ MISMATCH (server: Could not validate your provided Security Key / CAPTCHA. Please check and try again.) — reloading
    [CAPTCHA] Attempt 2: solved="3851" — submitting...
    [CAPTCHA] Attempt 2: ✗ MISMATCH (server: Could not validate your provided Security Key / CAPTCHA. Please check and try again.) — reloading
    [CAPTCHA] Attempt 3: solver returned "(empty)" (invalid length=0) — reloading
    [CAPTCHA] Attempt 4: solved="1944" — submitting...
    [CAPTCHA] Attempt 4: ✗ MISMATCH (server: Could not validate your provided Security Key / CAPTCHA. Please check and try again.) — reloading
    [CAPTCHA] Attempt 5: solved="2035" — submitting...
    [CAPTCHA] Attempt 5: captcha OK but no result for this EIIN/year
NO RESULT
[877/1646] SSC 2023 EIIN=138964 ...     [CAPTCHA] Attempt 1: solved="5429" — submitting...
    [CAPTCHA] Attempt 1: captcha OK but no result for this EIIN/year
NO RESULT
[878/1646] SSC 2024 EIIN=138964 ...     [CAPTCHA] Attempt 1: solved="5758" — submitting...
    [CAPTCHA] Attempt 1: ✗ MISMATCH (server: Could not validate your provided Security Key / CAPTCHA. Please check and try again.) — reloading
    [CAPTCHA] Attempt 2: solved="1044" — submitting...
    [CAPTCHA] Attempt 2: ✗ MISMATCH (server: Could not validate your provided Security Key / CAPTCHA. Please check and try again.) — reloading
    [CAPTCHA] Attempt 3: solved="7900" — submitting...
    [CAPTCHA] Attempt 3: ✗ MISMATCH (server: Could not validate your provided Security Key / CAPTCHA. Please check and try again.) — reloading
    [CAPTCHA] Attempt 4: solved="7262" — submitting...
    [CAPTCHA] Attempt 4: ✗ MISMATCH (server: Could not validate your provided Security Key / CAPTCHA. Please check and try again.) — reloading
    [CAPTCHA] Attempt 5: solved="2434" — submitting...
    [CAPTCHA] Attempt 5: ✗ MISMATCH (server: Could not validate your provided Security Key / CAPTCHA. Please check and try again.) — reloading
    [CAPTCHA] Attempt 6: solved="6834" — submitting...
    [CAPTCHA] Attempt 6: captcha OK but no result for this EIIN/year
NO RESULT
[879/1646] SSC 2025 EIIN=138964 ...     [CAPTCHA] Attempt 1: solved="2744" — submitting...
    [CAPTCHA] Attempt 1: captcha OK but no result for this EIIN/year
NO RESULT
[880/1646] SSC 2011 EIIN=137788 ...     [CAPTCHA] Attempt 1: solved="9980" — submitting...
    [CAPTCHA] Attempt 1: captcha OK but no result for this EIIN/year
NO RESULT
[881/1646] SSC 2012 EIIN=137788 ...     [CAPTCHA] Attempt 1: solved="9550" — submitting...
    [CAPTCHA] Attempt 1: ✗ MISMATCH (server: Could not validate your provided Security Key / CAPTCHA. Please check and try again.) — reloading
    [CAPTCHA] Attempt 2: solved="4145" — submitting...
    [CAPTCHA] Attempt 2: ✗ MISMATCH (server: Could not validate your provided Security Key / CAPTCHA. Please check and try again.) — reloading
    [CAPTCHA] Attempt 3: solver returned "(empty)" (invalid length=0) — reloading
    [CAPTCHA] Attempt 4: solved="4331" — submitting...
    [CAPTCHA] Attempt 4: ✗ MISMATCH (server: Could not validate your provided Security Key / CAPTCHA. Please check and try again.) — reloading
    [CAPTCHA] Attempt 5: solved="0140" — submitting...
    [CAPTCHA] Attempt 5: ✗ MISMATCH (server: Could not validate your provided Security Key / CAPTCHA. Please check and try again.) — reloading
    [CAPTCHA] Attempt 6: solved="5890" — submitting...
    [CAPTCHA] Attempt 6: captcha OK but no result for this EIIN/year
NO RESULT
[882/1646] SSC 2013 EIIN=137788 ...     [CAPTCHA] Attempt 1: solved="9124" — submitting...
    [CAPTCHA] Attempt 1: captcha OK but no result for this EIIN/year
NO RESULT
[883/1646] SSC 2014 EIIN=137788 ...     [CAPTCHA] Attempt 1: solver returned "6" (invalid length=1) — reloading
    [CAPTCHA] Attempt 2: solved="9414" — submitting...
    [CAPTCHA] Attempt 2: ✗ MISMATCH (server: Could not validate your provided Security Key / CAPTCHA. Please check and try again.) — reloading
    [CAPTCHA] Attempt 3: solved="3144" — submitting...
    [CAPTCHA] Attempt 3: ✗ MISMATCH (server: Could not validate your provided Security Key / CAPTCHA. Please check and try again.) — reloading
    [CAPTCHA] Attempt 4: solved="9388" — submitting...
    [CAPTCHA] Attempt 4: ✗ MISMATCH (server: Could not validate your provided Security Key / CAPTCHA. Please check and try again.) — reloading
    [CAPTCHA] Attempt 5: solved="4833" — submitting...
    [CAPTCHA] Attempt 5: ✗ MISMATCH (server: Could not validate your provided Security Key / CAPTCHA. Please check and try again.) — reloading
    [CAPTCHA] Attempt 6: solved="4811" — submitting...
    [CAPTCHA] Attempt 6: ✗ MISMATCH (server: Could not validate your provided Security Key / CAPTCHA. Please check and try again.) — reloading
    [CAPTCHA] Attempt 7: solver returned "4" (invalid length=1) — reloading
    [CAPTCHA] Attempt 8: solved="3954" — submitting...
    [CAPTCHA] Attempt 8: captcha OK but no result for this EIIN/year
NO RESULT
[884/1646] SSC 2015 EIIN=137788 ...     [CAPTCHA] Attempt 1: solved="0840" — submitting...
    [CAPTCHA] Attempt 1: ✗ MISMATCH (server: Could not validate your provided Security Key / CAPTCHA. Please check and try again.) — reloading
    [CAPTCHA] Attempt 2: solved="4386" — submitting...
    [CAPTCHA] Attempt 2: ✗ MISMATCH (server: Could not validate your provided Security Key / CAPTCHA. Please check and try again.) — reloading
    [CAPTCHA] Attempt 3: solved="2812" — submitting...
    [CAPTCHA] Attempt 3: ✗ MISMATCH (server: Could not validate your provided Security Key / CAPTCHA. Please check and try again.) — reloading
    [CAPTCHA] Attempt 4: solver returned "(empty)" (invalid length=0) — reloading
    [CAPTCHA] Attempt 5: solved="1954" — submitting...
    [CAPTCHA] Attempt 5: ✗ MISMATCH (server: Could not validate your provided Security Key / CAPTCHA. Please check and try again.) — reloading
    [CAPTCHA] Attempt 6: solved="1984" — submitting...
    [CAPTCHA] Attempt 6: ✗ MISMATCH (server: Could not validate your provided Security Key / CAPTCHA. Please check and try again.) — reloading
    [CAPTCHA] Attempt 7: solver returned "(empty)" (invalid length=0) — reloading
    [CAPTCHA] Attempt 8: solved="2532" — submitting...
    [CAPTCHA] Attempt 8: captcha OK but no result for this EIIN/year
NO RESULT
[885/1646] SSC 2016 EIIN=137788 ...     [CAPTCHA] Attempt 1: solved="6223" — submitting...
    [CAPTCHA] Attempt 1: ✗ MISMATCH (server: Could not validate your provided Security Key / CAPTCHA. Please check and try again.) — reloading
    [CAPTCHA] Attempt 2: solved="5036" — submitting...
    [CAPTCHA] Attempt 2: captcha OK but no result for this EIIN/year
NO RESULT
[886/1646] SSC 2017 EIIN=137788 ...     [CAPTCHA] Attempt 1: solver returned "(empty)" (invalid length=0) — reloading
    [CAPTCHA] Attempt 2: solved="7020" — submitting...
    [CAPTCHA] Attempt 2: captcha OK but no result for this EIIN/year
NO RESULT
[887/1646] SSC 2018 EIIN=137788 ...     [CAPTCHA] Attempt 1: solved="7450" — submitting...
    [CAPTCHA] Attempt 1: ✗ MISMATCH (server: Could not validate your provided Security Key / CAPTCHA. Please check and try again.) — reloading
    [CAPTCHA] Attempt 2: solved="6129" — submitting...
    [CAPTCHA] Attempt 2: ✗ MISMATCH (server: Could not validate your provided Security Key / CAPTCHA. Please check and try again.) — reloading
    [CAPTCHA] Attempt 3: solved="3181" — submitting...
    [CAPTCHA] Attempt 3: ✗ MISMATCH (server: Could not validate your provided Security Key / CAPTCHA. Please check and try again.) — reloading
    [CAPTCHA] Attempt 4: solved="1408" — submitting...
    [CAPTCHA] Attempt 4: captcha OK but no result for this EIIN/year
NO RESULT
[888/1646] SSC 2019 EIIN=137788 ...     [CAPTCHA] Attempt 1: solved="4231" — submitting...
    [CAPTCHA] Attempt 1: ✗ MISMATCH (server: Could not validate your provided Security Key / CAPTCHA. Please check and try again.) — reloading
    [CAPTCHA] Attempt 2: solved="3843" — submitting...
    [CAPTCHA] Attempt 2: ✗ MISMATCH (server: Could not validate your provided Security Key / CAPTCHA. Please check and try again.) — reloading
    [CAPTCHA] Attempt 3: solved="3164" — submitting...
    [CAPTCHA] Attempt 3: ✗ MISMATCH (server: Could not validate your provided Security Key / CAPTCHA. Please check and try again.) — reloading
    [CAPTCHA] Attempt 4: solved="2432" — submitting...
    [CAPTCHA] Attempt 4: ✗ MISMATCH (server: Could not validate your provided Security Key / CAPTCHA. Please check and try again.) — reloading
    [CAPTCHA] Attempt 5: solved="6263" — submitting...
    [CAPTCHA] Attempt 5: ✗ MISMATCH (server: Could not validate your provided Security Key / CAPTCHA. Please check and try again.) — reloading
    [CAPTCHA] Attempt 6: solved="6311" — submitting...
    [CAPTCHA] Attempt 6: ✗ MISMATCH (server: Could not validate your provided Security Key / CAPTCHA. Please check and try again.) — reloading
    [CAPTCHA] Attempt 7: solver returned "(empty)" (invalid length=0) — reloading
    [CAPTCHA] Attempt 8: solver returned "(empty)" (invalid length=0) — reloading
    [CAPTCHA] Attempt 9: solved="3140" — submitting...
    [CAPTCHA] Attempt 9: ✗ MISMATCH (server: Could not validate your provided Security Key / CAPTCHA. Please check and try again.) — reloading
    [CAPTCHA] Attempt 10: solved="4944" — submitting...
    [CAPTCHA] Attempt 10: ✗ MISMATCH (server: Could not validate your provided Security Key / CAPTCHA. Please check and try again.) — reloading
    [CAPTCHA] Attempt 11: solved="5377" — submitting...
    [CAPTCHA] Attempt 11: ✗ MISMATCH (server: Could not validate your provided Security Key / CAPTCHA. Please check and try again.) — reloading
    [CAPTCHA] Attempt 12: solved="3538" — submitting...
    [CAPTCHA] Attempt 12: ✗ MISMATCH (server: Could not validate your provided Security Key / CAPTCHA. Please check and try again.) — reloading
    [CAPTCHA] Attempt 13: solver returned "(empty)" (invalid length=0) — reloading
    [CAPTCHA] Attempt 14: solved="4665" — submitting...
    [CAPTCHA] Attempt 14: ✗ MISMATCH (server: Could not validate your provided Security Key / CAPTCHA. Please check and try again.) — reloading
    [CAPTCHA] Attempt 15: solved="0826" — submitting...
    [CAPTCHA] Attempt 15: ✗ MISMATCH (server: Could not validate your provided Security Key / CAPTCHA. Please check and try again.) — reloading
    [CAPTCHA] Attempt 16: solved="1750" — submitting...
    [CAPTCHA] Attempt 16: ✗ MISMATCH (server: Could not validate your provided Security Key / CAPTCHA. Please check and try again.) — reloading
    [CAPTCHA] Attempt 17: solved="6547" — submitting...
    [CAPTCHA] Attempt 17: captcha OK but no result for this EIIN/year
NO RESULT
[889/1646] SSC 2020 EIIN=137788 ...     [CAPTCHA] Attempt 1: solver returned "(empty)" (invalid length=0) — reloading
    [CAPTCHA] Attempt 2: solver returned "11" (invalid length=2) — reloading
    [CAPTCHA] Attempt 3: solved="3186" — submitting...
    [CAPTCHA] Attempt 3: ✗ MISMATCH (server: Could not validate your provided Security Key / CAPTCHA. Please check and try again.) — reloading
    [CAPTCHA] Attempt 4: solved="8231" — submitting...
    [CAPTCHA] Attempt 4: ✗ MISMATCH (server: Could not validate your provided Security Key / CAPTCHA. Please check and try again.) — reloading
    [CAPTCHA] Attempt 5: solved="3186" — submitting...
    [CAPTCHA] Attempt 5: ✗ MISMATCH (server: Could not validate your provided Security Key / CAPTCHA. Please check and try again.) — reloading
    [CAPTCHA] Attempt 6: solved="4688" — submitting...
    [CAPTCHA] Attempt 6: ✗ MISMATCH (server: Could not validate your provided Security Key / CAPTCHA. Please check and try again.) — reloading
    [CAPTCHA] Attempt 7: solved="1178" — submitting...
    [CAPTCHA] Attempt 7: captcha OK but no result for this EIIN/year
NO RESULT
[890/1646] SSC 2011 EIIN=134714 ...     [CAPTCHA] Attempt 1: solved="1333" — submitting...
    [CAPTCHA] Attempt 1: captcha OK but no result for this EIIN/year
NO RESULT
[891/1646] SSC 2012 EIIN=134714 ...     [CAPTCHA] Attempt 1: solved="0093" — submitting...
    [CAPTCHA] Attempt 1: ✗ MISMATCH (server: Could not validate your provided Security Key / CAPTCHA. Please check and try again.) — reloading
    [CAPTCHA] Attempt 2: solved="2314" — submitting...
    [CAPTCHA] Attempt 2: ✗ MISMATCH (server: Could not validate your provided Security Key / CAPTCHA. Please check and try again.) — reloading
    [CAPTCHA] Attempt 3: solved="5310" — submitting...
    [CAPTCHA] Attempt 3: ✗ MISMATCH (server: Could not validate your provided Security Key / CAPTCHA. Please check and try again.) — reloading
    [CAPTCHA] Attempt 4: solver returned "(empty)" (invalid length=0) — reloading
    [CAPTCHA] Attempt 5: solved="4574" — submitting...
    [CAPTCHA] Attempt 5: ✗ MISMATCH (server: Could not validate your provided Security Key / CAPTCHA. Please check and try again.) — reloading
    [CAPTCHA] Attempt 6: solved="4496" — submitting...
    [CAPTCHA] Attempt 6: ✗ MISMATCH (server: Could not validate your provided Security Key / CAPTCHA. Please check and try again.) — reloading
    [CAPTCHA] Attempt 7: solver returned "(empty)" (invalid length=0) — reloading
    [CAPTCHA] Attempt 8: solved="9093" — submitting...
    [CAPTCHA] Attempt 8: ✗ MISMATCH (server: Could not validate your provided Security Key / CAPTCHA. Please check and try again.) — reloading
    [CAPTCHA] Attempt 9: solver returned "(empty)" (invalid length=0) — reloading
    [CAPTCHA] Attempt 10: solved="1148" — submitting...
    [CAPTCHA] Attempt 10: ✗ MISMATCH (server: Could not validate your provided Security Key / CAPTCHA. Please check and try again.) — reloading
    [CAPTCHA] Attempt 11: solved="3823" — submitting...
    [CAPTCHA] Attempt 11: ✗ MISMATCH (server: Could not validate your provided Security Key / CAPTCHA. Please check and try again.) — reloading
    [CAPTCHA] Attempt 12: solved="8538" — submitting...
    [CAPTCHA] Attempt 12: captcha OK but no result for this EIIN/year
NO RESULT
[892/1646] SSC 2013 EIIN=134714 ...     [CAPTCHA] Attempt 1: solved="9046" — submitting...
    [CAPTCHA] Attempt 1: ✗ MISMATCH (server: Could not validate your provided Security Key / CAPTCHA. Please check and try again.) — reloading
    [CAPTCHA] Attempt 2: solved="9646" — submitting...
    [CAPTCHA] Attempt 2: ✗ MISMATCH (server: Could not validate your provided Security Key / CAPTCHA. Please check and try again.) — reloading
    [CAPTCHA] Attempt 3: solved="2504" — submitting...
    [CAPTCHA] Attempt 3: ✗ MISMATCH (server: Could not validate your provided Security Key / CAPTCHA. Please check and try again.) — reloading
    [CAPTCHA] Attempt 4: solved="9729" — submitting...
    [CAPTCHA] Attempt 4: ✗ MISMATCH (server: Could not validate your provided Security Key / CAPTCHA. Please check and try again.) — reloading
    [CAPTCHA] Attempt 5: solved="7751" — submitting...
    [CAPTCHA] Attempt 5: ✗ MISMATCH (server: Could not validate your provided Security Key / CAPTCHA. Please check and try again.) — reloading
    [CAPTCHA] Attempt 6: solved="4511" — submitting...
    [CAPTCHA] Attempt 6: ✗ MISMATCH (server: Could not validate your provided Security Key / CAPTCHA. Please check and try again.) — reloading
    [CAPTCHA] Attempt 7: solved="2420" — submitting...
    [CAPTCHA] Attempt 7: ✗ MISMATCH (server: Could not validate your provided Security Key / CAPTCHA. Please check and try again.) — reloading
    [CAPTCHA] Attempt 8: solver returned "(empty)" (invalid length=0) — reloading
    [CAPTCHA] Attempt 9: solved="9260" — submitting...
    [CAPTCHA] Attempt 9: captcha OK but no result for this EIIN/year
NO RESULT
[893/1646] SSC 2014 EIIN=134714 ...     [CAPTCHA] Attempt 1: solved="2591" — submitting...
    [CAPTCHA] Attempt 1: ✗ MISMATCH (server: Could not validate your provided Security Key / CAPTCHA. Please check and try again.) — reloading
    [CAPTCHA] Attempt 2: solver returned "(empty)" (invalid length=0) — reloading
    [CAPTCHA] Attempt 3: solved="5161" — submitting...
    [CAPTCHA] Attempt 3: captcha OK but no result for this EIIN/year
NO RESULT
[894/1646] SSC 2015 EIIN=134714 ...     [CAPTCHA] Attempt 1: solved="3081" — submitting...
    [CAPTCHA] Attempt 1: ✗ MISMATCH (server: Could not validate your provided Security Key / CAPTCHA. Please check and try again.) — reloading
    [CAPTCHA] Attempt 2: solver returned "(empty)" (invalid length=0) — reloading
    [CAPTCHA] Attempt 3: solver returned "(empty)" (invalid length=0) — reloading
    [CAPTCHA] Attempt 4: solver returned "(empty)" (invalid length=0) — reloading
    [CAPTCHA] Attempt 5: solved="4624" — submitting...
    [CAPTCHA] Attempt 5: ✗ MISMATCH (server: Could not validate your provided Security Key / CAPTCHA. Please check and try again.) — reloading
    [CAPTCHA] Attempt 6: solved="3095" — submitting...
    [CAPTCHA] Attempt 6: captcha OK but no result for this EIIN/year
NO RESULT
[895/1646] SSC 2016 EIIN=134714 ...     [CAPTCHA] Attempt 1: solved="7801" — submitting...
    [CAPTCHA] Attempt 1: ✗ MISMATCH (server: Could not validate your provided Security Key / CAPTCHA. Please check and try again.) — reloading
    [CAPTCHA] Attempt 2: solver returned "(empty)" (invalid length=0) — reloading
    [CAPTCHA] Attempt 3: solved="1992" — submitting...
    [CAPTCHA] Attempt 3: captcha OK but no result for this EIIN/year
NO RESULT
[896/1646] SSC 2017 EIIN=134714 ...     [CAPTCHA] Attempt 1: solved="9331" — submitting...
    [CAPTCHA] Attempt 1: captcha OK but no result for this EIIN/year
NO RESULT
[897/1646] SSC 2018 EIIN=134714 ...     [CAPTCHA] Attempt 1: solved="5498" — submitting...
    [CAPTCHA] Attempt 1: captcha OK but no result for this EIIN/year
NO RESULT
[898/1646] SSC 2019 EIIN=134714 ...     [CAPTCHA] Attempt 1: solver returned "(empty)" (invalid length=0) — reloading
    [CAPTCHA] Attempt 2: solved="0821" — submitting...
    [CAPTCHA] Attempt 2: ✗ MISMATCH (server: Could not validate your provided Security Key / CAPTCHA. Please check and try again.) — reloading
    [CAPTCHA] Attempt 3: solved="7864" — submitting...
    [CAPTCHA] Attempt 3: captcha OK but no result for this EIIN/year
NO RESULT
[899/1646] SSC 2020 EIIN=134714 ...     [CAPTCHA] Attempt 1: solved="2183" — submitting...
    [CAPTCHA] Attempt 1: ✗ MISMATCH (server: Could not validate your provided Security Key / CAPTCHA. Please check and try again.) — reloading
    [CAPTCHA] Attempt 2: solver returned "(empty)" (invalid length=0) — reloading
    [CAPTCHA] Attempt 3: solver returned "(empty)" (invalid length=0) — reloading
    [CAPTCHA] Attempt 4: solved="1461" — submitting...
    [CAPTCHA] Attempt 4: ✗ MISMATCH (server: Could not validate your provided Security Key / CAPTCHA. Please check and try again.) — reloading
    [CAPTCHA] Attempt 5: solver returned "(empty)" (invalid length=0) — reloading
    [CAPTCHA] Attempt 6: solved="7100" — submitting...
    [CAPTCHA] Attempt 6: ✗ MISMATCH (server: Could not validate your provided Security Key / CAPTCHA. Please check and try again.) — reloading
    [CAPTCHA] Attempt 7: solved="5022" — submitting...
    [CAPTCHA] Attempt 7: captcha OK but no result for this EIIN/year
NO RESULT
[900/1646] SSC 2021 EIIN=134714 ...     [CAPTCHA] Attempt 1: solved="6099" — submitting...
    [CAPTCHA] Attempt 1: ✗ MISMATCH (server: Could not validate your provided Security Key / CAPTCHA. Please check and try again.) — reloading
    [CAPTCHA] Attempt 2: solved="7759" — submitting...
    [CAPTCHA] Attempt 2: ✗ MISMATCH (server: Could not validate your provided Security Key / CAPTCHA. Please check and try again.) — reloading
    [CAPTCHA] Attempt 3: solver returned "(empty)" (invalid length=0) — reloading
    [CAPTCHA] Attempt 4: solver returned "(empty)" (invalid length=0) — reloading
    [CAPTCHA] Attempt 5: solved="0684" — submitting...
    [CAPTCHA] Attempt 5: ✗ MISMATCH (server: Could not validate your provided Security Key / CAPTCHA. Please check and try again.) — reloading
    [CAPTCHA] Attempt 6: solved="0210" — submitting...
    [CAPTCHA] Attempt 6: ✗ MISMATCH (server: Could not validate your provided Security Key / CAPTCHA. Please check and try again.) — reloading
    [CAPTCHA] Attempt 7: solved="9839" — submitting...
    [CAPTCHA] Attempt 7: ✗ MISMATCH (server: Could not validate your provided Security Key / CAPTCHA. Please check and try again.) — reloading
    [CAPTCHA] Attempt 8: solved="8953" — submitting...
    [CAPTCHA] Attempt 8: ✗ MISMATCH (server: Could not validate your provided Security Key / CAPTCHA. Please check and try again.) — reloading
    [CAPTCHA] Attempt 9: solver returned "(empty)" (invalid length=0) — reloading
    [CAPTCHA] Attempt 10: solved="4056" — submitting...
    [CAPTCHA] Attempt 10: captcha OK but no result for this EIIN/year
NO RESULT

─── 900/1646 done | OK:0 FAIL:5 | ETA ≈ 406.6 min ───

[901/1646] SSC 2022 EIIN=134714 ...     [CAPTCHA] Attempt 1: solved="1134" — submitting...
    [CAPTCHA] Attempt 1: ✗ MISMATCH (server: Could not validate your provided Security Key / CAPTCHA. Please check and try again.) — reloading
    [CAPTCHA] Attempt 2: solver returned "(empty)" (invalid length=0) — reloading
    [CAPTCHA] Attempt 3: solved="8118" — submitting...
    [CAPTCHA] Attempt 3: captcha OK but no result for this EIIN/year
NO RESULT
[902/1646] SSC 2023 EIIN=134714 ...     [CAPTCHA] Attempt 1: solver returned "(empty)" (invalid length=0) — reloading
    [CAPTCHA] Attempt 2: solver returned "(empty)" (invalid length=0) — reloading
    [CAPTCHA] Attempt 3: solved="9267" — submitting...
    [CAPTCHA] Attempt 3: captcha OK but no result for this EIIN/year
NO RESULT
[903/1646] SSC 2024 EIIN=134714 ...     [CAPTCHA] Attempt 1: solved="8992" — submitting...
    [CAPTCHA] Attempt 1: captcha OK but no result for this EIIN/year
NO RESULT
[904/1646] SSC 2025 EIIN=134714 ...     [CAPTCHA] Attempt 1: solved="7397" — submitting...
    [CAPTCHA] Attempt 1: captcha OK but no result for this EIIN/year
NO RESULT
[905/1646] SSC 2026 EIIN=134714 ...     [CAPTCHA] Attempt 1: solved="4463" — submitting...
    [CAPTCHA] Attempt 1: captcha OK but no result for this EIIN/year
NO RESULT
[906/1646] SSC 2011 EIIN=133983 ...     [CAPTCHA] Attempt 1: solver returned "37" (invalid length=2) — reloading
    [CAPTCHA] Attempt 2: solved="1053" — submitting...
    [CAPTCHA] Attempt 2: captcha OK but no result for this EIIN/year
NO RESULT
[907/1646] SSC 2012 EIIN=133983 ...     [CAPTCHA] Attempt 1: solved="4619" — submitting...
    [CAPTCHA] Attempt 1: ✗ MISMATCH (server: Could not validate your provided Security Key / CAPTCHA. Please check and try again.) — reloading
    [CAPTCHA] Attempt 2: solved="1488" — submitting...
    [CAPTCHA] Attempt 2: ✗ MISMATCH (server: Could not validate your provided Security Key / CAPTCHA. Please check and try again.) — reloading
    [CAPTCHA] Attempt 3: solved="4387" — submitting...
    [CAPTCHA] Attempt 3: captcha OK but no result for this EIIN/year
NO RESULT
[908/1646] SSC 2013 EIIN=133983 ...     [CAPTCHA] Attempt 1: solved="3765" — submitting...
    [CAPTCHA] Attempt 1: ✗ MISMATCH (server: Could not validate your provided Security Key / CAPTCHA. Please check and try again.) — reloading
    [CAPTCHA] Attempt 2: solver returned "(empty)" (invalid length=0) — reloading
    [CAPTCHA] Attempt 3: solver returned "(empty)" (invalid length=0) — reloading
    [CAPTCHA] Attempt 4: solved="4325" — submitting...
    [CAPTCHA] Attempt 4: ✗ MISMATCH (server: Could not validate your provided Security Key / CAPTCHA. Please check and try again.) — reloading
    [CAPTCHA] Attempt 5: solved="1181" — submitting...
    [CAPTCHA] Attempt 5: ✗ MISMATCH (server: Could not validate your provided Security Key / CAPTCHA. Please check and try again.) — reloading
    [CAPTCHA] Attempt 6: solver returned "(empty)" (invalid length=0) — reloading
    [CAPTCHA] Attempt 7: solved="7134" — submitting...
    [CAPTCHA] Attempt 7: ✗ MISMATCH (server: Could not validate your provided Security Key / CAPTCHA. Please check and try again.) — reloading
    [CAPTCHA] Attempt 8: solved="7668" — submitting...
    [CAPTCHA] Attempt 8: ✗ MISMATCH (server: Could not validate your provided Security Key / CAPTCHA. Please check and try again.) — reloading
    [CAPTCHA] Attempt 9: solved="2556" — submitting...
    [CAPTCHA] Attempt 9: captcha OK but no result for this EIIN/year
NO RESULT
[909/1646] SSC 2014 EIIN=133983 ...     [CAPTCHA] Attempt 1: solver returned "(empty)" (invalid length=0) — reloading
    [CAPTCHA] Attempt 2: solver returned "62" (invalid length=2) — reloading
    [CAPTCHA] Attempt 3: solver returned "(empty)" (invalid length=0) — reloading
    [CAPTCHA] Attempt 4: solved="3564" — submitting...
    [CAPTCHA] Attempt 4: ✗ MISMATCH (server: Could not validate your provided Security Key / CAPTCHA. Please check and try again.) — reloading
    [CAPTCHA] Attempt 5: solved="1556" — submitting...
    [CAPTCHA] Attempt 5: ✗ MISMATCH (server: Could not validate your provided Security Key / CAPTCHA. Please check and try again.) — reloading
    [CAPTCHA] Attempt 6: solved="3388" — submitting...
    [CAPTCHA] Attempt 6: ✗ MISMATCH (server: Could not validate your provided Security Key / CAPTCHA. Please check and try again.) — reloading
    [CAPTCHA] Attempt 7: solved="2634" — submitting...
    [CAPTCHA] Attempt 7: ✗ MISMATCH (server: Could not validate your provided Security Key / CAPTCHA. Please check and try again.) — reloading
    [CAPTCHA] Attempt 8: solved="9549" — submitting...
    [CAPTCHA] Attempt 8: captcha OK but no result for this EIIN/year
NO RESULT
[910/1646] SSC 2011 EIIN=132087 ...     [CAPTCHA] Attempt 1: solved="7168" — submitting...
    [CAPTCHA] Attempt 1: captcha OK but no result for this EIIN/year
NO RESULT
[911/1646] SSC 2012 EIIN=132087 ...     [CAPTCHA] Attempt 1: solved="9753" — submitting...
    [CAPTCHA] Attempt 1: captcha OK but no result for this EIIN/year
NO RESULT
[912/1646] SSC 2013 EIIN=132087 ...     [CAPTCHA] Attempt 1: solved="4549" — submitting...
    [CAPTCHA] Attempt 1: captcha OK but no result for this EIIN/year
NO RESULT
[913/1646] SSC 2014 EIIN=132087 ...     [CAPTCHA] Attempt 1: solved="2133" — submitting...
    [CAPTCHA] Attempt 1: ✗ MISMATCH (server: Could not validate your provided Security Key / CAPTCHA. Please check and try again.) — reloading
    [CAPTCHA] Attempt 2: solved="2304" — submitting...
    [CAPTCHA] Attempt 2: ✗ MISMATCH (server: Could not validate your provided Security Key / CAPTCHA. Please check and try again.) — reloading
    [CAPTCHA] Attempt 3: solver returned "(empty)" (invalid length=0) — reloading
    [CAPTCHA] Attempt 4: solved="9914" — submitting...
    [CAPTCHA] Attempt 4: captcha OK but no result for this EIIN/year
NO RESULT
[914/1646] SSC 2015 EIIN=132087 ...     [CAPTCHA] Attempt 1: solved="5570" — submitting...
    [CAPTCHA] Attempt 1: ✗ MISMATCH (server: Could not validate your provided Security Key / CAPTCHA. Please check and try again.) — reloading
    [CAPTCHA] Attempt 2: solved="3503" — submitting...
    [CAPTCHA] Attempt 2: ✗ MISMATCH (server: Could not validate your provided Security Key / CAPTCHA. Please check and try again.) — reloading
    [CAPTCHA] Attempt 3: solved="6514" — submitting...
    [CAPTCHA] Attempt 3: captcha OK but no result for this EIIN/year
NO RESULT
[915/1646] SSC 2011 EIIN=137676 ...     [CAPTCHA] Attempt 1: solved="6382" — submitting...
    [CAPTCHA] Attempt 1: ✗ MISMATCH (server: Could not validate your provided Security Key / CAPTCHA. Please check and try again.) — reloading
    [CAPTCHA] Attempt 2: solved="0232" — submitting...
    [CAPTCHA] Attempt 2: ✗ MISMATCH (server: Could not validate your provided Security Key / CAPTCHA. Please check and try again.) — reloading
    [CAPTCHA] Attempt 3: solved="1854" — submitting...
    [CAPTCHA] Attempt 3: ✗ MISMATCH (server: Could not validate your provided Security Key / CAPTCHA. Please check and try again.) — reloading
    [CAPTCHA] Attempt 4: solved="1906" — submitting...
    [CAPTCHA] Attempt 4: captcha OK but no result for this EIIN/year
NO RESULT
[916/1646] SSC 2012 EIIN=137676 ...     [CAPTCHA] Attempt 1: solved="1778" — submitting...
    [CAPTCHA] Attempt 1: captcha OK but no result for this EIIN/year
NO RESULT
[917/1646] SSC 2013 EIIN=137676 ...     [CAPTCHA] Attempt 1: solver returned "(empty)" (invalid length=0) — reloading
    [CAPTCHA] Attempt 2: solved="2873" — submitting...
    [CAPTCHA] Attempt 2: captcha OK but no result for this EIIN/year
NO RESULT
[918/1646] SSC 2014 EIIN=137676 ...     [CAPTCHA] Attempt 1: solved="6584" — submitting...
    [CAPTCHA] Attempt 1: captcha OK but no result for this EIIN/year
NO RESULT
[919/1646] SSC 2015 EIIN=137676 ...     [CAPTCHA] Attempt 1: solved="9266" — submitting...
    [CAPTCHA] Attempt 1: ✗ MISMATCH (server: Could not validate your provided Security Key / CAPTCHA. Please check and try again.) — reloading
    [CAPTCHA] Attempt 2: solver returned "(empty)" (invalid length=0) — reloading
    [CAPTCHA] Attempt 3: solved="0146" — submitting...
    [CAPTCHA] Attempt 3: ✗ MISMATCH (server: Could not validate your provided Security Key / CAPTCHA. Please check and try again.) — reloading
    [CAPTCHA] Attempt 4: solved="3881" — submitting...
    [CAPTCHA] Attempt 4: ✗ MISMATCH (server: Could not validate your provided Security Key / CAPTCHA. Please check and try again.) — reloading
    [CAPTCHA] Attempt 5: solved="1961" — submitting...
    [CAPTCHA] Attempt 5: ✗ MISMATCH (server: Could not validate your provided Security Key / CAPTCHA. Please check and try again.) — reloading
    [CAPTCHA] Attempt 6: solver returned "(empty)" (invalid length=0) — reloading
    [CAPTCHA] Attempt 7: solved="2678" — submitting...
    [CAPTCHA] Attempt 7: ✗ MISMATCH (server: Could not validate your provided Security Key / CAPTCHA. Please check and try again.) — reloading
    [CAPTCHA] Attempt 8: solved="3421" — submitting...
    [CAPTCHA] Attempt 8: captcha OK but no result for this EIIN/year
NO RESULT
[920/1646] SSC 2016 EIIN=137676 ...     [CAPTCHA] Attempt 1: solved="4086" — submitting...
    [CAPTCHA] Attempt 1: captcha OK but no result for this EIIN/year
NO RESULT
[921/1646] SSC 2017 EIIN=137676 ...     [CAPTCHA] Attempt 1: solved="2232" — submitting...
    [CAPTCHA] Attempt 1: ✗ MISMATCH (server: Could not validate your provided Security Key / CAPTCHA. Please check and try again.) — reloading
    [CAPTCHA] Attempt 2: solver returned "(empty)" (invalid length=0) — reloading
    [CAPTCHA] Attempt 3: solved="1451" — submitting...
    [CAPTCHA] Attempt 3: ✗ MISMATCH (server: Could not validate your provided Security Key / CAPTCHA. Please check and try again.) — reloading
    [CAPTCHA] Attempt 4: solved="9925" — submitting...
    [CAPTCHA] Attempt 4: ✗ MISMATCH (server: Could not validate your provided Security Key / CAPTCHA. Please check and try again.) — reloading
    [CAPTCHA] Attempt 5: solved="8592" — submitting...
    [CAPTCHA] Attempt 5: ✗ MISMATCH (server: Could not validate your provided Security Key / CAPTCHA. Please check and try again.) — reloading
    [CAPTCHA] Attempt 6: solved="2613" — submitting...
    [CAPTCHA] Attempt 6: captcha OK but no result for this EIIN/year
NO RESULT
[922/1646] SSC 2018 EIIN=137676 ...     [CAPTCHA] Attempt 1: solved="4120" — submitting...
    [CAPTCHA] Attempt 1: ✗ MISMATCH (server: Could not validate your provided Security Key / CAPTCHA. Please check and try again.) — reloading
    [CAPTCHA] Attempt 2: solved="2374" — submitting...
    [CAPTCHA] Attempt 2: captcha OK but no result for this EIIN/year
NO RESULT
[923/1646] SSC 2019 EIIN=137676 ...     [CAPTCHA] Attempt 1: solver returned "(empty)" (invalid length=0) — reloading
    [CAPTCHA] Attempt 2: solved="4879" — submitting...
    [CAPTCHA] Attempt 2: ✗ MISMATCH (server: Could not validate your provided Security Key / CAPTCHA. Please check and try again.) — reloading
    [CAPTCHA] Attempt 3: solved="7822" — submitting...
    [CAPTCHA] Attempt 3: captcha OK but no result for this EIIN/year
NO RESULT
[924/1646] SSC 2011 EIIN=134106 ...     [CAPTCHA] Attempt 1: solved="5162" — submitting...
    [CAPTCHA] Attempt 1: captcha OK but no result for this EIIN/year
NO RESULT
[925/1646] SSC 2012 EIIN=134106 ...     [CAPTCHA] Attempt 1: solved="7324" — submitting...
    [CAPTCHA] Attempt 1: ✗ MISMATCH (server: Could not validate your provided Security Key / CAPTCHA. Please check and try again.) — reloading
    [CAPTCHA] Attempt 2: solved="4979" — submitting...
    [CAPTCHA] Attempt 2: captcha OK but no result for this EIIN/year
NO RESULT
[926/1646] SSC 2013 EIIN=134106 ...     [CAPTCHA] Attempt 1: solved="4879" — submitting...
    [CAPTCHA] Attempt 1: captcha OK but no result for this EIIN/year
NO RESULT
[927/1646] SSC 2014 EIIN=134106 ...     [CAPTCHA] Attempt 1: solved="3885" — submitting...
    [CAPTCHA] Attempt 1: ✗ MISMATCH (server: Could not validate your provided Security Key / CAPTCHA. Please check and try again.) — reloading
    [CAPTCHA] Attempt 2: solver returned "(empty)" (invalid length=0) — reloading
    [CAPTCHA] Attempt 3: solver returned "(empty)" (invalid length=0) — reloading
    [CAPTCHA] Attempt 4: solved="5310" — submitting...
    [CAPTCHA] Attempt 4: ✗ MISMATCH (server: Could not validate your provided Security Key / CAPTCHA. Please check and try again.) — reloading
    [CAPTCHA] Attempt 5: solver returned "(empty)" (invalid length=0) — reloading
    [CAPTCHA] Attempt 6: solved="5776" — submitting...
    [CAPTCHA] Attempt 6: ✗ MISMATCH (server: Could not validate your provided Security Key / CAPTCHA. Please check and try again.) — reloading
    [CAPTCHA] Attempt 7: solver returned "(empty)" (invalid length=0) — reloading
    [CAPTCHA] Attempt 8: solver returned "(empty)" (invalid length=0) — reloading
    [CAPTCHA] Attempt 9: solved="1130" — submitting...
    [CAPTCHA] Attempt 9: ✗ MISMATCH (server: Could not validate your provided Security Key / CAPTCHA. Please check and try again.) — reloading
    [CAPTCHA] Attempt 10: solved="1128" — submitting...
    [CAPTCHA] Attempt 10: ✗ MISMATCH (server: Could not validate your provided Security Key / CAPTCHA. Please check and try again.) — reloading
    [CAPTCHA] Attempt 11: solved="9113" — submitting...
    [CAPTCHA] Attempt 11: captcha OK but no result for this EIIN/year
NO RESULT
[928/1646] SSC 2011 EIIN=136318 ...     [CAPTCHA] Attempt 1: solver returned "(empty)" (invalid length=0) — reloading
    [CAPTCHA] Attempt 2: solver returned "(empty)" (invalid length=0) — reloading
    [CAPTCHA] Attempt 3: solver returned "(empty)" (invalid length=0) — reloading
    [CAPTCHA] Attempt 4: solved="2948" — submitting...
    [CAPTCHA] Attempt 4: captcha OK but no result for this EIIN/year
NO RESULT
[929/1646] SSC 2012 EIIN=136318 ... ERR  page.$: Protocol error (DOM.describeNode): Cannot find context with specified id
[930/1646] SSC 2013 EIIN=136318 ...     [CAPTCHA] Attempt 1: solver returned "(empty)" (invalid length=0) — reloading
    [CAPTCHA] Attempt 2: solved="8550" — submitting...
    [CAPTCHA] Attempt 2: captcha OK but no result for this EIIN/year
NO RESULT
[931/1646] SSC 2014 EIIN=136318 ...     [CAPTCHA] Attempt 1: solver returned "(empty)" (invalid length=0) — reloading
    [CAPTCHA] Attempt 2: solved="5063" — submitting...
    [CAPTCHA] Attempt 2: ✗ MISMATCH (server: Could not validate your provided Security Key / CAPTCHA. Please check and try again.) — reloading
    [CAPTCHA] Attempt 3: solved="5788" — submitting...
    [CAPTCHA] Attempt 3: captcha OK but no result for this EIIN/year
NO RESULT
[932/1646] SSC 2015 EIIN=136318 ...     [CAPTCHA] Attempt 1: solved="4516" — submitting...
    [CAPTCHA] Attempt 1: ✗ MISMATCH (server: Could not validate your provided Security Key / CAPTCHA. Please check and try again.) — reloading
    [CAPTCHA] Attempt 2: solved="1724" — submitting...
    [CAPTCHA] Attempt 2: captcha OK but no result for this EIIN/year
NO RESULT
[933/1646] SSC 2016 EIIN=136318 ...     [CAPTCHA] Attempt 1: solved="1143" — submitting...
    [CAPTCHA] Attempt 1: ✗ MISMATCH (server: Could not validate your provided Security Key / CAPTCHA. Please check and try again.) — reloading
    [CAPTCHA] Attempt 2: solved="9341" — submitting...
    [CAPTCHA] Attempt 2: ✗ MISMATCH (server: Could not validate your provided Security Key / CAPTCHA. Please check and try again.) — reloading
    [CAPTCHA] Attempt 3: solved="3288" — submitting...
    [CAPTCHA] Attempt 3: ✗ MISMATCH (server: Could not validate your provided Security Key / CAPTCHA. Please check and try again.) — reloading
    [CAPTCHA] Attempt 4: solved="0915" — submitting...
    [CAPTCHA] Attempt 4: ✗ MISMATCH (server: Could not validate your provided Security Key / CAPTCHA. Please check and try again.) — reloading
    [CAPTCHA] Attempt 5: solved="3033" — submitting...
    [CAPTCHA] Attempt 5: captcha OK but no result for this EIIN/year
NO RESULT
[934/1646] SSC 2017 EIIN=136318 ...     [CAPTCHA] Attempt 1: solved="6746" — submitting...
    [CAPTCHA] Attempt 1: captcha OK but no result for this EIIN/year
NO RESULT
[935/1646] SSC 2018 EIIN=136318 ...     [CAPTCHA] Attempt 1: solved="4448" — submitting...
    [CAPTCHA] Attempt 1: ✗ MISMATCH (server: Could not validate your provided Security Key / CAPTCHA. Please check and try again.) — reloading
    [CAPTCHA] Attempt 2: solved="2947" — submitting...
    [CAPTCHA] Attempt 2: ✗ MISMATCH (server: Could not validate your provided Security Key / CAPTCHA. Please check and try again.) — reloading
    [CAPTCHA] Attempt 3: solved="5270" — submitting...
    [CAPTCHA] Attempt 3: captcha OK but no result for this EIIN/year
NO RESULT
[936/1646] SSC 2019 EIIN=136318 ...     [CAPTCHA] Attempt 1: solved="2892" — submitting...
    [CAPTCHA] Attempt 1: ✗ MISMATCH (server: Could not validate your provided Security Key / CAPTCHA. Please check and try again.) — reloading
    [CAPTCHA] Attempt 2: solver returned "(empty)" (invalid length=0) — reloading
    [CAPTCHA] Attempt 3: solved="9710" — submitting...
    [CAPTCHA] Attempt 3: ✗ MISMATCH (server: Could not validate your provided Security Key / CAPTCHA. Please check and try again.) — reloading
    [CAPTCHA] Attempt 4: solved="3478" — submitting...
    [CAPTCHA] Attempt 4: ✗ MISMATCH (server: Could not validate your provided Security Key / CAPTCHA. Please check and try again.) — reloading
    [CAPTCHA] Attempt 5: solved="1442" — submitting...
    [CAPTCHA] Attempt 5: captcha OK but no result for this EIIN/year
NO RESULT
[937/1646] SSC 2020 EIIN=136318 ...     [CAPTCHA] Attempt 1: solved="4111" — submitting...
    [CAPTCHA] Attempt 1: captcha OK but no result for this EIIN/year
NO RESULT
[938/1646] SSC 2011 EIIN=134587 ...     [CAPTCHA] Attempt 1: solved="7659" — submitting...
    [CAPTCHA] Attempt 1: captcha OK but no result for this EIIN/year
NO RESULT
[939/1646] SSC 2012 EIIN=134587 ...     [CAPTCHA] Attempt 1: solved="2892" — submitting...
    [CAPTCHA] Attempt 1: ✗ MISMATCH (server: Could not validate your provided Security Key / CAPTCHA. Please check and try again.) — reloading
    [CAPTCHA] Attempt 2: solved="5331" — submitting...
    [CAPTCHA] Attempt 2: captcha OK but no result for this EIIN/year
NO RESULT
[940/1646] SSC 2013 EIIN=134587 ...     [CAPTCHA] Attempt 1: solved="1454" — submitting...
    [CAPTCHA] Attempt 1: ✗ MISMATCH (server: Could not validate your provided Security Key / CAPTCHA. Please check and try again.) — reloading
    [CAPTCHA] Attempt 2: solver returned "(empty)" (invalid length=0) — reloading
    [CAPTCHA] Attempt 3: solved="8682" — submitting...
    [CAPTCHA] Attempt 3: captcha OK but no result for this EIIN/year
NO RESULT
[941/1646] SSC 2014 EIIN=134587 ...     [CAPTCHA] Attempt 1: solved="6814" — submitting...
    [CAPTCHA] Attempt 1: captcha OK but no result for this EIIN/year
NO RESULT
[942/1646] SSC 2015 EIIN=134587 ...     [CAPTCHA] Attempt 1: solver returned "(empty)" (invalid length=0) — reloading
    [CAPTCHA] Attempt 2: solved="1164" — submitting...
    [CAPTCHA] Attempt 2: ✗ MISMATCH (server: Could not validate your provided Security Key / CAPTCHA. Please check and try again.) — reloading
    [CAPTCHA] Attempt 3: solved="9408" — submitting...
    [CAPTCHA] Attempt 3: captcha OK but no result for this EIIN/year
NO RESULT
[943/1646] SSC 2016 EIIN=134587 ...     [CAPTCHA] Attempt 1: solved="1309" — submitting...
    [CAPTCHA] Attempt 1: ✗ MISMATCH (server: Could not validate your provided Security Key / CAPTCHA. Please check and try again.) — reloading
    [CAPTCHA] Attempt 2: solved="8650" — submitting...
    [CAPTCHA] Attempt 2: captcha OK but no result for this EIIN/year
NO RESULT
[944/1646] SSC 2017 EIIN=134587 ...     [CAPTCHA] Attempt 1: solved="1238" — submitting...
    [CAPTCHA] Attempt 1: ✗ MISMATCH (server: Could not validate your provided Security Key / CAPTCHA. Please check and try again.) — reloading
    [CAPTCHA] Attempt 2: solver returned "(empty)" (invalid length=0) — reloading
    [CAPTCHA] Attempt 3: solved="9918" — submitting...
    [CAPTCHA] Attempt 3: captcha OK but no result for this EIIN/year
NO RESULT
[945/1646] SSC 2018 EIIN=134587 ...     [CAPTCHA] Attempt 1: solved="5557" — submitting...
    [CAPTCHA] Attempt 1: ✗ MISMATCH (server: Could not validate your provided Security Key / CAPTCHA. Please check and try again.) — reloading
    [CAPTCHA] Attempt 2: solver returned "(empty)" (invalid length=0) — reloading
    [CAPTCHA] Attempt 3: solved="6344" — submitting...
    [CAPTCHA] Attempt 3: ✗ MISMATCH (server: Could not validate your provided Security Key / CAPTCHA. Please check and try again.) — reloading
    [CAPTCHA] Attempt 4: solved="9957" — submitting...
    [CAPTCHA] Attempt 4: captcha OK but no result for this EIIN/year
NO RESULT
[946/1646] SSC 2019 EIIN=134587 ...     [CAPTCHA] Attempt 1: solved="5049" — submitting...
    [CAPTCHA] Attempt 1: ✗ MISMATCH (server: Could not validate your provided Security Key / CAPTCHA. Please check and try again.) — reloading
    [CAPTCHA] Attempt 2: solved="5448" — submitting...
    [CAPTCHA] Attempt 2: ✗ MISMATCH (server: Could not validate your provided Security Key / CAPTCHA. Please check and try again.) — reloading
    [CAPTCHA] Attempt 3: solved="7049" — submitting...
    [CAPTCHA] Attempt 3: captcha OK but no result for this EIIN/year
NO RESULT
[947/1646] SSC 2020 EIIN=134587 ...     [CAPTCHA] Attempt 1: solved="4231" — submitting...
    [CAPTCHA] Attempt 1: ✗ MISMATCH (server: Could not validate your provided Security Key / CAPTCHA. Please check and try again.) — reloading
    [CAPTCHA] Attempt 2: solver returned "(empty)" (invalid length=0) — reloading
    [CAPTCHA] Attempt 3: solver returned "(empty)" (invalid length=0) — reloading
    [CAPTCHA] Attempt 4: solver returned "(empty)" (invalid length=0) — reloading
    [CAPTCHA] Attempt 5: solved="9138" — submitting...
    [CAPTCHA] Attempt 5: ✗ MISMATCH (server: Could not validate your provided Security Key / CAPTCHA. Please check and try again.) — reloading
    [CAPTCHA] Attempt 6: solved="9323" — submitting...
    [CAPTCHA] Attempt 6: captcha OK but no result for this EIIN/year
NO RESULT
[948/1646] SSC 2011 EIIN=133944 ...     [CAPTCHA] Attempt 1: solved="0777" — submitting...
    [CAPTCHA] Attempt 1: ✗ MISMATCH (server: Could not validate your provided Security Key / CAPTCHA. Please check and try again.) — reloading
    [CAPTCHA] Attempt 2: solved="0317" — submitting...
    [CAPTCHA] Attempt 2: ✗ MISMATCH (server: Could not validate your provided Security Key / CAPTCHA. Please check and try again.) — reloading
    [CAPTCHA] Attempt 3: solved="7416" — submitting...
    [CAPTCHA] Attempt 3: ✗ MISMATCH (server: Could not validate your provided Security Key / CAPTCHA. Please check and try again.) — reloading
    [CAPTCHA] Attempt 4: solved="4672" — submitting...
    [CAPTCHA] Attempt 4: ✗ MISMATCH (server: Could not validate your provided Security Key / CAPTCHA. Please check and try again.) — reloading
    [CAPTCHA] Attempt 5: solved="6620" — submitting...
    [CAPTCHA] Attempt 5: ✗ MISMATCH (server: Could not validate your provided Security Key / CAPTCHA. Please check and try again.) — reloading
    [CAPTCHA] Attempt 6: solved="7260" — submitting...
    [CAPTCHA] Attempt 6: captcha OK but no result for this EIIN/year
NO RESULT
[949/1646] SSC 2012 EIIN=133944 ...     [CAPTCHA] Attempt 1: solved="7253" — submitting...
    [CAPTCHA] Attempt 1: captcha OK but no result for this EIIN/year
NO RESULT
[950/1646] SSC 2013 EIIN=133944 ...     [CAPTCHA] Attempt 1: solved="0980" — submitting...
    [CAPTCHA] Attempt 1: ✗ MISMATCH (server: Could not validate your provided Security Key / CAPTCHA. Please check and try again.) — reloading
    [CAPTCHA] Attempt 2: solved="8478" — submitting...
    [CAPTCHA] Attempt 2: captcha OK but no result for this EIIN/year
NO RESULT
[951/1646] SSC 2014 EIIN=133944 ...     [CAPTCHA] Attempt 1: solved="6131" — submitting...
    [CAPTCHA] Attempt 1: ✗ MISMATCH (server: Could not validate your provided Security Key / CAPTCHA. Please check and try again.) — reloading
    [CAPTCHA] Attempt 2: solver returned "(empty)" (invalid length=0) — reloading
    [CAPTCHA] Attempt 3: solver returned "(empty)" (invalid length=0) — reloading
    [CAPTCHA] Attempt 4: solved="8105" — submitting...
    [CAPTCHA] Attempt 4: captcha OK but no result for this EIIN/year
NO RESULT
[952/1646] SSC 2015 EIIN=133944 ...     [CAPTCHA] Attempt 1: solved="2322" — submitting...
    [CAPTCHA] Attempt 1: captcha OK but no result for this EIIN/year
NO RESULT
[953/1646] SSC 2016 EIIN=133944 ...     [CAPTCHA] Attempt 1: solved="1577" — submitting...
    [CAPTCHA] Attempt 1: ✗ MISMATCH (server: Could not validate your provided Security Key / CAPTCHA. Please check and try again.) — reloading
    [CAPTCHA] Attempt 2: solved="1432" — submitting...
    [CAPTCHA] Attempt 2: ✗ MISMATCH (server: Could not validate your provided Security Key / CAPTCHA. Please check and try again.) — reloading
    [CAPTCHA] Attempt 3: solved="4376" — submitting...
    [CAPTCHA] Attempt 3: ✗ MISMATCH (server: Could not validate your provided Security Key / CAPTCHA. Please check and try again.) — reloading
    [CAPTCHA] Attempt 4: solver returned "(empty)" (invalid length=0) — reloading
    [CAPTCHA] Attempt 5: solved="3644" — submitting...
    [CAPTCHA] Attempt 5: captcha OK but no result for this EIIN/year
NO RESULT
[954/1646] SSC 2017 EIIN=133944 ...     [CAPTCHA] Attempt 1: solved="1533" — submitting...
    [CAPTCHA] Attempt 1: ✗ MISMATCH (server: Could not validate your provided Security Key / CAPTCHA. Please check and try again.) — reloading
    [CAPTCHA] Attempt 2: solved="1039" — submitting...
    [CAPTCHA] Attempt 2: ✗ MISMATCH (server: Could not validate your provided Security Key / CAPTCHA. Please check and try again.) — reloading
    [CAPTCHA] Attempt 3: solved="1498" — submitting...
    [CAPTCHA] Attempt 3: captcha OK but no result for this EIIN/year
NO RESULT
[955/1646] SSC 2018 EIIN=133944 ...     [CAPTCHA] Attempt 1: solver returned "(empty)" (invalid length=0) — reloading
    [CAPTCHA] Attempt 2: solved="8216" — submitting...
    [CAPTCHA] Attempt 2: captcha OK but no result for this EIIN/year
NO RESULT
[956/1646] SSC 2019 EIIN=133944 ...     [CAPTCHA] Attempt 1: solver returned "(empty)" (invalid length=0) — reloading
    [CAPTCHA] Attempt 2: solved="8201" — submitting...
    [CAPTCHA] Attempt 2: captcha OK but no result for this EIIN/year
NO RESULT
[957/1646] SSC 2020 EIIN=133944 ...     [CAPTCHA] Attempt 1: solved="4373" — submitting...
    [CAPTCHA] Attempt 1: captcha OK but no result for this EIIN/year
NO RESULT
[958/1646] SSC 2021 EIIN=133944 ...     [CAPTCHA] Attempt 1: solved="5444" — submitting...
    [CAPTCHA] Attempt 1: ✗ MISMATCH (server: Could not validate your provided Security Key / CAPTCHA. Please check and try again.) — reloading
    [CAPTCHA] Attempt 2: solved="5521" — submitting...
    [CAPTCHA] Attempt 2: ✗ MISMATCH (server: Could not validate your provided Security Key / CAPTCHA. Please check and try again.) — reloading
    [CAPTCHA] Attempt 3: solver returned "401" (invalid length=3) — reloading
    [CAPTCHA] Attempt 4: solved="8486" — submitting...
    [CAPTCHA] Attempt 4: ✗ MISMATCH (server: Could not validate your provided Security Key / CAPTCHA. Please check and try again.) — reloading
    [CAPTCHA] Attempt 5: solved="2404" — submitting...
    [CAPTCHA] Attempt 5: ✗ MISMATCH (server: Could not validate your provided Security Key / CAPTCHA. Please check and try again.) — reloading
    [CAPTCHA] Attempt 6: solved="3634" — submitting...
    [CAPTCHA] Attempt 6: captcha OK but no result for this EIIN/year
NO RESULT
[959/1646] SSC 2022 EIIN=133944 ...     [CAPTCHA] Attempt 1: solved="2461" — submitting...
    [CAPTCHA] Attempt 1: captcha OK but no result for this EIIN/year
NO RESULT
[960/1646] SSC 2023 EIIN=133944 ...     [CAPTCHA] Attempt 1: solver returned "(empty)" (invalid length=0) — reloading
    [CAPTCHA] Attempt 2: solved="1419" — submitting...
    [CAPTCHA] Attempt 2: ✗ MISMATCH (server: Could not validate your provided Security Key / CAPTCHA. Please check and try again.) — reloading
    [CAPTCHA] Attempt 3: solved="0996" — submitting...
    [CAPTCHA] Attempt 3: ✗ MISMATCH (server: Could not validate your provided Security Key / CAPTCHA. Please check and try again.) — reloading
    [CAPTCHA] Attempt 4: solved="9355" — submitting...
    [CAPTCHA] Attempt 4: ✗ MISMATCH (server: Could not validate your provided Security Key / CAPTCHA. Please check and try again.) — reloading
    [CAPTCHA] Attempt 5: solved="4700" — submitting...
    [CAPTCHA] Attempt 5: ✗ MISMATCH (server: Could not validate your provided Security Key / CAPTCHA. Please check and try again.) — reloading
    [CAPTCHA] Attempt 6: solved="5087" — submitting...
    [CAPTCHA] Attempt 6: captcha OK but no result for this EIIN/year
NO RESULT
[961/1646] SSC 2024 EIIN=133944 ...     [CAPTCHA] Attempt 1: solved="5144" — submitting...
    [CAPTCHA] Attempt 1: ✗ MISMATCH (server: Could not validate your provided Security Key / CAPTCHA. Please check and try again.) — reloading
    [CAPTCHA] Attempt 2: solved="7462" — submitting...
    [CAPTCHA] Attempt 2: ✗ MISMATCH (server: Could not validate your provided Security Key / CAPTCHA. Please check and try again.) — reloading
    [CAPTCHA] Attempt 3: solved="0790" — submitting...
    [CAPTCHA] Attempt 3: ✗ MISMATCH (server: Could not validate your provided Security Key / CAPTCHA. Please check and try again.) — reloading
    [CAPTCHA] Attempt 4: solved="8411" — submitting...
    [CAPTCHA] Attempt 4: ✗ MISMATCH (server: Could not validate your provided Security Key / CAPTCHA. Please check and try again.) — reloading
    [CAPTCHA] Attempt 5: solved="3713" — submitting...
    [CAPTCHA] Attempt 5: captcha OK but no result for this EIIN/year
NO RESULT
[962/1646] SSC 2011 EIIN=135230 ...     [CAPTCHA] Attempt 1: solved="8146" — submitting...
    [CAPTCHA] Attempt 1: ✗ MISMATCH (server: Could not validate your provided Security Key / CAPTCHA. Please check and try again.) — reloading
    [CAPTCHA] Attempt 2: solved="2533" — submitting...
    [CAPTCHA] Attempt 2: captcha OK but no result for this EIIN/year
NO RESULT
[963/1646] SSC 2012 EIIN=135230 ...     [CAPTCHA] Attempt 1: solved="2099" — submitting...
    [CAPTCHA] Attempt 1: captcha OK but no result for this EIIN/year
NO RESULT
[964/1646] SSC 2013 EIIN=135230 ...     [CAPTCHA] Attempt 1: solved="4634" — submitting...
    [CAPTCHA] Attempt 1: captcha OK but no result for this EIIN/year
NO RESULT
[965/1646] SSC 2014 EIIN=135230 ...     [CAPTCHA] Attempt 1: solver returned "(empty)" (invalid length=0) — reloading
    [CAPTCHA] Attempt 2: solved="5116" — submitting...
    [CAPTCHA] Attempt 2: ✗ MISMATCH (server: Could not validate your provided Security Key / CAPTCHA. Please check and try again.) — reloading
    [CAPTCHA] Attempt 3: solver returned "(empty)" (invalid length=0) — reloading
    [CAPTCHA] Attempt 4: solved="4041" — submitting...
    [CAPTCHA] Attempt 4: ✗ MISMATCH (server: Could not validate your provided Security Key / CAPTCHA. Please check and try again.) — reloading
    [CAPTCHA] Attempt 5: solved="1440" — submitting...
    [CAPTCHA] Attempt 5: captcha OK but no result for this EIIN/year
NO RESULT
[966/1646] SSC 2015 EIIN=135230 ...     [CAPTCHA] Attempt 1: solved="1532" — submitting...
    [CAPTCHA] Attempt 1: ✗ MISMATCH (server: Could not validate your provided Security Key / CAPTCHA. Please check and try again.) — reloading
    [CAPTCHA] Attempt 2: solved="4832" — submitting...
    [CAPTCHA] Attempt 2: captcha OK but no result for this EIIN/year
NO RESULT
[967/1646] SSC 2016 EIIN=135230 ...     [CAPTCHA] Attempt 1: solved="1505" — submitting...
    [CAPTCHA] Attempt 1: captcha OK but no result for this EIIN/year
NO RESULT
[968/1646] SSC 2011 EIIN=136112 ...     [CAPTCHA] Attempt 1: solved="4746" — submitting...
    [CAPTCHA] Attempt 1: captcha OK but no result for this EIIN/year
NO RESULT
[969/1646] SSC 2012 EIIN=136112 ...     [CAPTCHA] Attempt 1: solved="3972" — submitting...
    [CAPTCHA] Attempt 1: captcha OK but no result for this EIIN/year
NO RESULT
[970/1646] SSC 2013 EIIN=136112 ...     [CAPTCHA] Attempt 1: solved="5671" — submitting...
    [CAPTCHA] Attempt 1: captcha OK but no result for this EIIN/year
NO RESULT
[971/1646] SSC 2014 EIIN=136112 ...     [CAPTCHA] Attempt 1: solved="4287" — submitting...
    [CAPTCHA] Attempt 1: ✗ MISMATCH (server: Could not validate your provided Security Key / CAPTCHA. Please check and try again.) — reloading
    [CAPTCHA] Attempt 2: solved="7701" — submitting...
    [CAPTCHA] Attempt 2: captcha OK but no result for this EIIN/year
NO RESULT
[972/1646] SSC 2015 EIIN=136112 ...     [CAPTCHA] Attempt 1: solved="0315" — submitting...
    [CAPTCHA] Attempt 1: ✗ MISMATCH (server: Could not validate your provided Security Key / CAPTCHA. Please check and try again.) — reloading
    [CAPTCHA] Attempt 2: solver returned "(empty)" (invalid length=0) — reloading
    [CAPTCHA] Attempt 3: solved="6184" — submitting...
    [CAPTCHA] Attempt 3: ✗ MISMATCH (server: Could not validate your provided Security Key / CAPTCHA. Please check and try again.) — reloading
    [CAPTCHA] Attempt 4: solved="7872" — submitting...
    [CAPTCHA] Attempt 4: captcha OK but no result for this EIIN/year
NO RESULT
[973/1646] SSC 2016 EIIN=136112 ...     [CAPTCHA] Attempt 1: solver returned "(empty)" (invalid length=0) — reloading
    [CAPTCHA] Attempt 2: solved="3506" — submitting...
    [CAPTCHA] Attempt 2: ✗ MISMATCH (server: Could not validate your provided Security Key / CAPTCHA. Please check and try again.) — reloading
    [CAPTCHA] Attempt 3: solved="5618" — submitting...
    [CAPTCHA] Attempt 3: captcha OK but no result for this EIIN/year
NO RESULT
[974/1646] SSC 2017 EIIN=136112 ...     [CAPTCHA] Attempt 1: solver returned "(empty)" (invalid length=0) — reloading
    [CAPTCHA] Attempt 2: solved="1408" — submitting...
    [CAPTCHA] Attempt 2: captcha OK but no result for this EIIN/year
NO RESULT
[975/1646] SSC 2018 EIIN=136112 ...     [CAPTCHA] Attempt 1: solved="8017" — submitting...
    [CAPTCHA] Attempt 1: ✗ MISMATCH (server: Could not validate your provided Security Key / CAPTCHA. Please check and try again.) — reloading
    [CAPTCHA] Attempt 2: solved="3409" — submitting...
    [CAPTCHA] Attempt 2: captcha OK but no result for this EIIN/year
NO RESULT
[976/1646] SSC 2019 EIIN=136112 ...     [CAPTCHA] Attempt 1: solved="9120" — submitting...
    [CAPTCHA] Attempt 1: ✗ MISMATCH (server: Could not validate your provided Security Key / CAPTCHA. Please check and try again.) — reloading
    [CAPTCHA] Attempt 2: solved="3285" — submitting...
    [CAPTCHA] Attempt 2: captcha OK but no result for this EIIN/year
NO RESULT
[977/1646] SSC 2020 EIIN=136112 ...     [CAPTCHA] Attempt 1: solver returned "(empty)" (invalid length=0) — reloading
    [CAPTCHA] Attempt 2: solved="9499" — submitting...
    [CAPTCHA] Attempt 2: captcha OK but no result for this EIIN/year
NO RESULT
[978/1646] SSC 2021 EIIN=136112 ...     [CAPTCHA] Attempt 1: solver returned "77" (invalid length=2) — reloading
    [CAPTCHA] Attempt 2: solver returned "(empty)" (invalid length=0) — reloading
    [CAPTCHA] Attempt 3: solved="3674" — submitting...
    [CAPTCHA] Attempt 3: ✗ MISMATCH (server: Could not validate your provided Security Key / CAPTCHA. Please check and try again.) — reloading
    [CAPTCHA] Attempt 4: solved="7692" — submitting...
    [CAPTCHA] Attempt 4: ✗ MISMATCH (server: Could not validate your provided Security Key / CAPTCHA. Please check and try again.) — reloading
    [CAPTCHA] Attempt 5: solved="1207" — submitting...
    [CAPTCHA] Attempt 5: ✗ MISMATCH (server: Could not validate your provided Security Key / CAPTCHA. Please check and try again.) — reloading
    [CAPTCHA] Attempt 6: solved="7810" — submitting...
    [CAPTCHA] Attempt 6: ✗ MISMATCH (server: Could not validate your provided Security Key / CAPTCHA. Please check and try again.) — reloading
    [CAPTCHA] Attempt 7: solved="4147" — submitting...
    [CAPTCHA] Attempt 7: captcha OK but no result for this EIIN/year
NO RESULT
[979/1646] SSC 2022 EIIN=136112 ...     [CAPTCHA] Attempt 1: solved="4340" — submitting...
    [CAPTCHA] Attempt 1: captcha OK but no result for this EIIN/year
NO RESULT
[980/1646] SSC 2023 EIIN=136112 ...     [CAPTCHA] Attempt 1: solved="8684" — submitting...
    [CAPTCHA] Attempt 1: captcha OK but no result for this EIIN/year
NO RESULT
[981/1646] SSC 2024 EIIN=136112 ...     [CAPTCHA] Attempt 1: solved="6574" — submitting...
    [CAPTCHA] Attempt 1: captcha OK but no result for this EIIN/year
NO RESULT
[982/1646] SSC 2025 EIIN=136112 ...     [CAPTCHA] Attempt 1: solved="3661" — submitting...
    [CAPTCHA] Attempt 1: captcha OK but no result for this EIIN/year
NO RESULT
[983/1646] SSC 2011 EIIN=136253 ...     [CAPTCHA] Attempt 1: solved="8622" — submitting...
    [CAPTCHA] Attempt 1: captcha OK but no result for this EIIN/year
NO RESULT
[984/1646] SSC 2012 EIIN=136253 ...     [CAPTCHA] Attempt 1: solved="4080" — submitting...
    [CAPTCHA] Attempt 1: ✗ MISMATCH (server: Could not validate your provided Security Key / CAPTCHA. Please check and try again.) — reloading
    [CAPTCHA] Attempt 2: solved="5580" — submitting...
    [CAPTCHA] Attempt 2: ✗ MISMATCH (server: Could not validate your provided Security Key / CAPTCHA. Please check and try again.) — reloading
    [CAPTCHA] Attempt 3: solved="3191" — submitting...
    [CAPTCHA] Attempt 3: captcha OK but no result for this EIIN/year
NO RESULT
[985/1646] SSC 2013 EIIN=136253 ...     [CAPTCHA] Attempt 1: solver returned "(empty)" (invalid length=0) — reloading
    [CAPTCHA] Attempt 2: solved="7512" — submitting...
    [CAPTCHA] Attempt 2: ✗ MISMATCH (server: Could not validate your provided Security Key / CAPTCHA. Please check and try again.) — reloading
    [CAPTCHA] Attempt 3: solved="2567" — submitting...
    [CAPTCHA] Attempt 3: captcha OK but no result for this EIIN/year
NO RESULT
[986/1646] SSC 2014 EIIN=136253 ...     [CAPTCHA] Attempt 1: solved="7031" — submitting...
    [CAPTCHA] Attempt 1: captcha OK but no result for this EIIN/year
NO RESULT
[987/1646] SSC 2015 EIIN=136253 ...     [CAPTCHA] Attempt 1: solved="1350" — submitting...
    [CAPTCHA] Attempt 1: ✗ MISMATCH (server: Could not validate your provided Security Key / CAPTCHA. Please check and try again.) — reloading
    [CAPTCHA] Attempt 2: solver returned "(empty)" (invalid length=0) — reloading
    [CAPTCHA] Attempt 3: solved="4334" — submitting...
    [CAPTCHA] Attempt 3: ✗ MISMATCH (server: Could not validate your provided Security Key / CAPTCHA. Please check and try again.) — reloading
    [CAPTCHA] Attempt 4: solver returned "(empty)" (invalid length=0) — reloading
    [CAPTCHA] Attempt 5: solved="9226" — submitting...
    [CAPTCHA] Attempt 5: ✗ MISMATCH (server: Could not validate your provided Security Key / CAPTCHA. Please check and try again.) — reloading
    [CAPTCHA] Attempt 6: solved="5467" — submitting...
    [CAPTCHA] Attempt 6: captcha OK but no result for this EIIN/year
NO RESULT
[988/1646] SSC 2016 EIIN=136253 ...     [CAPTCHA] Attempt 1: solved="2721" — submitting...
    [CAPTCHA] Attempt 1: ✗ MISMATCH (server: Could not validate your provided Security Key / CAPTCHA. Please check and try again.) — reloading
    [CAPTCHA] Attempt 2: solver returned "(empty)" (invalid length=0) — reloading
    [CAPTCHA] Attempt 3: solver returned "(empty)" (invalid length=0) — reloading
    [CAPTCHA] Attempt 4: solver returned "(empty)" (invalid length=0) — reloading
    [CAPTCHA] Attempt 5: solved="8446" — submitting...
    [CAPTCHA] Attempt 5: captcha OK but no result for this EIIN/year
NO RESULT
[989/1646] SSC 2017 EIIN=136253 ...     [CAPTCHA] Attempt 1: solved="5281" — submitting...
    [CAPTCHA] Attempt 1: captcha OK but no result for this EIIN/year
NO RESULT
[990/1646] SSC 2018 EIIN=136253 ...     [CAPTCHA] Attempt 1: solved="4866" — submitting...
    [CAPTCHA] Attempt 1: ✗ MISMATCH (server: Could not validate your provided Security Key / CAPTCHA. Please check and try again.) — reloading
    [CAPTCHA] Attempt 2: solved="2764" — submitting...
    [CAPTCHA] Attempt 2: captcha OK but no result for this EIIN/year
NO RESULT
[991/1646] SSC 2019 EIIN=136253 ...     [CAPTCHA] Attempt 1: solved="2329" — submitting...
    [CAPTCHA] Attempt 1: captcha OK but no result for this EIIN/year
NO RESULT
[992/1646] SSC 2011 EIIN=134536 ...     [CAPTCHA] Attempt 1: solved="7395" — submitting...
    [CAPTCHA] Attempt 1: captcha OK but no result for this EIIN/year
NO RESULT
[993/1646] SSC 2012 EIIN=134536 ...     [CAPTCHA] Attempt 1: solved="4325" — submitting...
    [CAPTCHA] Attempt 1: ✗ MISMATCH (server: Could not validate your provided Security Key / CAPTCHA. Please check and try again.) — reloading
    [CAPTCHA] Attempt 2: solved="1287" — submitting...
    [CAPTCHA] Attempt 2: captcha OK but no result for this EIIN/year
NO RESULT
[994/1646] SSC 2013 EIIN=134536 ...     [CAPTCHA] Attempt 1: solved="7914" — submitting...
    [CAPTCHA] Attempt 1: ✗ MISMATCH (server: Could not validate your provided Security Key / CAPTCHA. Please check and try again.) — reloading
    [CAPTCHA] Attempt 2: solved="0650" — submitting...
    [CAPTCHA] Attempt 2: ✗ MISMATCH (server: Could not validate your provided Security Key / CAPTCHA. Please check and try again.) — reloading
    [CAPTCHA] Attempt 3: solved="7354" — submitting...
    [CAPTCHA] Attempt 3: captcha OK but no result for this EIIN/year
NO RESULT
[995/1646] SSC 2014 EIIN=134536 ...     [CAPTCHA] Attempt 1: solved="3902" — submitting...
    [CAPTCHA] Attempt 1: captcha OK but no result for this EIIN/year
NO RESULT
[996/1646] SSC 2015 EIIN=134536 ...     [CAPTCHA] Attempt 1: solver returned "(empty)" (invalid length=0) — reloading
    [CAPTCHA] Attempt 2: solved="2613" — submitting...
    [CAPTCHA] Attempt 2: ✗ MISMATCH (server: Could not validate your provided Security Key / CAPTCHA. Please check and try again.) — reloading
    [CAPTCHA] Attempt 3: solved="4402" — submitting...
    [CAPTCHA] Attempt 3: ✗ MISMATCH (server: Could not validate your provided Security Key / CAPTCHA. Please check and try again.) — reloading
    [CAPTCHA] Attempt 4: solved="4630" — submitting...
    [CAPTCHA] Attempt 4: ✗ MISMATCH (server: Could not validate your provided Security Key / CAPTCHA. Please check and try again.) — reloading
    [CAPTCHA] Attempt 5: solved="5722" — submitting...
    [CAPTCHA] Attempt 5: captcha OK but no result for this EIIN/year
NO RESULT
[997/1646] SSC 2016 EIIN=134536 ...     [CAPTCHA] Attempt 1: solver returned "(empty)" (invalid length=0) — reloading
    [CAPTCHA] Attempt 2: solved="3048" — submitting...
    [CAPTCHA] Attempt 2: ✗ MISMATCH (server: Could not validate your provided Security Key / CAPTCHA. Please check and try again.) — reloading
    [CAPTCHA] Attempt 3: solved="4993" — submitting...
    [CAPTCHA] Attempt 3: captcha OK but no result for this EIIN/year
NO RESULT
[998/1646] SSC 2011 EIIN=133892 ...     [CAPTCHA] Attempt 1: solver returned "(empty)" (invalid length=0) — reloading
    [CAPTCHA] Attempt 2: solved="2012" — submitting...
    [CAPTCHA] Attempt 2: ✗ MISMATCH (server: Could not validate your provided Security Key / CAPTCHA. Please check and try again.) — reloading
    [CAPTCHA] Attempt 3: solved="1226" — submitting...
    [CAPTCHA] Attempt 3: ✗ MISMATCH (server: Could not validate your provided Security Key / CAPTCHA. Please check and try again.) — reloading
    [CAPTCHA] Attempt 4: solver returned "(empty)" (invalid length=0) — reloading
    [CAPTCHA] Attempt 5: solved="1861" — submitting...
    [CAPTCHA] Attempt 5: ✗ MISMATCH (server: Could not validate your provided Security Key / CAPTCHA. Please check and try again.) — reloading
    [CAPTCHA] Attempt 6: solved="9860" — submitting...
    [CAPTCHA] Attempt 6: captcha OK but no result for this EIIN/year
NO RESULT
[999/1646] SSC 2012 EIIN=133892 ...     [CAPTCHA] Attempt 1: solved="3142" — submitting...
    [CAPTCHA] Attempt 1: captcha OK but no result for this EIIN/year
NO RESULT
[1000/1646] SSC 2011 EIIN=138709 ...     [CAPTCHA] Attempt 1: solved="3641" — submitting...
    [CAPTCHA] Attempt 1: ✗ MISMATCH (server: Could not validate your provided Security Key / CAPTCHA. Please check and try again.) — reloading
    [CAPTCHA] Attempt 2: solved="4216" — submitting...
    [CAPTCHA] Attempt 2: ✗ MISMATCH (server: Could not validate your provided Security Key / CAPTCHA. Please check and try again.) — reloading
    [CAPTCHA] Attempt 3: solver returned "(empty)" (invalid length=0) — reloading
    [CAPTCHA] Attempt 4: solver returned "(empty)" (invalid length=0) — reloading
    [CAPTCHA] Attempt 5: solved="0167" — submitting...
    [CAPTCHA] Attempt 5: ✗ MISMATCH (server: Could not validate your provided Security Key / CAPTCHA. Please check and try again.) — reloading
    [CAPTCHA] Attempt 6: solved="7726" — submitting...
    [CAPTCHA] Attempt 6: ✗ MISMATCH (server: Could not validate your provided Security Key / CAPTCHA. Please check and try again.) — reloading
    [CAPTCHA] Attempt 7: solver returned "(empty)" (invalid length=0) — reloading
    [CAPTCHA] Attempt 8: solved="8266" — submitting...
    [CAPTCHA] Attempt 8: captcha OK but no result for this EIIN/year
NO RESULT

─── 1000/1646 done | OK:0 FAIL:6 | ETA ≈ 329.6 min ───

[1001/1646] SSC 2012 EIIN=138709 ...     [CAPTCHA] Attempt 1: solved="3934" — submitting...
    [CAPTCHA] Attempt 1: captcha OK but no result for this EIIN/year
NO RESULT
[1002/1646] SSC 2013 EIIN=138709 ...     [CAPTCHA] Attempt 1: solver returned "(empty)" (invalid length=0) — reloading
    [CAPTCHA] Attempt 2: solved="5134" — submitting...
    [CAPTCHA] Attempt 2: ✗ MISMATCH (server: Could not validate your provided Security Key / CAPTCHA. Please check and try again.) — reloading
    [CAPTCHA] Attempt 3: solved="8632" — submitting...
    [CAPTCHA] Attempt 3: captcha OK but no result for this EIIN/year
NO RESULT
[1003/1646] SSC 2014 EIIN=138709 ...     [CAPTCHA] Attempt 1: solved="9534" — submitting...
    [CAPTCHA] Attempt 1: ✗ MISMATCH (server: Could not validate your provided Security Key / CAPTCHA. Please check and try again.) — reloading
    [CAPTCHA] Attempt 2: solved="1790" — submitting...
    [CAPTCHA] Attempt 2: captcha OK but no result for this EIIN/year
NO RESULT
[1004/1646] SSC 2015 EIIN=138709 ...     [CAPTCHA] Attempt 1: solved="2535" — submitting...
    [CAPTCHA] Attempt 1: captcha OK but no result for this EIIN/year
NO RESULT
[1005/1646] SSC 2016 EIIN=138709 ...     [CAPTCHA] Attempt 1: solved="8422" — submitting...
    [CAPTCHA] Attempt 1: ✗ MISMATCH (server: Could not validate your provided Security Key / CAPTCHA. Please check and try again.) — reloading
    [CAPTCHA] Attempt 2: solved="5965" — submitting...
    [CAPTCHA] Attempt 2: ✗ MISMATCH (server: Could not validate your provided Security Key / CAPTCHA. Please check and try again.) — reloading
    [CAPTCHA] Attempt 3: solver returned "(empty)" (invalid length=0) — reloading
    [CAPTCHA] Attempt 4: solver returned "(empty)" (invalid length=0) — reloading
    [CAPTCHA] Attempt 5: solved="8988" — submitting...
    [CAPTCHA] Attempt 5: ✗ MISMATCH (server: Could not validate your provided Security Key / CAPTCHA. Please check and try again.) — reloading
    [CAPTCHA] Attempt 6: solved="3330" — submitting...
    [CAPTCHA] Attempt 6: ✗ MISMATCH (server: Could not validate your provided Security Key / CAPTCHA. Please check and try again.) — reloading
    [CAPTCHA] Attempt 7: solved="9089" — submitting...
    [CAPTCHA] Attempt 7: ✗ MISMATCH (server: Could not validate your provided Security Key / CAPTCHA. Please check and try again.) — reloading
    [CAPTCHA] Attempt 8: solver returned "(empty)" (invalid length=0) — reloading
    [CAPTCHA] Attempt 9: solved="3506" — submitting...
    [CAPTCHA] Attempt 9: ✗ MISMATCH (server: Could not validate your provided Security Key / CAPTCHA. Please check and try again.) — reloading
    [CAPTCHA] Attempt 10: solved="2584" — submitting...
    [CAPTCHA] Attempt 10: captcha OK but no result for this EIIN/year
NO RESULT
[1006/1646] SSC 2017 EIIN=138709 ...     [CAPTCHA] Attempt 1: solver returned "(empty)" (invalid length=0) — reloading
    [CAPTCHA] Attempt 2: solved="6286" — submitting...
    [CAPTCHA] Attempt 2: ✗ MISMATCH (server: Could not validate your provided Security Key / CAPTCHA. Please check and try again.) — reloading
    [CAPTCHA] Attempt 3: solved="2851" — submitting...
    [CAPTCHA] Attempt 3: ✗ MISMATCH (server: Could not validate your provided Security Key / CAPTCHA. Please check and try again.) — reloading
    [CAPTCHA] Attempt 4: solver returned "(empty)" (invalid length=0) — reloading
    [CAPTCHA] Attempt 5: solved="6168" — submitting...
    [CAPTCHA] Attempt 5: captcha OK but no result for this EIIN/year
NO RESULT
[1007/1646] SSC 2018 EIIN=138709 ...     [CAPTCHA] Attempt 1: solved="2714" — submitting...
    [CAPTCHA] Attempt 1: ✗ MISMATCH (server: Could not validate your provided Security Key / CAPTCHA. Please check and try again.) — reloading
    [CAPTCHA] Attempt 2: solved="1572" — submitting...
    [CAPTCHA] Attempt 2: ✗ MISMATCH (server: Could not validate your provided Security Key / CAPTCHA. Please check and try again.) — reloading
    [CAPTCHA] Attempt 3: solver returned "(empty)" (invalid length=0) — reloading
    [CAPTCHA] Attempt 4: solved="7111" — submitting...
    [CAPTCHA] Attempt 4: ✗ MISMATCH (server: Could not validate your provided Security Key / CAPTCHA. Please check and try again.) — reloading
    [CAPTCHA] Attempt 5: solver returned "(empty)" (invalid length=0) — reloading
    [CAPTCHA] Attempt 6: solver returned "(empty)" (invalid length=0) — reloading
    [CAPTCHA] Attempt 7: solved="1858" — submitting...
    [CAPTCHA] Attempt 7: ✗ MISMATCH (server: Could not validate your provided Security Key / CAPTCHA. Please check and try again.) — reloading
    [CAPTCHA] Attempt 8: solved="2230" — submitting...
    [CAPTCHA] Attempt 8: ✗ MISMATCH (server: Could not validate your provided Security Key / CAPTCHA. Please check and try again.) — reloading
    [CAPTCHA] Attempt 9: solved="4610" — submitting...
    [CAPTCHA] Attempt 9: captcha OK but no result for this EIIN/year
NO RESULT
[1008/1646] SSC 2019 EIIN=138709 ...     [CAPTCHA] Attempt 1: solved="7558" — submitting...
    [CAPTCHA] Attempt 1: ✗ MISMATCH (server: Could not validate your provided Security Key / CAPTCHA. Please check and try again.) — reloading
    [CAPTCHA] Attempt 2: solved="2184" — submitting...
    [CAPTCHA] Attempt 2: captcha OK but no result for this EIIN/year
NO RESULT
[1009/1646] SSC 2020 EIIN=138709 ...     [CAPTCHA] Attempt 1: solver returned "(empty)" (invalid length=0) — reloading
    [CAPTCHA] Attempt 2: solver returned "(empty)" (invalid length=0) — reloading
    [CAPTCHA] Attempt 3: solved="9534" — submitting...
    [CAPTCHA] Attempt 3: ✗ MISMATCH (server: Could not validate your provided Security Key / CAPTCHA. Please check and try again.) — reloading
    [CAPTCHA] Attempt 4: solved="4484" — submitting...
    [CAPTCHA] Attempt 4: ✗ MISMATCH (server: Could not validate your provided Security Key / CAPTCHA. Please check and try again.) — reloading
    [CAPTCHA] Attempt 5: solved="7659" — submitting...
    [CAPTCHA] Attempt 5: captcha OK but no result for this EIIN/year
NO RESULT
[1010/1646] SSC 2011 EIIN=134389 ...     [CAPTCHA] Attempt 1: solver returned "(empty)" (invalid length=0) — reloading
    [CAPTCHA] Attempt 2: solved="6263" — submitting...
    [CAPTCHA] Attempt 2: ✗ MISMATCH (server: Could not validate your provided Security Key / CAPTCHA. Please check and try again.) — reloading
    [CAPTCHA] Attempt 3: solved="4382" — submitting...
    [CAPTCHA] Attempt 3: captcha OK but no result for this EIIN/year
NO RESULT
[1011/1646] SSC 2011 EIIN=131890 ...     [CAPTCHA] Attempt 1: solved="2251" — submitting...
    [CAPTCHA] Attempt 1: captcha OK but no result for this EIIN/year
NO RESULT
[1012/1646] SSC 2011 EIIN=134526 ...     [CAPTCHA] Attempt 1: solved="4714" — submitting...
    [CAPTCHA] Attempt 1: ✗ MISMATCH (server: Could not validate your provided Security Key / CAPTCHA. Please check and try again.) — reloading
    [CAPTCHA] Attempt 2: solver returned "(empty)" (invalid length=0) — reloading
    [CAPTCHA] Attempt 3: solver returned "(empty)" (invalid length=0) — reloading
    [CAPTCHA] Attempt 4: solved="3809" — submitting...
    [CAPTCHA] Attempt 4: captcha OK but no result for this EIIN/year
NO RESULT
[1013/1646] SSC 2012 EIIN=134526 ...     [CAPTCHA] Attempt 1: solved="1264" — submitting...
    [CAPTCHA] Attempt 1: ✗ MISMATCH (server: Could not validate your provided Security Key / CAPTCHA. Please check and try again.) — reloading
    [CAPTCHA] Attempt 2: solved="1143" — submitting...
    [CAPTCHA] Attempt 2: ✗ MISMATCH (server: Could not validate your provided Security Key / CAPTCHA. Please check and try again.) — reloading
    [CAPTCHA] Attempt 3: solved="1271" — submitting...
    [CAPTCHA] Attempt 3: ✗ MISMATCH (server: Could not validate your provided Security Key / CAPTCHA. Please check and try again.) — reloading
    [CAPTCHA] Attempt 4: solved="7689" — submitting...
    [CAPTCHA] Attempt 4: ✗ MISMATCH (server: Could not validate your provided Security Key / CAPTCHA. Please check and try again.) — reloading
    [CAPTCHA] Attempt 5: solved="2218" — submitting...
    [CAPTCHA] Attempt 5: ✗ MISMATCH (server: Could not validate your provided Security Key / CAPTCHA. Please check and try again.) — reloading
    [CAPTCHA] Attempt 6: solved="1496" — submitting...
    [CAPTCHA] Attempt 6: ✗ MISMATCH (server: Could not validate your provided Security Key / CAPTCHA. Please check and try again.) — reloading
    [CAPTCHA] Attempt 7: solved="7981" — submitting...
    [CAPTCHA] Attempt 7: captcha OK but no result for this EIIN/year
NO RESULT
[1014/1646] SSC 2013 EIIN=134526 ...     [CAPTCHA] Attempt 1: solved="6927" — submitting...
    [CAPTCHA] Attempt 1: captcha OK but no result for this EIIN/year
NO RESULT
[1015/1646] SSC 2014 EIIN=134526 ...     [CAPTCHA] Attempt 1: solved="4871" — submitting...
    [CAPTCHA] Attempt 1: ✗ MISMATCH (server: Could not validate your provided Security Key / CAPTCHA. Please check and try again.) — reloading
    [CAPTCHA] Attempt 2: solved="1244" — submitting...
    [CAPTCHA] Attempt 2: ✗ MISMATCH (server: Could not validate your provided Security Key / CAPTCHA. Please check and try again.) — reloading
    [CAPTCHA] Attempt 3: solver returned "(empty)" (invalid length=0) — reloading
    [CAPTCHA] Attempt 4: solved="1400" — submitting...
    [CAPTCHA] Attempt 4: ✗ MISMATCH (server: Could not validate your provided Security Key / CAPTCHA. Please check and try again.) — reloading
    [CAPTCHA] Attempt 5: solved="2226" — submitting...
    [CAPTCHA] Attempt 5: ✗ MISMATCH (server: Could not validate your provided Security Key / CAPTCHA. Please check and try again.) — reloading
    [CAPTCHA] Attempt 6: solved="1205" — submitting...
    [CAPTCHA] Attempt 6: captcha OK but no result for this EIIN/year
NO RESULT
[1016/1646] SSC 2015 EIIN=134526 ...     [CAPTCHA] Attempt 1: solver returned "(empty)" (invalid length=0) — reloading
    [CAPTCHA] Attempt 2: solved="4076" — submitting...
    [CAPTCHA] Attempt 2: ✗ MISMATCH (server: Could not validate your provided Security Key / CAPTCHA. Please check and try again.) — reloading
    [CAPTCHA] Attempt 3: solved="6214" — submitting...
    [CAPTCHA] Attempt 3: captcha OK but no result for this EIIN/year
NO RESULT
[1017/1646] SSC 2011 EIIN=136256 ...     [CAPTCHA] Attempt 1: solver returned "(empty)" (invalid length=0) — reloading
    [CAPTCHA] Attempt 2: solved="6285" — submitting...
    [CAPTCHA] Attempt 2: ✗ MISMATCH (server: Could not validate your provided Security Key / CAPTCHA. Please check and try again.) — reloading
    [CAPTCHA] Attempt 3: solver returned "(empty)" (invalid length=0) — reloading
    [CAPTCHA] Attempt 4: solved="3506" — submitting...
    [CAPTCHA] Attempt 4: ✗ MISMATCH (server: Could not validate your provided Security Key / CAPTCHA. Please check and try again.) — reloading
    [CAPTCHA] Attempt 5: solver returned "(empty)" (invalid length=0) — reloading
    [CAPTCHA] Attempt 6: solver returned "(empty)" (invalid length=0) — reloading
    [CAPTCHA] Attempt 7: solved="4342" — submitting...
    [CAPTCHA] Attempt 7: captcha OK but no result for this EIIN/year
NO RESULT
[1018/1646] SSC 2012 EIIN=136256 ...     [CAPTCHA] Attempt 1: solved="7462" — submitting...
    [CAPTCHA] Attempt 1: ✗ MISMATCH (server: Could not validate your provided Security Key / CAPTCHA. Please check and try again.) — reloading
    [CAPTCHA] Attempt 2: solver returned "(empty)" (invalid length=0) — reloading
    [CAPTCHA] Attempt 3: solved="7893" — submitting...
    [CAPTCHA] Attempt 3: ✗ MISMATCH (server: Could not validate your provided Security Key / CAPTCHA. Please check and try again.) — reloading
    [CAPTCHA] Attempt 4: solved="5132" — submitting...
    [CAPTCHA] Attempt 4: ✗ MISMATCH (server: Could not validate your provided Security Key / CAPTCHA. Please check and try again.) — reloading
    [CAPTCHA] Attempt 5: solved="6861" — submitting...
    [CAPTCHA] Attempt 5: captcha OK but no result for this EIIN/year
NO RESULT
[1019/1646] SSC 2013 EIIN=136256 ...     [CAPTCHA] Attempt 1: solved="6912" — submitting...
    [CAPTCHA] Attempt 1: captcha OK but no result for this EIIN/year
NO RESULT
[1020/1646] SSC 2014 EIIN=136256 ...     [CAPTCHA] Attempt 1: solved="7682" — submitting...
    [CAPTCHA] Attempt 1: captcha OK but no result for this EIIN/year
NO RESULT
[1021/1646] SSC 2015 EIIN=136256 ...     [CAPTCHA] Attempt 1: solved="4080" — submitting...
    [CAPTCHA] Attempt 1: ✗ MISMATCH (server: Could not validate your provided Security Key / CAPTCHA. Please check and try again.) — reloading
    [CAPTCHA] Attempt 2: solved="8558" — submitting...
    [CAPTCHA] Attempt 2: captcha OK but no result for this EIIN/year
NO RESULT
[1022/1646] SSC 2016 EIIN=136256 ...     [CAPTCHA] Attempt 1: solved="4847" — submitting...
    [CAPTCHA] Attempt 1: captcha OK but no result for this EIIN/year
NO RESULT
[1023/1646] SSC 2017 EIIN=136256 ...     [CAPTCHA] Attempt 1: solver returned "57" (invalid length=2) — reloading
    [CAPTCHA] Attempt 2: solved="9114" — submitting...
    [CAPTCHA] Attempt 2: ✗ MISMATCH (server: Could not validate your provided Security Key / CAPTCHA. Please check and try again.) — reloading
    [CAPTCHA] Attempt 3: solved="7443" — submitting...
    [CAPTCHA] Attempt 3: ✗ MISMATCH (server: Could not validate your provided Security Key / CAPTCHA. Please check and try again.) — reloading
    [CAPTCHA] Attempt 4: solved="2447" — submitting...
    [CAPTCHA] Attempt 4: ✗ MISMATCH (server: Could not validate your provided Security Key / CAPTCHA. Please check and try again.) — reloading
    [CAPTCHA] Attempt 5: solved="1640" — submitting...
    [CAPTCHA] Attempt 5: ✗ MISMATCH (server: Could not validate your provided Security Key / CAPTCHA. Please check and try again.) — reloading
    [CAPTCHA] Attempt 6: solved="9082" — submitting...
    [CAPTCHA] Attempt 6: captcha OK but no result for this EIIN/year
NO RESULT
[1024/1646] SSC 2011 EIIN=138424 ...     [CAPTCHA] Attempt 1: solved="1281" — submitting...
    [CAPTCHA] Attempt 1: ✗ MISMATCH (server: Could not validate your provided Security Key / CAPTCHA. Please check and try again.) — reloading
    [CAPTCHA] Attempt 2: solved="9102" — submitting...
    [CAPTCHA] Attempt 2: captcha OK but no result for this EIIN/year
NO RESULT
[1025/1646] SSC 2012 EIIN=138424 ...     [CAPTCHA] Attempt 1: solved="0334" — submitting...
    [CAPTCHA] Attempt 1: ✗ MISMATCH (server: Could not validate your provided Security Key / CAPTCHA. Please check and try again.) — reloading
    [CAPTCHA] Attempt 2: solved="6036" — submitting...
    [CAPTCHA] Attempt 2: ✗ MISMATCH (server: Could not validate your provided Security Key / CAPTCHA. Please check and try again.) — reloading
    [CAPTCHA] Attempt 3: solved="3095" — submitting...
    [CAPTCHA] Attempt 3: captcha OK but no result for this EIIN/year
NO RESULT
[1026/1646] SSC 2013 EIIN=138424 ...     [CAPTCHA] Attempt 1: solved="3613" — submitting...
    [CAPTCHA] Attempt 1: captcha OK but no result for this EIIN/year
NO RESULT
[1027/1646] SSC 2014 EIIN=138424 ...     [CAPTCHA] Attempt 1: solver returned "(empty)" (invalid length=0) — reloading
    [CAPTCHA] Attempt 2: solver returned "(empty)" (invalid length=0) — reloading
    [CAPTCHA] Attempt 3: solved="1138" — submitting...
    [CAPTCHA] Attempt 3: ✗ MISMATCH (server: Could not validate your provided Security Key / CAPTCHA. Please check and try again.) — reloading
    [CAPTCHA] Attempt 4: solved="4882" — submitting...
    [CAPTCHA] Attempt 4: captcha OK but no result for this EIIN/year
NO RESULT
[1028/1646] SSC 2015 EIIN=138424 ...     [CAPTCHA] Attempt 1: solver returned "(empty)" (invalid length=0) — reloading
    [CAPTCHA] Attempt 2: solved="6101" — submitting...
    [CAPTCHA] Attempt 2: captcha OK but no result for this EIIN/year
NO RESULT
[1029/1646] SSC 2016 EIIN=138424 ...     [CAPTCHA] Attempt 1: solver returned "(empty)" (invalid length=0) — reloading
    [CAPTCHA] Attempt 2: solved="2485" — submitting...
    [CAPTCHA] Attempt 2: captcha OK but no result for this EIIN/year
NO RESULT
[1030/1646] SSC 2017 EIIN=138424 ...     [CAPTCHA] Attempt 1: solved="1148" — submitting...
    [CAPTCHA] Attempt 1: ✗ MISMATCH (server: Could not validate your provided Security Key / CAPTCHA. Please check and try again.) — reloading
    [CAPTCHA] Attempt 2: solved="1811" — submitting...
    [CAPTCHA] Attempt 2: ✗ MISMATCH (server: Could not validate your provided Security Key / CAPTCHA. Please check and try again.) — reloading
    [CAPTCHA] Attempt 3: solved="8798" — submitting...
    [CAPTCHA] Attempt 3: captcha OK but no result for this EIIN/year
NO RESULT
[1031/1646] SSC 2018 EIIN=138424 ...     [CAPTCHA] Attempt 1: solved="9123" — submitting...
    [CAPTCHA] Attempt 1: captcha OK but no result for this EIIN/year
NO RESULT
[1032/1646] SSC 2019 EIIN=138424 ...     [CAPTCHA] Attempt 1: solved="7927" — submitting...
    [CAPTCHA] Attempt 1: captcha OK but no result for this EIIN/year
NO RESULT
[1033/1646] SSC 2020 EIIN=138424 ...     [CAPTCHA] Attempt 1: solved="5571" — submitting...
    [CAPTCHA] Attempt 1: ✗ MISMATCH (server: Could not validate your provided Security Key / CAPTCHA. Please check and try again.) — reloading
    [CAPTCHA] Attempt 2: solved="8435" — submitting...
    [CAPTCHA] Attempt 2: ✗ MISMATCH (server: Could not validate your provided Security Key / CAPTCHA. Please check and try again.) — reloading
    [CAPTCHA] Attempt 3: solved="4882" — submitting...
    [CAPTCHA] Attempt 3: captcha OK but no result for this EIIN/year
NO RESULT
[1034/1646] SSC 2021 EIIN=138424 ...     [CAPTCHA] Attempt 1: solved="9886" — submitting...
    [CAPTCHA] Attempt 1: ✗ MISMATCH (server: Could not validate your provided Security Key / CAPTCHA. Please check and try again.) — reloading
    [CAPTCHA] Attempt 2: solved="2532" — submitting...
    [CAPTCHA] Attempt 2: captcha OK but no result for this EIIN/year
NO RESULT
[1035/1646] SSC 2022 EIIN=138424 ...     [CAPTCHA] Attempt 1: solver returned "(empty)" (invalid length=0) — reloading
    [CAPTCHA] Attempt 2: solved="1632" — submitting...
    [CAPTCHA] Attempt 2: ✗ MISMATCH (server: Could not validate your provided Security Key / CAPTCHA. Please check and try again.) — reloading
    [CAPTCHA] Attempt 3: solver returned "(empty)" (invalid length=0) — reloading
    [CAPTCHA] Attempt 4: solved="4111" — submitting...
    [CAPTCHA] Attempt 4: captcha OK but no result for this EIIN/year
NO RESULT
[1036/1646] SSC 2023 EIIN=138424 ...     [CAPTCHA] Attempt 1: solved="1787" — submitting...
    [CAPTCHA] Attempt 1: captcha OK but no result for this EIIN/year
NO RESULT
[1037/1646] SSC 2024 EIIN=138424 ...     [CAPTCHA] Attempt 1: solved="9708" — submitting...
    [CAPTCHA] Attempt 1: ✗ MISMATCH (server: Could not validate your provided Security Key / CAPTCHA. Please check and try again.) — reloading
    [CAPTCHA] Attempt 2: solved="4019" — submitting...
    [CAPTCHA] Attempt 2: ✗ MISMATCH (server: Could not validate your provided Security Key / CAPTCHA. Please check and try again.) — reloading
    [CAPTCHA] Attempt 3: solved="9444" — submitting...
    [CAPTCHA] Attempt 3: captcha OK but no result for this EIIN/year
NO RESULT
[1038/1646] SSC 2025 EIIN=138424 ...     [CAPTCHA] Attempt 1: solved="6443" — submitting...
    [CAPTCHA] Attempt 1: ✗ MISMATCH (server: Could not validate your provided Security Key / CAPTCHA. Please check and try again.) — reloading
    [CAPTCHA] Attempt 2: solver returned "(empty)" (invalid length=0) — reloading
    [CAPTCHA] Attempt 3: solved="3140" — submitting...
    [CAPTCHA] Attempt 3: ✗ MISMATCH (server: Could not validate your provided Security Key / CAPTCHA. Please check and try again.) — reloading
    [CAPTCHA] Attempt 4: solved="5401" — submitting...
    [CAPTCHA] Attempt 4: ✗ MISMATCH (server: Could not validate your provided Security Key / CAPTCHA. Please check and try again.) — reloading
    [CAPTCHA] Attempt 5: solver returned "6" (invalid length=1) — reloading
    [CAPTCHA] Attempt 6: solved="1825" — submitting...
    [CAPTCHA] Attempt 6: ✗ MISMATCH (server: Could not validate your provided Security Key / CAPTCHA. Please check and try again.) — reloading
    [CAPTCHA] Attempt 7: solved="1814" — submitting...
    [CAPTCHA] Attempt 7: captcha OK but no result for this EIIN/year
NO RESULT
[1039/1646] SSC 2011 EIIN=108553 ...     [CAPTCHA] Attempt 1: solved="1402" — submitting...
    [CAPTCHA] Attempt 1: captcha OK but no result for this EIIN/year
NO RESULT
[1040/1646] SSC 2012 EIIN=108553 ...     [CAPTCHA] Attempt 1: solver returned "(empty)" (invalid length=0) — reloading
    [CAPTCHA] Attempt 2: solver returned "26" (invalid length=2) — reloading
    [CAPTCHA] Attempt 3: solved="1861" — submitting...
    [CAPTCHA] Attempt 3: ✗ MISMATCH (server: Could not validate your provided Security Key / CAPTCHA. Please check and try again.) — reloading
    [CAPTCHA] Attempt 4: solver returned "(empty)" (invalid length=0) — reloading
    [CAPTCHA] Attempt 5: solver returned "(empty)" (invalid length=0) — reloading
    [CAPTCHA] Attempt 6: solved="7868" — submitting...
    [CAPTCHA] Attempt 6: captcha OK but no result for this EIIN/year
NO RESULT
[1041/1646] SSC 2013 EIIN=108553 ...     [CAPTCHA] Attempt 1: solved="8377" — submitting...
    [CAPTCHA] Attempt 1: captcha OK but no result for this EIIN/year
NO RESULT
[1042/1646] SSC 2014 EIIN=108553 ...     [CAPTCHA] Attempt 1: solved="5341" — submitting...
    [CAPTCHA] Attempt 1: captcha OK but no result for this EIIN/year
NO RESULT
[1043/1646] SSC 2015 EIIN=108553 ...     [CAPTCHA] Attempt 1: solved="3310" — submitting...
    [CAPTCHA] Attempt 1: ✗ MISMATCH (server: Could not validate your provided Security Key / CAPTCHA. Please check and try again.) — reloading
    [CAPTCHA] Attempt 2: solver returned "(empty)" (invalid length=0) — reloading
    [CAPTCHA] Attempt 3: solved="2695" — submitting...
    [CAPTCHA] Attempt 3: captcha OK but no result for this EIIN/year
NO RESULT
[1044/1646] SSC 2016 EIIN=108553 ...     [CAPTCHA] Attempt 1: solver returned "(empty)" (invalid length=0) — reloading
    [CAPTCHA] Attempt 2: solved="7909" — submitting...
    [CAPTCHA] Attempt 2: ✗ MISMATCH (server: Could not validate your provided Security Key / CAPTCHA. Please check and try again.) — reloading
    [CAPTCHA] Attempt 3: solved="9406" — submitting...
    [CAPTCHA] Attempt 3: captcha OK but no result for this EIIN/year
NO RESULT
[1045/1646] SSC 2017 EIIN=108553 ...     [CAPTCHA] Attempt 1: solved="6336" — submitting...
    [CAPTCHA] Attempt 1: ✗ MISMATCH (server: Could not validate your provided Security Key / CAPTCHA. Please check and try again.) — reloading
    [CAPTCHA] Attempt 2: solved="2412" — submitting...
    [CAPTCHA] Attempt 2: ✗ MISMATCH (server: Could not validate your provided Security Key / CAPTCHA. Please check and try again.) — reloading
    [CAPTCHA] Attempt 3: solved="0423" — submitting...
    [CAPTCHA] Attempt 3: ✗ MISMATCH (server: Could not validate your provided Security Key / CAPTCHA. Please check and try again.) — reloading
    [CAPTCHA] Attempt 4: solver returned "(empty)" (invalid length=0) — reloading
    [CAPTCHA] Attempt 5: solved="2113" — submitting...
    [CAPTCHA] Attempt 5: captcha OK but no result for this EIIN/year
NO RESULT
[1046/1646] SSC 2018 EIIN=108553 ...     [CAPTCHA] Attempt 1: solved="4146" — submitting...
    [CAPTCHA] Attempt 1: ✗ MISMATCH (server: Could not validate your provided Security Key / CAPTCHA. Please check and try again.) — reloading
    [CAPTCHA] Attempt 2: solver returned "(empty)" (invalid length=0) — reloading
    [CAPTCHA] Attempt 3: solved="4543" — submitting...
    [CAPTCHA] Attempt 3: ✗ MISMATCH (server: Could not validate your provided Security Key / CAPTCHA. Please check and try again.) — reloading
    [CAPTCHA] Attempt 4: solved="5388" — submitting...
    [CAPTCHA] Attempt 4: ✗ MISMATCH (server: Could not validate your provided Security Key / CAPTCHA. Please check and try again.) — reloading
    [CAPTCHA] Attempt 5: solved="6746" — submitting...
    [CAPTCHA] Attempt 5: captcha OK but no result for this EIIN/year
NO RESULT
[1047/1646] SSC 2019 EIIN=108553 ...     [CAPTCHA] Attempt 1: solved="9388" — submitting...
    [CAPTCHA] Attempt 1: ✗ MISMATCH (server: Could not validate your provided Security Key / CAPTCHA. Please check and try again.) — reloading
    [CAPTCHA] Attempt 2: solved="5509" — submitting...
    [CAPTCHA] Attempt 2: ✗ MISMATCH (server: Could not validate your provided Security Key / CAPTCHA. Please check and try again.) — reloading
    [CAPTCHA] Attempt 3: solver returned "(empty)" (invalid length=0) — reloading
    [CAPTCHA] Attempt 4: solved="7330" — submitting...
    [CAPTCHA] Attempt 4: captcha OK but no result for this EIIN/year
NO RESULT
[1048/1646] SSC 2011 EIIN=134221 ...     [CAPTCHA] Attempt 1: solved="8617" — submitting...
    [CAPTCHA] Attempt 1: captcha OK but no result for this EIIN/year
NO RESULT
[1049/1646] SSC 2012 EIIN=134221 ...     [CAPTCHA] Attempt 1: solved="5148" — submitting...
    [CAPTCHA] Attempt 1: captcha OK but no result for this EIIN/year
NO RESULT
[1050/1646] SSC 2013 EIIN=134221 ...     [CAPTCHA] Attempt 1: solved="4705" — submitting...
    [CAPTCHA] Attempt 1: captcha OK but no result for this EIIN/year
NO RESULT
[1051/1646] SSC 2014 EIIN=134221 ...     [CAPTCHA] Attempt 1: solved="9102" — submitting...
    [CAPTCHA] Attempt 1: captcha OK but no result for this EIIN/year
NO RESULT
[1052/1646] SSC 2011 EIIN=134006 ...     [CAPTCHA] Attempt 1: solver returned "(empty)" (invalid length=0) — reloading
    [CAPTCHA] Attempt 2: solver returned "(empty)" (invalid length=0) — reloading
    [CAPTCHA] Attempt 3: solved="6879" — submitting...
    [CAPTCHA] Attempt 3: captcha OK but no result for this EIIN/year
NO RESULT
[1053/1646] SSC 2012 EIIN=134006 ...     [CAPTCHA] Attempt 1: solved="4214" — submitting...
    [CAPTCHA] Attempt 1: captcha OK but no result for this EIIN/year
NO RESULT
[1054/1646] SSC 2013 EIIN=134006 ...     [CAPTCHA] Attempt 1: solved="6289" — submitting...
    [CAPTCHA] Attempt 1: ✗ MISMATCH (server: Could not validate your provided Security Key / CAPTCHA. Please check and try again.) — reloading
    [CAPTCHA] Attempt 2: solved="1784" — submitting...
    [CAPTCHA] Attempt 2: ✗ MISMATCH (server: Could not validate your provided Security Key / CAPTCHA. Please check and try again.) — reloading
    [CAPTCHA] Attempt 3: solver returned "(empty)" (invalid length=0) — reloading
    [CAPTCHA] Attempt 4: solved="7798" — submitting...
    [CAPTCHA] Attempt 4: captcha OK but no result for this EIIN/year
NO RESULT
[1055/1646] SSC 2014 EIIN=134006 ...     [CAPTCHA] Attempt 1: solved="4407" — submitting...
    [CAPTCHA] Attempt 1: captcha OK but no result for this EIIN/year
NO RESULT
[1056/1646] SSC 2015 EIIN=134006 ...     [CAPTCHA] Attempt 1: solved="6826" — submitting...
    [CAPTCHA] Attempt 1: captcha OK but no result for this EIIN/year
NO RESULT
[1057/1646] SSC 2016 EIIN=134006 ...     [CAPTCHA] Attempt 1: solved="0684" — submitting...
    [CAPTCHA] Attempt 1: ✗ MISMATCH (server: Could not validate your provided Security Key / CAPTCHA. Please check and try again.) — reloading
    [CAPTCHA] Attempt 2: solved="6584" — submitting...
    [CAPTCHA] Attempt 2: ✗ MISMATCH (server: Could not validate your provided Security Key / CAPTCHA. Please check and try again.) — reloading
    [CAPTCHA] Attempt 3: solved="3857" — submitting...
    [CAPTCHA] Attempt 3: ✗ MISMATCH (server: Could not validate your provided Security Key / CAPTCHA. Please check and try again.) — reloading
    [CAPTCHA] Attempt 4: solver returned "(empty)" (invalid length=0) — reloading
    [CAPTCHA] Attempt 5: solver returned "(empty)" (invalid length=0) — reloading
    [CAPTCHA] Attempt 6: solver returned "44" (invalid length=2) — reloading
    [CAPTCHA] Attempt 7: solved="6144" — submitting...
    [CAPTCHA] Attempt 7: ✗ MISMATCH (server: Could not validate your provided Security Key / CAPTCHA. Please check and try again.) — reloading
    [CAPTCHA] Attempt 8: solved="0077" — submitting...
    [CAPTCHA] Attempt 8: ✗ MISMATCH (server: Could not validate your provided Security Key / CAPTCHA. Please check and try again.) — reloading
    [CAPTCHA] Attempt 9: solved="6603" — submitting...
    [CAPTCHA] Attempt 9: ✗ MISMATCH (server: Could not validate your provided Security Key / CAPTCHA. Please check and try again.) — reloading
    [CAPTCHA] Attempt 10: solver returned "(empty)" (invalid length=0) — reloading
    [CAPTCHA] Attempt 11: solved="2834" — submitting...
    [CAPTCHA] Attempt 11: captcha OK but no result for this EIIN/year
NO RESULT
[1058/1646] SSC 2020 EIIN=131524 ...     [CAPTCHA] Attempt 1: solved="7721" — submitting...
    [CAPTCHA] Attempt 1: ✗ MISMATCH (server: Could not validate your provided Security Key / CAPTCHA. Please check and try again.) — reloading
    [CAPTCHA] Attempt 2: solver returned "(empty)" (invalid length=0) — reloading
    [CAPTCHA] Attempt 3: solved="4494" — submitting...
    [CAPTCHA] Attempt 3: ✗ MISMATCH (server: Could not validate your provided Security Key / CAPTCHA. Please check and try again.) — reloading
    [CAPTCHA] Attempt 4: solved="1335" — submitting...
    [CAPTCHA] Attempt 4: ✗ MISMATCH (server: Could not validate your provided Security Key / CAPTCHA. Please check and try again.) — reloading
    [CAPTCHA] Attempt 5: solved="3620" — submitting...
    [CAPTCHA] Attempt 5: ✗ MISMATCH (server: Could not validate your provided Security Key / CAPTCHA. Please check and try again.) — reloading
    [CAPTCHA] Attempt 6: solved="8433" — submitting...
    [CAPTCHA] Attempt 6: ✗ MISMATCH (server: Could not validate your provided Security Key / CAPTCHA. Please check and try again.) — reloading
    [CAPTCHA] Attempt 7: solved="3327" — submitting...
    [CAPTCHA] Attempt 7: ✗ MISMATCH (server: Could not validate your provided Security Key / CAPTCHA. Please check and try again.) — reloading
    [CAPTCHA] Attempt 8: solved="5899" — submitting...
    [CAPTCHA] Attempt 8: ✗ MISMATCH (server: Could not validate your provided Security Key / CAPTCHA. Please check and try again.) — reloading
    [CAPTCHA] Attempt 9: solved="9008" — submitting...
    [CAPTCHA] Attempt 9: captcha OK but no result for this EIIN/year
NO RESULT
[1059/1646] SSC 2021 EIIN=131524 ...     [CAPTCHA] Attempt 1: solved="8014" — submitting...
    [CAPTCHA] Attempt 1: ✗ MISMATCH (server: Could not validate your provided Security Key / CAPTCHA. Please check and try again.) — reloading
    [CAPTCHA] Attempt 2: solved="1617" — submitting...
    [CAPTCHA] Attempt 2: captcha OK but no result for this EIIN/year
NO RESULT
[1060/1646] SSC 2022 EIIN=131524 ...     [CAPTCHA] Attempt 1: solved="6126" — submitting...
    [CAPTCHA] Attempt 1: ✗ MISMATCH (server: Could not validate your provided Security Key / CAPTCHA. Please check and try again.) — reloading
    [CAPTCHA] Attempt 2: solved="2023" — submitting...
    [CAPTCHA] Attempt 2: ✗ MISMATCH (server: Could not validate your provided Security Key / CAPTCHA. Please check and try again.) — reloading
    [CAPTCHA] Attempt 3: solved="1462" — submitting...
    [CAPTCHA] Attempt 3: captcha OK but no result for this EIIN/year
NO RESULT
[1061/1646] SSC 2023 EIIN=131524 ...     [CAPTCHA] Attempt 1: solver returned "(empty)" (invalid length=0) — reloading
    [CAPTCHA] Attempt 2: solved="5195" — submitting...
    [CAPTCHA] Attempt 2: captcha OK but no result for this EIIN/year
NO RESULT
[1062/1646] SSC 2024 EIIN=131524 ...     [CAPTCHA] Attempt 1: solved="7344" — submitting...
    [CAPTCHA] Attempt 1: ✗ MISMATCH (server: Could not validate your provided Security Key / CAPTCHA. Please check and try again.) — reloading
    [CAPTCHA] Attempt 2: solved="4487" — submitting...
    [CAPTCHA] Attempt 2: ✗ MISMATCH (server: Could not validate your provided Security Key / CAPTCHA. Please check and try again.) — reloading
    [CAPTCHA] Attempt 3: solved="3614" — submitting...
    [CAPTCHA] Attempt 3: ✗ MISMATCH (server: Could not validate your provided Security Key / CAPTCHA. Please check and try again.) — reloading
    [CAPTCHA] Attempt 4: solved="8425" — submitting...
    [CAPTCHA] Attempt 4: captcha OK but no result for this EIIN/year
NO RESULT
[1063/1646] SSC 2025 EIIN=131524 ...     [CAPTCHA] Attempt 1: solved="8181" — submitting...
    [CAPTCHA] Attempt 1: ✗ MISMATCH (server: Could not validate your provided Security Key / CAPTCHA. Please check and try again.) — reloading
    [CAPTCHA] Attempt 2: solved="5784" — submitting...
    [CAPTCHA] Attempt 2: captcha OK but no result for this EIIN/year
NO RESULT
[1064/1646] SSC 2026 EIIN=131524 ...     [CAPTCHA] Attempt 1: solved="1399" — submitting...
    [CAPTCHA] Attempt 1: ✗ MISMATCH (server: Could not validate your provided Security Key / CAPTCHA. Please check and try again.) — reloading
    [CAPTCHA] Attempt 2: solved="7010" — submitting...
    [CAPTCHA] Attempt 2: ✗ MISMATCH (server: Could not validate your provided Security Key / CAPTCHA. Please check and try again.) — reloading
    [CAPTCHA] Attempt 3: solver returned "(empty)" (invalid length=0) — reloading
    [CAPTCHA] Attempt 4: solved="1959" — submitting...
    [CAPTCHA] Attempt 4: captcha OK but no result for this EIIN/year
NO RESULT
[1065/1646] SSC 2011 EIIN=134173 ...     [CAPTCHA] Attempt 1: solved="8506" — submitting...
    [CAPTCHA] Attempt 1: captcha OK but no result for this EIIN/year
NO RESULT
[1066/1646] JSC 2011 EIIN=135273 ...     [CAPTCHA] Attempt 1: solved="1196" — submitting...
    [CAPTCHA] Attempt 1: ✗ MISMATCH (server: Could not validate your provided Security Key / CAPTCHA. Please check and try again.) — reloading
    [CAPTCHA] Attempt 2: solved="6529" — submitting...
    [CAPTCHA] Attempt 2: ✗ MISMATCH (server: Could not validate your provided Security Key / CAPTCHA. Please check and try again.) — reloading
    [CAPTCHA] Attempt 3: solved="1720" — submitting...
    [CAPTCHA] Attempt 3: ✗ MISMATCH (server: Could not validate your provided Security Key / CAPTCHA. Please check and try again.) — reloading
    [CAPTCHA] Attempt 4: solved="9757" — submitting...
    [CAPTCHA] Attempt 4: ✗ MISMATCH (server: Could not validate your provided Security Key / CAPTCHA. Please check and try again.) — reloading
    [CAPTCHA] Attempt 5: solved="5427" — submitting...
    [CAPTCHA] Attempt 5: ✗ MISMATCH (server: Could not validate your provided Security Key / CAPTCHA. Please check and try again.) — reloading
    [CAPTCHA] Attempt 6: solved="2961" — submitting...
    [CAPTCHA] Attempt 6: captcha OK but no result for this EIIN/year
NO RESULT
[1067/1646] JSC 2011 EIIN=136572 ...     [CAPTCHA] Attempt 1: solved="5432" — submitting...
    [CAPTCHA] Attempt 1: captcha OK but no result for this EIIN/year
NO RESULT
[1068/1646] JSC 2012 EIIN=136572 ...     [CAPTCHA] Attempt 1: solved="1770" — submitting...
    [CAPTCHA] Attempt 1: ✗ MISMATCH (server: Could not validate your provided Security Key / CAPTCHA. Please check and try again.) — reloading
    [CAPTCHA] Attempt 2: solved="0677" — submitting...
    [CAPTCHA] Attempt 2: ✗ MISMATCH (server: Could not validate your provided Security Key / CAPTCHA. Please check and try again.) — reloading
    [CAPTCHA] Attempt 3: solved="8751" — submitting...
    [CAPTCHA] Attempt 3: ✗ MISMATCH (server: Could not validate your provided Security Key / CAPTCHA. Please check and try again.) — reloading
    [CAPTCHA] Attempt 4: solver returned "(empty)" (invalid length=0) — reloading
    [CAPTCHA] Attempt 5: solved="6998" — submitting...
    [CAPTCHA] Attempt 5: captcha OK but no result for this EIIN/year
NO RESULT
[1069/1646] JSC 2013 EIIN=136572 ...     [CAPTCHA] Attempt 1: solved="8002" — submitting...
    [CAPTCHA] Attempt 1: ✗ MISMATCH (server: Could not validate your provided Security Key / CAPTCHA. Please check and try again.) — reloading
    [CAPTCHA] Attempt 2: solved="3155" — submitting...
    [CAPTCHA] Attempt 2: captcha OK but no result for this EIIN/year
NO RESULT
[1070/1646] JSC 2011 EIIN=136992 ...     [CAPTCHA] Attempt 1: solved="6231" — submitting...
    [CAPTCHA] Attempt 1: captcha OK but no result for this EIIN/year
NO RESULT
[1071/1646] JSC 2012 EIIN=136992 ...     [CAPTCHA] Attempt 1: solved="5611" — submitting...
    [CAPTCHA] Attempt 1: captcha OK but no result for this EIIN/year
NO RESULT
[1072/1646] JSC 2013 EIIN=136992 ...     [CAPTCHA] Attempt 1: solved="9680" — submitting...
    [CAPTCHA] Attempt 1: captcha OK but no result for this EIIN/year
NO RESULT
[1073/1646] JSC 2014 EIIN=136992 ...     [CAPTCHA] Attempt 1: solved="1034" — submitting...
    [CAPTCHA] Attempt 1: captcha OK but no result for this EIIN/year
NO RESULT
[1074/1646] JSC 2011 EIIN=136582 ...     [CAPTCHA] Attempt 1: solved="5797" — submitting...
    [CAPTCHA] Attempt 1: captcha OK but no result for this EIIN/year
NO RESULT
[1075/1646] JSC 2012 EIIN=136582 ...     [CAPTCHA] Attempt 1: solver returned "(empty)" (invalid length=0) — reloading
    [CAPTCHA] Attempt 2: solved="3475" — submitting...
    [CAPTCHA] Attempt 2: captcha OK but no result for this EIIN/year
NO RESULT
[1076/1646] JSC 2013 EIIN=136582 ...     [CAPTCHA] Attempt 1: solved="1901" — submitting...
    [CAPTCHA] Attempt 1: ✗ MISMATCH (server: Could not validate your provided Security Key / CAPTCHA. Please check and try again.) — reloading
    [CAPTCHA] Attempt 2: solved="3605" — submitting...
    [CAPTCHA] Attempt 2: captcha OK but no result for this EIIN/year
NO RESULT
[1077/1646] JSC 2011 EIIN=136503 ...     [CAPTCHA] Attempt 1: solver returned "(empty)" (invalid length=0) — reloading
    [CAPTCHA] Attempt 2: solved="5895" — submitting...
    [CAPTCHA] Attempt 2: captcha OK but no result for this EIIN/year
NO RESULT
[1078/1646] JSC 2012 EIIN=136503 ...     [CAPTCHA] Attempt 1: solved="4748" — submitting...
    [CAPTCHA] Attempt 1: ✗ MISMATCH (server: Could not validate your provided Security Key / CAPTCHA. Please check and try again.) — reloading
    [CAPTCHA] Attempt 2: solved="6358" — submitting...
    [CAPTCHA] Attempt 2: ✗ MISMATCH (server: Could not validate your provided Security Key / CAPTCHA. Please check and try again.) — reloading
    [CAPTCHA] Attempt 3: solver returned "(empty)" (invalid length=0) — reloading
    [CAPTCHA] Attempt 4: solved="4921" — submitting...
    [CAPTCHA] Attempt 4: ✗ MISMATCH (server: Could not validate your provided Security Key / CAPTCHA. Please check and try again.) — reloading
    [CAPTCHA] Attempt 5: solved="8071" — submitting...
    [CAPTCHA] Attempt 5: captcha OK but no result for this EIIN/year
NO RESULT
[1079/1646] JSC 2013 EIIN=136503 ...     [CAPTCHA] Attempt 1: solved="4635" — submitting...
    [CAPTCHA] Attempt 1: captcha OK but no result for this EIIN/year
NO RESULT
[1080/1646] JSC 2011 EIIN=136991 ...     [CAPTCHA] Attempt 1: solver returned "(empty)" (invalid length=0) — reloading
    [CAPTCHA] Attempt 2: solved="4316" — submitting...
    [CAPTCHA] Attempt 2: captcha OK but no result for this EIIN/year
NO RESULT
[1081/1646] JSC 2012 EIIN=136991 ...     [CAPTCHA] Attempt 1: solved="3442" — submitting...
    [CAPTCHA] Attempt 1: captcha OK but no result for this EIIN/year
NO RESULT
[1082/1646] JSC 2013 EIIN=136991 ...     [CAPTCHA] Attempt 1: solved="2199" — submitting...
    [CAPTCHA] Attempt 1: captcha OK but no result for this EIIN/year
NO RESULT
[1083/1646] JSC 2014 EIIN=136991 ...     [CAPTCHA] Attempt 1: solved="1862" — submitting...
    [CAPTCHA] Attempt 1: captcha OK but no result for this EIIN/year
NO RESULT
[1084/1646] JSC 2011 EIIN=137730 ...     [CAPTCHA] Attempt 1: solved="2415" — submitting...
    [CAPTCHA] Attempt 1: ✗ MISMATCH (server: Could not validate your provided Security Key / CAPTCHA. Please check and try again.) — reloading
    [CAPTCHA] Attempt 2: solved="1512" — submitting...
    [CAPTCHA] Attempt 2: ✗ MISMATCH (server: Could not validate your provided Security Key / CAPTCHA. Please check and try again.) — reloading
    [CAPTCHA] Attempt 3: solver returned "(empty)" (invalid length=0) — reloading
    [CAPTCHA] Attempt 4: solved="2124" — submitting...
    [CAPTCHA] Attempt 4: captcha OK but no result for this EIIN/year
NO RESULT
[1085/1646] JSC 2012 EIIN=137730 ...     [CAPTCHA] Attempt 1: solved="9700" — submitting...
    [CAPTCHA] Attempt 1: captcha OK but no result for this EIIN/year
NO RESULT
[1086/1646] JSC 2013 EIIN=137730 ...     [CAPTCHA] Attempt 1: solver returned "(empty)" (invalid length=0) — reloading
    [CAPTCHA] Attempt 2: solver returned "445" (invalid length=3) — reloading
    [CAPTCHA] Attempt 3: solved="4152" — submitting...
    [CAPTCHA] Attempt 3: captcha OK but no result for this EIIN/year
NO RESULT
[1087/1646] JSC 2014 EIIN=137730 ...     [CAPTCHA] Attempt 1: solved="1333" — submitting...
    [CAPTCHA] Attempt 1: captcha OK but no result for this EIIN/year
NO RESULT
[1088/1646] JSC 2015 EIIN=137730 ...     [CAPTCHA] Attempt 1: solved="6307" — submitting...
    [CAPTCHA] Attempt 1: captcha OK but no result for this EIIN/year
NO RESULT
[1089/1646] JSC 2011 EIIN=136993 ...     [CAPTCHA] Attempt 1: solved="8880" — submitting...
    [CAPTCHA] Attempt 1: ✗ MISMATCH (server: Could not validate your provided Security Key / CAPTCHA. Please check and try again.) — reloading
    [CAPTCHA] Attempt 2: solver returned "(empty)" (invalid length=0) — reloading
    [CAPTCHA] Attempt 3: solved="4140" — submitting...
    [CAPTCHA] Attempt 3: captcha OK but no result for this EIIN/year
NO RESULT
[1090/1646] JSC 2012 EIIN=136993 ...     [CAPTCHA] Attempt 1: solved="1111" — submitting...
    [CAPTCHA] Attempt 1: ✗ MISMATCH (server: Could not validate your provided Security Key / CAPTCHA. Please check and try again.) — reloading
    [CAPTCHA] Attempt 2: solved="1200" — submitting...
    [CAPTCHA] Attempt 2: ✗ MISMATCH (server: Could not validate your provided Security Key / CAPTCHA. Please check and try again.) — reloading
    [CAPTCHA] Attempt 3: solved="0790" — submitting...
    [CAPTCHA] Attempt 3: ✗ MISMATCH (server: Could not validate your provided Security Key / CAPTCHA. Please check and try again.) — reloading
    [CAPTCHA] Attempt 4: solver returned "(empty)" (invalid length=0) — reloading
    [CAPTCHA] Attempt 5: solved="4597" — submitting...
    [CAPTCHA] Attempt 5: ✗ MISMATCH (server: Could not validate your provided Security Key / CAPTCHA. Please check and try again.) — reloading
    [CAPTCHA] Attempt 6: solved="3197" — submitting...
    [CAPTCHA] Attempt 6: ✗ MISMATCH (server: Could not validate your provided Security Key / CAPTCHA. Please check and try again.) — reloading
    [CAPTCHA] Attempt 7: solved="4591" — submitting...
    [CAPTCHA] Attempt 7: ✗ MISMATCH (server: Could not validate your provided Security Key / CAPTCHA. Please check and try again.) — reloading
    [CAPTCHA] Attempt 8: solved="4546" — submitting...
    [CAPTCHA] Attempt 8: ✗ MISMATCH (server: Could not validate your provided Security Key / CAPTCHA. Please check and try again.) — reloading
    [CAPTCHA] Attempt 9: solved="8896" — submitting...
    [CAPTCHA] Attempt 9: ✗ MISMATCH (server: Could not validate your provided Security Key / CAPTCHA. Please check and try again.) — reloading
    [CAPTCHA] Attempt 10: solved="1934" — submitting...
    [CAPTCHA] Attempt 10: ✗ MISMATCH (server: Could not validate your provided Security Key / CAPTCHA. Please check and try again.) — reloading
    [CAPTCHA] Attempt 11: solver returned "(empty)" (invalid length=0) — reloading
    [CAPTCHA] Attempt 12: solver returned "(empty)" (invalid length=0) — reloading
    [CAPTCHA] Attempt 13: solved="9753" — submitting...
    [CAPTCHA] Attempt 13: captcha OK but no result for this EIIN/year
NO RESULT
[1091/1646] JSC 2013 EIIN=136993 ...     [CAPTCHA] Attempt 1: solver returned "(empty)" (invalid length=0) — reloading
    [CAPTCHA] Attempt 2: solved="1139" — submitting...
    [CAPTCHA] Attempt 2: captcha OK but no result for this EIIN/year
NO RESULT
[1092/1646] JSC 2014 EIIN=136993 ...     [CAPTCHA] Attempt 1: solved="4354" — submitting...
    [CAPTCHA] Attempt 1: ✗ MISMATCH (server: Could not validate your provided Security Key / CAPTCHA. Please check and try again.) — reloading
    [CAPTCHA] Attempt 2: solver returned "(empty)" (invalid length=0) — reloading
    [CAPTCHA] Attempt 3: solved="1720" — submitting...
    [CAPTCHA] Attempt 3: ✗ MISMATCH (server: Could not validate your provided Security Key / CAPTCHA. Please check and try again.) — reloading
    [CAPTCHA] Attempt 4: solved="1271" — submitting...
    [CAPTCHA] Attempt 4: ✗ MISMATCH (server: Could not validate your provided Security Key / CAPTCHA. Please check and try again.) — reloading
    [CAPTCHA] Attempt 5: solved="8734" — submitting...
    [CAPTCHA] Attempt 5: captcha OK but no result for this EIIN/year
NO RESULT
[1093/1646] JSC 2011 EIIN=136583 ...     [CAPTCHA] Attempt 1: solved="3826" — submitting...
    [CAPTCHA] Attempt 1: ✗ MISMATCH (server: Could not validate your provided Security Key / CAPTCHA. Please check and try again.) — reloading
    [CAPTCHA] Attempt 2: solved="4770" — submitting...
    [CAPTCHA] Attempt 2: ✗ MISMATCH (server: Could not validate your provided Security Key / CAPTCHA. Please check and try again.) — reloading
    [CAPTCHA] Attempt 3: solved="3122" — submitting...
    [CAPTCHA] Attempt 3: ✗ MISMATCH (server: Could not validate your provided Security Key / CAPTCHA. Please check and try again.) — reloading
    [CAPTCHA] Attempt 4: solved="1139" — submitting...
    [CAPTCHA] Attempt 4: captcha OK but no result for this EIIN/year
NO RESULT
[1094/1646] JSC 2012 EIIN=136583 ...     [CAPTCHA] Attempt 1: solved="8143" — submitting...
    [CAPTCHA] Attempt 1: captcha OK but no result for this EIIN/year
NO RESULT
[1095/1646] JSC 2013 EIIN=136583 ...     [CAPTCHA] Attempt 1: solver returned "(empty)" (invalid length=0) — reloading
    [CAPTCHA] Attempt 2: solved="1503" — submitting...
    [CAPTCHA] Attempt 2: ✗ MISMATCH (server: Could not validate your provided Security Key / CAPTCHA. Please check and try again.) — reloading
    [CAPTCHA] Attempt 3: solved="9952" — submitting...
    [CAPTCHA] Attempt 3: captcha OK but no result for this EIIN/year
NO RESULT
[1096/1646] JSC 2011 EIIN=138578 ...     [CAPTCHA] Attempt 1: solved="4125" — submitting...
    [CAPTCHA] Attempt 1: ✗ MISMATCH (server: Could not validate your provided Security Key / CAPTCHA. Please check and try again.) — reloading
    [CAPTCHA] Attempt 2: solved="3271" — submitting...
    [CAPTCHA] Attempt 2: captcha OK but no result for this EIIN/year
NO RESULT
[1097/1646] JSC 2012 EIIN=138578 ...     [CAPTCHA] Attempt 1: solved="1039" — submitting...
    [CAPTCHA] Attempt 1: ✗ MISMATCH (server: Could not validate your provided Security Key / CAPTCHA. Please check and try again.) — reloading
    [CAPTCHA] Attempt 2: solved="1391" — submitting...
    [CAPTCHA] Attempt 2: captcha OK but no result for this EIIN/year
NO RESULT
[1098/1646] JSC 2013 EIIN=138578 ...     [CAPTCHA] Attempt 1: solver returned "(empty)" (invalid length=0) — reloading
    [CAPTCHA] Attempt 2: solved="8383" — submitting...
    [CAPTCHA] Attempt 2: ✗ MISMATCH (server: Could not validate your provided Security Key / CAPTCHA. Please check and try again.) — reloading
    [CAPTCHA] Attempt 3: solved="9107" — submitting...
    [CAPTCHA] Attempt 3: captcha OK but no result for this EIIN/year
NO RESULT
[1099/1646] JSC 2014 EIIN=138578 ...     [CAPTCHA] Attempt 1: solver returned "(empty)" (invalid length=0) — reloading
    [CAPTCHA] Attempt 2: solver returned "(empty)" (invalid length=0) — reloading
    [CAPTCHA] Attempt 3: solved="5433" — submitting...
    [CAPTCHA] Attempt 3: captcha OK but no result for this EIIN/year
NO RESULT
[1100/1646] JSC 2015 EIIN=138578 ...     [CAPTCHA] Attempt 1: solved="7317" — submitting...
    [CAPTCHA] Attempt 1: ✗ MISMATCH (server: Could not validate your provided Security Key / CAPTCHA. Please check and try again.) — reloading
    [CAPTCHA] Attempt 2: solved="9385" — submitting...
    [CAPTCHA] Attempt 2: ✗ MISMATCH (server: Could not validate your provided Security Key / CAPTCHA. Please check and try again.) — reloading
    [CAPTCHA] Attempt 3: solved="8550" — submitting...
    [CAPTCHA] Attempt 3: captcha OK but no result for this EIIN/year
NO RESULT

─── 1100/1646 done | OK:0 FAIL:6 | ETA ≈ 263.5 min ───

[1101/1646] JSC 2016 EIIN=138578 ...     [CAPTCHA] Attempt 1: solved="7290" — submitting...
    [CAPTCHA] Attempt 1: captcha OK but no result for this EIIN/year
NO RESULT
[1102/1646] JSC 2017 EIIN=138578 ...     [CAPTCHA] Attempt 1: solved="1432" — submitting...
    [CAPTCHA] Attempt 1: captcha OK but no result for this EIIN/year
NO RESULT
[1103/1646] JSC 2018 EIIN=138578 ...     [CAPTCHA] Attempt 1: solved="9721" — submitting...
    [CAPTCHA] Attempt 1: captcha OK but no result for this EIIN/year
NO RESULT
[1104/1646] JSC 2011 EIIN=137000 ...     [CAPTCHA] Attempt 1: solved="2815" — submitting...
    [CAPTCHA] Attempt 1: ✗ MISMATCH (server: Could not validate your provided Security Key / CAPTCHA. Please check and try again.) — reloading
    [CAPTCHA] Attempt 2: solved="4751" — submitting...
    [CAPTCHA] Attempt 2: ✗ MISMATCH (server: Could not validate your provided Security Key / CAPTCHA. Please check and try again.) — reloading
    [CAPTCHA] Attempt 3: solved="1338" — submitting...
    [CAPTCHA] Attempt 3: captcha OK but no result for this EIIN/year
NO RESULT
[1105/1646] JSC 2012 EIIN=137000 ...     [CAPTCHA] Attempt 1: solved="7419" — submitting...
    [CAPTCHA] Attempt 1: ✗ MISMATCH (server: Could not validate your provided Security Key / CAPTCHA. Please check and try again.) — reloading
    [CAPTCHA] Attempt 2: solved="5794" — submitting...
    [CAPTCHA] Attempt 2: captcha OK but no result for this EIIN/year
NO RESULT
[1106/1646] JSC 2013 EIIN=137000 ...     [CAPTCHA] Attempt 1: solved="4731" — submitting...
    [CAPTCHA] Attempt 1: ✗ MISMATCH (server: Could not validate your provided Security Key / CAPTCHA. Please check and try again.) — reloading
    [CAPTCHA] Attempt 2: solved="4925" — submitting...
    [CAPTCHA] Attempt 2: ✗ MISMATCH (server: Could not validate your provided Security Key / CAPTCHA. Please check and try again.) — reloading
    [CAPTCHA] Attempt 3: solver returned "(empty)" (invalid length=0) — reloading
    [CAPTCHA] Attempt 4: solver returned "(empty)" (invalid length=0) — reloading
    [CAPTCHA] Attempt 5: solved="4443" — submitting...
    [CAPTCHA] Attempt 5: ✗ MISMATCH (server: Could not validate your provided Security Key / CAPTCHA. Please check and try again.) — reloading
    [CAPTCHA] Attempt 6: solved="9892" — submitting...
    [CAPTCHA] Attempt 6: ✗ MISMATCH (server: Could not validate your provided Security Key / CAPTCHA. Please check and try again.) — reloading
    [CAPTCHA] Attempt 7: solved="4622" — submitting...
    [CAPTCHA] Attempt 7: ✗ MISMATCH (server: Could not validate your provided Security Key / CAPTCHA. Please check and try again.) — reloading
    [CAPTCHA] Attempt 8: solved="6526" — submitting...
    [CAPTCHA] Attempt 8: captcha OK but no result for this EIIN/year
NO RESULT
[1107/1646] JSC 2014 EIIN=137000 ...     [CAPTCHA] Attempt 1: solved="4634" — submitting...
    [CAPTCHA] Attempt 1: captcha OK but no result for this EIIN/year
NO RESULT
[1108/1646] JSC 2011 EIIN=137729 ...     [CAPTCHA] Attempt 1: solver returned "(empty)" (invalid length=0) — reloading
    [CAPTCHA] Attempt 2: solved="3390" — submitting...
    [CAPTCHA] Attempt 2: ✗ MISMATCH (server: Could not validate your provided Security Key / CAPTCHA. Please check and try again.) — reloading
    [CAPTCHA] Attempt 3: solved="3903" — submitting...
    [CAPTCHA] Attempt 3: captcha OK but no result for this EIIN/year
NO RESULT
[1109/1646] JSC 2012 EIIN=137729 ...     [CAPTCHA] Attempt 1: solved="2015" — submitting...
    [CAPTCHA] Attempt 1: ✗ MISMATCH (server: Could not validate your provided Security Key / CAPTCHA. Please check and try again.) — reloading
    [CAPTCHA] Attempt 2: solved="2972" — submitting...
    [CAPTCHA] Attempt 2: captcha OK but no result for this EIIN/year
NO RESULT
[1110/1646] JSC 2013 EIIN=137729 ...     [CAPTCHA] Attempt 1: solved="3627" — submitting...
    [CAPTCHA] Attempt 1: ✗ MISMATCH (server: Could not validate your provided Security Key / CAPTCHA. Please check and try again.) — reloading
    [CAPTCHA] Attempt 2: solved="6350" — submitting...
    [CAPTCHA] Attempt 2: captcha OK but no result for this EIIN/year
NO RESULT
[1111/1646] JSC 2014 EIIN=137729 ...     [CAPTCHA] Attempt 1: solved="8300" — submitting...
    [CAPTCHA] Attempt 1: ✗ MISMATCH (server: Could not validate your provided Security Key / CAPTCHA. Please check and try again.) — reloading
    [CAPTCHA] Attempt 2: solved="5516" — submitting...
    [CAPTCHA] Attempt 2: captcha OK but no result for this EIIN/year
NO RESULT
[1112/1646] JSC 2015 EIIN=137729 ...     [CAPTCHA] Attempt 1: solved="5671" — submitting...
    [CAPTCHA] Attempt 1: captcha OK but no result for this EIIN/year
NO RESULT
[1113/1646] JSC 2011 EIIN=138186 ...     [CAPTCHA] Attempt 1: solver returned "(empty)" (invalid length=0) — reloading
    [CAPTCHA] Attempt 2: solved="8731" — submitting...
    [CAPTCHA] Attempt 2: captcha OK but no result for this EIIN/year
NO RESULT
[1114/1646] JSC 2012 EIIN=138186 ...     [CAPTCHA] Attempt 1: solver returned "445" (invalid length=3) — reloading
    [CAPTCHA] Attempt 2: solved="5161" — submitting...
    [CAPTCHA] Attempt 2: captcha OK but no result for this EIIN/year
NO RESULT
[1115/1646] JSC 2013 EIIN=138186 ...     [CAPTCHA] Attempt 1: solved="1329" — submitting...
    [CAPTCHA] Attempt 1: ✗ MISMATCH (server: Could not validate your provided Security Key / CAPTCHA. Please check and try again.) — reloading
    [CAPTCHA] Attempt 2: solved="2848" — submitting...
    [CAPTCHA] Attempt 2: captcha OK but no result for this EIIN/year
NO RESULT
[1116/1646] JSC 2014 EIIN=138186 ...     [CAPTCHA] Attempt 1: solved="2544" — submitting...
    [CAPTCHA] Attempt 1: captcha OK but no result for this EIIN/year
NO RESULT
[1117/1646] JSC 2015 EIIN=138186 ...     [CAPTCHA] Attempt 1: solved="2344" — submitting...
    [CAPTCHA] Attempt 1: ✗ MISMATCH (server: Could not validate your provided Security Key / CAPTCHA. Please check and try again.) — reloading
    [CAPTCHA] Attempt 2: solver returned "(empty)" (invalid length=0) — reloading
    [CAPTCHA] Attempt 3: solved="5941" — submitting...
    [CAPTCHA] Attempt 3: ✗ MISMATCH (server: Could not validate your provided Security Key / CAPTCHA. Please check and try again.) — reloading
    [CAPTCHA] Attempt 4: solved="6624" — submitting...
    [CAPTCHA] Attempt 4: captcha OK but no result for this EIIN/year
NO RESULT
[1118/1646] JSC 2016 EIIN=138186 ...     [CAPTCHA] Attempt 1: solver returned "(empty)" (invalid length=0) — reloading
    [CAPTCHA] Attempt 2: solver returned "(empty)" (invalid length=0) — reloading
    [CAPTCHA] Attempt 3: solved="7872" — submitting...
    [CAPTCHA] Attempt 3: ✗ MISMATCH (server: Could not validate your provided Security Key / CAPTCHA. Please check and try again.) — reloading
    [CAPTCHA] Attempt 4: solver returned "(empty)" (invalid length=0) — reloading
    [CAPTCHA] Attempt 5: solver returned "(empty)" (invalid length=0) — reloading
    [CAPTCHA] Attempt 6: solved="2144" — submitting...
    [CAPTCHA] Attempt 6: ✗ MISMATCH (server: Could not validate your provided Security Key / CAPTCHA. Please check and try again.) — reloading
    [CAPTCHA] Attempt 7: solved="1288" — submitting...
    [CAPTCHA] Attempt 7: ✗ MISMATCH (server: Could not validate your provided Security Key / CAPTCHA. Please check and try again.) — reloading
    [CAPTCHA] Attempt 8: solver returned "(empty)" (invalid length=0) — reloading
    [CAPTCHA] Attempt 9: solved="4128" — submitting...
    [CAPTCHA] Attempt 9: ✗ MISMATCH (server: Could not validate your provided Security Key / CAPTCHA. Please check and try again.) — reloading
    [CAPTCHA] Attempt 10: solved="5176" — submitting...
    [CAPTCHA] Attempt 10: captcha OK but no result for this EIIN/year
NO RESULT
[1119/1646] JSC 2017 EIIN=138186 ...     [CAPTCHA] Attempt 1: solved="5429" — submitting...
    [CAPTCHA] Attempt 1: captcha OK but no result for this EIIN/year
NO RESULT
[1120/1646] JSC 2011 EIIN=138185 ...     [CAPTCHA] Attempt 1: solved="2330" — submitting...
    [CAPTCHA] Attempt 1: ✗ MISMATCH (server: Could not validate your provided Security Key / CAPTCHA. Please check and try again.) — reloading
    [CAPTCHA] Attempt 2: solved="3191" — submitting...
    [CAPTCHA] Attempt 2: captcha OK but no result for this EIIN/year
NO RESULT
[1121/1646] JSC 2012 EIIN=138185 ...     [CAPTCHA] Attempt 1: solved="6513" — submitting...
    [CAPTCHA] Attempt 1: captcha OK but no result for this EIIN/year
NO RESULT
[1122/1646] JSC 2013 EIIN=138185 ...     [CAPTCHA] Attempt 1: solver returned "(empty)" (invalid length=0) — reloading
    [CAPTCHA] Attempt 2: solved="7610" — submitting...
    [CAPTCHA] Attempt 2: captcha OK but no result for this EIIN/year
NO RESULT
[1123/1646] JSC 2014 EIIN=138185 ...     [CAPTCHA] Attempt 1: solved="7668" — submitting...
    [CAPTCHA] Attempt 1: ✗ MISMATCH (server: Could not validate your provided Security Key / CAPTCHA. Please check and try again.) — reloading
    [CAPTCHA] Attempt 2: solved="9918" — submitting...
    [CAPTCHA] Attempt 2: captcha OK but no result for this EIIN/year
NO RESULT
[1124/1646] JSC 2015 EIIN=138185 ...     [CAPTCHA] Attempt 1: solver returned "(empty)" (invalid length=0) — reloading
    [CAPTCHA] Attempt 2: solver returned "(empty)" (invalid length=0) — reloading
    [CAPTCHA] Attempt 3: solver returned "(empty)" (invalid length=0) — reloading
    [CAPTCHA] Attempt 4: solved="3041" — submitting...
    [CAPTCHA] Attempt 4: ✗ MISMATCH (server: Could not validate your provided Security Key / CAPTCHA. Please check and try again.) — reloading
    [CAPTCHA] Attempt 5: solver returned "(empty)" (invalid length=0) — reloading
    [CAPTCHA] Attempt 6: solver returned "(empty)" (invalid length=0) — reloading
    [CAPTCHA] Attempt 7: solved="9460" — submitting...
    [CAPTCHA] Attempt 7: ✗ MISMATCH (server: Could not validate your provided Security Key / CAPTCHA. Please check and try again.) — reloading
    [CAPTCHA] Attempt 8: solved="6888" — submitting...
    [CAPTCHA] Attempt 8: captcha OK but no result for this EIIN/year
NO RESULT
[1125/1646] JSC 2016 EIIN=138185 ...     [CAPTCHA] Attempt 1: solved="4684" — submitting...
    [CAPTCHA] Attempt 1: ✗ MISMATCH (server: Could not validate your provided Security Key / CAPTCHA. Please check and try again.) — reloading
    [CAPTCHA] Attempt 2: solver returned "(empty)" (invalid length=0) — reloading
    [CAPTCHA] Attempt 3: solver returned "685" (invalid length=3) — reloading
    [CAPTCHA] Attempt 4: solved="1033" — submitting...
    [CAPTCHA] Attempt 4: ✗ MISMATCH (server: Could not validate your provided Security Key / CAPTCHA. Please check and try again.) — reloading
    [CAPTCHA] Attempt 5: solved="7111" — submitting...
    [CAPTCHA] Attempt 5: ✗ MISMATCH (server: Could not validate your provided Security Key / CAPTCHA. Please check and try again.) — reloading
    [CAPTCHA] Attempt 6: solver returned "(empty)" (invalid length=0) — reloading
    [CAPTCHA] Attempt 7: solver returned "(empty)" (invalid length=0) — reloading
    [CAPTCHA] Attempt 8: solved="3834" — submitting...
    [CAPTCHA] Attempt 8: ✗ MISMATCH (server: Could not validate your provided Security Key / CAPTCHA. Please check and try again.) — reloading
    [CAPTCHA] Attempt 9: solver returned "401" (invalid length=3) — reloading
    [CAPTCHA] Attempt 10: solved="0417" — submitting...
    [CAPTCHA] Attempt 10: ✗ MISMATCH (server: Could not validate your provided Security Key / CAPTCHA. Please check and try again.) — reloading
    [CAPTCHA] Attempt 11: solver returned "(empty)" (invalid length=0) — reloading
    [CAPTCHA] Attempt 12: solved="5630" — submitting...
    [CAPTCHA] Attempt 12: captcha OK but no result for this EIIN/year
NO RESULT
[1126/1646] JSC 2011 EIIN=135574 ...     [CAPTCHA] Attempt 1: solved="1309" — submitting...
    [CAPTCHA] Attempt 1: ✗ MISMATCH (server: Could not validate your provided Security Key / CAPTCHA. Please check and try again.) — reloading
    [CAPTCHA] Attempt 2: solver returned "(empty)" (invalid length=0) — reloading
    [CAPTCHA] Attempt 3: solved="7164" — submitting...
    [CAPTCHA] Attempt 3: ✗ MISMATCH (server: Could not validate your provided Security Key / CAPTCHA. Please check and try again.) — reloading
    [CAPTCHA] Attempt 4: solved="3516" — submitting...
    [CAPTCHA] Attempt 4: captcha OK but no result for this EIIN/year
NO RESULT
[1127/1646] JSC 2012 EIIN=135574 ...     [CAPTCHA] Attempt 1: solver returned "(empty)" (invalid length=0) — reloading
    [CAPTCHA] Attempt 2: solved="4437" — submitting...
    [CAPTCHA] Attempt 2: captcha OK but no result for this EIIN/year
NO RESULT
[1128/1646] JSC 2011 EIIN=136788 ...     [CAPTCHA] Attempt 1: solved="2388" — submitting...
    [CAPTCHA] Attempt 1: ✗ MISMATCH (server: Could not validate your provided Security Key / CAPTCHA. Please check and try again.) — reloading
    [CAPTCHA] Attempt 2: solver returned "(empty)" (invalid length=0) — reloading
    [CAPTCHA] Attempt 3: solver returned "(empty)" (invalid length=0) — reloading
    [CAPTCHA] Attempt 4: solved="6050" — submitting...
    [CAPTCHA] Attempt 4: ✗ MISMATCH (server: Could not validate your provided Security Key / CAPTCHA. Please check and try again.) — reloading
    [CAPTCHA] Attempt 5: solved="3361" — submitting...
    [CAPTCHA] Attempt 5: ✗ MISMATCH (server: Could not validate your provided Security Key / CAPTCHA. Please check and try again.) — reloading
    [CAPTCHA] Attempt 6: solver returned "(empty)" (invalid length=0) — reloading
    [CAPTCHA] Attempt 7: solved="7771" — submitting...
    [CAPTCHA] Attempt 7: captcha OK but no result for this EIIN/year
NO RESULT
[1129/1646] JSC 2012 EIIN=136788 ...     [CAPTCHA] Attempt 1: solved="6502" — submitting...
    [CAPTCHA] Attempt 1: ✗ MISMATCH (server: Could not validate your provided Security Key / CAPTCHA. Please check and try again.) — reloading
    [CAPTCHA] Attempt 2: solved="2521" — submitting...
    [CAPTCHA] Attempt 2: ✗ MISMATCH (server: Could not validate your provided Security Key / CAPTCHA. Please check and try again.) — reloading
    [CAPTCHA] Attempt 3: solved="8888" — submitting...
    [CAPTCHA] Attempt 3: ✗ MISMATCH (server: Could not validate your provided Security Key / CAPTCHA. Please check and try again.) — reloading
    [CAPTCHA] Attempt 4: solved="4889" — submitting...
    [CAPTCHA] Attempt 4: ✗ MISMATCH (server: Could not validate your provided Security Key / CAPTCHA. Please check and try again.) — reloading
    [CAPTCHA] Attempt 5: solved="8980" — submitting...
    [CAPTCHA] Attempt 5: captcha OK but no result for this EIIN/year
NO RESULT
[1130/1646] JSC 2013 EIIN=136788 ...     [CAPTCHA] Attempt 1: solved="1775" — submitting...
    [CAPTCHA] Attempt 1: ✗ MISMATCH (server: Could not validate your provided Security Key / CAPTCHA. Please check and try again.) — reloading
    [CAPTCHA] Attempt 2: solved="2517" — submitting...
    [CAPTCHA] Attempt 2: ✗ MISMATCH (server: Could not validate your provided Security Key / CAPTCHA. Please check and try again.) — reloading
    [CAPTCHA] Attempt 3: solved="2031" — submitting...
    [CAPTCHA] Attempt 3: ✗ MISMATCH (server: Could not validate your provided Security Key / CAPTCHA. Please check and try again.) — reloading
    [CAPTCHA] Attempt 4: solved="8514" — submitting...
    [CAPTCHA] Attempt 4: captcha OK but no result for this EIIN/year
NO RESULT
[1131/1646] JSC 2011 EIIN=132219 ...     [CAPTCHA] Attempt 1: solved="7906" — submitting...
    [CAPTCHA] Attempt 1: captcha OK but no result for this EIIN/year
NO RESULT
[1132/1646] JSC 2012 EIIN=132219 ...     [CAPTCHA] Attempt 1: solver returned "(empty)" (invalid length=0) — reloading
    [CAPTCHA] Attempt 2: solved="9851" — submitting...
    [CAPTCHA] Attempt 2: ✗ MISMATCH (server: Could not validate your provided Security Key / CAPTCHA. Please check and try again.) — reloading
    [CAPTCHA] Attempt 3: solver returned "(empty)" (invalid length=0) — reloading
    [CAPTCHA] Attempt 4: solved="3868" — submitting...
    [CAPTCHA] Attempt 4: captcha OK but no result for this EIIN/year
NO RESULT
[1133/1646] JSC 2013 EIIN=132219 ...     [CAPTCHA] Attempt 1: solved="1393" — submitting...
    [CAPTCHA] Attempt 1: captcha OK but no result for this EIIN/year
NO RESULT
[1134/1646] JSC 2014 EIIN=132219 ...     [CAPTCHA] Attempt 1: solved="6504" — submitting...
    [CAPTCHA] Attempt 1: captcha OK but no result for this EIIN/year
NO RESULT
[1135/1646] JSC 2015 EIIN=132219 ...     [CAPTCHA] Attempt 1: solved="3046" — submitting...
    [CAPTCHA] Attempt 1: ✗ MISMATCH (server: Could not validate your provided Security Key / CAPTCHA. Please check and try again.) — reloading
    [CAPTCHA] Attempt 2: solver returned "(empty)" (invalid length=0) — reloading
    [CAPTCHA] Attempt 3: solver returned "416" (invalid length=3) — reloading
    [CAPTCHA] Attempt 4: solver returned "04" (invalid length=2) — reloading
    [CAPTCHA] Attempt 5: solved="2017" — submitting...
    [CAPTCHA] Attempt 5: ✗ MISMATCH (server: Could not validate your provided Security Key / CAPTCHA. Please check and try again.) — reloading
    [CAPTCHA] Attempt 6: solved="4131" — submitting...
    [CAPTCHA] Attempt 6: ✗ MISMATCH (server: Could not validate your provided Security Key / CAPTCHA. Please check and try again.) — reloading
    [CAPTCHA] Attempt 7: solver returned "(empty)" (invalid length=0) — reloading
    [CAPTCHA] Attempt 8: solved="9315" — submitting...
    [CAPTCHA] Attempt 8: ✗ MISMATCH (server: Could not validate your provided Security Key / CAPTCHA. Please check and try again.) — reloading
    [CAPTCHA] Attempt 9: solved="6286" — submitting...
    [CAPTCHA] Attempt 9: ✗ MISMATCH (server: Could not validate your provided Security Key / CAPTCHA. Please check and try again.) — reloading
    [CAPTCHA] Attempt 10: solved="1588" — submitting...
    [CAPTCHA] Attempt 10: ✗ MISMATCH (server: Could not validate your provided Security Key / CAPTCHA. Please check and try again.) — reloading
    [CAPTCHA] Attempt 11: solved="2328" — submitting...
    [CAPTCHA] Attempt 11: captcha OK but no result for this EIIN/year
NO RESULT
[1136/1646] JSC 2016 EIIN=132219 ...     [CAPTCHA] Attempt 1: solved="9792" — submitting...
    [CAPTCHA] Attempt 1: captcha OK but no result for this EIIN/year
NO RESULT
[1137/1646] JSC 2017 EIIN=132219 ...     [CAPTCHA] Attempt 1: solved="5142" — submitting...
    [CAPTCHA] Attempt 1: ✗ MISMATCH (server: Could not validate your provided Security Key / CAPTCHA. Please check and try again.) — reloading
    [CAPTCHA] Attempt 2: solver returned "(empty)" (invalid length=0) — reloading
    [CAPTCHA] Attempt 3: solved="1535" — submitting...
    [CAPTCHA] Attempt 3: ✗ MISMATCH (server: Could not validate your provided Security Key / CAPTCHA. Please check and try again.) — reloading
    [CAPTCHA] Attempt 4: solver returned "(empty)" (invalid length=0) — reloading
    [CAPTCHA] Attempt 5: solved="1094" — submitting...
    [CAPTCHA] Attempt 5: captcha OK but no result for this EIIN/year
NO RESULT
[1138/1646] JSC 2018 EIIN=132219 ...     [CAPTCHA] Attempt 1: solver returned "(empty)" (invalid length=0) — reloading
    [CAPTCHA] Attempt 2: solved="6231" — submitting...
    [CAPTCHA] Attempt 2: captcha OK but no result for this EIIN/year
NO RESULT
[1139/1646] JSC 2019 EIIN=132219 ...     [CAPTCHA] Attempt 1: solver returned "(empty)" (invalid length=0) — reloading
    [CAPTCHA] Attempt 2: solved="3231" — submitting...
    [CAPTCHA] Attempt 2: ✗ MISMATCH (server: Could not validate your provided Security Key / CAPTCHA. Please check and try again.) — reloading
    [CAPTCHA] Attempt 3: solved="9240" — submitting...
    [CAPTCHA] Attempt 3: ✗ MISMATCH (server: Could not validate your provided Security Key / CAPTCHA. Please check and try again.) — reloading
    [CAPTCHA] Attempt 4: solved="7372" — submitting...
    [CAPTCHA] Attempt 4: ✗ MISMATCH (server: Could not validate your provided Security Key / CAPTCHA. Please check and try again.) — reloading
    [CAPTCHA] Attempt 5: solved="1069" — submitting...
    [CAPTCHA] Attempt 5: ✗ MISMATCH (server: Could not validate your provided Security Key / CAPTCHA. Please check and try again.) — reloading
    [CAPTCHA] Attempt 6: solved="6419" — submitting...
    [CAPTCHA] Attempt 6: ✗ MISMATCH (server: Could not validate your provided Security Key / CAPTCHA. Please check and try again.) — reloading
    [CAPTCHA] Attempt 7: solver returned "(empty)" (invalid length=0) — reloading
    [CAPTCHA] Attempt 8: solved="4114" — submitting...
    [CAPTCHA] Attempt 8: ✗ MISMATCH (server: Could not validate your provided Security Key / CAPTCHA. Please check and try again.) — reloading
    [CAPTCHA] Attempt 9: solved="3646" — submitting...
    [CAPTCHA] Attempt 9: captcha OK but no result for this EIIN/year
NO RESULT
[1140/1646] JSC 2011 EIIN=130560 ...     [CAPTCHA] Attempt 1: solved="6519" — submitting...
    [CAPTCHA] Attempt 1: ✗ MISMATCH (server: Could not validate your provided Security Key / CAPTCHA. Please check and try again.) — reloading
    [CAPTCHA] Attempt 2: solved="2851" — submitting...
    [CAPTCHA] Attempt 2: ✗ MISMATCH (server: Could not validate your provided Security Key / CAPTCHA. Please check and try again.) — reloading
    [CAPTCHA] Attempt 3: solver returned "(empty)" (invalid length=0) — reloading
    [CAPTCHA] Attempt 4: solver returned "(empty)" (invalid length=0) — reloading
    [CAPTCHA] Attempt 5: solved="7299" — submitting...
    [CAPTCHA] Attempt 5: captcha OK but no result for this EIIN/year
NO RESULT
[1141/1646] JSC 2012 EIIN=130560 ...     [CAPTCHA] Attempt 1: solved="3590" — submitting...
    [CAPTCHA] Attempt 1: ✗ MISMATCH (server: Could not validate your provided Security Key / CAPTCHA. Please check and try again.) — reloading
    [CAPTCHA] Attempt 2: solved="6606" — submitting...
    [CAPTCHA] Attempt 2: ✗ MISMATCH (server: Could not validate your provided Security Key / CAPTCHA. Please check and try again.) — reloading
    [CAPTCHA] Attempt 3: solver returned "(empty)" (invalid length=0) — reloading
    [CAPTCHA] Attempt 4: solved="6180" — submitting...
    [CAPTCHA] Attempt 4: ✗ MISMATCH (server: Could not validate your provided Security Key / CAPTCHA. Please check and try again.) — reloading
    [CAPTCHA] Attempt 5: solved="3355" — submitting...
    [CAPTCHA] Attempt 5: captcha OK but no result for this EIIN/year
NO RESULT
[1142/1646] JSC 2013 EIIN=130560 ...     [CAPTCHA] Attempt 1: solved="4756" — submitting...
    [CAPTCHA] Attempt 1: ✗ MISMATCH (server: Could not validate your provided Security Key / CAPTCHA. Please check and try again.) — reloading
    [CAPTCHA] Attempt 2: solved="4404" — submitting...
    [CAPTCHA] Attempt 2: ✗ MISMATCH (server: Could not validate your provided Security Key / CAPTCHA. Please check and try again.) — reloading
    [CAPTCHA] Attempt 3: solved="4311" — submitting...
    [CAPTCHA] Attempt 3: ✗ MISMATCH (server: Could not validate your provided Security Key / CAPTCHA. Please check and try again.) — reloading
    [CAPTCHA] Attempt 4: solved="7719" — submitting...
    [CAPTCHA] Attempt 4: ✗ MISMATCH (server: Could not validate your provided Security Key / CAPTCHA. Please check and try again.) — reloading
    [CAPTCHA] Attempt 5: solved="5967" — submitting...
    [CAPTCHA] Attempt 5: captcha OK but no result for this EIIN/year
NO RESULT
[1143/1646] JSC 2011 EIIN=136733 ...     [CAPTCHA] Attempt 1: solved="1106" — submitting...
    [CAPTCHA] Attempt 1: captcha OK but no result for this EIIN/year
NO RESULT
[1144/1646] JSC 2012 EIIN=136733 ...     [CAPTCHA] Attempt 1: solved="7344" — submitting...
    [CAPTCHA] Attempt 1: ✗ MISMATCH (server: Could not validate your provided Security Key / CAPTCHA. Please check and try again.) — reloading
    [CAPTCHA] Attempt 2: solver returned "(empty)" (invalid length=0) — reloading
    [CAPTCHA] Attempt 3: solved="7124" — submitting...
    [CAPTCHA] Attempt 3: ✗ MISMATCH (server: Could not validate your provided Security Key / CAPTCHA. Please check and try again.) — reloading
    [CAPTCHA] Attempt 4: solved="8031" — submitting...
    [CAPTCHA] Attempt 4: captcha OK but no result for this EIIN/year
NO RESULT
[1145/1646] JSC 2013 EIIN=136733 ...     [CAPTCHA] Attempt 1: solved="3261" — submitting...
    [CAPTCHA] Attempt 1: captcha OK but no result for this EIIN/year
NO RESULT
[1146/1646] JSC 2011 EIIN=137003 ...     [CAPTCHA] Attempt 1: solved="4403" — submitting...
    [CAPTCHA] Attempt 1: ✗ MISMATCH (server: Could not validate your provided Security Key / CAPTCHA. Please check and try again.) — reloading
    [CAPTCHA] Attempt 2: solved="7844" — submitting...
    [CAPTCHA] Attempt 2: captcha OK but no result for this EIIN/year
NO RESULT
[1147/1646] JSC 2012 EIIN=137003 ...     [CAPTCHA] Attempt 1: solved="1654" — submitting...
    [CAPTCHA] Attempt 1: captcha OK but no result for this EIIN/year
NO RESULT
[1148/1646] JSC 2013 EIIN=137003 ...     [CAPTCHA] Attempt 1: solved="5571" — submitting...
    [CAPTCHA] Attempt 1: ✗ MISMATCH (server: Could not validate your provided Security Key / CAPTCHA. Please check and try again.) — reloading
    [CAPTCHA] Attempt 2: solver returned "(empty)" (invalid length=0) — reloading
    [CAPTCHA] Attempt 3: solved="1346" — submitting...
    [CAPTCHA] Attempt 3: captcha OK but no result for this EIIN/year
NO RESULT
[1149/1646] JSC 2014 EIIN=137003 ...     [CAPTCHA] Attempt 1: solved="4895" — submitting...
    [CAPTCHA] Attempt 1: ✗ MISMATCH (server: Could not validate your provided Security Key / CAPTCHA. Please check and try again.) — reloading
    [CAPTCHA] Attempt 2: solved="6448" — submitting...
    [CAPTCHA] Attempt 2: captcha OK but no result for this EIIN/year
NO RESULT
[1150/1646] JSC 2011 EIIN=136800 ...     [CAPTCHA] Attempt 1: solved="1998" — submitting...
    [CAPTCHA] Attempt 1: ✗ MISMATCH (server: Could not validate your provided Security Key / CAPTCHA. Please check and try again.) — reloading
    [CAPTCHA] Attempt 2: solved="7961" — submitting...
    [CAPTCHA] Attempt 2: captcha OK but no result for this EIIN/year
NO RESULT
[1151/1646] JSC 2012 EIIN=136800 ...     [CAPTCHA] Attempt 1: solved="1123" — submitting...
    [CAPTCHA] Attempt 1: captcha OK but no result for this EIIN/year
NO RESULT
[1152/1646] JSC 2013 EIIN=136800 ...     [CAPTCHA] Attempt 1: solved="4567" — submitting...
    [CAPTCHA] Attempt 1: captcha OK but no result for this EIIN/year
NO RESULT
[1153/1646] JSC 2011 EIIN=138446 ...     [CAPTCHA] Attempt 1: solved="4709" — submitting...
    [CAPTCHA] Attempt 1: captcha OK but no result for this EIIN/year
NO RESULT
[1154/1646] JSC 2012 EIIN=138446 ...     [CAPTCHA] Attempt 1: solved="1431" — submitting...
    [CAPTCHA] Attempt 1: captcha OK but no result for this EIIN/year
NO RESULT
[1155/1646] JSC 2013 EIIN=138446 ...     [CAPTCHA] Attempt 1: solver returned "(empty)" (invalid length=0) — reloading
    [CAPTCHA] Attempt 2: solved="7719" — submitting...
    [CAPTCHA] Attempt 2: ✗ MISMATCH (server: Could not validate your provided Security Key / CAPTCHA. Please check and try again.) — reloading
    [CAPTCHA] Attempt 3: solved="4496" — submitting...
    [CAPTCHA] Attempt 3: captcha OK but no result for this EIIN/year
NO RESULT
[1156/1646] JSC 2014 EIIN=138446 ...     [CAPTCHA] Attempt 1: solved="2796" — submitting...
    [CAPTCHA] Attempt 1: ✗ MISMATCH (server: Could not validate your provided Security Key / CAPTCHA. Please check and try again.) — reloading
    [CAPTCHA] Attempt 2: solver returned "(empty)" (invalid length=0) — reloading
    [CAPTCHA] Attempt 3: solved="2363" — submitting...
    [CAPTCHA] Attempt 3: ✗ MISMATCH (server: Could not validate your provided Security Key / CAPTCHA. Please check and try again.) — reloading
    [CAPTCHA] Attempt 4: solved="1108" — submitting...
    [CAPTCHA] Attempt 4: ✗ MISMATCH (server: Could not validate your provided Security Key / CAPTCHA. Please check and try again.) — reloading
    [CAPTCHA] Attempt 5: solved="2713" — submitting...
    [CAPTCHA] Attempt 5: captcha OK but no result for this EIIN/year
NO RESULT
[1157/1646] JSC 2015 EIIN=138446 ...     [CAPTCHA] Attempt 1: solved="6853" — submitting...
    [CAPTCHA] Attempt 1: ✗ MISMATCH (server: Could not validate your provided Security Key / CAPTCHA. Please check and try again.) — reloading
    [CAPTCHA] Attempt 2: solved="8307" — submitting...
    [CAPTCHA] Attempt 2: captcha OK but no result for this EIIN/year
NO RESULT
[1158/1646] JSC 2016 EIIN=138446 ...     [CAPTCHA] Attempt 1: solver returned "(empty)" (invalid length=0) — reloading
    [CAPTCHA] Attempt 2: solved="5116" — submitting...
    [CAPTCHA] Attempt 2: ✗ MISMATCH (server: Could not validate your provided Security Key / CAPTCHA. Please check and try again.) — reloading
    [CAPTCHA] Attempt 3: solved="9236" — submitting...
    [CAPTCHA] Attempt 3: ✗ MISMATCH (server: Could not validate your provided Security Key / CAPTCHA. Please check and try again.) — reloading
    [CAPTCHA] Attempt 4: solved="7430" — submitting...
    [CAPTCHA] Attempt 4: ✗ MISMATCH (server: Could not validate your provided Security Key / CAPTCHA. Please check and try again.) — reloading
    [CAPTCHA] Attempt 5: solved="1371" — submitting...
    [CAPTCHA] Attempt 5: ✗ MISMATCH (server: Could not validate your provided Security Key / CAPTCHA. Please check and try again.) — reloading
    [CAPTCHA] Attempt 6: solved="7553" — submitting...
    [CAPTCHA] Attempt 6: ✗ MISMATCH (server: Could not validate your provided Security Key / CAPTCHA. Please check and try again.) — reloading
    [CAPTCHA] Attempt 7: solved="7080" — submitting...
    [CAPTCHA] Attempt 7: ✗ MISMATCH (server: Could not validate your provided Security Key / CAPTCHA. Please check and try again.) — reloading
    [CAPTCHA] Attempt 8: solver returned "(empty)" (invalid length=0) — reloading
    [CAPTCHA] Attempt 9: solver returned "(empty)" (invalid length=0) — reloading
    [CAPTCHA] Attempt 10: solved="4610" — submitting...
    [CAPTCHA] Attempt 10: captcha OK but no result for this EIIN/year
NO RESULT
[1159/1646] JSC 2017 EIIN=138446 ...     [CAPTCHA] Attempt 1: solved="3458" — submitting...
    [CAPTCHA] Attempt 1: ✗ MISMATCH (server: Could not validate your provided Security Key / CAPTCHA. Please check and try again.) — reloading
    [CAPTCHA] Attempt 2: solved="9878" — submitting...
    [CAPTCHA] Attempt 2: captcha OK but no result for this EIIN/year
NO RESULT
[1160/1646] JSC 2018 EIIN=138446 ...     [CAPTCHA] Attempt 1: solved="4020" — submitting...
    [CAPTCHA] Attempt 1: ✗ MISMATCH (server: Could not validate your provided Security Key / CAPTCHA. Please check and try again.) — reloading
    [CAPTCHA] Attempt 2: solved="1544" — submitting...
    [CAPTCHA] Attempt 2: ✗ MISMATCH (server: Could not validate your provided Security Key / CAPTCHA. Please check and try again.) — reloading
    [CAPTCHA] Attempt 3: solver returned "(empty)" (invalid length=0) — reloading
    [CAPTCHA] Attempt 4: solver returned "(empty)" (invalid length=0) — reloading
    [CAPTCHA] Attempt 5: solver returned "(empty)" (invalid length=0) — reloading
    [CAPTCHA] Attempt 6: solved="5779" — submitting...
    [CAPTCHA] Attempt 6: captcha OK but no result for this EIIN/year
NO RESULT
[1161/1646] JSC 2019 EIIN=138446 ...     [CAPTCHA] Attempt 1: solved="5119" — submitting...
    [CAPTCHA] Attempt 1: ✗ MISMATCH (server: Could not validate your provided Security Key / CAPTCHA. Please check and try again.) — reloading
    [CAPTCHA] Attempt 2: solved="3191" — submitting...
    [CAPTCHA] Attempt 2: captcha OK but no result for this EIIN/year
NO RESULT
[1162/1646] JSC 2011 EIIN=136913 ...     [CAPTCHA] Attempt 1: solved="7318" — submitting...
    [CAPTCHA] Attempt 1: captcha OK but no result for this EIIN/year
NO RESULT
[1163/1646] JSC 2012 EIIN=136913 ...     [CAPTCHA] Attempt 1: solved="4460" — submitting...
    [CAPTCHA] Attempt 1: ✗ MISMATCH (server: Could not validate your provided Security Key / CAPTCHA. Please check and try again.) — reloading
    [CAPTCHA] Attempt 2: solved="0699" — submitting...
    [CAPTCHA] Attempt 2: ✗ MISMATCH (server: Could not validate your provided Security Key / CAPTCHA. Please check and try again.) — reloading
    [CAPTCHA] Attempt 3: solved="2568" — submitting...
    [CAPTCHA] Attempt 3: ✗ MISMATCH (server: Could not validate your provided Security Key / CAPTCHA. Please check and try again.) — reloading
    [CAPTCHA] Attempt 4: solved="6157" — submitting...
    [CAPTCHA] Attempt 4: ✗ MISMATCH (server: Could not validate your provided Security Key / CAPTCHA. Please check and try again.) — reloading
    [CAPTCHA] Attempt 5: solver returned "(empty)" (invalid length=0) — reloading
    [CAPTCHA] Attempt 6: solver returned "(empty)" (invalid length=0) — reloading
    [CAPTCHA] Attempt 7: solver returned "57" (invalid length=2) — reloading
    [CAPTCHA] Attempt 8: solved="3954" — submitting...
    [CAPTCHA] Attempt 8: ✗ MISMATCH (server: Could not validate your provided Security Key / CAPTCHA. Please check and try again.) — reloading
    [CAPTCHA] Attempt 9: solver returned "(empty)" (invalid length=0) — reloading
    [CAPTCHA] Attempt 10: solved="7342" — submitting...
    [CAPTCHA] Attempt 10: captcha OK but no result for this EIIN/year
NO RESULT
[1164/1646] JSC 2013 EIIN=136913 ...     [CAPTCHA] Attempt 1: solved="4493" — submitting...
    [CAPTCHA] Attempt 1: ✗ MISMATCH (server: Could not validate your provided Security Key / CAPTCHA. Please check and try again.) — reloading
    [CAPTCHA] Attempt 2: solved="8109" — submitting...
    [CAPTCHA] Attempt 2: ✗ MISMATCH (server: Could not validate your provided Security Key / CAPTCHA. Please check and try again.) — reloading
    [CAPTCHA] Attempt 3: solved="9940" — submitting...
    [CAPTCHA] Attempt 3: captcha OK but no result for this EIIN/year
NO RESULT
[1165/1646] JSC 2014 EIIN=136913 ...     [CAPTCHA] Attempt 1: solver returned "(empty)" (invalid length=0) — reloading
    [CAPTCHA] Attempt 2: solver returned "(empty)" (invalid length=0) — reloading
    [CAPTCHA] Attempt 3: solved="0144" — submitting...
    [CAPTCHA] Attempt 3: ✗ MISMATCH (server: Could not validate your provided Security Key / CAPTCHA. Please check and try again.) — reloading
    [CAPTCHA] Attempt 4: solved="5744" — submitting...
    [CAPTCHA] Attempt 4: ✗ MISMATCH (server: Could not validate your provided Security Key / CAPTCHA. Please check and try again.) — reloading
    [CAPTCHA] Attempt 5: solved="4572" — submitting...
    [CAPTCHA] Attempt 5: captcha OK but no result for this EIIN/year
NO RESULT
[1166/1646] JSC 2011 EIIN=139032 ...     [CAPTCHA] Attempt 1: solver returned "(empty)" (invalid length=0) — reloading
    [CAPTCHA] Attempt 2: solved="9007" — submitting...
    [CAPTCHA] Attempt 2: captcha OK but no result for this EIIN/year
NO RESULT
[1167/1646] JSC 2012 EIIN=139032 ...     [CAPTCHA] Attempt 1: solved="3185" — submitting...
    [CAPTCHA] Attempt 1: ✗ MISMATCH (server: Could not validate your provided Security Key / CAPTCHA. Please check and try again.) — reloading
    [CAPTCHA] Attempt 2: solved="5346" — submitting...
    [CAPTCHA] Attempt 2: ✗ MISMATCH (server: Could not validate your provided Security Key / CAPTCHA. Please check and try again.) — reloading
    [CAPTCHA] Attempt 3: solved="7720" — submitting...
    [CAPTCHA] Attempt 3: ✗ MISMATCH (server: Could not validate your provided Security Key / CAPTCHA. Please check and try again.) — reloading
    [CAPTCHA] Attempt 4: solved="1022" — submitting...
    [CAPTCHA] Attempt 4: ✗ MISMATCH (server: Could not validate your provided Security Key / CAPTCHA. Please check and try again.) — reloading
    [CAPTCHA] Attempt 5: solver returned "(empty)" (invalid length=0) — reloading
    [CAPTCHA] Attempt 6: solved="4167" — submitting...
    [CAPTCHA] Attempt 6: captcha OK but no result for this EIIN/year
NO RESULT
[1168/1646] JSC 2013 EIIN=139032 ...     [CAPTCHA] Attempt 1: solver returned "25" (invalid length=2) — reloading
    [CAPTCHA] Attempt 2: solved="6288" — submitting...
    [CAPTCHA] Attempt 2: ✗ MISMATCH (server: Could not validate your provided Security Key / CAPTCHA. Please check and try again.) — reloading
    [CAPTCHA] Attempt 3: solver returned "(empty)" (invalid length=0) — reloading
    [CAPTCHA] Attempt 4: solved="8221" — submitting...
    [CAPTCHA] Attempt 4: captcha OK but no result for this EIIN/year
NO RESULT
[1169/1646] JSC 2014 EIIN=139032 ...     [CAPTCHA] Attempt 1: solver returned "(empty)" (invalid length=0) — reloading
    [CAPTCHA] Attempt 2: solved="6483" — submitting...
    [CAPTCHA] Attempt 2: ✗ MISMATCH (server: Could not validate your provided Security Key / CAPTCHA. Please check and try again.) — reloading
    [CAPTCHA] Attempt 3: solved="9166" — submitting...
    [CAPTCHA] Attempt 3: captcha OK but no result for this EIIN/year
NO RESULT
[1170/1646] JSC 2015 EIIN=139032 ...     [CAPTCHA] Attempt 1: solved="4500" — submitting...
    [CAPTCHA] Attempt 1: ✗ MISMATCH (server: Could not validate your provided Security Key / CAPTCHA. Please check and try again.) — reloading
    [CAPTCHA] Attempt 2: solver returned "(empty)" (invalid length=0) — reloading
    [CAPTCHA] Attempt 3: solved="5035" — submitting...
    [CAPTCHA] Attempt 3: captcha OK but no result for this EIIN/year
NO RESULT
[1171/1646] JSC 2016 EIIN=139032 ...     [CAPTCHA] Attempt 1: solved="5742" — submitting...
    [CAPTCHA] Attempt 1: captcha OK but no result for this EIIN/year
NO RESULT
[1172/1646] JSC 2017 EIIN=139032 ...     [CAPTCHA] Attempt 1: solved="3232" — submitting...
    [CAPTCHA] Attempt 1: ✗ MISMATCH (server: Could not validate your provided Security Key / CAPTCHA. Please check and try again.) — reloading
    [CAPTCHA] Attempt 2: solved="5444" — submitting...
    [CAPTCHA] Attempt 2: captcha OK but no result for this EIIN/year
NO RESULT
[1173/1646] JSC 2018 EIIN=139032 ...     [CAPTCHA] Attempt 1: solved="4184" — submitting...
    [CAPTCHA] Attempt 1: captcha OK but no result for this EIIN/year
NO RESULT
[1174/1646] JSC 2019 EIIN=139032 ...     [CAPTCHA] Attempt 1: solved="8499" — submitting...
    [CAPTCHA] Attempt 1: captcha OK but no result for this EIIN/year
NO RESULT
[1175/1646] JSC 2011 EIIN=138941 ...     [CAPTCHA] Attempt 1: solved="7364" — submitting...
    [CAPTCHA] Attempt 1: captcha OK but no result for this EIIN/year
NO RESULT
[1176/1646] JSC 2012 EIIN=138941 ...     [CAPTCHA] Attempt 1: solved="2951" — submitting...
    [CAPTCHA] Attempt 1: captcha OK but no result for this EIIN/year
NO RESULT
[1177/1646] JSC 2013 EIIN=138941 ...     [CAPTCHA] Attempt 1: solver returned "(empty)" (invalid length=0) — reloading
    [CAPTCHA] Attempt 2: solver returned "(empty)" (invalid length=0) — reloading
    [CAPTCHA] Attempt 3: solved="9520" — submitting...
    [CAPTCHA] Attempt 3: captcha OK but no result for this EIIN/year
NO RESULT
[1178/1646] JSC 2014 EIIN=138941 ...     [CAPTCHA] Attempt 1: solved="8189" — submitting...
    [CAPTCHA] Attempt 1: captcha OK but no result for this EIIN/year
NO RESULT
[1179/1646] JSC 2015 EIIN=138941 ...     [CAPTCHA] Attempt 1: solver returned "764" (invalid length=3) — reloading
    [CAPTCHA] Attempt 2: solved="2918" — submitting...
    [CAPTCHA] Attempt 2: captcha OK but no result for this EIIN/year
NO RESULT
[1180/1646] JSC 2016 EIIN=138941 ...     [CAPTCHA] Attempt 1: solved="1384" — submitting...
    [CAPTCHA] Attempt 1: ✗ MISMATCH (server: Could not validate your provided Security Key / CAPTCHA. Please check and try again.) — reloading
    [CAPTCHA] Attempt 2: solved="1212" — submitting...
    [CAPTCHA] Attempt 2: ✗ MISMATCH (server: Could not validate your provided Security Key / CAPTCHA. Please check and try again.) — reloading
    [CAPTCHA] Attempt 3: solved="9592" — submitting...
    [CAPTCHA] Attempt 3: captcha OK but no result for this EIIN/year
NO RESULT
[1181/1646] JSC 2017 EIIN=138941 ...     [CAPTCHA] Attempt 1: solver returned "(empty)" (invalid length=0) — reloading
    [CAPTCHA] Attempt 2: solver returned "(empty)" (invalid length=0) — reloading
    [CAPTCHA] Attempt 3: solved="3957" — submitting...
    [CAPTCHA] Attempt 3: captcha OK but no result for this EIIN/year
NO RESULT
[1182/1646] JSC 2018 EIIN=138941 ...     [CAPTCHA] Attempt 1: solved="2144" — submitting...
    [CAPTCHA] Attempt 1: ✗ MISMATCH (server: Could not validate your provided Security Key / CAPTCHA. Please check and try again.) — reloading
    [CAPTCHA] Attempt 2: solved="8551" — submitting...
    [CAPTCHA] Attempt 2: captcha OK but no result for this EIIN/year
NO RESULT
[1183/1646] JSC 2019 EIIN=138941 ...     [CAPTCHA] Attempt 1: solved="1210" — submitting...
    [CAPTCHA] Attempt 1: captcha OK but no result for this EIIN/year
NO RESULT
[1184/1646] JSC 2011 EIIN=134596 ...     [CAPTCHA] Attempt 1: solved="4516" — submitting...
    [CAPTCHA] Attempt 1: ✗ MISMATCH (server: Could not validate your provided Security Key / CAPTCHA. Please check and try again.) — reloading
    [CAPTCHA] Attempt 2: solved="1858" — submitting...
    [CAPTCHA] Attempt 2: ✗ MISMATCH (server: Could not validate your provided Security Key / CAPTCHA. Please check and try again.) — reloading
    [CAPTCHA] Attempt 3: solved="2819" — submitting...
    [CAPTCHA] Attempt 3: ✗ MISMATCH (server: Could not validate your provided Security Key / CAPTCHA. Please check and try again.) — reloading
    [CAPTCHA] Attempt 4: solver returned "(empty)" (invalid length=0) — reloading
    [CAPTCHA] Attempt 5: solved="7971" — submitting...
    [CAPTCHA] Attempt 5: ✗ MISMATCH (server: Could not validate your provided Security Key / CAPTCHA. Please check and try again.) — reloading
    [CAPTCHA] Attempt 6: solved="4325" — submitting...
    [CAPTCHA] Attempt 6: ✗ MISMATCH (server: Could not validate your provided Security Key / CAPTCHA. Please check and try again.) — reloading
    [CAPTCHA] Attempt 7: solved="7920" — submitting...
    [CAPTCHA] Attempt 7: captcha OK but no result for this EIIN/year
NO RESULT
[1185/1646] JSC 2012 EIIN=134596 ...     [CAPTCHA] Attempt 1: solved="7444" — submitting...
    [CAPTCHA] Attempt 1: ✗ MISMATCH (server: Could not validate your provided Security Key / CAPTCHA. Please check and try again.) — reloading
    [CAPTCHA] Attempt 2: solved="7475" — submitting...
    [CAPTCHA] Attempt 2: captcha OK but no result for this EIIN/year
NO RESULT
[1186/1646] JSC 2013 EIIN=134596 ...     [CAPTCHA] Attempt 1: solved="6537" — submitting...
    [CAPTCHA] Attempt 1: captcha OK but no result for this EIIN/year
NO RESULT
[1187/1646] JSC 2014 EIIN=134596 ...     [CAPTCHA] Attempt 1: solver returned "(empty)" (invalid length=0) — reloading
    [CAPTCHA] Attempt 2: solved="6677" — submitting...
    [CAPTCHA] Attempt 2: ✗ MISMATCH (server: Could not validate your provided Security Key / CAPTCHA. Please check and try again.) — reloading
    [CAPTCHA] Attempt 3: solver returned "(empty)" (invalid length=0) — reloading
    [CAPTCHA] Attempt 4: solved="1022" — submitting...
    [CAPTCHA] Attempt 4: captcha OK but no result for this EIIN/year
NO RESULT
[1188/1646] JSC 2017 EIIN=134596 ...     [CAPTCHA] Attempt 1: solved="7662" — submitting...
    [CAPTCHA] Attempt 1: ✗ MISMATCH (server: Could not validate your provided Security Key / CAPTCHA. Please check and try again.) — reloading
    [CAPTCHA] Attempt 2: solver returned "(empty)" (invalid length=0) — reloading
    [CAPTCHA] Attempt 3: solver returned "(empty)" (invalid length=0) — reloading
    [CAPTCHA] Attempt 4: solved="5253" — submitting...
    [CAPTCHA] Attempt 4: captcha OK but no result for this EIIN/year
NO RESULT
[1189/1646] JSC 2018 EIIN=134596 ...     [CAPTCHA] Attempt 1: solved="9845" — submitting...
    [CAPTCHA] Attempt 1: ✗ MISMATCH (server: Could not validate your provided Security Key / CAPTCHA. Please check and try again.) — reloading
    [CAPTCHA] Attempt 2: solved="2185" — submitting...
    [CAPTCHA] Attempt 2: ✗ MISMATCH (server: Could not validate your provided Security Key / CAPTCHA. Please check and try again.) — reloading
    [CAPTCHA] Attempt 3: solved="7347" — submitting...
    [CAPTCHA] Attempt 3: captcha OK but no result for this EIIN/year
NO RESULT
[1190/1646] JSC 2019 EIIN=134596 ...     [CAPTCHA] Attempt 1: solved="7082" — submitting...
    [CAPTCHA] Attempt 1: captcha OK but no result for this EIIN/year
NO RESULT
[1191/1646] JSC 2011 EIIN=108154 ...     [CAPTCHA] Attempt 1: solver returned "(empty)" (invalid length=0) — reloading
    [CAPTCHA] Attempt 2: solved="4344" — submitting...
    [CAPTCHA] Attempt 2: ✗ MISMATCH (server: Could not validate your provided Security Key / CAPTCHA. Please check and try again.) — reloading
    [CAPTCHA] Attempt 3: solved="1148" — submitting...
    [CAPTCHA] Attempt 3: ✗ MISMATCH (server: Could not validate your provided Security Key / CAPTCHA. Please check and try again.) — reloading
    [CAPTCHA] Attempt 4: solved="9193" — submitting...
    [CAPTCHA] Attempt 4: ✗ MISMATCH (server: Could not validate your provided Security Key / CAPTCHA. Please check and try again.) — reloading
    [CAPTCHA] Attempt 5: solved="0410" — submitting...
    [CAPTCHA] Attempt 5: ✗ MISMATCH (server: Could not validate your provided Security Key / CAPTCHA. Please check and try again.) — reloading
    [CAPTCHA] Attempt 6: solved="2316" — submitting...
    [CAPTCHA] Attempt 6: captcha OK but no result for this EIIN/year
NO RESULT
[1192/1646] JSC 2012 EIIN=108154 ...     [CAPTCHA] Attempt 1: solved="1509" — submitting...
    [CAPTCHA] Attempt 1: captcha OK but no result for this EIIN/year
NO RESULT
[1193/1646] JSC 2013 EIIN=108154 ...     [CAPTCHA] Attempt 1: solved="9575" — submitting...
    [CAPTCHA] Attempt 1: captcha OK but no result for this EIIN/year
NO RESULT
[1194/1646] JSC 2014 EIIN=108154 ...     [CAPTCHA] Attempt 1: solved="1720" — submitting...
    [CAPTCHA] Attempt 1: captcha OK but no result for this EIIN/year
NO RESULT
[1195/1646] JSC 2015 EIIN=108154 ...     [CAPTCHA] Attempt 1: solved="5576" — submitting...
    [CAPTCHA] Attempt 1: ✗ MISMATCH (server: Could not validate your provided Security Key / CAPTCHA. Please check and try again.) — reloading
    [CAPTCHA] Attempt 2: solved="5070" — submitting...
    [CAPTCHA] Attempt 2: ✗ MISMATCH (server: Could not validate your provided Security Key / CAPTCHA. Please check and try again.) — reloading
    [CAPTCHA] Attempt 3: solved="9268" — submitting...
    [CAPTCHA] Attempt 3: ✗ MISMATCH (server: Could not validate your provided Security Key / CAPTCHA. Please check and try again.) — reloading
    [CAPTCHA] Attempt 4: solver returned "(empty)" (invalid length=0) — reloading
    [CAPTCHA] Attempt 5: solved="9669" — submitting...
    [CAPTCHA] Attempt 5: captcha OK but no result for this EIIN/year
NO RESULT
[1196/1646] JSC 2011 EIIN=134457 ...     [CAPTCHA] Attempt 1: solved="7823" — submitting...
    [CAPTCHA] Attempt 1: ✗ MISMATCH (server: Could not validate your provided Security Key / CAPTCHA. Please check and try again.) — reloading
    [CAPTCHA] Attempt 2: solved="5905" — submitting...
    [CAPTCHA] Attempt 2: captcha OK but no result for this EIIN/year
NO RESULT
[1197/1646] JSC 2012 EIIN=134457 ...     [CAPTCHA] Attempt 1: solved="8108" — submitting...
    [CAPTCHA] Attempt 1: captcha OK but no result for this EIIN/year
NO RESULT
[1198/1646] JSC 2013 EIIN=134457 ...     [CAPTCHA] Attempt 1: solver returned "(empty)" (invalid length=0) — reloading
    [CAPTCHA] Attempt 2: solved="4171" — submitting...
    [CAPTCHA] Attempt 2: captcha OK but no result for this EIIN/year
NO RESULT
[1199/1646] JSC 2014 EIIN=134457 ...     [CAPTCHA] Attempt 1: solved="0367" — submitting...
    [CAPTCHA] Attempt 1: ✗ MISMATCH (server: Could not validate your provided Security Key / CAPTCHA. Please check and try again.) — reloading
    [CAPTCHA] Attempt 2: solver returned "(empty)" (invalid length=0) — reloading
    [CAPTCHA] Attempt 3: solver returned "(empty)" (invalid length=0) — reloading
    [CAPTCHA] Attempt 4: solver returned "(empty)" (invalid length=0) — reloading
    [CAPTCHA] Attempt 5: solver returned "(empty)" (invalid length=0) — reloading
    [CAPTCHA] Attempt 6: solver returned "018" (invalid length=3) — reloading
    [CAPTCHA] Attempt 7: solved="1932" — submitting...
    [CAPTCHA] Attempt 7: captcha OK but no result for this EIIN/year
NO RESULT
[1200/1646] JSC 2015 EIIN=134457 ...     [CAPTCHA] Attempt 1: solved="8709" — submitting...
    [CAPTCHA] Attempt 1: captcha OK but no result for this EIIN/year
NO RESULT

─── 1200/1646 done | OK:0 FAIL:6 | ETA ≈ 205.7 min ───

[1201/1646] JSC 2016 EIIN=134457 ...     [CAPTCHA] Attempt 1: solved="7736" — submitting...
    [CAPTCHA] Attempt 1: ✗ MISMATCH (server: Could not validate your provided Security Key / CAPTCHA. Please check and try again.) — reloading
    [CAPTCHA] Attempt 2: solved="3178" — submitting...
    [CAPTCHA] Attempt 2: captcha OK but no result for this EIIN/year
NO RESULT
[1202/1646] JSC 2017 EIIN=134457 ...     [CAPTCHA] Attempt 1: solved="1653" — submitting...
    [CAPTCHA] Attempt 1: captcha OK but no result for this EIIN/year
NO RESULT
[1203/1646] JSC 2018 EIIN=134457 ...     [CAPTCHA] Attempt 1: solved="3302" — submitting...
    [CAPTCHA] Attempt 1: ✗ MISMATCH (server: Could not validate your provided Security Key / CAPTCHA. Please check and try again.) — reloading
    [CAPTCHA] Attempt 2: solver returned "(empty)" (invalid length=0) — reloading
    [CAPTCHA] Attempt 3: solved="9724" — submitting...
    [CAPTCHA] Attempt 3: captcha OK but no result for this EIIN/year
NO RESULT
[1204/1646] JSC 2019 EIIN=134457 ...     [CAPTCHA] Attempt 1: solved="9166" — submitting...
    [CAPTCHA] Attempt 1: captcha OK but no result for this EIIN/year
NO RESULT
[1205/1646] JSC 2012 EIIN=134105 ...     [CAPTCHA] Attempt 1: solved="5126" — submitting...
    [CAPTCHA] Attempt 1: ✗ MISMATCH (server: Could not validate your provided Security Key / CAPTCHA. Please check and try again.) — reloading
    [CAPTCHA] Attempt 2: solved="1195" — submitting...
    [CAPTCHA] Attempt 2: ✗ MISMATCH (server: Could not validate your provided Security Key / CAPTCHA. Please check and try again.) — reloading
    [CAPTCHA] Attempt 3: solved="3168" — submitting...
    [CAPTCHA] Attempt 3: ✗ MISMATCH (server: Could not validate your provided Security Key / CAPTCHA. Please check and try again.) — reloading
    [CAPTCHA] Attempt 4: solver returned "(empty)" (invalid length=0) — reloading
    [CAPTCHA] Attempt 5: solved="9130" — submitting...
    [CAPTCHA] Attempt 5: captcha OK but no result for this EIIN/year
NO RESULT
[1206/1646] JSC 2013 EIIN=134105 ...     [CAPTCHA] Attempt 1: solved="4277" — submitting...
    [CAPTCHA] Attempt 1: ✗ MISMATCH (server: Could not validate your provided Security Key / CAPTCHA. Please check and try again.) — reloading
    [CAPTCHA] Attempt 2: solved="5780" — submitting...
    [CAPTCHA] Attempt 2: captcha OK but no result for this EIIN/year
NO RESULT
[1207/1646] JSC 2015 EIIN=134105 ...     [CAPTCHA] Attempt 1: solver returned "25" (invalid length=2) — reloading
    [CAPTCHA] Attempt 2: solved="7412" — submitting...
    [CAPTCHA] Attempt 2: captcha OK but no result for this EIIN/year
NO RESULT
[1208/1646] JSC 2016 EIIN=134105 ...     [CAPTCHA] Attempt 1: solved="9408" — submitting...
    [CAPTCHA] Attempt 1: ✗ MISMATCH (server: Could not validate your provided Security Key / CAPTCHA. Please check and try again.) — reloading
    [CAPTCHA] Attempt 2: solved="5190" — submitting...
    [CAPTCHA] Attempt 2: ✗ MISMATCH (server: Could not validate your provided Security Key / CAPTCHA. Please check and try again.) — reloading
    [CAPTCHA] Attempt 3: solver returned "(empty)" (invalid length=0) — reloading
    [CAPTCHA] Attempt 4: solver returned "(empty)" (invalid length=0) — reloading
    [CAPTCHA] Attempt 5: solved="6778" — submitting...
    [CAPTCHA] Attempt 5: captcha OK but no result for this EIIN/year
NO RESULT
[1209/1646] JSC 2017 EIIN=134105 ...     [CAPTCHA] Attempt 1: solved="9442" — submitting...
    [CAPTCHA] Attempt 1: ✗ MISMATCH (server: Could not validate your provided Security Key / CAPTCHA. Please check and try again.) — reloading
    [CAPTCHA] Attempt 2: solver returned "(empty)" (invalid length=0) — reloading
    [CAPTCHA] Attempt 3: solved="4541" — submitting...
    [CAPTCHA] Attempt 3: captcha OK but no result for this EIIN/year
NO RESULT
[1210/1646] JSC 2018 EIIN=134105 ...     [CAPTCHA] Attempt 1: solved="1806" — submitting...
    [CAPTCHA] Attempt 1: captcha OK but no result for this EIIN/year
NO RESULT
[1211/1646] JSC 2019 EIIN=134105 ...     [CAPTCHA] Attempt 1: solved="6616" — submitting...
    [CAPTCHA] Attempt 1: captcha OK but no result for this EIIN/year
NO RESULT
[1212/1646] JSC 2011 EIIN=137368 ...     [CAPTCHA] Attempt 1: solver returned "(empty)" (invalid length=0) — reloading
    [CAPTCHA] Attempt 2: solved="8093" — submitting...
    [CAPTCHA] Attempt 2: ✗ MISMATCH (server: Could not validate your provided Security Key / CAPTCHA. Please check and try again.) — reloading
    [CAPTCHA] Attempt 3: solved="7412" — submitting...
    [CAPTCHA] Attempt 3: captcha OK but no result for this EIIN/year
NO RESULT
[1213/1646] JSC 2012 EIIN=137368 ...     [CAPTCHA] Attempt 1: solved="2736" — submitting...
    [CAPTCHA] Attempt 1: ✗ MISMATCH (server: Could not validate your provided Security Key / CAPTCHA. Please check and try again.) — reloading
    [CAPTCHA] Attempt 2: solved="7112" — submitting...
    [CAPTCHA] Attempt 2: captcha OK but no result for this EIIN/year
NO RESULT
[1214/1646] JSC 2013 EIIN=137368 ...     [CAPTCHA] Attempt 1: solved="2162" — submitting...
    [CAPTCHA] Attempt 1: ✗ MISMATCH (server: Could not validate your provided Security Key / CAPTCHA. Please check and try again.) — reloading
    [CAPTCHA] Attempt 2: solved="4060" — submitting...
    [CAPTCHA] Attempt 2: captcha OK but no result for this EIIN/year
NO RESULT
[1215/1646] JSC 2014 EIIN=137368 ...     [CAPTCHA] Attempt 1: solver returned "(empty)" (invalid length=0) — reloading
    [CAPTCHA] Attempt 2: solved="6635" — submitting...
    [CAPTCHA] Attempt 2: ✗ MISMATCH (server: Could not validate your provided Security Key / CAPTCHA. Please check and try again.) — reloading
    [CAPTCHA] Attempt 3: solved="0878" — submitting...
    [CAPTCHA] Attempt 3: ✗ MISMATCH (server: Could not validate your provided Security Key / CAPTCHA. Please check and try again.) — reloading
    [CAPTCHA] Attempt 4: solver returned "(empty)" (invalid length=0) — reloading
    [CAPTCHA] Attempt 5: solved="1823" — submitting...
    [CAPTCHA] Attempt 5: ✗ MISMATCH (server: Could not validate your provided Security Key / CAPTCHA. Please check and try again.) — reloading
    [CAPTCHA] Attempt 6: solved="1738" — submitting...
    [CAPTCHA] Attempt 6: ✗ MISMATCH (server: Could not validate your provided Security Key / CAPTCHA. Please check and try again.) — reloading
    [CAPTCHA] Attempt 7: solved="2035" — submitting...
    [CAPTCHA] Attempt 7: ✗ MISMATCH (server: Could not validate your provided Security Key / CAPTCHA. Please check and try again.) — reloading
    [CAPTCHA] Attempt 8: solved="6723" — submitting...
    [CAPTCHA] Attempt 8: captcha OK but no result for this EIIN/year
NO RESULT
[1216/1646] JSC 2011 EIIN=138971 ...     [CAPTCHA] Attempt 1: solved="0149" — submitting...
    [CAPTCHA] Attempt 1: ✗ MISMATCH (server: Could not validate your provided Security Key / CAPTCHA. Please check and try again.) — reloading
    [CAPTCHA] Attempt 2: solver returned "(empty)" (invalid length=0) — reloading
    [CAPTCHA] Attempt 3: solved="1216" — submitting...
    [CAPTCHA] Attempt 3: captcha OK but no result for this EIIN/year
NO RESULT
[1217/1646] JSC 2012 EIIN=138971 ...     [CAPTCHA] Attempt 1: solved="8911" — submitting...
    [CAPTCHA] Attempt 1: captcha OK but no result for this EIIN/year
NO RESULT
[1218/1646] JSC 2013 EIIN=138971 ...     [CAPTCHA] Attempt 1: solved="3054" — submitting...
    [CAPTCHA] Attempt 1: ✗ MISMATCH (server: Could not validate your provided Security Key / CAPTCHA. Please check and try again.) — reloading
    [CAPTCHA] Attempt 2: solved="8872" — submitting...
    [CAPTCHA] Attempt 2: captcha OK but no result for this EIIN/year
NO RESULT
[1219/1646] JSC 2014 EIIN=138971 ...     [CAPTCHA] Attempt 1: solver returned "(empty)" (invalid length=0) — reloading
    [CAPTCHA] Attempt 2: solved="2632" — submitting...
    [CAPTCHA] Attempt 2: captcha OK but no result for this EIIN/year
NO RESULT
[1220/1646] JSC 2015 EIIN=138971 ...     [CAPTCHA] Attempt 1: solved="2419" — submitting...
    [CAPTCHA] Attempt 1: ✗ MISMATCH (server: Could not validate your provided Security Key / CAPTCHA. Please check and try again.) — reloading
    [CAPTCHA] Attempt 2: solved="7668" — submitting...
    [CAPTCHA] Attempt 2: ✗ MISMATCH (server: Could not validate your provided Security Key / CAPTCHA. Please check and try again.) — reloading
    [CAPTCHA] Attempt 3: solved="3823" — submitting...
    [CAPTCHA] Attempt 3: ✗ MISMATCH (server: Could not validate your provided Security Key / CAPTCHA. Please check and try again.) — reloading
    [CAPTCHA] Attempt 4: solved="8609" — submitting...
    [CAPTCHA] Attempt 4: ✗ MISMATCH (server: Could not validate your provided Security Key / CAPTCHA. Please check and try again.) — reloading
    [CAPTCHA] Attempt 5: solved="3755" — submitting...
    [CAPTCHA] Attempt 5: captcha OK but no result for this EIIN/year
NO RESULT
[1221/1646] JSC 2016 EIIN=138971 ...     [CAPTCHA] Attempt 1: solved="8202" — submitting...
    [CAPTCHA] Attempt 1: captcha OK but no result for this EIIN/year
NO RESULT
[1222/1646] JSC 2017 EIIN=138971 ...     [CAPTCHA] Attempt 1: solved="6519" — submitting...
    [CAPTCHA] Attempt 1: ✗ MISMATCH (server: Could not validate your provided Security Key / CAPTCHA. Please check and try again.) — reloading
    [CAPTCHA] Attempt 2: solved="4300" — submitting...
    [CAPTCHA] Attempt 2: ✗ MISMATCH (server: Could not validate your provided Security Key / CAPTCHA. Please check and try again.) — reloading
    [CAPTCHA] Attempt 3: solved="4365" — submitting...
    [CAPTCHA] Attempt 3: ✗ MISMATCH (server: Could not validate your provided Security Key / CAPTCHA. Please check and try again.) — reloading
    [CAPTCHA] Attempt 4: solver returned "(empty)" (invalid length=0) — reloading
    [CAPTCHA] Attempt 5: solved="0815" — submitting...
    [CAPTCHA] Attempt 5: ✗ MISMATCH (server: Verification cookie expired. Solve the challenge and retry the request.) — reloading
ERR  elementHandle.screenshot: Element is not attached to the DOM
Call log:
[2m  - t
[1223/1646] JSC 2018 EIIN=138971 ...     [CAPTCHA] Attempt 1: solved="8939" — submitting...
    [CAPTCHA] Attempt 1: captcha OK but no result for this EIIN/year
NO RESULT
[1224/1646] JSC 2019 EIIN=138971 ...     [CAPTCHA] Attempt 1: solver returned "(empty)" (invalid length=0) — reloading
    [CAPTCHA] Attempt 2: solver returned "(empty)" (invalid length=0) — reloading
    [CAPTCHA] Attempt 3: solved="2351" — submitting...
    [CAPTCHA] Attempt 3: captcha OK but no result for this EIIN/year
NO RESULT
[1225/1646] JSC 2011 EIIN=136110 ...     [CAPTCHA] Attempt 1: solved="0113" — submitting...
    [CAPTCHA] Attempt 1: ✗ MISMATCH (server: Could not validate your provided Security Key / CAPTCHA. Please check and try again.) — reloading
    [CAPTCHA] Attempt 2: solver returned "(empty)" (invalid length=0) — reloading
    [CAPTCHA] Attempt 3: solved="4380" — submitting...
    [CAPTCHA] Attempt 3: captcha OK but no result for this EIIN/year
NO RESULT
[1226/1646] JSC 2012 EIIN=136110 ...     [CAPTCHA] Attempt 1: solver returned "(empty)" (invalid length=0) — reloading
    [CAPTCHA] Attempt 2: solved="9104" — submitting...
    [CAPTCHA] Attempt 2: ✗ MISMATCH (server: Could not validate your provided Security Key / CAPTCHA. Please check and try again.) — reloading
    [CAPTCHA] Attempt 3: solved="1835" — submitting...
    [CAPTCHA] Attempt 3: ✗ MISMATCH (server: Could not validate your provided Security Key / CAPTCHA. Please check and try again.) — reloading
    [CAPTCHA] Attempt 4: solved="6426" — submitting...
    [CAPTCHA] Attempt 4: ✗ MISMATCH (server: Could not validate your provided Security Key / CAPTCHA. Please check and try again.) — reloading
    [CAPTCHA] Attempt 5: solver returned "87" (invalid length=2) — reloading
    [CAPTCHA] Attempt 6: solver returned "(empty)" (invalid length=0) — reloading
    [CAPTCHA] Attempt 7: solved="6096" — submitting...
    [CAPTCHA] Attempt 7: captcha OK but no result for this EIIN/year
NO RESULT
[1227/1646] JSC 2013 EIIN=136110 ...     [CAPTCHA] Attempt 1: solved="0179" — submitting...
    [CAPTCHA] Attempt 1: ✗ MISMATCH (server: Could not validate your provided Security Key / CAPTCHA. Please check and try again.) — reloading
    [CAPTCHA] Attempt 2: solved="3474" — submitting...
    [CAPTCHA] Attempt 2: ✗ MISMATCH (server: Could not validate your provided Security Key / CAPTCHA. Please check and try again.) — reloading
    [CAPTCHA] Attempt 3: solved="9320" — submitting...
    [CAPTCHA] Attempt 3: captcha OK but no result for this EIIN/year
NO RESULT
[1228/1646] JSC 2014 EIIN=136110 ...     [CAPTCHA] Attempt 1: solved="1239" — submitting...
    [CAPTCHA] Attempt 1: captcha OK but no result for this EIIN/year
NO RESULT
[1229/1646] JSC 2015 EIIN=136110 ...     [CAPTCHA] Attempt 1: solved="9252" — submitting...
    [CAPTCHA] Attempt 1: ✗ MISMATCH (server: Could not validate your provided Security Key / CAPTCHA. Please check and try again.) — reloading
    [CAPTCHA] Attempt 2: solver returned "(empty)" (invalid length=0) — reloading
    [CAPTCHA] Attempt 3: solved="2447" — submitting...
    [CAPTCHA] Attempt 3: ✗ MISMATCH (server: Could not validate your provided Security Key / CAPTCHA. Please check and try again.) — reloading
    [CAPTCHA] Attempt 4: solved="1888" — submitting...
    [CAPTCHA] Attempt 4: ✗ MISMATCH (server: Could not validate your provided Security Key / CAPTCHA. Please check and try again.) — reloading
    [CAPTCHA] Attempt 5: solver returned "8" (invalid length=1) — reloading
    [CAPTCHA] Attempt 6: solved="4230" — submitting...
    [CAPTCHA] Attempt 6: ✗ MISMATCH (server: Could not validate your provided Security Key / CAPTCHA. Please check and try again.) — reloading
    [CAPTCHA] Attempt 7: solver returned "4" (invalid length=1) — reloading
    [CAPTCHA] Attempt 8: solved="7249" — submitting...
    [CAPTCHA] Attempt 8: ✗ MISMATCH (server: Could not validate your provided Security Key / CAPTCHA. Please check and try again.) — reloading
    [CAPTCHA] Attempt 9: solved="9058" — submitting...
    [CAPTCHA] Attempt 9: ✗ MISMATCH (server: Could not validate your provided Security Key / CAPTCHA. Please check and try again.) — reloading
    [CAPTCHA] Attempt 10: solved="9618" — submitting...
    [CAPTCHA] Attempt 10: captcha OK but no result for this EIIN/year
NO RESULT
[1230/1646] JSC 2016 EIIN=136110 ...     [CAPTCHA] Attempt 1: solved="5736" — submitting...
    [CAPTCHA] Attempt 1: captcha OK but no result for this EIIN/year
NO RESULT
[1231/1646] JSC 2017 EIIN=136110 ...     [CAPTCHA] Attempt 1: solved="7205" — submitting...
    [CAPTCHA] Attempt 1: captcha OK but no result for this EIIN/year
NO RESULT
[1232/1646] JSC 2018 EIIN=136110 ...     [CAPTCHA] Attempt 1: solved="4276" — submitting...
    [CAPTCHA] Attempt 1: captcha OK but no result for this EIIN/year
NO RESULT
[1233/1646] JSC 2019 EIIN=136110 ...     [CAPTCHA] Attempt 1: solver returned "(empty)" (invalid length=0) — reloading
    [CAPTCHA] Attempt 2: solver returned "(empty)" (invalid length=0) — reloading
    [CAPTCHA] Attempt 3: solved="3641" — submitting...
    [CAPTCHA] Attempt 3: ✗ MISMATCH (server: Could not validate your provided Security Key / CAPTCHA. Please check and try again.) — reloading
    [CAPTCHA] Attempt 4: solved="8501" — submitting...
    [CAPTCHA] Attempt 4: captcha OK but no result for this EIIN/year
NO RESULT
[1234/1646] JSC 2011 EIIN=134195 ...     [CAPTCHA] Attempt 1: solver returned "(empty)" (invalid length=0) — reloading
    [CAPTCHA] Attempt 2: solver returned "(empty)" (invalid length=0) — reloading
    [CAPTCHA] Attempt 3: solved="2738" — submitting...
    [CAPTCHA] Attempt 3: ✗ MISMATCH (server: Could not validate your provided Security Key / CAPTCHA. Please check and try again.) — reloading
    [CAPTCHA] Attempt 4: solved="6411" — submitting...
    [CAPTCHA] Attempt 4: captcha OK but no result for this EIIN/year
NO RESULT
[1235/1646] JSC 2012 EIIN=134195 ...     [CAPTCHA] Attempt 1: solved="9415" — submitting...
    [CAPTCHA] Attempt 1: captcha OK but no result for this EIIN/year
NO RESULT
[1236/1646] JSC 2013 EIIN=134195 ...     [CAPTCHA] Attempt 1: solved="5473" — submitting...
    [CAPTCHA] Attempt 1: ✗ MISMATCH (server: Could not validate your provided Security Key / CAPTCHA. Please check and try again.) — reloading
    [CAPTCHA] Attempt 2: solved="4955" — submitting...
    [CAPTCHA] Attempt 2: captcha OK but no result for this EIIN/year
NO RESULT
[1237/1646] JSC 2014 EIIN=134195 ...     [CAPTCHA] Attempt 1: solved="9653" — submitting...
    [CAPTCHA] Attempt 1: ✗ MISMATCH (server: Could not validate your provided Security Key / CAPTCHA. Please check and try again.) — reloading
    [CAPTCHA] Attempt 2: solver returned "(empty)" (invalid length=0) — reloading
    [CAPTCHA] Attempt 3: solved="0925" — submitting...
    [CAPTCHA] Attempt 3: ✗ MISMATCH (server: Could not validate your provided Security Key / CAPTCHA. Please check and try again.) — reloading
    [CAPTCHA] Attempt 4: solved="9314" — submitting...
    [CAPTCHA] Attempt 4: ✗ MISMATCH (server: Could not validate your provided Security Key / CAPTCHA. Please check and try again.) — reloading
    [CAPTCHA] Attempt 5: solved="0984" — submitting...
    [CAPTCHA] Attempt 5: ✗ MISMATCH (server: Could not validate your provided Security Key / CAPTCHA. Please check and try again.) — reloading
    [CAPTCHA] Attempt 6: solved="1677" — submitting...
    [CAPTCHA] Attempt 6: ✗ MISMATCH (server: Could not validate your provided Security Key / CAPTCHA. Please check and try again.) — reloading
    [CAPTCHA] Attempt 7: solved="3488" — submitting...
    [CAPTCHA] Attempt 7: captcha OK but no result for this EIIN/year
NO RESULT
[1238/1646] JSC 2015 EIIN=134195 ...     [CAPTCHA] Attempt 1: solved="9242" — submitting...
    [CAPTCHA] Attempt 1: captcha OK but no result for this EIIN/year
NO RESULT
[1239/1646] JSC 2011 EIIN=135231 ...     [CAPTCHA] Attempt 1: solver returned "(empty)" (invalid length=0) — reloading
    [CAPTCHA] Attempt 2: solved="4146" — submitting...
    [CAPTCHA] Attempt 2: ✗ MISMATCH (server: Could not validate your provided Security Key / CAPTCHA. Please check and try again.) — reloading
    [CAPTCHA] Attempt 3: solved="6213" — submitting...
    [CAPTCHA] Attempt 3: ✗ MISMATCH (server: Could not validate your provided Security Key / CAPTCHA. Please check and try again.) — reloading
    [CAPTCHA] Attempt 4: solved="5947" — submitting...
    [CAPTCHA] Attempt 4: captcha OK but no result for this EIIN/year
NO RESULT
[1240/1646] JSC 2012 EIIN=135231 ...     [CAPTCHA] Attempt 1: solver returned "73" (invalid length=2) — reloading
    [CAPTCHA] Attempt 2: solved="9089" — submitting...
    [CAPTCHA] Attempt 2: ✗ MISMATCH (server: Could not validate your provided Security Key / CAPTCHA. Please check and try again.) — reloading
    [CAPTCHA] Attempt 3: solved="7804" — submitting...
    [CAPTCHA] Attempt 3: captcha OK but no result for this EIIN/year
NO RESULT
[1241/1646] JSC 2013 EIIN=135231 ...     [CAPTCHA] Attempt 1: solved="3398" — submitting...
    [CAPTCHA] Attempt 1: captcha OK but no result for this EIIN/year
NO RESULT
[1242/1646] JSC 2014 EIIN=135231 ...     [CAPTCHA] Attempt 1: solved="8054" — submitting...
    [CAPTCHA] Attempt 1: ✗ MISMATCH (server: Could not validate your provided Security Key / CAPTCHA. Please check and try again.) — reloading
    [CAPTCHA] Attempt 2: solver returned "(empty)" (invalid length=0) — reloading
    [CAPTCHA] Attempt 3: solved="9610" — submitting...
    [CAPTCHA] Attempt 3: ✗ MISMATCH (server: Could not validate your provided Security Key / CAPTCHA. Please check and try again.) — reloading
    [CAPTCHA] Attempt 4: solver returned "(empty)" (invalid length=0) — reloading
    [CAPTCHA] Attempt 5: solver returned "(empty)" (invalid length=0) — reloading
    [CAPTCHA] Attempt 6: solved="2779" — submitting...
    [CAPTCHA] Attempt 6: captcha OK but no result for this EIIN/year
NO RESULT
[1243/1646] JSC 2015 EIIN=135231 ...     [CAPTCHA] Attempt 1: solved="0014" — submitting...
    [CAPTCHA] Attempt 1: ✗ MISMATCH (server: Could not validate your provided Security Key / CAPTCHA. Please check and try again.) — reloading
    [CAPTCHA] Attempt 2: solved="2713" — submitting...
    [CAPTCHA] Attempt 2: captcha OK but no result for this EIIN/year
NO RESULT
[1244/1646] JSC 2016 EIIN=135231 ...     [CAPTCHA] Attempt 1: solved="9041" — submitting...
    [CAPTCHA] Attempt 1: ✗ MISMATCH (server: Could not validate your provided Security Key / CAPTCHA. Please check and try again.) — reloading
    [CAPTCHA] Attempt 2: solved="4026" — submitting...
    [CAPTCHA] Attempt 2: captcha OK but no result for this EIIN/year
NO RESULT
[1245/1646] JSC 2017 EIIN=135231 ...     [CAPTCHA] Attempt 1: solved="6554" — submitting...
    [CAPTCHA] Attempt 1: ✗ MISMATCH (server: Could not validate your provided Security Key / CAPTCHA. Please check and try again.) — reloading
    [CAPTCHA] Attempt 2: solved="1941" — submitting...
    [CAPTCHA] Attempt 2: captcha OK but no result for this EIIN/year
NO RESULT
[1246/1646] JSC 2018 EIIN=135231 ...     [CAPTCHA] Attempt 1: solved="1281" — submitting...
    [CAPTCHA] Attempt 1: ✗ MISMATCH (server: Could not validate your provided Security Key / CAPTCHA. Please check and try again.) — reloading
    [CAPTCHA] Attempt 2: solved="3290" — submitting...
    [CAPTCHA] Attempt 2: captcha OK but no result for this EIIN/year
NO RESULT
[1247/1646] JSC 2019 EIIN=135231 ...     [CAPTCHA] Attempt 1: solver returned "(empty)" (invalid length=0) — reloading
    [CAPTCHA] Attempt 2: solver returned "(empty)" (invalid length=0) — reloading
    [CAPTCHA] Attempt 3: solved="6477" — submitting...
    [CAPTCHA] Attempt 3: ✗ MISMATCH (server: Could not validate your provided Security Key / CAPTCHA. Please check and try again.) — reloading
    [CAPTCHA] Attempt 4: solved="1734" — submitting...
    [CAPTCHA] Attempt 4: captcha OK but no result for this EIIN/year
NO RESULT
[1248/1646] JSC 2011 EIIN=134563 ...     [CAPTCHA] Attempt 1: solved="5609" — submitting...
    [CAPTCHA] Attempt 1: captcha OK but no result for this EIIN/year
NO RESULT
[1249/1646] JSC 2012 EIIN=134563 ...     [CAPTCHA] Attempt 1: solved="5941" — submitting...
    [CAPTCHA] Attempt 1: captcha OK but no result for this EIIN/year
NO RESULT
[1250/1646] JSC 2013 EIIN=134563 ...     [CAPTCHA] Attempt 1: solved="5296" — submitting...
    [CAPTCHA] Attempt 1: captcha OK but no result for this EIIN/year
NO RESULT
[1251/1646] JSC 2014 EIIN=134563 ...     [CAPTCHA] Attempt 1: solver returned "(empty)" (invalid length=0) — reloading
    [CAPTCHA] Attempt 2: solved="0238" — submitting...
    [CAPTCHA] Attempt 2: ✗ MISMATCH (server: Could not validate your provided Security Key / CAPTCHA. Please check and try again.) — reloading
    [CAPTCHA] Attempt 3: solved="1878" — submitting...
    [CAPTCHA] Attempt 3: ✗ MISMATCH (server: Could not validate your provided Security Key / CAPTCHA. Please check and try again.) — reloading
    [CAPTCHA] Attempt 4: solved="9925" — submitting...
    [CAPTCHA] Attempt 4: ✗ MISMATCH (server: Could not validate your provided Security Key / CAPTCHA. Please check and try again.) — reloading
    [CAPTCHA] Attempt 5: solved="2899" — submitting...
    [CAPTCHA] Attempt 5: captcha OK but no result for this EIIN/year
NO RESULT
[1252/1646] JSC 2015 EIIN=134563 ...     [CAPTCHA] Attempt 1: solved="9278" — submitting...
    [CAPTCHA] Attempt 1: captcha OK but no result for this EIIN/year
NO RESULT
[1253/1646] JSC 2016 EIIN=134563 ...     [CAPTCHA] Attempt 1: solved="6875" — submitting...
    [CAPTCHA] Attempt 1: captcha OK but no result for this EIIN/year
NO RESULT
[1254/1646] JSC 2017 EIIN=134563 ...     [CAPTCHA] Attempt 1: solved="1959" — submitting...
    [CAPTCHA] Attempt 1: captcha OK but no result for this EIIN/year
NO RESULT
[1255/1646] JSC 2018 EIIN=134563 ...     [CAPTCHA] Attempt 1: solved="1814" — submitting...
    [CAPTCHA] Attempt 1: ✗ MISMATCH (server: Could not validate your provided Security Key / CAPTCHA. Please check and try again.) — reloading
    [CAPTCHA] Attempt 2: solved="4079" — submitting...
    [CAPTCHA] Attempt 2: ✗ MISMATCH (server: Could not validate your provided Security Key / CAPTCHA. Please check and try again.) — reloading
    [CAPTCHA] Attempt 3: solved="5677" — submitting...
    [CAPTCHA] Attempt 3: ✗ MISMATCH (server: Could not validate your provided Security Key / CAPTCHA. Please check and try again.) — reloading
    [CAPTCHA] Attempt 4: solved="4254" — submitting...
    [CAPTCHA] Attempt 4: ✗ MISMATCH (server: Could not validate your provided Security Key / CAPTCHA. Please check and try again.) — reloading
    [CAPTCHA] Attempt 5: solver returned "(empty)" (invalid length=0) — reloading
    [CAPTCHA] Attempt 6: solved="1045" — submitting...
    [CAPTCHA] Attempt 6: captcha OK but no result for this EIIN/year
NO RESULT
[1256/1646] JSC 2019 EIIN=134563 ...     [CAPTCHA] Attempt 1: solved="7778" — submitting...
    [CAPTCHA] Attempt 1: captcha OK but no result for this EIIN/year
NO RESULT
[1257/1646] JSC 2011 EIIN=138944 ...     [CAPTCHA] Attempt 1: solved="6382" — submitting...
    [CAPTCHA] Attempt 1: captcha OK but no result for this EIIN/year
NO RESULT
[1258/1646] JSC 2012 EIIN=138944 ...     [CAPTCHA] Attempt 1: solver returned "(empty)" (invalid length=0) — reloading
    [CAPTCHA] Attempt 2: solved="9363" — submitting...
    [CAPTCHA] Attempt 2: captcha OK but no result for this EIIN/year
NO RESULT
[1259/1646] JSC 2013 EIIN=138944 ...     [CAPTCHA] Attempt 1: solved="4555" — submitting...
    [CAPTCHA] Attempt 1: captcha OK but no result for this EIIN/year
NO RESULT
[1260/1646] JSC 2014 EIIN=138944 ...     [CAPTCHA] Attempt 1: solved="7287" — submitting...
    [CAPTCHA] Attempt 1: captcha OK but no result for this EIIN/year
NO RESULT
[1261/1646] JSC 2015 EIIN=138944 ...     [CAPTCHA] Attempt 1: solved="7920" — submitting...
    [CAPTCHA] Attempt 1: captcha OK but no result for this EIIN/year
NO RESULT
[1262/1646] JSC 2016 EIIN=138944 ...     [CAPTCHA] Attempt 1: solver returned "18" (invalid length=2) — reloading
    [CAPTCHA] Attempt 2: solver returned "(empty)" (invalid length=0) — reloading
    [CAPTCHA] Attempt 3: solved="4763" — submitting...
    [CAPTCHA] Attempt 3: captcha OK but no result for this EIIN/year
NO RESULT
[1263/1646] JSC 2017 EIIN=138944 ...     [CAPTCHA] Attempt 1: solved="2829" — submitting...
    [CAPTCHA] Attempt 1: captcha OK but no result for this EIIN/year
NO RESULT
[1264/1646] JSC 2018 EIIN=138944 ...     [CAPTCHA] Attempt 1: solved="9123" — submitting...
    [CAPTCHA] Attempt 1: captcha OK but no result for this EIIN/year
NO RESULT
[1265/1646] JSC 2019 EIIN=138944 ...     [CAPTCHA] Attempt 1: solver returned "(empty)" (invalid length=0) — reloading
    [CAPTCHA] Attempt 2: solved="2226" — submitting...
    [CAPTCHA] Attempt 2: ✗ MISMATCH (server: Could not validate your provided Security Key / CAPTCHA. Please check and try again.) — reloading
    [CAPTCHA] Attempt 3: solver returned "(empty)" (invalid length=0) — reloading
    [CAPTCHA] Attempt 4: solved="6625" — submitting...
    [CAPTCHA] Attempt 4: captcha OK but no result for this EIIN/year
NO RESULT
[1266/1646] JSC 2011 EIIN=137075 ...     [CAPTCHA] Attempt 1: solver returned "(empty)" (invalid length=0) — reloading
    [CAPTCHA] Attempt 2: solver returned "(empty)" (invalid length=0) — reloading
    [CAPTCHA] Attempt 3: solved="1912" — submitting...
    [CAPTCHA] Attempt 3: ✗ MISMATCH (server: Could not validate your provided Security Key / CAPTCHA. Please check and try again.) — reloading
    [CAPTCHA] Attempt 4: solver returned "(empty)" (invalid length=0) — reloading
    [CAPTCHA] Attempt 5: solved="4772" — submitting...
    [CAPTCHA] Attempt 5: captcha OK but no result for this EIIN/year
NO RESULT
[1267/1646] JSC 2012 EIIN=137075 ...     [CAPTCHA] Attempt 1: solved="6380" — submitting...
    [CAPTCHA] Attempt 1: ✗ MISMATCH (server: Could not validate your provided Security Key / CAPTCHA. Please check and try again.) — reloading
    [CAPTCHA] Attempt 2: solved="4400" — submitting...
    [CAPTCHA] Attempt 2: ✗ MISMATCH (server: Could not validate your provided Security Key / CAPTCHA. Please check and try again.) — reloading
    [CAPTCHA] Attempt 3: solver returned "(empty)" (invalid length=0) — reloading
    [CAPTCHA] Attempt 4: solver returned "(empty)" (invalid length=0) — reloading
    [CAPTCHA] Attempt 5: solved="3144" — submitting...
    [CAPTCHA] Attempt 5: ✗ MISMATCH (server: Could not validate your provided Security Key / CAPTCHA. Please check and try again.) — reloading
    [CAPTCHA] Attempt 6: solver returned "(empty)" (invalid length=0) — reloading
    [CAPTCHA] Attempt 7: solved="7829" — submitting...
    [CAPTCHA] Attempt 7: captcha OK but no result for this EIIN/year
NO RESULT
[1268/1646] JSC 2013 EIIN=137075 ...     [CAPTCHA] Attempt 1: solved="1883" — submitting...
    [CAPTCHA] Attempt 1: ✗ MISMATCH (server: Could not validate your provided Security Key / CAPTCHA. Please check and try again.) — reloading
    [CAPTCHA] Attempt 2: solver returned "(empty)" (invalid length=0) — reloading
    [CAPTCHA] Attempt 3: solved="0104" — submitting...
    [CAPTCHA] Attempt 3: ✗ MISMATCH (server: Could not validate your provided Security Key / CAPTCHA. Please check and try again.) — reloading
    [CAPTCHA] Attempt 4: solver returned "(empty)" (invalid length=0) — reloading
    [CAPTCHA] Attempt 5: solver returned "(empty)" (invalid length=0) — reloading
    [CAPTCHA] Attempt 6: solved="5035" — submitting...
    [CAPTCHA] Attempt 6: captcha OK but no result for this EIIN/year
NO RESULT
[1269/1646] JSC 2014 EIIN=137075 ...     [CAPTCHA] Attempt 1: solved="1041" — submitting...
    [CAPTCHA] Attempt 1: ✗ MISMATCH (server: Could not validate your provided Security Key / CAPTCHA. Please check and try again.) — reloading
    [CAPTCHA] Attempt 2: solved="3001" — submitting...
    [CAPTCHA] Attempt 2: ✗ MISMATCH (server: Could not validate your provided Security Key / CAPTCHA. Please check and try again.) — reloading
    [CAPTCHA] Attempt 3: solved="7220" — submitting...
    [CAPTCHA] Attempt 3: captcha OK but no result for this EIIN/year
NO RESULT
[1270/1646] JSC 2011 EIIN=134213 ...     [CAPTCHA] Attempt 1: solved="8422" — submitting...
    [CAPTCHA] Attempt 1: ✗ MISMATCH (server: Could not validate your provided Security Key / CAPTCHA. Please check and try again.) — reloading
    [CAPTCHA] Attempt 2: solved="4298" — submitting...
    [CAPTCHA] Attempt 2: ✗ MISMATCH (server: Could not validate your provided Security Key / CAPTCHA. Please check and try again.) — reloading
    [CAPTCHA] Attempt 3: solved="8983" — submitting...
    [CAPTCHA] Attempt 3: captcha OK but no result for this EIIN/year
NO RESULT
[1271/1646] JSC 2012 EIIN=134213 ...     [CAPTCHA] Attempt 1: solver returned "(empty)" (invalid length=0) — reloading
    [CAPTCHA] Attempt 2: solved="7164" — submitting...
    [CAPTCHA] Attempt 2: ✗ MISMATCH (server: Could not validate your provided Security Key / CAPTCHA. Please check and try again.) — reloading
    [CAPTCHA] Attempt 3: solved="2539" — submitting...
    [CAPTCHA] Attempt 3: captcha OK but no result for this EIIN/year
NO RESULT
[1272/1646] JSC 2013 EIIN=134213 ...     [CAPTCHA] Attempt 1: solved="6019" — submitting...
    [CAPTCHA] Attempt 1: ✗ MISMATCH (server: Could not validate your provided Security Key / CAPTCHA. Please check and try again.) — reloading
    [CAPTCHA] Attempt 2: solved="8221" — submitting...
    [CAPTCHA] Attempt 2: captcha OK but no result for this EIIN/year
NO RESULT
[1273/1646] JSC 2014 EIIN=134213 ...     [CAPTCHA] Attempt 1: solved="5023" — submitting...
    [CAPTCHA] Attempt 1: ✗ MISMATCH (server: Could not validate your provided Security Key / CAPTCHA. Please check and try again.) — reloading
    [CAPTCHA] Attempt 2: solved="7124" — submitting...
    [CAPTCHA] Attempt 2: ✗ MISMATCH (server: Could not validate your provided Security Key / CAPTCHA. Please check and try again.) — reloading
    [CAPTCHA] Attempt 3: solver returned "(empty)" (invalid length=0) — reloading
    [CAPTCHA] Attempt 4: solved="3803" — submitting...
    [CAPTCHA] Attempt 4: captcha OK but no result for this EIIN/year
NO RESULT
[1274/1646] JSC 2011 EIIN=107973 ...     [CAPTCHA] Attempt 1: solved="4895" — submitting...
    [CAPTCHA] Attempt 1: ✗ MISMATCH (server: Could not validate your provided Security Key / CAPTCHA. Please check and try again.) — reloading
    [CAPTCHA] Attempt 2: solved="1982" — submitting...
    [CAPTCHA] Attempt 2: captcha OK but no result for this EIIN/year
NO RESULT
[1275/1646] JSC 2012 EIIN=107973 ...     [CAPTCHA] Attempt 1: solver returned "(empty)" (invalid length=0) — reloading
    [CAPTCHA] Attempt 2: solved="1269" — submitting...
    [CAPTCHA] Attempt 2: ✗ MISMATCH (server: Could not validate your provided Security Key / CAPTCHA. Please check and try again.) — reloading
    [CAPTCHA] Attempt 3: solved="4373" — submitting...
    [CAPTCHA] Attempt 3: captcha OK but no result for this EIIN/year
NO RESULT
[1276/1646] JSC 2013 EIIN=107973 ...     [CAPTCHA] Attempt 1: solved="1074" — submitting...
    [CAPTCHA] Attempt 1: ✗ MISMATCH (server: Could not validate your provided Security Key / CAPTCHA. Please check and try again.) — reloading
    [CAPTCHA] Attempt 2: solved="4403" — submitting...
    [CAPTCHA] Attempt 2: ✗ MISMATCH (server: Could not validate your provided Security Key / CAPTCHA. Please check and try again.) — reloading
    [CAPTCHA] Attempt 3: solved="1501" — submitting...
    [CAPTCHA] Attempt 3: ✗ MISMATCH (server: Could not validate your provided Security Key / CAPTCHA. Please check and try again.) — reloading
    [CAPTCHA] Attempt 4: solver returned "2" (invalid length=1) — reloading
    [CAPTCHA] Attempt 5: solved="4321" — submitting...
    [CAPTCHA] Attempt 5: captcha OK but no result for this EIIN/year
NO RESULT
[1277/1646] JSC 2011 EIIN=134394 ...     [CAPTCHA] Attempt 1: solved="6240" — submitting...
    [CAPTCHA] Attempt 1: ✗ MISMATCH (server: Could not validate your provided Security Key / CAPTCHA. Please check and try again.) — reloading
    [CAPTCHA] Attempt 2: solved="1013" — submitting...
    [CAPTCHA] Attempt 2: ✗ MISMATCH (server: Could not validate your provided Security Key / CAPTCHA. Please check and try again.) — reloading
    [CAPTCHA] Attempt 3: solved="2894" — submitting...
    [CAPTCHA] Attempt 3: captcha OK but no result for this EIIN/year
NO RESULT
[1278/1646] JSC 2012 EIIN=134394 ...     [CAPTCHA] Attempt 1: solver returned "(empty)" (invalid length=0) — reloading
    [CAPTCHA] Attempt 2: solved="1923" — submitting...
    [CAPTCHA] Attempt 2: captcha OK but no result for this EIIN/year
NO RESULT
[1279/1646] JSC 2013 EIIN=134394 ...     [CAPTCHA] Attempt 1: solver returned "(empty)" (invalid length=0) — reloading
    [CAPTCHA] Attempt 2: solved="7100" — submitting...
    [CAPTCHA] Attempt 2: captcha OK but no result for this EIIN/year
NO RESULT
[1280/1646] JSC 2014 EIIN=134394 ...     [CAPTCHA] Attempt 1: solved="3822" — submitting...
    [CAPTCHA] Attempt 1: captcha OK but no result for this EIIN/year
NO RESULT
[1281/1646] JSC 2015 EIIN=134394 ...     [CAPTCHA] Attempt 1: solved="5754" — submitting...
    [CAPTCHA] Attempt 1: ✗ MISMATCH (server: Could not validate your provided Security Key / CAPTCHA. Please check and try again.) — reloading
    [CAPTCHA] Attempt 2: solved="1819" — submitting...
    [CAPTCHA] Attempt 2: ✗ MISMATCH (server: Could not validate your provided Security Key / CAPTCHA. Please check and try again.) — reloading
    [CAPTCHA] Attempt 3: solved="2764" — submitting...
    [CAPTCHA] Attempt 3: captcha OK but no result for this EIIN/year
NO RESULT
[1282/1646] JSC 2016 EIIN=134394 ...     [CAPTCHA] Attempt 1: solved="4120" — submitting...
    [CAPTCHA] Attempt 1: ✗ MISMATCH (server: Could not validate your provided Security Key / CAPTCHA. Please check and try again.) — reloading
    [CAPTCHA] Attempt 2: solved="6804" — submitting...
    [CAPTCHA] Attempt 2: captcha OK but no result for this EIIN/year
NO RESULT
[1283/1646] JSC 2017 EIIN=134394 ...     [CAPTCHA] Attempt 1: solved="3423" — submitting...
    [CAPTCHA] Attempt 1: captcha OK but no result for this EIIN/year
NO RESULT
[1284/1646] JSC 2018 EIIN=134394 ...     [CAPTCHA] Attempt 1: solver returned "(empty)" (invalid length=0) — reloading
    [CAPTCHA] Attempt 2: solver returned "(empty)" (invalid length=0) — reloading
    [CAPTCHA] Attempt 3: solved="3098" — submitting...
    [CAPTCHA] Attempt 3: captcha OK but no result for this EIIN/year
NO RESULT
[1285/1646] JSC 2019 EIIN=134394 ...     [CAPTCHA] Attempt 1: solved="4448" — submitting...
    [CAPTCHA] Attempt 1: ✗ MISMATCH (server: Could not validate your provided Security Key / CAPTCHA. Please check and try again.) — reloading
    [CAPTCHA] Attempt 2: solver returned "167" (invalid length=3) — reloading
    [CAPTCHA] Attempt 3: solved="2714" — submitting...
    [CAPTCHA] Attempt 3: ✗ MISMATCH (server: Could not validate your provided Security Key / CAPTCHA. Please check and try again.) — reloading
    [CAPTCHA] Attempt 4: solved="3894" — submitting...
    [CAPTCHA] Attempt 4: ✗ MISMATCH (server: Could not validate your provided Security Key / CAPTCHA. Please check and try again.) — reloading
    [CAPTCHA] Attempt 5: solved="6248" — submitting...
    [CAPTCHA] Attempt 5: captcha OK but no result for this EIIN/year
NO RESULT
[1286/1646] JSC 2011 EIIN=130758 ...     [CAPTCHA] Attempt 1: solved="5321" — submitting...
    [CAPTCHA] Attempt 1: ✗ MISMATCH (server: Could not validate your provided Security Key / CAPTCHA. Please check and try again.) — reloading
    [CAPTCHA] Attempt 2: solved="5310" — submitting...
    [CAPTCHA] Attempt 2: ✗ MISMATCH (server: Could not validate your provided Security Key / CAPTCHA. Please check and try again.) — reloading
    [CAPTCHA] Attempt 3: solved="3305" — submitting...
    [CAPTCHA] Attempt 3: captcha OK but no result for this EIIN/year
NO RESULT
[1287/1646] JSC 2012 EIIN=130758 ...     [CAPTCHA] Attempt 1: solved="5253" — submitting...
    [CAPTCHA] Attempt 1: captcha OK but no result for this EIIN/year
NO RESULT
[1288/1646] JSC 2013 EIIN=130758 ...     [CAPTCHA] Attempt 1: solved="5063" — submitting...
    [CAPTCHA] Attempt 1: ✗ MISMATCH (server: Could not validate your provided Security Key / CAPTCHA. Please check and try again.) — reloading
    [CAPTCHA] Attempt 2: solved="7198" — submitting...
    [CAPTCHA] Attempt 2: captcha OK but no result for this EIIN/year
NO RESULT
[1289/1646] JSC 2014 EIIN=130758 ...     [CAPTCHA] Attempt 1: solver returned "(empty)" (invalid length=0) — reloading
    [CAPTCHA] Attempt 2: solved="6969" — submitting...
    [CAPTCHA] Attempt 2: captcha OK but no result for this EIIN/year
NO RESULT
[1290/1646] JSC 2015 EIIN=130758 ...     [CAPTCHA] Attempt 1: solved="2704" — submitting...
    [CAPTCHA] Attempt 1: ✗ MISMATCH (server: Could not validate your provided Security Key / CAPTCHA. Please check and try again.) — reloading
    [CAPTCHA] Attempt 2: solved="2889" — submitting...
    [CAPTCHA] Attempt 2: captcha OK but no result for this EIIN/year
NO RESULT
[1291/1646] JSC 2016 EIIN=130758 ...     [CAPTCHA] Attempt 1: solved="4864" — submitting...
    [CAPTCHA] Attempt 1: ✗ MISMATCH (server: Could not validate your provided Security Key / CAPTCHA. Please check and try again.) — reloading
    [CAPTCHA] Attempt 2: solved="1335" — submitting...
    [CAPTCHA] Attempt 2: ✗ MISMATCH (server: Could not validate your provided Security Key / CAPTCHA. Please check and try again.) — reloading
    [CAPTCHA] Attempt 3: solved="3447" — submitting...
    [CAPTCHA] Attempt 3: captcha OK but no result for this EIIN/year
NO RESULT
[1292/1646] JSC 2017 EIIN=130758 ...     [CAPTCHA] Attempt 1: solved="3143" — submitting...
    [CAPTCHA] Attempt 1: captcha OK but no result for this EIIN/year
NO RESULT
[1293/1646] JSC 2018 EIIN=130758 ...     [CAPTCHA] Attempt 1: solved="7713" — submitting...
    [CAPTCHA] Attempt 1: ✗ MISMATCH (server: Could not validate your provided Security Key / CAPTCHA. Please check and try again.) — reloading
    [CAPTCHA] Attempt 2: solver returned "(empty)" (invalid length=0) — reloading
    [CAPTCHA] Attempt 3: solved="2804" — submitting...
    [CAPTCHA] Attempt 3: ✗ MISMATCH (server: Could not validate your provided Security Key / CAPTCHA. Please check and try again.) — reloading
    [CAPTCHA] Attempt 4: solved="4651" — submitting...
    [CAPTCHA] Attempt 4: ✗ MISMATCH (server: Could not validate your provided Security Key / CAPTCHA. Please check and try again.) — reloading
    [CAPTCHA] Attempt 5: solved="9181" — submitting...
    [CAPTCHA] Attempt 5: captcha OK but no result for this EIIN/year
NO RESULT
[1294/1646] JSC 2019 EIIN=130758 ...     [CAPTCHA] Attempt 1: solver returned "(empty)" (invalid length=0) — reloading
    [CAPTCHA] Attempt 2: solver returned "(empty)" (invalid length=0) — reloading
    [CAPTCHA] Attempt 3: solved="4036" — submitting...
    [CAPTCHA] Attempt 3: ✗ MISMATCH (server: Could not validate your provided Security Key / CAPTCHA. Please check and try again.) — reloading
    [CAPTCHA] Attempt 4: solved="4466" — submitting...
    [CAPTCHA] Attempt 4: ✗ MISMATCH (server: Could not validate your provided Security Key / CAPTCHA. Please check and try again.) — reloading
    [CAPTCHA] Attempt 5: solved="1675" — submitting...
    [CAPTCHA] Attempt 5: ✗ MISMATCH (server: Could not validate your provided Security Key / CAPTCHA. Please check and try again.) — reloading
    [CAPTCHA] Attempt 6: solved="1155" — submitting...
    [CAPTCHA] Attempt 6: ✗ MISMATCH (server: Could not validate your provided Security Key / CAPTCHA. Please check and try again.) — reloading
    [CAPTCHA] Attempt 7: solved="8595" — submitting...
    [CAPTCHA] Attempt 7: ✗ MISMATCH (server: Could not validate your provided Security Key / CAPTCHA. Please check and try again.) — reloading
    [CAPTCHA] Attempt 8: solved="1349" — submitting...
    [CAPTCHA] Attempt 8: captcha OK but no result for this EIIN/year
NO RESULT
[1295/1646] JSC 2011 EIIN=133927 ...     [CAPTCHA] Attempt 1: solver returned "(empty)" (invalid length=0) — reloading
    [CAPTCHA] Attempt 2: solved="9007" — submitting...
    [CAPTCHA] Attempt 2: ✗ MISMATCH (server: Could not validate your provided Security Key / CAPTCHA. Please check and try again.) — reloading
    [CAPTCHA] Attempt 3: solved="1666" — submitting...
    [CAPTCHA] Attempt 3: ✗ MISMATCH (server: Could not validate your provided Security Key / CAPTCHA. Please check and try again.) — reloading
    [CAPTCHA] Attempt 4: solved="3157" — submitting...
    [CAPTCHA] Attempt 4: captcha OK but no result for this EIIN/year
NO RESULT
[1296/1646] JSC 2012 EIIN=133927 ...     [CAPTCHA] Attempt 1: solver returned "(empty)" (invalid length=0) — reloading
    [CAPTCHA] Attempt 2: solved="2339" — submitting...
    [CAPTCHA] Attempt 2: captcha OK but no result for this EIIN/year
NO RESULT
[1297/1646] JSC 2013 EIIN=133927 ...     [CAPTCHA] Attempt 1: solved="2706" — submitting...
    [CAPTCHA] Attempt 1: ✗ MISMATCH (server: Could not validate your provided Security Key / CAPTCHA. Please check and try again.) — reloading
    [CAPTCHA] Attempt 2: solved="9726" — submitting...
    [CAPTCHA] Attempt 2: captcha OK but no result for this EIIN/year
NO RESULT
[1298/1646] JSC 2014 EIIN=133927 ...     [CAPTCHA] Attempt 1: solved="1270" — submitting...
    [CAPTCHA] Attempt 1: ✗ MISMATCH (server: Could not validate your provided Security Key / CAPTCHA. Please check and try again.) — reloading
    [CAPTCHA] Attempt 2: solver returned "(empty)" (invalid length=0) — reloading
    [CAPTCHA] Attempt 3: solved="6527" — submitting...
    [CAPTCHA] Attempt 3: captcha OK but no result for this EIIN/year
NO RESULT
[1299/1646] JSC 2015 EIIN=133927 ...     [CAPTCHA] Attempt 1: solved="1309" — submitting...
    [CAPTCHA] Attempt 1: captcha OK but no result for this EIIN/year
NO RESULT
[1300/1646] JSC 2016 EIIN=133927 ...     [CAPTCHA] Attempt 1: solver returned "(empty)" (invalid length=0) — reloading
    [CAPTCHA] Attempt 2: solved="8800" — submitting...
    [CAPTCHA] Attempt 2: ✗ MISMATCH (server: Could not validate your provided Security Key / CAPTCHA. Please check and try again.) — reloading
    [CAPTCHA] Attempt 3: solver returned "(empty)" (invalid length=0) — reloading
    [CAPTCHA] Attempt 4: solved="3975" — submitting...
    [CAPTCHA] Attempt 4: ✗ MISMATCH (server: Could not validate your provided Security Key / CAPTCHA. Please check and try again.) — reloading
    [CAPTCHA] Attempt 5: solved="0497" — submitting...
    [CAPTCHA] Attempt 5: ✗ MISMATCH (server: Could not validate your provided Security Key / CAPTCHA. Please check and try again.) — reloading
    [CAPTCHA] Attempt 6: solved="9809" — submitting...
    [CAPTCHA] Attempt 6: captcha OK but no result for this EIIN/year
NO RESULT

─── 1300/1646 done | OK:0 FAIL:7 | ETA ≈ 152.6 min ───

[1301/1646] JSC 2017 EIIN=133927 ...     [CAPTCHA] Attempt 1: solver returned "(empty)" (invalid length=0) — reloading
    [CAPTCHA] Attempt 2: solved="5287" — submitting...
    [CAPTCHA] Attempt 2: ✗ MISMATCH (server: Could not validate your provided Security Key / CAPTCHA. Please check and try again.) — reloading
    [CAPTCHA] Attempt 3: solved="1234" — submitting...
    [CAPTCHA] Attempt 3: ✗ MISMATCH (server: Could not validate your provided Security Key / CAPTCHA. Please check and try again.) — reloading
    [CAPTCHA] Attempt 4: solved="1114" — submitting...
    [CAPTCHA] Attempt 4: ✗ MISMATCH (server: Could not validate your provided Security Key / CAPTCHA. Please check and try again.) — reloading
    [CAPTCHA] Attempt 5: solved="3814" — submitting...
    [CAPTCHA] Attempt 5: captcha OK but no result for this EIIN/year
NO RESULT
[1302/1646] JSC 2018 EIIN=133927 ...     [CAPTCHA] Attempt 1: solved="5579" — submitting...
    [CAPTCHA] Attempt 1: captcha OK but no result for this EIIN/year
NO RESULT
[1303/1646] JSC 2019 EIIN=133927 ...     [CAPTCHA] Attempt 1: solved="3053" — submitting...
    [CAPTCHA] Attempt 1: captcha OK but no result for this EIIN/year
NO RESULT
[1304/1646] JSC 2011 EIIN=134419 ...     [CAPTCHA] Attempt 1: solved="9507" — submitting...
    [CAPTCHA] Attempt 1: ✗ MISMATCH (server: Could not validate your provided Security Key / CAPTCHA. Please check and try again.) — reloading
    [CAPTCHA] Attempt 2: solved="3432" — submitting...
    [CAPTCHA] Attempt 2: captcha OK but no result for this EIIN/year
NO RESULT
[1305/1646] JSC 2012 EIIN=134419 ...     [CAPTCHA] Attempt 1: solved="4828" — submitting...
    [CAPTCHA] Attempt 1: captcha OK but no result for this EIIN/year
NO RESULT
[1306/1646] JSC 2013 EIIN=134419 ...     [CAPTCHA] Attempt 1: solved="2058" — submitting...
    [CAPTCHA] Attempt 1: ✗ MISMATCH (server: Could not validate your provided Security Key / CAPTCHA. Please check and try again.) — reloading
    [CAPTCHA] Attempt 2: solved="8121" — submitting...
    [CAPTCHA] Attempt 2: ✗ MISMATCH (server: Could not validate your provided Security Key / CAPTCHA. Please check and try again.) — reloading
    [CAPTCHA] Attempt 3: solved="2516" — submitting...
    [CAPTCHA] Attempt 3: captcha OK but no result for this EIIN/year
NO RESULT
[1307/1646] JSC 2014 EIIN=134419 ...     [CAPTCHA] Attempt 1: solved="3447" — submitting...
    [CAPTCHA] Attempt 1: captcha OK but no result for this EIIN/year
NO RESULT
[1308/1646] JSC 2015 EIIN=134419 ...     [CAPTCHA] Attempt 1: solved="1243" — submitting...
    [CAPTCHA] Attempt 1: ✗ MISMATCH (server: Could not validate your provided Security Key / CAPTCHA. Please check and try again.) — reloading
    [CAPTCHA] Attempt 2: solved="5190" — submitting...
    [CAPTCHA] Attempt 2: captcha OK but no result for this EIIN/year
NO RESULT
[1309/1646] JSC 2016 EIIN=134419 ...     [CAPTCHA] Attempt 1: solved="3981" — submitting...
    [CAPTCHA] Attempt 1: ✗ MISMATCH (server: Could not validate your provided Security Key / CAPTCHA. Please check and try again.) — reloading
    [CAPTCHA] Attempt 2: solved="1532" — submitting...
    [CAPTCHA] Attempt 2: ✗ MISMATCH (server: Could not validate your provided Security Key / CAPTCHA. Please check and try again.) — reloading
    [CAPTCHA] Attempt 3: solved="8492" — submitting...
    [CAPTCHA] Attempt 3: captcha OK but no result for this EIIN/year
NO RESULT
[1310/1646] JSC 2017 EIIN=134419 ...     [CAPTCHA] Attempt 1: solved="6156" — submitting...
    [CAPTCHA] Attempt 1: ✗ MISMATCH (server: Could not validate your provided Security Key / CAPTCHA. Please check and try again.) — reloading
    [CAPTCHA] Attempt 2: solved="9309" — submitting...
    [CAPTCHA] Attempt 2: ✗ MISMATCH (server: Could not validate your provided Security Key / CAPTCHA. Please check and try again.) — reloading
    [CAPTCHA] Attempt 3: solved="5429" — submitting...
    [CAPTCHA] Attempt 3: captcha OK but no result for this EIIN/year
NO RESULT
[1311/1646] JSC 2018 EIIN=134419 ...     [CAPTCHA] Attempt 1: solved="1215" — submitting...
    [CAPTCHA] Attempt 1: ✗ MISMATCH (server: Could not validate your provided Security Key / CAPTCHA. Please check and try again.) — reloading
    [CAPTCHA] Attempt 2: solved="2516" — submitting...
    [CAPTCHA] Attempt 2: ✗ MISMATCH (server: Could not validate your provided Security Key / CAPTCHA. Please check and try again.) — reloading
    [CAPTCHA] Attempt 3: solver returned "(empty)" (invalid length=0) — reloading
    [CAPTCHA] Attempt 4: solver returned "(empty)" (invalid length=0) — reloading
    [CAPTCHA] Attempt 5: solver returned "713" (invalid length=3) — reloading
    [CAPTCHA] Attempt 6: solver returned "(empty)" (invalid length=0) — reloading
    [CAPTCHA] Attempt 7: solved="3624" — submitting...
    [CAPTCHA] Attempt 7: captcha OK but no result for this EIIN/year
NO RESULT
[1312/1646] JSC 2019 EIIN=134419 ...     [CAPTCHA] Attempt 1: solved="1441" — submitting...
    [CAPTCHA] Attempt 1: ✗ MISMATCH (server: Could not validate your provided Security Key / CAPTCHA. Please check and try again.) — reloading
    [CAPTCHA] Attempt 2: solver returned "(empty)" (invalid length=0) — reloading
    [CAPTCHA] Attempt 3: solved="9762" — submitting...
    [CAPTCHA] Attempt 3: captcha OK but no result for this EIIN/year
NO RESULT
[1313/1646] JSC 2011 EIIN=136763 ...     [CAPTCHA] Attempt 1: solved="9807" — submitting...
    [CAPTCHA] Attempt 1: captcha OK but no result for this EIIN/year
NO RESULT
[1314/1646] JSC 2012 EIIN=136763 ...     [CAPTCHA] Attempt 1: solved="4154" — submitting...
    [CAPTCHA] Attempt 1: ✗ MISMATCH (server: Could not validate your provided Security Key / CAPTCHA. Please check and try again.) — reloading
    [CAPTCHA] Attempt 2: solved="4214" — submitting...
    [CAPTCHA] Attempt 2: ✗ MISMATCH (server: Could not validate your provided Security Key / CAPTCHA. Please check and try again.) — reloading
    [CAPTCHA] Attempt 3: solver returned "(empty)" (invalid length=0) — reloading
    [CAPTCHA] Attempt 4: solved="9362" — submitting...
    [CAPTCHA] Attempt 4: ✗ MISMATCH (server: Could not validate your provided Security Key / CAPTCHA. Please check and try again.) — reloading
    [CAPTCHA] Attempt 5: solver returned "(empty)" (invalid length=0) — reloading
    [CAPTCHA] Attempt 6: solved="8640" — submitting...
    [CAPTCHA] Attempt 6: ✗ MISMATCH (server: Could not validate your provided Security Key / CAPTCHA. Please check and try again.) — reloading
    [CAPTCHA] Attempt 7: solver returned "(empty)" (invalid length=0) — reloading
    [CAPTCHA] Attempt 8: solver returned "(empty)" (invalid length=0) — reloading
    [CAPTCHA] Attempt 9: solved="6652" — submitting...
    [CAPTCHA] Attempt 9: ✗ MISMATCH (server: Could not validate your provided Security Key / CAPTCHA. Please check and try again.) — reloading
    [CAPTCHA] Attempt 10: solved="2697" — submitting...
    [CAPTCHA] Attempt 10: captcha OK but no result for this EIIN/year
NO RESULT
[1315/1646] JSC 2013 EIIN=136763 ...     [CAPTCHA] Attempt 1: solved="5534" — submitting...
    [CAPTCHA] Attempt 1: ✗ MISMATCH (server: Could not validate your provided Security Key / CAPTCHA. Please check and try again.) — reloading
    [CAPTCHA] Attempt 2: solved="7744" — submitting...
    [CAPTCHA] Attempt 2: captcha OK but no result for this EIIN/year
NO RESULT
[1316/1646] JSC 2011 EIIN=138821 ...     [CAPTCHA] Attempt 1: solver returned "(empty)" (invalid length=0) — reloading
    [CAPTCHA] Attempt 2: solver returned "(empty)" (invalid length=0) — reloading
    [CAPTCHA] Attempt 3: solved="1316" — submitting...
    [CAPTCHA] Attempt 3: ✗ MISMATCH (server: Could not validate your provided Security Key / CAPTCHA. Please check and try again.) — reloading
    [CAPTCHA] Attempt 4: solved="5498" — submitting...
    [CAPTCHA] Attempt 4: captcha OK but no result for this EIIN/year
NO RESULT
[1317/1646] JSC 2012 EIIN=138821 ...     [CAPTCHA] Attempt 1: solver returned "(empty)" (invalid length=0) — reloading
    [CAPTCHA] Attempt 2: solver returned "(empty)" (invalid length=0) — reloading
    [CAPTCHA] Attempt 3: solver returned "(empty)" (invalid length=0) — reloading
    [CAPTCHA] Attempt 4: solved="2568" — submitting...
    [CAPTCHA] Attempt 4: ✗ MISMATCH (server: Could not validate your provided Security Key / CAPTCHA. Please check and try again.) — reloading
    [CAPTCHA] Attempt 5: solved="1783" — submitting...
    [CAPTCHA] Attempt 5: captcha OK but no result for this EIIN/year
NO RESULT
[1318/1646] JSC 2013 EIIN=138821 ...     [CAPTCHA] Attempt 1: solved="2817" — submitting...
    [CAPTCHA] Attempt 1: ✗ MISMATCH (server: Could not validate your provided Security Key / CAPTCHA. Please check and try again.) — reloading
    [CAPTCHA] Attempt 2: solver returned "(empty)" (invalid length=0) — reloading
    [CAPTCHA] Attempt 3: solved="5688" — submitting...
    [CAPTCHA] Attempt 3: captcha OK but no result for this EIIN/year
NO RESULT
[1319/1646] JSC 2014 EIIN=138821 ...     [CAPTCHA] Attempt 1: solved="4102" — submitting...
    [CAPTCHA] Attempt 1: ✗ MISMATCH (server: Could not validate your provided Security Key / CAPTCHA. Please check and try again.) — reloading
    [CAPTCHA] Attempt 2: solved="9693" — submitting...
    [CAPTCHA] Attempt 2: ✗ MISMATCH (server: Could not validate your provided Security Key / CAPTCHA. Please check and try again.) — reloading
    [CAPTCHA] Attempt 3: solved="5610" — submitting...
    [CAPTCHA] Attempt 3: captcha OK but no result for this EIIN/year
NO RESULT
[1320/1646] JSC 2015 EIIN=138821 ...     [CAPTCHA] Attempt 1: solved="5190" — submitting...
    [CAPTCHA] Attempt 1: captcha OK but no result for this EIIN/year
NO RESULT
[1321/1646] JSC 2016 EIIN=138821 ...     [CAPTCHA] Attempt 1: solver returned "(empty)" (invalid length=0) — reloading
    [CAPTCHA] Attempt 2: solved="4955" — submitting...
    [CAPTCHA] Attempt 2: captcha OK but no result for this EIIN/year
NO RESULT
[1322/1646] JSC 2017 EIIN=138821 ...     [CAPTCHA] Attempt 1: solved="6214" — submitting...
    [CAPTCHA] Attempt 1: captcha OK but no result for this EIIN/year
NO RESULT
[1323/1646] JSC 2018 EIIN=138821 ...     [CAPTCHA] Attempt 1: solver returned "(empty)" (invalid length=0) — reloading
    [CAPTCHA] Attempt 2: solved="7689" — submitting...
    [CAPTCHA] Attempt 2: captcha OK but no result for this EIIN/year
NO RESULT
[1324/1646] JSC 2011 EIIN=134716 ...     [CAPTCHA] Attempt 1: solved="1122" — submitting...
    [CAPTCHA] Attempt 1: ✗ MISMATCH (server: Could not validate your provided Security Key / CAPTCHA. Please check and try again.) — reloading
    [CAPTCHA] Attempt 2: solver returned "(empty)" (invalid length=0) — reloading
    [CAPTCHA] Attempt 3: solved="0147" — submitting...
    [CAPTCHA] Attempt 3: ✗ MISMATCH (server: Could not validate your provided Security Key / CAPTCHA. Please check and try again.) — reloading
    [CAPTCHA] Attempt 4: solved="9543" — submitting...
    [CAPTCHA] Attempt 4: captcha OK but no result for this EIIN/year
NO RESULT
[1325/1646] JSC 2012 EIIN=134716 ...     [CAPTCHA] Attempt 1: solver returned "(empty)" (invalid length=0) — reloading
    [CAPTCHA] Attempt 2: solved="0131" — submitting...
    [CAPTCHA] Attempt 2: ✗ MISMATCH (server: Could not validate your provided Security Key / CAPTCHA. Please check and try again.) — reloading
    [CAPTCHA] Attempt 3: solver returned "(empty)" (invalid length=0) — reloading
    [CAPTCHA] Attempt 4: solved="5317" — submitting...
    [CAPTCHA] Attempt 4: captcha OK but no result for this EIIN/year
NO RESULT
[1326/1646] JSC 2011 EIIN=135456 ...     [CAPTCHA] Attempt 1: solver returned "(empty)" (invalid length=0) — reloading
    [CAPTCHA] Attempt 2: solved="9007" — submitting...
    [CAPTCHA] Attempt 2: ✗ MISMATCH (server: Could not validate your provided Security Key / CAPTCHA. Please check and try again.) — reloading
    [CAPTCHA] Attempt 3: solved="5128" — submitting...
    [CAPTCHA] Attempt 3: captcha OK but no result for this EIIN/year
NO RESULT
[1327/1646] JSC 2012 EIIN=135456 ...     [CAPTCHA] Attempt 1: solved="3273" — submitting...
    [CAPTCHA] Attempt 1: captcha OK but no result for this EIIN/year
NO RESULT
[1328/1646] JSC 2013 EIIN=135456 ...     [CAPTCHA] Attempt 1: solved="5043" — submitting...
    [CAPTCHA] Attempt 1: captcha OK but no result for this EIIN/year
NO RESULT
[1329/1646] JSC 2014 EIIN=135456 ...     [CAPTCHA] Attempt 1: solved="3614" — submitting...
    [CAPTCHA] Attempt 1: captcha OK but no result for this EIIN/year
NO RESULT
[1330/1646] JSC 2015 EIIN=135456 ...     [CAPTCHA] Attempt 1: solved="1533" — submitting...
    [CAPTCHA] Attempt 1: captcha OK but no result for this EIIN/year
NO RESULT
[1331/1646] JSC 2016 EIIN=135456 ...     [CAPTCHA] Attempt 1: solved="3826" — submitting...
    [CAPTCHA] Attempt 1: ✗ MISMATCH (server: Could not validate your provided Security Key / CAPTCHA. Please check and try again.) — reloading
    [CAPTCHA] Attempt 2: solved="2253" — submitting...
    [CAPTCHA] Attempt 2: captcha OK but no result for this EIIN/year
NO RESULT
[1332/1646] JSC 2017 EIIN=135456 ...     [CAPTCHA] Attempt 1: solved="3843" — submitting...
    [CAPTCHA] Attempt 1: captcha OK but no result for this EIIN/year
NO RESULT
[1333/1646] JSC 2018 EIIN=135456 ...     [CAPTCHA] Attempt 1: solved="6671" — submitting...
    [CAPTCHA] Attempt 1: ✗ MISMATCH (server: Could not validate your provided Security Key / CAPTCHA. Please check and try again.) — reloading
    [CAPTCHA] Attempt 2: solved="4711" — submitting...
    [CAPTCHA] Attempt 2: captcha OK but no result for this EIIN/year
NO RESULT
[1334/1646] JSC 2019 EIIN=135456 ...     [CAPTCHA] Attempt 1: solver returned "(empty)" (invalid length=0) — reloading
    [CAPTCHA] Attempt 2: solved="4221" — submitting...
    [CAPTCHA] Attempt 2: captcha OK but no result for this EIIN/year
NO RESULT
[1335/1646] JSC 2011 EIIN=134578 ...     [CAPTCHA] Attempt 1: solved="5956" — submitting...
    [CAPTCHA] Attempt 1: ✗ MISMATCH (server: Could not validate your provided Security Key / CAPTCHA. Please check and try again.) — reloading
    [CAPTCHA] Attempt 2: solved="5110" — submitting...
    [CAPTCHA] Attempt 2: captcha OK but no result for this EIIN/year
NO RESULT
[1336/1646] JSC 2012 EIIN=134578 ...     [CAPTCHA] Attempt 1: solved="4050" — submitting...
    [CAPTCHA] Attempt 1: ✗ MISMATCH (server: Could not validate your provided Security Key / CAPTCHA. Please check and try again.) — reloading
    [CAPTCHA] Attempt 2: solver returned "(empty)" (invalid length=0) — reloading
    [CAPTCHA] Attempt 3: solved="2100" — submitting...
    [CAPTCHA] Attempt 3: captcha OK but no result for this EIIN/year
NO RESULT
[1337/1646] JSC 2013 EIIN=134578 ...     [CAPTCHA] Attempt 1: solved="1414" — submitting...
    [CAPTCHA] Attempt 1: ✗ MISMATCH (server: Could not validate your provided Security Key / CAPTCHA. Please check and try again.) — reloading
    [CAPTCHA] Attempt 2: solved="8609" — submitting...
    [CAPTCHA] Attempt 2: captcha OK but no result for this EIIN/year
NO RESULT
[1338/1646] JSC 2014 EIIN=134578 ...     [CAPTCHA] Attempt 1: solved="1500" — submitting...
    [CAPTCHA] Attempt 1: ✗ MISMATCH (server: Could not validate your provided Security Key / CAPTCHA. Please check and try again.) — reloading
    [CAPTCHA] Attempt 2: solved="1080" — submitting...
    [CAPTCHA] Attempt 2: ✗ MISMATCH (server: Could not validate your provided Security Key / CAPTCHA. Please check and try again.) — reloading
    [CAPTCHA] Attempt 3: solved="9408" — submitting...
    [CAPTCHA] Attempt 3: captcha OK but no result for this EIIN/year
NO RESULT
[1339/1646] JSC 2011 EIIN=133984 ...     [CAPTCHA] Attempt 1: solver returned "(empty)" (invalid length=0) — reloading
    [CAPTCHA] Attempt 2: solved="5119" — submitting...
    [CAPTCHA] Attempt 2: ✗ MISMATCH (server: Could not validate your provided Security Key / CAPTCHA. Please check and try again.) — reloading
    [CAPTCHA] Attempt 3: solved="9683" — submitting...
    [CAPTCHA] Attempt 3: ✗ MISMATCH (server: Could not validate your provided Security Key / CAPTCHA. Please check and try again.) — reloading
    [CAPTCHA] Attempt 4: solver returned "(empty)" (invalid length=0) — reloading
    [CAPTCHA] Attempt 5: solver returned "(empty)" (invalid length=0) — reloading
    [CAPTCHA] Attempt 6: solved="2479" — submitting...
    [CAPTCHA] Attempt 6: captcha OK but no result for this EIIN/year
NO RESULT
[1340/1646] JSC 2012 EIIN=133984 ...     [CAPTCHA] Attempt 1: solved="4145" — submitting...
    [CAPTCHA] Attempt 1: ✗ MISMATCH (server: Could not validate your provided Security Key / CAPTCHA. Please check and try again.) — reloading
    [CAPTCHA] Attempt 2: solved="5412" — submitting...
    [CAPTCHA] Attempt 2: ✗ MISMATCH (server: Could not validate your provided Security Key / CAPTCHA. Please check and try again.) — reloading
    [CAPTCHA] Attempt 3: solved="1568" — submitting...
    [CAPTCHA] Attempt 3: captcha OK but no result for this EIIN/year
NO RESULT
[1341/1646] JSC 2013 EIIN=133984 ...     [CAPTCHA] Attempt 1: solver returned "(empty)" (invalid length=0) — reloading
    [CAPTCHA] Attempt 2: solved="1449" — submitting...
    [CAPTCHA] Attempt 2: captcha OK but no result for this EIIN/year
NO RESULT
[1342/1646] JSC 2011 EIIN=138611 ...     [CAPTCHA] Attempt 1: solver returned "(empty)" (invalid length=0) — reloading
    [CAPTCHA] Attempt 2: solved="2226" — submitting...
    [CAPTCHA] Attempt 2: ✗ MISMATCH (server: Could not validate your provided Security Key / CAPTCHA. Please check and try again.) — reloading
    [CAPTCHA] Attempt 3: solved="8455" — submitting...
    [CAPTCHA] Attempt 3: ✗ MISMATCH (server: Could not validate your provided Security Key / CAPTCHA. Please check and try again.) — reloading
    [CAPTCHA] Attempt 4: solved="0248" — submitting...
    [CAPTCHA] Attempt 4: ✗ MISMATCH (server: Could not validate your provided Security Key / CAPTCHA. Please check and try again.) — reloading
    [CAPTCHA] Attempt 5: solved="8367" — submitting...
    [CAPTCHA] Attempt 5: ✗ MISMATCH (server: Could not validate your provided Security Key / CAPTCHA. Please check and try again.) — reloading
    [CAPTCHA] Attempt 6: solved="2894" — submitting...
    [CAPTCHA] Attempt 6: captcha OK but no result for this EIIN/year
NO RESULT
[1343/1646] JSC 2012 EIIN=138611 ...     [CAPTCHA] Attempt 1: solved="5941" — submitting...
    [CAPTCHA] Attempt 1: ✗ MISMATCH (server: Could not validate your provided Security Key / CAPTCHA. Please check and try again.) — reloading
    [CAPTCHA] Attempt 2: solved="4152" — submitting...
    [CAPTCHA] Attempt 2: captcha OK but no result for this EIIN/year
NO RESULT
[1344/1646] JSC 2013 EIIN=138611 ...     [CAPTCHA] Attempt 1: solved="3310" — submitting...
    [CAPTCHA] Attempt 1: ✗ MISMATCH (server: Could not validate your provided Security Key / CAPTCHA. Please check and try again.) — reloading
    [CAPTCHA] Attempt 2: solved="4454" — submitting...
    [CAPTCHA] Attempt 2: ✗ MISMATCH (server: Could not validate your provided Security Key / CAPTCHA. Please check and try again.) — reloading
    [CAPTCHA] Attempt 3: solved="4029" — submitting...
    [CAPTCHA] Attempt 3: ✗ MISMATCH (server: Could not validate your provided Security Key / CAPTCHA. Please check and try again.) — reloading
    [CAPTCHA] Attempt 4: solver returned "(empty)" (invalid length=0) — reloading
    [CAPTCHA] Attempt 5: solved="6131" — submitting...
    [CAPTCHA] Attempt 5: ✗ MISMATCH (server: Could not validate your provided Security Key / CAPTCHA. Please check and try again.) — reloading
    [CAPTCHA] Attempt 6: solved="1080" — submitting...
    [CAPTCHA] Attempt 6: ✗ MISMATCH (server: Could not validate your provided Security Key / CAPTCHA. Please check and try again.) — reloading
    [CAPTCHA] Attempt 7: solved="7341" — submitting...
    [CAPTCHA] Attempt 7: ✗ MISMATCH (server: Could not validate your provided Security Key / CAPTCHA. Please check and try again.) — reloading
    [CAPTCHA] Attempt 8: solver returned "(empty)" (invalid length=0) — reloading
    [CAPTCHA] Attempt 9: solved="0100" — submitting...
    [CAPTCHA] Attempt 9: ✗ MISMATCH (server: Could not validate your provided Security Key / CAPTCHA. Please check and try again.) — reloading
    [CAPTCHA] Attempt 10: solved="1518" — submitting...
    [CAPTCHA] Attempt 10: ✗ MISMATCH (server: Could not validate your provided Security Key / CAPTCHA. Please check and try again.) — reloading
    [CAPTCHA] Attempt 11: solved="8092" — submitting...
    [CAPTCHA] Attempt 11: captcha OK but no result for this EIIN/year
NO RESULT
[1345/1646] JSC 2014 EIIN=138611 ...     [CAPTCHA] Attempt 1: solved="4807" — submitting...
    [CAPTCHA] Attempt 1: captcha OK but no result for this EIIN/year
NO RESULT
[1346/1646] JSC 2015 EIIN=138611 ...     [CAPTCHA] Attempt 1: solved="4918" — submitting...
    [CAPTCHA] Attempt 1: captcha OK but no result for this EIIN/year
NO RESULT
[1347/1646] JSC 2016 EIIN=138611 ...     [CAPTCHA] Attempt 1: solved="1886" — submitting...
    [CAPTCHA] Attempt 1: ✗ MISMATCH (server: Could not validate your provided Security Key / CAPTCHA. Please check and try again.) — reloading
    [CAPTCHA] Attempt 2: solved="8222" — submitting...
    [CAPTCHA] Attempt 2: captcha OK but no result for this EIIN/year
NO RESULT
[1348/1646] JSC 2017 EIIN=138611 ...     [CAPTCHA] Attempt 1: solved="8844" — submitting...
    [CAPTCHA] Attempt 1: captcha OK but no result for this EIIN/year
NO RESULT
[1349/1646] JSC 2018 EIIN=138611 ...     [CAPTCHA] Attempt 1: solved="4080" — submitting...
    [CAPTCHA] Attempt 1: ✗ MISMATCH (server: Could not validate your provided Security Key / CAPTCHA. Please check and try again.) — reloading
    [CAPTCHA] Attempt 2: solved="5818" — submitting...
    [CAPTCHA] Attempt 2: captcha OK but no result for this EIIN/year
NO RESULT
[1350/1646] JSC 2019 EIIN=138611 ...     [CAPTCHA] Attempt 1: solved="2081" — submitting...
    [CAPTCHA] Attempt 1: ✗ MISMATCH (server: Could not validate your provided Security Key / CAPTCHA. Please check and try again.) — reloading
    [CAPTCHA] Attempt 2: solved="4714" — submitting...
    [CAPTCHA] Attempt 2: ✗ MISMATCH (server: Could not validate your provided Security Key / CAPTCHA. Please check and try again.) — reloading
    [CAPTCHA] Attempt 3: solved="2839" — submitting...
    [CAPTCHA] Attempt 3: captcha OK but no result for this EIIN/year
NO RESULT
[1351/1646] JSC 2011 EIIN=133979 ...     [CAPTCHA] Attempt 1: solver returned "(empty)" (invalid length=0) — reloading
    [CAPTCHA] Attempt 2: solver returned "25" (invalid length=2) — reloading
    [CAPTCHA] Attempt 3: solved="8889" — submitting...
    [CAPTCHA] Attempt 3: captcha OK but no result for this EIIN/year
NO RESULT
[1352/1646] JSC 2012 EIIN=133979 ...     [CAPTCHA] Attempt 1: solved="0344" — submitting...
    [CAPTCHA] Attempt 1: ✗ MISMATCH (server: Could not validate your provided Security Key / CAPTCHA. Please check and try again.) — reloading
    [CAPTCHA] Attempt 2: solved="9727" — submitting...
    [CAPTCHA] Attempt 2: captcha OK but no result for this EIIN/year
NO RESULT
[1353/1646] JSC 2013 EIIN=133979 ...     [CAPTCHA] Attempt 1: solver returned "25" (invalid length=2) — reloading
    [CAPTCHA] Attempt 2: solver returned "(empty)" (invalid length=0) — reloading
    [CAPTCHA] Attempt 3: solved="8477" — submitting...
    [CAPTCHA] Attempt 3: captcha OK but no result for this EIIN/year
NO RESULT
[1354/1646] JSC 2014 EIIN=133979 ...     [CAPTCHA] Attempt 1: solved="7237" — submitting...
    [CAPTCHA] Attempt 1: ✗ MISMATCH (server: Could not validate your provided Security Key / CAPTCHA. Please check and try again.) — reloading
    [CAPTCHA] Attempt 2: solved="1860" — submitting...
    [CAPTCHA] Attempt 2: captcha OK but no result for this EIIN/year
NO RESULT
[1355/1646] JSC 2015 EIIN=133979 ...     [CAPTCHA] Attempt 1: solved="1798" — submitting...
    [CAPTCHA] Attempt 1: captcha OK but no result for this EIIN/year
NO RESULT
[1356/1646] JSC 2016 EIIN=133979 ...     [CAPTCHA] Attempt 1: solved="6631" — submitting...
    [CAPTCHA] Attempt 1: captcha OK but no result for this EIIN/year
NO RESULT
[1357/1646] JSC 2017 EIIN=133979 ...     [CAPTCHA] Attempt 1: solved="1355" — submitting...
    [CAPTCHA] Attempt 1: ✗ MISMATCH (server: Could not validate your provided Security Key / CAPTCHA. Please check and try again.) — reloading
    [CAPTCHA] Attempt 2: solver returned "(empty)" (invalid length=0) — reloading
    [CAPTCHA] Attempt 3: solved="5229" — submitting...
    [CAPTCHA] Attempt 3: captcha OK but no result for this EIIN/year
NO RESULT
[1358/1646] JSC 2018 EIIN=133979 ...     [CAPTCHA] Attempt 1: solved="5788" — submitting...
    [CAPTCHA] Attempt 1: captcha OK but no result for this EIIN/year
NO RESULT
[1359/1646] JSC 2019 EIIN=133979 ...     [CAPTCHA] Attempt 1: solved="4741" — submitting...
    [CAPTCHA] Attempt 1: ✗ MISMATCH (server: Could not validate your provided Security Key / CAPTCHA. Please check and try again.) — reloading
    [CAPTCHA] Attempt 2: solved="6549" — submitting...
    [CAPTCHA] Attempt 2: captcha OK but no result for this EIIN/year
NO RESULT
[1360/1646] JSC 2011 EIIN=140353 ...     [CAPTCHA] Attempt 1: solved="6313" — submitting...
    [CAPTCHA] Attempt 1: ✗ MISMATCH (server: Could not validate your provided Security Key / CAPTCHA. Please check and try again.) — reloading
    [CAPTCHA] Attempt 2: solved="1924" — submitting...
    [CAPTCHA] Attempt 2: ✗ MISMATCH (server: Could not validate your provided Security Key / CAPTCHA. Please check and try again.) — reloading
    [CAPTCHA] Attempt 3: solver returned "(empty)" (invalid length=0) — reloading
    [CAPTCHA] Attempt 4: solved="9268" — submitting...
    [CAPTCHA] Attempt 4: ✗ MISMATCH (server: Could not validate your provided Security Key / CAPTCHA. Please check and try again.) — reloading
    [CAPTCHA] Attempt 5: solved="6584" — submitting...
    [CAPTCHA] Attempt 5: ✗ MISMATCH (server: Could not validate your provided Security Key / CAPTCHA. Please check and try again.) — reloading
    [CAPTCHA] Attempt 6: solver returned "(empty)" (invalid length=0) — reloading
    [CAPTCHA] Attempt 7: solved="3707" — submitting...
    [CAPTCHA] Attempt 7: ✗ MISMATCH (server: Could not validate your provided Security Key / CAPTCHA. Please check and try again.) — reloading
    [CAPTCHA] Attempt 8: solved="6787" — submitting...
    [CAPTCHA] Attempt 8: captcha OK but no result for this EIIN/year
NO RESULT
[1361/1646] JSC 2012 EIIN=140353 ...     [CAPTCHA] Attempt 1: solver returned "(empty)" (invalid length=0) — reloading
    [CAPTCHA] Attempt 2: solved="5241" — submitting...
    [CAPTCHA] Attempt 2: ✗ MISMATCH (server: Could not validate your provided Security Key / CAPTCHA. Please check and try again.) — reloading
    [CAPTCHA] Attempt 3: solved="8561" — submitting...
    [CAPTCHA] Attempt 3: captcha OK but no result for this EIIN/year
NO RESULT
[1362/1646] JSC 2013 EIIN=140353 ...     [CAPTCHA] Attempt 1: solved="1629" — submitting...
    [CAPTCHA] Attempt 1: captcha OK but no result for this EIIN/year
NO RESULT
[1363/1646] JSC 2014 EIIN=140353 ...     [CAPTCHA] Attempt 1: solved="1454" — submitting...
    [CAPTCHA] Attempt 1: ✗ MISMATCH (server: Could not validate your provided Security Key / CAPTCHA. Please check and try again.) — reloading
    [CAPTCHA] Attempt 2: solver returned "(empty)" (invalid length=0) — reloading
    [CAPTCHA] Attempt 3: solved="7882" — submitting...
    [CAPTCHA] Attempt 3: ✗ MISMATCH (server: Could not validate your provided Security Key / CAPTCHA. Please check and try again.) — reloading
    [CAPTCHA] Attempt 4: solved="5881" — submitting...
    [CAPTCHA] Attempt 4: ✗ MISMATCH (server: Could not validate your provided Security Key / CAPTCHA. Please check and try again.) — reloading
    [CAPTCHA] Attempt 5: solved="7779" — submitting...
    [CAPTCHA] Attempt 5: ✗ MISMATCH (server: Could not validate your provided Security Key / CAPTCHA. Please check and try again.) — reloading
    [CAPTCHA] Attempt 6: solved="2588" — submitting...
    [CAPTCHA] Attempt 6: ✗ MISMATCH (server: Could not validate your provided Security Key / CAPTCHA. Please check and try again.) — reloading
    [CAPTCHA] Attempt 7: solved="6922" — submitting...
    [CAPTCHA] Attempt 7: captcha OK but no result for this EIIN/year
NO RESULT
[1364/1646] JSC 2015 EIIN=140353 ...     [CAPTCHA] Attempt 1: solved="1381" — submitting...
    [CAPTCHA] Attempt 1: ✗ MISMATCH (server: Could not validate your provided Security Key / CAPTCHA. Please check and try again.) — reloading
    [CAPTCHA] Attempt 2: solved="4653" — submitting...
    [CAPTCHA] Attempt 2: ✗ MISMATCH (server: Could not validate your provided Security Key / CAPTCHA. Please check and try again.) — reloading
    [CAPTCHA] Attempt 3: solved="6718" — submitting...
    [CAPTCHA] Attempt 3: ✗ MISMATCH (server: Could not validate your provided Security Key / CAPTCHA. Please check and try again.) — reloading
    [CAPTCHA] Attempt 4: solved="5412" — submitting...
    [CAPTCHA] Attempt 4: ✗ MISMATCH (server: Could not validate your provided Security Key / CAPTCHA. Please check and try again.) — reloading
    [CAPTCHA] Attempt 5: solved="3765" — submitting...
    [CAPTCHA] Attempt 5: ✗ MISMATCH (server: Could not validate your provided Security Key / CAPTCHA. Please check and try again.) — reloading
    [CAPTCHA] Attempt 6: solved="9114" — submitting...
    [CAPTCHA] Attempt 6: ✗ MISMATCH (server: Could not validate your provided Security Key / CAPTCHA. Please check and try again.) — reloading
    [CAPTCHA] Attempt 7: solved="0014" — submitting...
    [CAPTCHA] Attempt 7: ✗ MISMATCH (server: Could not validate your provided Security Key / CAPTCHA. Please check and try again.) — reloading
    [CAPTCHA] Attempt 8: solved="4617" — submitting...
    [CAPTCHA] Attempt 8: ✗ MISMATCH (server: Could not validate your provided Security Key / CAPTCHA. Please check and try again.) — reloading
    [CAPTCHA] Attempt 9: solved="8374" — submitting...
    [CAPTCHA] Attempt 9: captcha OK but no result for this EIIN/year
NO RESULT
[1365/1646] JSC 2016 EIIN=140353 ...     [CAPTCHA] Attempt 1: solver returned "(empty)" (invalid length=0) — reloading
    [CAPTCHA] Attempt 2: solved="4580" — submitting...
    [CAPTCHA] Attempt 2: ✗ MISMATCH (server: Could not validate your provided Security Key / CAPTCHA. Please check and try again.) — reloading
    [CAPTCHA] Attempt 3: solver returned "(empty)" (invalid length=0) — reloading
    [CAPTCHA] Attempt 4: solved="0623" — submitting...
    [CAPTCHA] Attempt 4: ✗ MISMATCH (server: Could not validate your provided Security Key / CAPTCHA. Please check and try again.) — reloading
    [CAPTCHA] Attempt 5: solved="6351" — submitting...
    [CAPTCHA] Attempt 5: ✗ MISMATCH (server: Could not validate your provided Security Key / CAPTCHA. Please check and try again.) — reloading
    [CAPTCHA] Attempt 6: solved="6519" — submitting...
    [CAPTCHA] Attempt 6: ✗ MISMATCH (server: Could not validate your provided Security Key / CAPTCHA. Please check and try again.) — reloading
    [CAPTCHA] Attempt 7: solved="2122" — submitting...
    [CAPTCHA] Attempt 7: ✗ MISMATCH (server: Could not validate your provided Security Key / CAPTCHA. Please check and try again.) — reloading
    [CAPTCHA] Attempt 8: solved="7796" — submitting...
    [CAPTCHA] Attempt 8: captcha OK but no result for this EIIN/year
NO RESULT
[1366/1646] JSC 2017 EIIN=140353 ...     [CAPTCHA] Attempt 1: solved="4704" — submitting...
    [CAPTCHA] Attempt 1: ✗ MISMATCH (server: Could not validate your provided Security Key / CAPTCHA. Please check and try again.) — reloading
    [CAPTCHA] Attempt 2: solver returned "(empty)" (invalid length=0) — reloading
    [CAPTCHA] Attempt 3: solver returned "(empty)" (invalid length=0) — reloading
    [CAPTCHA] Attempt 4: solver returned "(empty)" (invalid length=0) — reloading
    [CAPTCHA] Attempt 5: solver returned "(empty)" (invalid length=0) — reloading
    [CAPTCHA] Attempt 6: solved="4442" — submitting...
    [CAPTCHA] Attempt 6: captcha OK but no result for this EIIN/year
NO RESULT
[1367/1646] JSC 2018 EIIN=140353 ...     [CAPTCHA] Attempt 1: solver returned "(empty)" (invalid length=0) — reloading
    [CAPTCHA] Attempt 2: solver returned "(empty)" (invalid length=0) — reloading
    [CAPTCHA] Attempt 3: solved="3599" — submitting...
    [CAPTCHA] Attempt 3: captcha OK but no result for this EIIN/year
NO RESULT
[1368/1646] JSC 2019 EIIN=140353 ...     [CAPTCHA] Attempt 1: solved="1801" — submitting...
    [CAPTCHA] Attempt 1: ✗ MISMATCH (server: Could not validate your provided Security Key / CAPTCHA. Please check and try again.) — reloading
    [CAPTCHA] Attempt 2: solved="4674" — submitting...
    [CAPTCHA] Attempt 2: captcha OK but no result for this EIIN/year
NO RESULT
[1369/1646] JSC 2011 EIIN=134601 ...     [CAPTCHA] Attempt 1: solver returned "416" (invalid length=3) — reloading
    [CAPTCHA] Attempt 2: solved="3986" — submitting...
    [CAPTCHA] Attempt 2: ✗ MISMATCH (server: Could not validate your provided Security Key / CAPTCHA. Please check and try again.) — reloading
    [CAPTCHA] Attempt 3: solved="2635" — submitting...
    [CAPTCHA] Attempt 3: captcha OK but no result for this EIIN/year
NO RESULT
[1370/1646] JSC 2012 EIIN=134601 ...     [CAPTCHA] Attempt 1: solved="1771" — submitting...
    [CAPTCHA] Attempt 1: captcha OK but no result for this EIIN/year
NO RESULT
[1371/1646] JSC 2013 EIIN=134601 ...     [CAPTCHA] Attempt 1: solved="2218" — submitting...
    [CAPTCHA] Attempt 1: ✗ MISMATCH (server: Could not validate your provided Security Key / CAPTCHA. Please check and try again.) — reloading
    [CAPTCHA] Attempt 2: solved="8143" — submitting...
    [CAPTCHA] Attempt 2: captcha OK but no result for this EIIN/year
NO RESULT
[1372/1646] JSC 2014 EIIN=134601 ...     [CAPTCHA] Attempt 1: solved="3136" — submitting...
    [CAPTCHA] Attempt 1: ✗ MISMATCH (server: Could not validate your provided Security Key / CAPTCHA. Please check and try again.) — reloading
    [CAPTCHA] Attempt 2: solver returned "(empty)" (invalid length=0) — reloading
    [CAPTCHA] Attempt 3: solved="5173" — submitting...
    [CAPTCHA] Attempt 3: ✗ MISMATCH (server: Could not validate your provided Security Key / CAPTCHA. Please check and try again.) — reloading
    [CAPTCHA] Attempt 4: solved="4147" — submitting...
    [CAPTCHA] Attempt 4: ✗ MISMATCH (server: Could not validate your provided Security Key / CAPTCHA. Please check and try again.) — reloading
    [CAPTCHA] Attempt 5: solved="1676" — submitting...
    [CAPTCHA] Attempt 5: captcha OK but no result for this EIIN/year
NO RESULT
[1373/1646] JSC 2015 EIIN=134601 ...     [CAPTCHA] Attempt 1: solved="3099" — submitting...
    [CAPTCHA] Attempt 1: ✗ MISMATCH (server: Could not validate your provided Security Key / CAPTCHA. Please check and try again.) — reloading
    [CAPTCHA] Attempt 2: solved="7630" — submitting...
    [CAPTCHA] Attempt 2: ✗ MISMATCH (server: Could not validate your provided Security Key / CAPTCHA. Please check and try again.) — reloading
    [CAPTCHA] Attempt 3: solver returned "(empty)" (invalid length=0) — reloading
    [CAPTCHA] Attempt 4: solved="6450" — submitting...
    [CAPTCHA] Attempt 4: ✗ MISMATCH (server: Could not validate your provided Security Key / CAPTCHA. Please check and try again.) — reloading
    [CAPTCHA] Attempt 5: solver returned "(empty)" (invalid length=0) — reloading
    [CAPTCHA] Attempt 6: solved="9385" — submitting...
    [CAPTCHA] Attempt 6: ✗ MISMATCH (server: Could not validate your provided Security Key / CAPTCHA. Please check and try again.) — reloading
    [CAPTCHA] Attempt 7: solver returned "(empty)" (invalid length=0) — reloading
    [CAPTCHA] Attempt 8: solved="9719" — submitting...
    [CAPTCHA] Attempt 8: captcha OK but no result for this EIIN/year
NO RESULT
[1374/1646] JSC 2016 EIIN=134601 ...     [CAPTCHA] Attempt 1: solver returned "(empty)" (invalid length=0) — reloading
    [CAPTCHA] Attempt 2: solved="9385" — submitting...
    [CAPTCHA] Attempt 2: ✗ MISMATCH (server: Could not validate your provided Security Key / CAPTCHA. Please check and try again.) — reloading
    [CAPTCHA] Attempt 3: solver returned "(empty)" (invalid length=0) — reloading
    [CAPTCHA] Attempt 4: solved="1380" — submitting...
    [CAPTCHA] Attempt 4: ✗ MISMATCH (server: Could not validate your provided Security Key / CAPTCHA. Please check and try again.) — reloading
    [CAPTCHA] Attempt 5: solved="6278" — submitting...
    [CAPTCHA] Attempt 5: captcha OK but no result for this EIIN/year
NO RESULT
[1375/1646] JSC 2017 EIIN=134601 ...     [CAPTCHA] Attempt 1: solved="5023" — submitting...
    [CAPTCHA] Attempt 1: ✗ MISMATCH (server: Could not validate your provided Security Key / CAPTCHA. Please check and try again.) — reloading
    [CAPTCHA] Attempt 2: solved="5983" — submitting...
    [CAPTCHA] Attempt 2: ✗ MISMATCH (server: Could not validate your provided Security Key / CAPTCHA. Please check and try again.) — reloading
    [CAPTCHA] Attempt 3: solver returned "(empty)" (invalid length=0) — reloading
    [CAPTCHA] Attempt 4: solved="9301" — submitting...
    [CAPTCHA] Attempt 4: ✗ MISMATCH (server: Could not validate your provided Security Key / CAPTCHA. Please check and try again.) — reloading
    [CAPTCHA] Attempt 5: solver returned "(empty)" (invalid length=0) — reloading
    [CAPTCHA] Attempt 6: solved="9952" — submitting...
    [CAPTCHA] Attempt 6: captcha OK but no result for this EIIN/year
NO RESULT
[1376/1646] JSC 2018 EIIN=134601 ...     [CAPTCHA] Attempt 1: solved="4055" — submitting...
    [CAPTCHA] Attempt 1: ✗ MISMATCH (server: Could not validate your provided Security Key / CAPTCHA. Please check and try again.) — reloading
    [CAPTCHA] Attempt 2: solved="7605" — submitting...
    [CAPTCHA] Attempt 2: ✗ MISMATCH (server: Could not validate your provided Security Key / CAPTCHA. Please check and try again.) — reloading
    [CAPTCHA] Attempt 3: solved="4267" — submitting...
    [CAPTCHA] Attempt 3: ✗ MISMATCH (server: Could not validate your provided Security Key / CAPTCHA. Please check and try again.) — reloading
    [CAPTCHA] Attempt 4: solved="4440" — submitting...
    [CAPTCHA] Attempt 4: ✗ MISMATCH (server: Could not validate your provided Security Key / CAPTCHA. Please check and try again.) — reloading
    [CAPTCHA] Attempt 5: solved="1720" — submitting...
    [CAPTCHA] Attempt 5: ✗ MISMATCH (server: Could not validate your provided Security Key / CAPTCHA. Please check and try again.) — reloading
    [CAPTCHA] Attempt 6: solved="3690" — submitting...
    [CAPTCHA] Attempt 6: captcha OK but no result for this EIIN/year
NO RESULT
[1377/1646] JSC 2019 EIIN=134601 ...     [CAPTCHA] Attempt 1: solved="2085" — submitting...
    [CAPTCHA] Attempt 1: ✗ MISMATCH (server: Could not validate your provided Security Key / CAPTCHA. Please check and try again.) — reloading
    [CAPTCHA] Attempt 2: solved="3301" — submitting...
    [CAPTCHA] Attempt 2: ✗ MISMATCH (server: Could not validate your provided Security Key / CAPTCHA. Please check and try again.) — reloading
    [CAPTCHA] Attempt 3: solver returned "(empty)" (invalid length=0) — reloading
    [CAPTCHA] Attempt 4: solver returned "(empty)" (invalid length=0) — reloading
    [CAPTCHA] Attempt 5: solver returned "(empty)" (invalid length=0) — reloading
    [CAPTCHA] Attempt 6: solver returned "(empty)" (invalid length=0) — reloading
    [CAPTCHA] Attempt 7: solved="9374" — submitting...
    [CAPTCHA] Attempt 7: captcha OK but no result for this EIIN/year
NO RESULT
[1378/1646] JSC 2011 EIIN=132096 ...     [CAPTCHA] Attempt 1: solved="3587" — submitting...
    [CAPTCHA] Attempt 1: ✗ MISMATCH (server: Could not validate your provided Security Key / CAPTCHA. Please check and try again.) — reloading
    [CAPTCHA] Attempt 2: solver returned "(empty)" (invalid length=0) — reloading
    [CAPTCHA] Attempt 3: solved="9527" — submitting...
    [CAPTCHA] Attempt 3: captcha OK but no result for this EIIN/year
NO RESULT
[1379/1646] JSC 2012 EIIN=132096 ...     [CAPTCHA] Attempt 1: solved="3114" — submitting...
    [CAPTCHA] Attempt 1: ✗ MISMATCH (server: Could not validate your provided Security Key / CAPTCHA. Please check and try again.) — reloading
    [CAPTCHA] Attempt 2: solved="4406" — submitting...
    [CAPTCHA] Attempt 2: ✗ MISMATCH (server: Could not validate your provided Security Key / CAPTCHA. Please check and try again.) — reloading
    [CAPTCHA] Attempt 3: solver returned "(empty)" (invalid length=0) — reloading
    [CAPTCHA] Attempt 4: solved="1077" — submitting...
    [CAPTCHA] Attempt 4: captcha OK but no result for this EIIN/year
NO RESULT
[1380/1646] JSC 2013 EIIN=132096 ...     [CAPTCHA] Attempt 1: solver returned "(empty)" (invalid length=0) — reloading
    [CAPTCHA] Attempt 2: solved="8629" — submitting...
    [CAPTCHA] Attempt 2: captcha OK but no result for this EIIN/year
NO RESULT
[1381/1646] JSC 2014 EIIN=132096 ...     [CAPTCHA] Attempt 1: solved="3523" — submitting...
    [CAPTCHA] Attempt 1: ✗ MISMATCH (server: Could not validate your provided Security Key / CAPTCHA. Please check and try again.) — reloading
    [CAPTCHA] Attempt 2: solved="2613" — submitting...
    [CAPTCHA] Attempt 2: captcha OK but no result for this EIIN/year
NO RESULT
[1382/1646] JSC 2011 EIIN=131634 ...     [CAPTCHA] Attempt 1: solved="9324" — submitting...
    [CAPTCHA] Attempt 1: ✗ MISMATCH (server: Could not validate your provided Security Key / CAPTCHA. Please check and try again.) — reloading
    [CAPTCHA] Attempt 2: solved="4404" — submitting...
    [CAPTCHA] Attempt 2: ✗ MISMATCH (server: Could not validate your provided Security Key / CAPTCHA. Please check and try again.) — reloading
    [CAPTCHA] Attempt 3: solver returned "354" (invalid length=3) — reloading
    [CAPTCHA] Attempt 4: solved="8446" — submitting...
    [CAPTCHA] Attempt 4: captcha OK but no result for this EIIN/year
NO RESULT
[1383/1646] JSC 2012 EIIN=131634 ...     [CAPTCHA] Attempt 1: solved="7970" — submitting...
    [CAPTCHA] Attempt 1: ✗ MISMATCH (server: Could not validate your provided Security Key / CAPTCHA. Please check and try again.) — reloading
    [CAPTCHA] Attempt 2: solved="9200" — submitting...
    [CAPTCHA] Attempt 2: captcha OK but no result for this EIIN/year
NO RESULT
[1384/1646] JSC 2013 EIIN=131634 ...     [CAPTCHA] Attempt 1: solver returned "(empty)" (invalid length=0) — reloading
    [CAPTCHA] Attempt 2: solved="1533" — submitting...
    [CAPTCHA] Attempt 2: captcha OK but no result for this EIIN/year
NO RESULT
[1385/1646] JSC 2014 EIIN=131634 ...     [CAPTCHA] Attempt 1: solved="5444" — submitting...
    [CAPTCHA] Attempt 1: ✗ MISMATCH (server: Could not validate your provided Security Key / CAPTCHA. Please check and try again.) — reloading
    [CAPTCHA] Attempt 2: solver returned "(empty)" (invalid length=0) — reloading
    [CAPTCHA] Attempt 3: solved="2943" — submitting...
    [CAPTCHA] Attempt 3: captcha OK but no result for this EIIN/year
NO RESULT
[1386/1646] JSC 2011 EIIN=134186 ...     [CAPTCHA] Attempt 1: solved="6534" — submitting...
    [CAPTCHA] Attempt 1: captcha OK but no result for this EIIN/year
NO RESULT
[1387/1646] JSC 2012 EIIN=134186 ...     [CAPTCHA] Attempt 1: solver returned "(empty)" (invalid length=0) — reloading
    [CAPTCHA] Attempt 2: solved="3146" — submitting...
    [CAPTCHA] Attempt 2: ✗ MISMATCH (server: Could not validate your provided Security Key / CAPTCHA. Please check and try again.) — reloading
    [CAPTCHA] Attempt 3: solved="2865" — submitting...
    [CAPTCHA] Attempt 3: captcha OK but no result for this EIIN/year
NO RESULT
[1388/1646] JSC 2013 EIIN=134186 ...     [CAPTCHA] Attempt 1: solver returned "(empty)" (invalid length=0) — reloading
    [CAPTCHA] Attempt 2: solved="1991" — submitting...
    [CAPTCHA] Attempt 2: ✗ MISMATCH (server: Could not validate your provided Security Key / CAPTCHA. Please check and try again.) — reloading
    [CAPTCHA] Attempt 3: solved="1132" — submitting...
    [CAPTCHA] Attempt 3: captcha OK but no result for this EIIN/year
NO RESULT
[1389/1646] JSC 2014 EIIN=134186 ...     [CAPTCHA] Attempt 1: solver returned "(empty)" (invalid length=0) — reloading
    [CAPTCHA] Attempt 2: solver returned "(empty)" (invalid length=0) — reloading
    [CAPTCHA] Attempt 3: solved="2281" — submitting...
    [CAPTCHA] Attempt 3: captcha OK but no result for this EIIN/year
NO RESULT
[1390/1646] JSC 2015 EIIN=134186 ...     [CAPTCHA] Attempt 1: solved="4700" — submitting...
    [CAPTCHA] Attempt 1: ✗ MISMATCH (server: Could not validate your provided Security Key / CAPTCHA. Please check and try again.) — reloading
    [CAPTCHA] Attempt 2: solved="1437" — submitting...
    [CAPTCHA] Attempt 2: ✗ MISMATCH (server: Could not validate your provided Security Key / CAPTCHA. Please check and try again.) — reloading
    [CAPTCHA] Attempt 3: solved="6705" — submitting...
    [CAPTCHA] Attempt 3: ✗ MISMATCH (server: Could not validate your provided Security Key / CAPTCHA. Please check and try again.) — reloading
    [CAPTCHA] Attempt 4: solver returned "(empty)" (invalid length=0) — reloading
    [CAPTCHA] Attempt 5: solved="1933" — submitting...
    [CAPTCHA] Attempt 5: ✗ MISMATCH (server: Could not validate your provided Security Key / CAPTCHA. Please check and try again.) — reloading
    [CAPTCHA] Attempt 6: solver returned "(empty)" (invalid length=0) — reloading
    [CAPTCHA] Attempt 7: solver returned "(empty)" (invalid length=0) — reloading
    [CAPTCHA] Attempt 8: solved="3031" — submitting...
    [CAPTCHA] Attempt 8: ✗ MISMATCH (server: Could not validate your provided Security Key / CAPTCHA. Please check and try again.) — reloading
    [CAPTCHA] Attempt 9: solved="1464" — submitting...
    [CAPTCHA] Attempt 9: ✗ MISMATCH (server: Could not validate your provided Security Key / CAPTCHA. Please check and try again.) — reloading
    [CAPTCHA] Attempt 10: solver returned "(empty)" (invalid length=0) — reloading
    [CAPTCHA] Attempt 11: solver returned "(empty)" (invalid length=0) — reloading
    [CAPTCHA] Attempt 12: solved="1912" — submitting...
    [CAPTCHA] Attempt 12: ✗ MISMATCH (server: Could not validate your provided Security Key / CAPTCHA. Please check and try again.) — reloading
    [CAPTCHA] Attempt 13: solved="9330" — submitting...
    [CAPTCHA] Attempt 13: captcha OK but no result for this EIIN/year
NO RESULT
[1391/1646] JSC 2016 EIIN=134186 ...     [CAPTCHA] Attempt 1: solved="7918" — submitting...
    [CAPTCHA] Attempt 1: captcha OK but no result for this EIIN/year
NO RESULT
[1392/1646] JSC 2017 EIIN=134186 ...     [CAPTCHA] Attempt 1: solved="3210" — submitting...
    [CAPTCHA] Attempt 1: ✗ MISMATCH (server: Could not validate your provided Security Key / CAPTCHA. Please check and try again.) — reloading
    [CAPTCHA] Attempt 2: solved="4646" — submitting...
    [CAPTCHA] Attempt 2: captcha OK but no result for this EIIN/year
NO RESULT
[1393/1646] JSC 2018 EIIN=134186 ...     [CAPTCHA] Attempt 1: solved="8872" — submitting...
    [CAPTCHA] Attempt 1: captcha OK but no result for this EIIN/year
NO RESULT
[1394/1646] JSC 2019 EIIN=134186 ...     [CAPTCHA] Attempt 1: solver returned "(empty)" (invalid length=0) — reloading
    [CAPTCHA] Attempt 2: solved="5590" — submitting...
    [CAPTCHA] Attempt 2: ✗ MISMATCH (server: Could not validate your provided Security Key / CAPTCHA. Please check and try again.) — reloading
    [CAPTCHA] Attempt 3: solved="3005" — submitting...
    [CAPTCHA] Attempt 3: ✗ MISMATCH (server: Could not validate your provided Security Key / CAPTCHA. Please check and try again.) — reloading
    [CAPTCHA] Attempt 4: solved="7061" — submitting...
    [CAPTCHA] Attempt 4: ✗ MISMATCH (server: Could not validate your provided Security Key / CAPTCHA. Please check and try again.) — reloading
    [CAPTCHA] Attempt 5: solved="1572" — submitting...
    [CAPTCHA] Attempt 5: ✗ MISMATCH (server: Could not validate your provided Security Key / CAPTCHA. Please check and try again.) — reloading
    [CAPTCHA] Attempt 6: solved="1399" — submitting...
    [CAPTCHA] Attempt 6: ✗ MISMATCH (server: Could not validate your provided Security Key / CAPTCHA. Please check and try again.) — reloading
    [CAPTCHA] Attempt 7: solved="4187" — submitting...
    [CAPTCHA] Attempt 7: ✗ MISMATCH (server: Could not validate your provided Security Key / CAPTCHA. Please check and try again.) — reloading
    [CAPTCHA] Attempt 8: solved="2213" — submitting...
    [CAPTCHA] Attempt 8: ✗ MISMATCH (server: Could not validate your provided Security Key / CAPTCHA. Please check and try again.) — reloading
    [CAPTCHA] Attempt 9: solved="7692" — submitting...
    [CAPTCHA] Attempt 9: ✗ MISMATCH (server: Could not validate your provided Security Key / CAPTCHA. Please check and try again.) — reloading
    [CAPTCHA] Attempt 10: solved="7318" — submitting...
    [CAPTCHA] Attempt 10: captcha OK but no result for this EIIN/year
NO RESULT
[1395/1646] JSC 2011 EIIN=130642 ...     [CAPTCHA] Attempt 1: solved="3942" — submitting...
    [CAPTCHA] Attempt 1: ✗ MISMATCH (server: Could not validate your provided Security Key / CAPTCHA. Please check and try again.) — reloading
    [CAPTCHA] Attempt 2: solved="2363" — submitting...
    [CAPTCHA] Attempt 2: ✗ MISMATCH (server: Could not validate your provided Security Key / CAPTCHA. Please check and try again.) — reloading
    [CAPTCHA] Attempt 3: solved="6184" — submitting...
    [CAPTCHA] Attempt 3: ✗ MISMATCH (server: Could not validate your provided Security Key / CAPTCHA. Please check and try again.) — reloading
    [CAPTCHA] Attempt 4: solver returned "4" (invalid length=1) — reloading
    [CAPTCHA] Attempt 5: solved="2080" — submitting...
    [CAPTCHA] Attempt 5: captcha OK but no result for this EIIN/year
NO RESULT
[1396/1646] JSC 2012 EIIN=130642 ...     [CAPTCHA] Attempt 1: solved="4183" — submitting...
    [CAPTCHA] Attempt 1: captcha OK but no result for this EIIN/year
NO RESULT
[1397/1646] JSC 2013 EIIN=130642 ...     [CAPTCHA] Attempt 1: solver returned "(empty)" (invalid length=0) — reloading
    [CAPTCHA] Attempt 2: solved="8121" — submitting...
    [CAPTCHA] Attempt 2: captcha OK but no result for this EIIN/year
NO RESULT
[1398/1646] JSC 2011 EIIN=137786 ...     [CAPTCHA] Attempt 1: solver returned "(empty)" (invalid length=0) — reloading
    [CAPTCHA] Attempt 2: solved="9499" — submitting...
    [CAPTCHA] Attempt 2: captcha OK but no result for this EIIN/year
NO RESULT
[1399/1646] JSC 2012 EIIN=137786 ...     [CAPTCHA] Attempt 1: solver returned "(empty)" (invalid length=0) — reloading
    [CAPTCHA] Attempt 2: solved="9127" — submitting...
    [CAPTCHA] Attempt 2: ✗ MISMATCH (server: Could not validate your provided Security Key / CAPTCHA. Please check and try again.) — reloading
    [CAPTCHA] Attempt 3: solver returned "(empty)" (invalid length=0) — reloading
    [CAPTCHA] Attempt 4: solved="5410" — submitting...
    [CAPTCHA] Attempt 4: ✗ MISMATCH (server: Could not validate your provided Security Key / CAPTCHA. Please check and try again.) — reloading
    [CAPTCHA] Attempt 5: solved="7521" — submitting...
    [CAPTCHA] Attempt 5: captcha OK but no result for this EIIN/year
NO RESULT
[1400/1646] JSC 2013 EIIN=137786 ...     [CAPTCHA] Attempt 1: solver returned "(empty)" (invalid length=0) — reloading
    [CAPTCHA] Attempt 2: solved="8684" — submitting...
    [CAPTCHA] Attempt 2: captcha OK but no result for this EIIN/year
NO RESULT

─── 1400/1646 done | OK:0 FAIL:7 | ETA ≈ 105.0 min ───

[1401/1646] JSC 2014 EIIN=137786 ...     [CAPTCHA] Attempt 1: solved="0760" — submitting...
    [CAPTCHA] Attempt 1: ✗ MISMATCH (server: Could not validate your provided Security Key / CAPTCHA. Please check and try again.) — reloading
    [CAPTCHA] Attempt 2: solved="5224" — submitting...
    [CAPTCHA] Attempt 2: ✗ MISMATCH (server: Could not validate your provided Security Key / CAPTCHA. Please check and try again.) — reloading
    [CAPTCHA] Attempt 3: solved="7389" — submitting...
    [CAPTCHA] Attempt 3: ✗ MISMATCH (server: Could not validate your provided Security Key / CAPTCHA. Please check and try again.) — reloading
    [CAPTCHA] Attempt 4: solver returned "(empty)" (invalid length=0) — reloading
    [CAPTCHA] Attempt 5: solved="7654" — submitting...
    [CAPTCHA] Attempt 5: captcha OK but no result for this EIIN/year
NO RESULT
[1402/1646] JSC 2015 EIIN=137786 ...     [CAPTCHA] Attempt 1: solved="4963" — submitting...
    [CAPTCHA] Attempt 1: ✗ MISMATCH (server: Could not validate your provided Security Key / CAPTCHA. Please check and try again.) — reloading
    [CAPTCHA] Attempt 2: solved="7299" — submitting...
    [CAPTCHA] Attempt 2: captcha OK but no result for this EIIN/year
NO RESULT
[1403/1646] JSC 2016 EIIN=137786 ...     [CAPTCHA] Attempt 1: solved="1764" — submitting...
    [CAPTCHA] Attempt 1: ✗ MISMATCH (server: Could not validate your provided Security Key / CAPTCHA. Please check and try again.) — reloading
    [CAPTCHA] Attempt 2: solver returned "(empty)" (invalid length=0) — reloading
    [CAPTCHA] Attempt 3: solver returned "(empty)" (invalid length=0) — reloading
    [CAPTCHA] Attempt 4: solved="4154" — submitting...
    [CAPTCHA] Attempt 4: ✗ MISMATCH (server: Could not validate your provided Security Key / CAPTCHA. Please check and try again.) — reloading
    [CAPTCHA] Attempt 5: solved="8092" — submitting...
    [CAPTCHA] Attempt 5: captcha OK but no result for this EIIN/year
NO RESULT
[1404/1646] JSC 2017 EIIN=137786 ...     [CAPTCHA] Attempt 1: solver returned "(empty)" (invalid length=0) — reloading
    [CAPTCHA] Attempt 2: solved="0740" — submitting...
    [CAPTCHA] Attempt 2: ✗ MISMATCH (server: Could not validate your provided Security Key / CAPTCHA. Please check and try again.) — reloading
    [CAPTCHA] Attempt 3: solved="5155" — submitting...
    [CAPTCHA] Attempt 3: ✗ MISMATCH (server: Could not validate your provided Security Key / CAPTCHA. Please check and try again.) — reloading
    [CAPTCHA] Attempt 4: solved="4788" — submitting...
    [CAPTCHA] Attempt 4: captcha OK but no result for this EIIN/year
NO RESULT
[1405/1646] JSC 2018 EIIN=137786 ...     [CAPTCHA] Attempt 1: solved="4574" — submitting...
    [CAPTCHA] Attempt 1: ✗ MISMATCH (server: Could not validate your provided Security Key / CAPTCHA. Please check and try again.) — reloading
    [CAPTCHA] Attempt 2: solver returned "258" (invalid length=3) — reloading
    [CAPTCHA] Attempt 3: solved="7645" — submitting...
    [CAPTCHA] Attempt 3: captcha OK but no result for this EIIN/year
NO RESULT
[1406/1646] JSC 2011 EIIN=132109 ...     [CAPTCHA] Attempt 1: solved="6511" — submitting...
    [CAPTCHA] Attempt 1: ✗ MISMATCH (server: Could not validate your provided Security Key / CAPTCHA. Please check and try again.) — reloading
    [CAPTCHA] Attempt 2: solver returned "(empty)" (invalid length=0) — reloading
    [CAPTCHA] Attempt 3: solved="3710" — submitting...
    [CAPTCHA] Attempt 3: ✗ MISMATCH (server: Could not validate your provided Security Key / CAPTCHA. Please check and try again.) — reloading
    [CAPTCHA] Attempt 4: solved="9151" — submitting...
    [CAPTCHA] Attempt 4: ✗ MISMATCH (server: Could not validate your provided Security Key / CAPTCHA. Please check and try again.) — reloading
    [CAPTCHA] Attempt 5: solved="2363" — submitting...
    [CAPTCHA] Attempt 5: ✗ MISMATCH (server: Could not validate your provided Security Key / CAPTCHA. Please check and try again.) — reloading
    [CAPTCHA] Attempt 6: solved="9395" — submitting...
    [CAPTCHA] Attempt 6: captcha OK but no result for this EIIN/year
NO RESULT
[1407/1646] JSC 2012 EIIN=132109 ...     [CAPTCHA] Attempt 1: solved="3553" — submitting...
    [CAPTCHA] Attempt 1: captcha OK but no result for this EIIN/year
NO RESULT
[1408/1646] JSC 2013 EIIN=132109 ...     [CAPTCHA] Attempt 1: solved="5075" — submitting...
    [CAPTCHA] Attempt 1: captcha OK but no result for this EIIN/year
NO RESULT
[1409/1646] JSC 2011 EIIN=108213 ...     [CAPTCHA] Attempt 1: solved="7803" — submitting...
    [CAPTCHA] Attempt 1: ✗ MISMATCH (server: Could not validate your provided Security Key / CAPTCHA. Please check and try again.) — reloading
    [CAPTCHA] Attempt 2: solved="0100" — submitting...
    [CAPTCHA] Attempt 2: ✗ MISMATCH (server: Could not validate your provided Security Key / CAPTCHA. Please check and try again.) — reloading
    [CAPTCHA] Attempt 3: solved="1206" — submitting...
    [CAPTCHA] Attempt 3: captcha OK but no result for this EIIN/year
NO RESULT
[1410/1646] JSC 2012 EIIN=108213 ...     [CAPTCHA] Attempt 1: solved="5886" — submitting...
    [CAPTCHA] Attempt 1: ✗ MISMATCH (server: Could not validate your provided Security Key / CAPTCHA. Please check and try again.) — reloading
    [CAPTCHA] Attempt 2: solved="7482" — submitting...
    [CAPTCHA] Attempt 2: captcha OK but no result for this EIIN/year
NO RESULT
[1411/1646] JSC 2013 EIIN=108213 ...     [CAPTCHA] Attempt 1: solved="9544" — submitting...
    [CAPTCHA] Attempt 1: ✗ MISMATCH (server: Could not validate your provided Security Key / CAPTCHA. Please check and try again.) — reloading
    [CAPTCHA] Attempt 2: solved="6437" — submitting...
    [CAPTCHA] Attempt 2: captcha OK but no result for this EIIN/year
NO RESULT
[1412/1646] JSC 2014 EIIN=108213 ...     [CAPTCHA] Attempt 1: solved="7973" — submitting...
    [CAPTCHA] Attempt 1: captcha OK but no result for this EIIN/year
NO RESULT
[1413/1646] JSC 2011 EIIN=138428 ...     [CAPTCHA] Attempt 1: solved="3963" — submitting...
    [CAPTCHA] Attempt 1: ✗ MISMATCH (server: Could not validate your provided Security Key / CAPTCHA. Please check and try again.) — reloading
    [CAPTCHA] Attempt 2: solved="7547" — submitting...
    [CAPTCHA] Attempt 2: captcha OK but no result for this EIIN/year
NO RESULT
[1414/1646] JSC 2012 EIIN=138428 ...     [CAPTCHA] Attempt 1: solved="7176" — submitting...
    [CAPTCHA] Attempt 1: ✗ MISMATCH (server: Could not validate your provided Security Key / CAPTCHA. Please check and try again.) — reloading
    [CAPTCHA] Attempt 2: solver returned "(empty)" (invalid length=0) — reloading
    [CAPTCHA] Attempt 3: solved="0798" — submitting...
    [CAPTCHA] Attempt 3: ✗ MISMATCH (server: Could not validate your provided Security Key / CAPTCHA. Please check and try again.) — reloading
    [CAPTCHA] Attempt 4: solved="3155" — submitting...
    [CAPTCHA] Attempt 4: captcha OK but no result for this EIIN/year
NO RESULT
[1415/1646] JSC 2013 EIIN=138428 ...     [CAPTCHA] Attempt 1: solved="8714" — submitting...
    [CAPTCHA] Attempt 1: captcha OK but no result for this EIIN/year
NO RESULT
[1416/1646] JSC 2014 EIIN=138428 ...     [CAPTCHA] Attempt 1: solver returned "(empty)" (invalid length=0) — reloading
    [CAPTCHA] Attempt 2: solved="7913" — submitting...
    [CAPTCHA] Attempt 2: ✗ MISMATCH (server: Could not validate your provided Security Key / CAPTCHA. Please check and try again.) — reloading
    [CAPTCHA] Attempt 3: solved="4231" — submitting...
    [CAPTCHA] Attempt 3: ✗ MISMATCH (server: Could not validate your provided Security Key / CAPTCHA. Please check and try again.) — reloading
    [CAPTCHA] Attempt 4: solved="1333" — submitting...
    [CAPTCHA] Attempt 4: ✗ MISMATCH (server: Could not validate your provided Security Key / CAPTCHA. Please check and try again.) — reloading
    [CAPTCHA] Attempt 5: solved="9494" — submitting...
    [CAPTCHA] Attempt 5: captcha OK but no result for this EIIN/year
NO RESULT
[1417/1646] JSC 2015 EIIN=138428 ...     [CAPTCHA] Attempt 1: solved="7045" — submitting...
    [CAPTCHA] Attempt 1: ✗ MISMATCH (server: Could not validate your provided Security Key / CAPTCHA. Please check and try again.) — reloading
    [CAPTCHA] Attempt 2: solved="0456" — submitting...
    [CAPTCHA] Attempt 2: ✗ MISMATCH (server: Could not validate your provided Security Key / CAPTCHA. Please check and try again.) — reloading
    [CAPTCHA] Attempt 3: solver returned "(empty)" (invalid length=0) — reloading
    [CAPTCHA] Attempt 4: solved="8723" — submitting...
    [CAPTCHA] Attempt 4: ✗ MISMATCH (server: Could not validate your provided Security Key / CAPTCHA. Please check and try again.) — reloading
    [CAPTCHA] Attempt 5: solved="2721" — submitting...
    [CAPTCHA] Attempt 5: captcha OK but no result for this EIIN/year
NO RESULT
[1418/1646] JSC 2016 EIIN=138428 ...     [CAPTCHA] Attempt 1: solver returned "(empty)" (invalid length=0) — reloading
    [CAPTCHA] Attempt 2: solved="9907" — submitting...
    [CAPTCHA] Attempt 2: captcha OK but no result for this EIIN/year
NO RESULT
[1419/1646] JSC 2017 EIIN=138428 ...     [CAPTCHA] Attempt 1: solver returned "(empty)" (invalid length=0) — reloading
    [CAPTCHA] Attempt 2: solved="4589" — submitting...
    [CAPTCHA] Attempt 2: ✗ MISMATCH (server: Could not validate your provided Security Key / CAPTCHA. Please check and try again.) — reloading
    [CAPTCHA] Attempt 3: solver returned "(empty)" (invalid length=0) — reloading
    [CAPTCHA] Attempt 4: solved="1766" — submitting...
    [CAPTCHA] Attempt 4: captcha OK but no result for this EIIN/year
NO RESULT
[1420/1646] JSC 2011 EIIN=139745 ...     [CAPTCHA] Attempt 1: solved="4450" — submitting...
    [CAPTCHA] Attempt 1: captcha OK but no result for this EIIN/year
NO RESULT
[1421/1646] JSC 2012 EIIN=139745 ...     [CAPTCHA] Attempt 1: solver returned "(empty)" (invalid length=0) — reloading
    [CAPTCHA] Attempt 2: solved="1781" — submitting...
    [CAPTCHA] Attempt 2: captcha OK but no result for this EIIN/year
NO RESULT
[1422/1646] JSC 2013 EIIN=139745 ...     [CAPTCHA] Attempt 1: solver returned "(empty)" (invalid length=0) — reloading
    [CAPTCHA] Attempt 2: solved="1825" — submitting...
    [CAPTCHA] Attempt 2: ✗ MISMATCH (server: Could not validate your provided Security Key / CAPTCHA. Please check and try again.) — reloading
    [CAPTCHA] Attempt 3: solved="3082" — submitting...
    [CAPTCHA] Attempt 3: ✗ MISMATCH (server: Could not validate your provided Security Key / CAPTCHA. Please check and try again.) — reloading
    [CAPTCHA] Attempt 4: solver returned "(empty)" (invalid length=0) — reloading
    [CAPTCHA] Attempt 5: solver returned "(empty)" (invalid length=0) — reloading
    [CAPTCHA] Attempt 6: solved="9632" — submitting...
    [CAPTCHA] Attempt 6: ✗ MISMATCH (server: Could not validate your provided Security Key / CAPTCHA. Please check and try again.) — reloading
    [CAPTCHA] Attempt 7: solver returned "(empty)" (invalid length=0) — reloading
    [CAPTCHA] Attempt 8: solver returned "(empty)" (invalid length=0) — reloading
    [CAPTCHA] Attempt 9: solved="1355" — submitting...
    [CAPTCHA] Attempt 9: ✗ MISMATCH (server: Could not validate your provided Security Key / CAPTCHA. Please check and try again.) — reloading
    [CAPTCHA] Attempt 10: solved="2591" — submitting...
    [CAPTCHA] Attempt 10: ✗ MISMATCH (server: Could not validate your provided Security Key / CAPTCHA. Please check and try again.) — reloading
    [CAPTCHA] Attempt 11: solver returned "1" (invalid length=1) — reloading
    [CAPTCHA] Attempt 12: solved="8014" — submitting...
    [CAPTCHA] Attempt 12: ✗ MISMATCH (server: Could not validate your provided Security Key / CAPTCHA. Please check and try again.) — reloading
    [CAPTCHA] Attempt 13: solved="8359" — submitting...
    [CAPTCHA] Attempt 13: ✗ MISMATCH (server: Could not validate your provided Security Key / CAPTCHA. Please check and try again.) — reloading
    [CAPTCHA] Attempt 14: solved="2222" — submitting...
    [CAPTCHA] Attempt 14: captcha OK but no result for this EIIN/year
NO RESULT
[1423/1646] JSC 2014 EIIN=139745 ...     [CAPTCHA] Attempt 1: solver returned "(empty)" (invalid length=0) — reloading
    [CAPTCHA] Attempt 2: solved="6187" — submitting...
    [CAPTCHA] Attempt 2: ✗ MISMATCH (server: Could not validate your provided Security Key / CAPTCHA. Please check and try again.) — reloading
    [CAPTCHA] Attempt 3: solver returned "(empty)" (invalid length=0) — reloading
    [CAPTCHA] Attempt 4: solved="1888" — submitting...
    [CAPTCHA] Attempt 4: ✗ MISMATCH (server: Could not validate your provided Security Key / CAPTCHA. Please check and try again.) — reloading
    [CAPTCHA] Attempt 5: solved="9378" — submitting...
    [CAPTCHA] Attempt 5: ✗ MISMATCH (server: Could not validate your provided Security Key / CAPTCHA. Please check and try again.) — reloading
    [CAPTCHA] Attempt 6: solved="3781" — submitting...
    [CAPTCHA] Attempt 6: captcha OK but no result for this EIIN/year
NO RESULT
[1424/1646] JSC 2015 EIIN=139745 ...     [CAPTCHA] Attempt 1: solved="2883" — submitting...
    [CAPTCHA] Attempt 1: captcha OK but no result for this EIIN/year
NO RESULT
[1425/1646] JSC 2016 EIIN=139745 ...     [CAPTCHA] Attempt 1: solved="5582" — submitting...
    [CAPTCHA] Attempt 1: ✗ MISMATCH (server: Could not validate your provided Security Key / CAPTCHA. Please check and try again.) — reloading
    [CAPTCHA] Attempt 2: solved="1944" — submitting...
    [CAPTCHA] Attempt 2: ✗ MISMATCH (server: Could not validate your provided Security Key / CAPTCHA. Please check and try again.) — reloading
    [CAPTCHA] Attempt 3: solved="0280" — submitting...
    [CAPTCHA] Attempt 3: ✗ MISMATCH (server: Could not validate your provided Security Key / CAPTCHA. Please check and try again.) — reloading
    [CAPTCHA] Attempt 4: solver returned "(empty)" (invalid length=0) — reloading
    [CAPTCHA] Attempt 5: solved="9941" — submitting...
    [CAPTCHA] Attempt 5: captcha OK but no result for this EIIN/year
NO RESULT
[1426/1646] JSC 2017 EIIN=139745 ...     [CAPTCHA] Attempt 1: solved="2909" — submitting...
    [CAPTCHA] Attempt 1: ✗ MISMATCH (server: Could not validate your provided Security Key / CAPTCHA. Please check and try again.) — reloading
    [CAPTCHA] Attempt 2: solver returned "(empty)" (invalid length=0) — reloading
    [CAPTCHA] Attempt 3: solved="4223" — submitting...
    [CAPTCHA] Attempt 3: ✗ MISMATCH (server: Could not validate your provided Security Key / CAPTCHA. Please check and try again.) — reloading
    [CAPTCHA] Attempt 4: solved="3140" — submitting...
    [CAPTCHA] Attempt 4: ✗ MISMATCH (server: Could not validate your provided Security Key / CAPTCHA. Please check and try again.) — reloading
    [CAPTCHA] Attempt 5: solved="4950" — submitting...
    [CAPTCHA] Attempt 5: captcha OK but no result for this EIIN/year
NO RESULT
[1427/1646] JSC 2018 EIIN=139745 ...     [CAPTCHA] Attempt 1: solved="1443" — submitting...
    [CAPTCHA] Attempt 1: ✗ MISMATCH (server: Could not validate your provided Security Key / CAPTCHA. Please check and try again.) — reloading
    [CAPTCHA] Attempt 2: solved="0444" — submitting...
    [CAPTCHA] Attempt 2: ✗ MISMATCH (server: Could not validate your provided Security Key / CAPTCHA. Please check and try again.) — reloading
    [CAPTCHA] Attempt 3: solved="1912" — submitting...
    [CAPTCHA] Attempt 3: ✗ MISMATCH (server: Could not validate your provided Security Key / CAPTCHA. Please check and try again.) — reloading
    [CAPTCHA] Attempt 4: solved="5344" — submitting...
    [CAPTCHA] Attempt 4: ✗ MISMATCH (server: Could not validate your provided Security Key / CAPTCHA. Please check and try again.) — reloading
    [CAPTCHA] Attempt 5: solver returned "(empty)" (invalid length=0) — reloading
    [CAPTCHA] Attempt 6: solved="6023" — submitting...
    [CAPTCHA] Attempt 6: ✗ MISMATCH (server: Could not validate your provided Security Key / CAPTCHA. Please check and try again.) — reloading
    [CAPTCHA] Attempt 7: solved="1101" — submitting...
    [CAPTCHA] Attempt 7: ✗ MISMATCH (server: Could not validate your provided Security Key / CAPTCHA. Please check and try again.) — reloading
    [CAPTCHA] Attempt 8: solved="4072" — submitting...
    [CAPTCHA] Attempt 8: ✗ MISMATCH (server: Could not validate your provided Security Key / CAPTCHA. Please check and try again.) — reloading
    [CAPTCHA] Attempt 9: solved="7704" — submitting...
    [CAPTCHA] Attempt 9: captcha OK but no result for this EIIN/year
NO RESULT
[1428/1646] JSC 2019 EIIN=139745 ...     [CAPTCHA] Attempt 1: solved="1913" — submitting...
    [CAPTCHA] Attempt 1: ✗ MISMATCH (server: Could not validate your provided Security Key / CAPTCHA. Please check and try again.) — reloading
    [CAPTCHA] Attempt 2: solver returned "(empty)" (invalid length=0) — reloading
    [CAPTCHA] Attempt 3: solver returned "(empty)" (invalid length=0) — reloading
    [CAPTCHA] Attempt 4: solved="5171" — submitting...
    [CAPTCHA] Attempt 4: captcha OK but no result for this EIIN/year
NO RESULT
[1429/1646] JSC 2011 EIIN=136836 ...     [CAPTCHA] Attempt 1: solved="8212" — submitting...
    [CAPTCHA] Attempt 1: captcha OK but no result for this EIIN/year
NO RESULT
[1430/1646] JSC 2012 EIIN=136836 ...     [CAPTCHA] Attempt 1: solver returned "(empty)" (invalid length=0) — reloading
    [CAPTCHA] Attempt 2: solved="4574" — submitting...
    [CAPTCHA] Attempt 2: ✗ MISMATCH (server: Could not validate your provided Security Key / CAPTCHA. Please check and try again.) — reloading
    [CAPTCHA] Attempt 3: solver returned "(empty)" (invalid length=0) — reloading
    [CAPTCHA] Attempt 4: solver returned "(empty)" (invalid length=0) — reloading
    [CAPTCHA] Attempt 5: solved="2888" — submitting...
    [CAPTCHA] Attempt 5: ✗ MISMATCH (server: Could not validate your provided Security Key / CAPTCHA. Please check and try again.) — reloading
    [CAPTCHA] Attempt 6: solved="4413" — submitting...
    [CAPTCHA] Attempt 6: captcha OK but no result for this EIIN/year
NO RESULT
[1431/1646] JSC 2013 EIIN=136836 ...     [CAPTCHA] Attempt 1: solved="0941" — submitting...
    [CAPTCHA] Attempt 1: ✗ MISMATCH (server: Could not validate your provided Security Key / CAPTCHA. Please check and try again.) — reloading
    [CAPTCHA] Attempt 2: solved="0012" — submitting...
    [CAPTCHA] Attempt 2: ✗ MISMATCH (server: Could not validate your provided Security Key / CAPTCHA. Please check and try again.) — reloading
    [CAPTCHA] Attempt 3: solved="8425" — submitting...
    [CAPTCHA] Attempt 3: captcha OK but no result for this EIIN/year
NO RESULT
[1432/1646] JSC 2014 EIIN=136836 ...     [CAPTCHA] Attempt 1: solved="2461" — submitting...
    [CAPTCHA] Attempt 1: captcha OK but no result for this EIIN/year
NO RESULT
[1433/1646] JSC 2011 EIIN=138623 ...     [CAPTCHA] Attempt 1: solver returned "(empty)" (invalid length=0) — reloading
    [CAPTCHA] Attempt 2: solved="6021" — submitting...
    [CAPTCHA] Attempt 2: ✗ MISMATCH (server: Could not validate your provided Security Key / CAPTCHA. Please check and try again.) — reloading
    [CAPTCHA] Attempt 3: solved="6016" — submitting...
    [CAPTCHA] Attempt 3: ✗ MISMATCH (server: Could not validate your provided Security Key / CAPTCHA. Please check and try again.) — reloading
    [CAPTCHA] Attempt 4: solved="2704" — submitting...
    [CAPTCHA] Attempt 4: ✗ MISMATCH (server: Could not validate your provided Security Key / CAPTCHA. Please check and try again.) — reloading
    [CAPTCHA] Attempt 5: solved="7139" — submitting...
    [CAPTCHA] Attempt 5: ✗ MISMATCH (server: Could not validate your provided Security Key / CAPTCHA. Please check and try again.) — reloading
    [CAPTCHA] Attempt 6: solved="2810" — submitting...
    [CAPTCHA] Attempt 6: ✗ MISMATCH (server: Could not validate your provided Security Key / CAPTCHA. Please check and try again.) — reloading
    [CAPTCHA] Attempt 7: solved="4569" — submitting...
    [CAPTCHA] Attempt 7: captcha OK but no result for this EIIN/year
NO RESULT
[1434/1646] JSC 2012 EIIN=138623 ...     [CAPTCHA] Attempt 1: solved="5734" — submitting...
    [CAPTCHA] Attempt 1: ✗ MISMATCH (server: Could not validate your provided Security Key / CAPTCHA. Please check and try again.) — reloading
    [CAPTCHA] Attempt 2: solved="9514" — submitting...
    [CAPTCHA] Attempt 2: ✗ MISMATCH (server: Could not validate your provided Security Key / CAPTCHA. Please check and try again.) — reloading
    [CAPTCHA] Attempt 3: solved="5836" — submitting...
    [CAPTCHA] Attempt 3: captcha OK but no result for this EIIN/year
NO RESULT
[1435/1646] JSC 2013 EIIN=138623 ...     [CAPTCHA] Attempt 1: solver returned "(empty)" (invalid length=0) — reloading
    [CAPTCHA] Attempt 2: solved="7475" — submitting...
    [CAPTCHA] Attempt 2: captcha OK but no result for this EIIN/year
NO RESULT
[1436/1646] JSC 2014 EIIN=138623 ...     [CAPTCHA] Attempt 1: solver returned "(empty)" (invalid length=0) — reloading
    [CAPTCHA] Attempt 2: solved="4685" — submitting...
    [CAPTCHA] Attempt 2: ✗ MISMATCH (server: Could not validate your provided Security Key / CAPTCHA. Please check and try again.) — reloading
    [CAPTCHA] Attempt 3: solved="3114" — submitting...
    [CAPTCHA] Attempt 3: ✗ MISMATCH (server: Could not validate your provided Security Key / CAPTCHA. Please check and try again.) — reloading
    [CAPTCHA] Attempt 4: solved="1126" — submitting...
    [CAPTCHA] Attempt 4: captcha OK but no result for this EIIN/year
NO RESULT
[1437/1646] JSC 2015 EIIN=138623 ...     [CAPTCHA] Attempt 1: solved="3704" — submitting...
    [CAPTCHA] Attempt 1: ✗ MISMATCH (server: Could not validate your provided Security Key / CAPTCHA. Please check and try again.) — reloading
    [CAPTCHA] Attempt 2: solver returned "(empty)" (invalid length=0) — reloading
    [CAPTCHA] Attempt 3: solved="7036" — submitting...
    [CAPTCHA] Attempt 3: captcha OK but no result for this EIIN/year
NO RESULT
[1438/1646] JSC 2016 EIIN=138623 ...     [CAPTCHA] Attempt 1: solved="2442" — submitting...
    [CAPTCHA] Attempt 1: captcha OK but no result for this EIIN/year
NO RESULT
[1439/1646] JSC 2017 EIIN=138623 ...     [CAPTCHA] Attempt 1: solver returned "(empty)" (invalid length=0) — reloading
    [CAPTCHA] Attempt 2: solved="7524" — submitting...
    [CAPTCHA] Attempt 2: captcha OK but no result for this EIIN/year
NO RESULT
[1440/1646] JSC 2018 EIIN=138623 ...     [CAPTCHA] Attempt 1: solved="2398" — submitting...
    [CAPTCHA] Attempt 1: ✗ MISMATCH (server: Could not validate your provided Security Key / CAPTCHA. Please check and try again.) — reloading
    [CAPTCHA] Attempt 2: solved="3238" — submitting...
    [CAPTCHA] Attempt 2: ✗ MISMATCH (server: Could not validate your provided Security Key / CAPTCHA. Please check and try again.) — reloading
    [CAPTCHA] Attempt 3: solved="9534" — submitting...
    [CAPTCHA] Attempt 3: ✗ MISMATCH (server: Could not validate your provided Security Key / CAPTCHA. Please check and try again.) — reloading
    [CAPTCHA] Attempt 4: solved="1882" — submitting...
    [CAPTCHA] Attempt 4: ✗ MISMATCH (server: Could not validate your provided Security Key / CAPTCHA. Please check and try again.) — reloading
    [CAPTCHA] Attempt 5: solved="3046" — submitting...
    [CAPTCHA] Attempt 5: ✗ MISMATCH (server: Could not validate your provided Security Key / CAPTCHA. Please check and try again.) — reloading
    [CAPTCHA] Attempt 6: solver returned "(empty)" (invalid length=0) — reloading
    [CAPTCHA] Attempt 7: solved="5875" — submitting...
    [CAPTCHA] Attempt 7: captcha OK but no result for this EIIN/year
NO RESULT
[1441/1646] JSC 2019 EIIN=138623 ...     [CAPTCHA] Attempt 1: solved="5654" — submitting...
    [CAPTCHA] Attempt 1: captcha OK but no result for this EIIN/year
NO RESULT
[1442/1646] JSC 2011 EIIN=130911 ...     [CAPTCHA] Attempt 1: solved="9058" — submitting...
    [CAPTCHA] Attempt 1: ✗ MISMATCH (server: Could not validate your provided Security Key / CAPTCHA. Please check and try again.) — reloading
    [CAPTCHA] Attempt 2: solved="8727" — submitting...
    [CAPTCHA] Attempt 2: captcha OK but no result for this EIIN/year
NO RESULT
[1443/1646] JSC 2012 EIIN=130911 ...     [CAPTCHA] Attempt 1: solved="4866" — submitting...
    [CAPTCHA] Attempt 1: ✗ MISMATCH (server: Could not validate your provided Security Key / CAPTCHA. Please check and try again.) — reloading
    [CAPTCHA] Attempt 2: solved="6490" — submitting...
    [CAPTCHA] Attempt 2: ✗ MISMATCH (server: Could not validate your provided Security Key / CAPTCHA. Please check and try again.) — reloading
    [CAPTCHA] Attempt 3: solved="2472" — submitting...
    [CAPTCHA] Attempt 3: captcha OK but no result for this EIIN/year
NO RESULT
[1444/1646] JSC 2013 EIIN=130911 ...     [CAPTCHA] Attempt 1: solver returned "(empty)" (invalid length=0) — reloading
    [CAPTCHA] Attempt 2: solved="1249" — submitting...
    [CAPTCHA] Attempt 2: ✗ MISMATCH (server: Could not validate your provided Security Key / CAPTCHA. Please check and try again.) — reloading
    [CAPTCHA] Attempt 3: solved="3361" — submitting...
    [CAPTCHA] Attempt 3: ✗ MISMATCH (server: Could not validate your provided Security Key / CAPTCHA. Please check and try again.) — reloading
    [CAPTCHA] Attempt 4: solved="3885" — submitting...
    [CAPTCHA] Attempt 4: ✗ MISMATCH (server: Could not validate your provided Security Key / CAPTCHA. Please check and try again.) — reloading
    [CAPTCHA] Attempt 5: solved="6495" — submitting...
    [CAPTCHA] Attempt 5: ✗ MISMATCH (server: Could not validate your provided Security Key / CAPTCHA. Please check and try again.) — reloading
    [CAPTCHA] Attempt 6: solved="0300" — submitting...
    [CAPTCHA] Attempt 6: ✗ MISMATCH (server: Could not validate your provided Security Key / CAPTCHA. Please check and try again.) — reloading
    [CAPTCHA] Attempt 7: solved="4431" — submitting...
    [CAPTCHA] Attempt 7: ✗ MISMATCH (server: Could not validate your provided Security Key / CAPTCHA. Please check and try again.) — reloading
    [CAPTCHA] Attempt 8: solved="8323" — submitting...
    [CAPTCHA] Attempt 8: captcha OK but no result for this EIIN/year
NO RESULT
[1445/1646] JSC 2014 EIIN=130911 ...     [CAPTCHA] Attempt 1: solved="4287" — submitting...
    [CAPTCHA] Attempt 1: captcha OK but no result for this EIIN/year
NO RESULT
[1446/1646] JSC 2015 EIIN=130911 ...     [CAPTCHA] Attempt 1: solver returned "6" (invalid length=1) — reloading
    [CAPTCHA] Attempt 2: solved="4104" — submitting...
    [CAPTCHA] Attempt 2: ✗ MISMATCH (server: Could not validate your provided Security Key / CAPTCHA. Please check and try again.) — reloading
    [CAPTCHA] Attempt 3: solved="2311" — submitting...
    [CAPTCHA] Attempt 3: ✗ MISMATCH (server: Could not validate your provided Security Key / CAPTCHA. Please check and try again.) — reloading
    [CAPTCHA] Attempt 4: solver returned "(empty)" (invalid length=0) — reloading
    [CAPTCHA] Attempt 5: solved="1895" — submitting...
    [CAPTCHA] Attempt 5: ✗ MISMATCH (server: Could not validate your provided Security Key / CAPTCHA. Please check and try again.) — reloading
    [CAPTCHA] Attempt 6: solved="1732" — submitting...
    [CAPTCHA] Attempt 6: captcha OK but no result for this EIIN/year
NO RESULT
[1447/1646] JSC 2016 EIIN=130911 ...     [CAPTCHA] Attempt 1: solved="2140" — submitting...
    [CAPTCHA] Attempt 1: ✗ MISMATCH (server: Could not validate your provided Security Key / CAPTCHA. Please check and try again.) — reloading
    [CAPTCHA] Attempt 2: solved="8992" — submitting...
    [CAPTCHA] Attempt 2: captcha OK but no result for this EIIN/year
NO RESULT
[1448/1646] JSC 2017 EIIN=130911 ...     [CAPTCHA] Attempt 1: solved="1720" — submitting...
    [CAPTCHA] Attempt 1: ✗ MISMATCH (server: Could not validate your provided Security Key / CAPTCHA. Please check and try again.) — reloading
    [CAPTCHA] Attempt 2: solved="2128" — submitting...
    [CAPTCHA] Attempt 2: captcha OK but no result for this EIIN/year
NO RESULT
[1449/1646] JSC 2018 EIIN=130911 ...     [CAPTCHA] Attempt 1: solved="7260" — submitting...
    [CAPTCHA] Attempt 1: captcha OK but no result for this EIIN/year
NO RESULT
[1450/1646] JSC 2019 EIIN=130911 ...     [CAPTCHA] Attempt 1: solved="7053" — submitting...
    [CAPTCHA] Attempt 1: ✗ MISMATCH (server: Could not validate your provided Security Key / CAPTCHA. Please check and try again.) — reloading
    [CAPTCHA] Attempt 2: solver returned "(empty)" (invalid length=0) — reloading
    [CAPTCHA] Attempt 3: solved="9107" — submitting...
    [CAPTCHA] Attempt 3: ✗ MISMATCH (server: Could not validate your provided Security Key / CAPTCHA. Please check and try again.) — reloading
    [CAPTCHA] Attempt 4: solved="6419" — submitting...
    [CAPTCHA] Attempt 4: ✗ MISMATCH (server: Could not validate your provided Security Key / CAPTCHA. Please check and try again.) — reloading
    [CAPTCHA] Attempt 5: solver returned "(empty)" (invalid length=0) — reloading
    [CAPTCHA] Attempt 6: solver returned "(empty)" (invalid length=0) — reloading
    [CAPTCHA] Attempt 7: solved="4329" — submitting...
    [CAPTCHA] Attempt 7: ✗ MISMATCH (server: Could not validate your provided Security Key / CAPTCHA. Please check and try again.) — reloading
    [CAPTCHA] Attempt 8: solver returned "(empty)" (invalid length=0) — reloading
    [CAPTCHA] Attempt 9: solved="9183" — submitting...
    [CAPTCHA] Attempt 9: captcha OK but no result for this EIIN/year
NO RESULT
[1451/1646] JSC 2016 EIIN=132085 ...     [CAPTCHA] Attempt 1: solved="8416" — submitting...
    [CAPTCHA] Attempt 1: ✗ MISMATCH (server: Could not validate your provided Security Key / CAPTCHA. Please check and try again.) — reloading
    [CAPTCHA] Attempt 2: solved="6897" — submitting...
    [CAPTCHA] Attempt 2: captcha OK but no result for this EIIN/year
NO RESULT
[1452/1646] JSC 2017 EIIN=132085 ...     [CAPTCHA] Attempt 1: solver returned "(empty)" (invalid length=0) — reloading
    [CAPTCHA] Attempt 2: solver returned "(empty)" (invalid length=0) — reloading
    [CAPTCHA] Attempt 3: solver returned "(empty)" (invalid length=0) — reloading
    [CAPTCHA] Attempt 4: solved="2123" — submitting...
    [CAPTCHA] Attempt 4: ✗ MISMATCH (server: Could not validate your provided Security Key / CAPTCHA. Please check and try again.) — reloading
    [CAPTCHA] Attempt 5: solver returned "(empty)" (invalid length=0) — reloading
    [CAPTCHA] Attempt 6: solved="3989" — submitting...
    [CAPTCHA] Attempt 6: captcha OK but no result for this EIIN/year
NO RESULT
[1453/1646] JSC 2019 EIIN=132085 ...     [CAPTCHA] Attempt 1: solved="6512" — submitting...
    [CAPTCHA] Attempt 1: ✗ MISMATCH (server: Could not validate your provided Security Key / CAPTCHA. Please check and try again.) — reloading
    [CAPTCHA] Attempt 2: solved="7705" — submitting...
    [CAPTCHA] Attempt 2: captcha OK but no result for this EIIN/year
NO RESULT
[1454/1646] JSC 2011 EIIN=136263 ...     [CAPTCHA] Attempt 1: solved="5899" — submitting...
    [CAPTCHA] Attempt 1: captcha OK but no result for this EIIN/year
NO RESULT
[1455/1646] JSC 2012 EIIN=136263 ...     [CAPTCHA] Attempt 1: solved="5173" — submitting...
    [CAPTCHA] Attempt 1: ✗ MISMATCH (server: Could not validate your provided Security Key / CAPTCHA. Please check and try again.) — reloading
    [CAPTCHA] Attempt 2: solved="9664" — submitting...
    [CAPTCHA] Attempt 2: ✗ MISMATCH (server: Could not validate your provided Security Key / CAPTCHA. Please check and try again.) — reloading
    [CAPTCHA] Attempt 3: solved="1432" — submitting...
    [CAPTCHA] Attempt 3: captcha OK but no result for this EIIN/year
NO RESULT
[1456/1646] JSC 2013 EIIN=136263 ...     [CAPTCHA] Attempt 1: solved="3483" — submitting...
    [CAPTCHA] Attempt 1: ✗ MISMATCH (server: Could not validate your provided Security Key / CAPTCHA. Please check and try again.) — reloading
    [CAPTCHA] Attempt 2: solved="9314" — submitting...
    [CAPTCHA] Attempt 2: ✗ MISMATCH (server: Could not validate your provided Security Key / CAPTCHA. Please check and try again.) — reloading
    [CAPTCHA] Attempt 3: solved="5758" — submitting...
    [CAPTCHA] Attempt 3: ✗ MISMATCH (server: Could not validate your provided Security Key / CAPTCHA. Please check and try again.) — reloading
    [CAPTCHA] Attempt 4: solved="6248" — submitting...
    [CAPTCHA] Attempt 4: captcha OK but no result for this EIIN/year
NO RESULT
[1457/1646] JSC 2014 EIIN=136263 ...     [CAPTCHA] Attempt 1: solved="1338" — submitting...
    [CAPTCHA] Attempt 1: captcha OK but no result for this EIIN/year
NO RESULT
[1458/1646] JSC 2015 EIIN=136263 ...     [CAPTCHA] Attempt 1: solver returned "(empty)" (invalid length=0) — reloading
    [CAPTCHA] Attempt 2: solved="6099" — submitting...
    [CAPTCHA] Attempt 2: ✗ MISMATCH (server: Could not validate your provided Security Key / CAPTCHA. Please check and try again.) — reloading
    [CAPTCHA] Attempt 3: solved="3626" — submitting...
    [CAPTCHA] Attempt 3: captcha OK but no result for this EIIN/year
NO RESULT
[1459/1646] JSC 2016 EIIN=136263 ...     [CAPTCHA] Attempt 1: solved="4211" — submitting...
    [CAPTCHA] Attempt 1: ✗ MISMATCH (server: Could not validate your provided Security Key / CAPTCHA. Please check and try again.) — reloading
    [CAPTCHA] Attempt 2: solved="1245" — submitting...
    [CAPTCHA] Attempt 2: captcha OK but no result for this EIIN/year
NO RESULT
[1460/1646] JSC 2017 EIIN=136263 ...     [CAPTCHA] Attempt 1: solved="6477" — submitting...
    [CAPTCHA] Attempt 1: ✗ MISMATCH (server: Could not validate your provided Security Key / CAPTCHA. Please check and try again.) — reloading
    [CAPTCHA] Attempt 2: solver returned "6" (invalid length=1) — reloading
    [CAPTCHA] Attempt 3: solved="9374" — submitting...
    [CAPTCHA] Attempt 3: captcha OK but no result for this EIIN/year
NO RESULT
[1461/1646] JSC 2018 EIIN=136263 ...     [CAPTCHA] Attempt 1: solver returned "(empty)" (invalid length=0) — reloading
    [CAPTCHA] Attempt 2: solved="4044" — submitting...
    [CAPTCHA] Attempt 2: ✗ MISMATCH (server: Could not validate your provided Security Key / CAPTCHA. Please check and try again.) — reloading
    [CAPTCHA] Attempt 3: solved="2764" — submitting...
    [CAPTCHA] Attempt 3: ✗ MISMATCH (server: Could not validate your provided Security Key / CAPTCHA. Please check and try again.) — reloading
    [CAPTCHA] Attempt 4: solver returned "(empty)" (invalid length=0) — reloading
    [CAPTCHA] Attempt 5: solved="1414" — submitting...
    [CAPTCHA] Attempt 5: ✗ MISMATCH (server: Could not validate your provided Security Key / CAPTCHA. Please check and try again.) — reloading
    [CAPTCHA] Attempt 6: solver returned "(empty)" (invalid length=0) — reloading
    [CAPTCHA] Attempt 7: solved="5945" — submitting...
    [CAPTCHA] Attempt 7: ✗ MISMATCH (server: Could not validate your provided Security Key / CAPTCHA. Please check and try again.) — reloading
    [CAPTCHA] Attempt 8: solved="8255" — submitting...
    [CAPTCHA] Attempt 8: ✗ MISMATCH (server: Could not validate your provided Security Key / CAPTCHA. Please check and try again.) — reloading
    [CAPTCHA] Attempt 9: solver returned "(empty)" (invalid length=0) — reloading
    [CAPTCHA] Attempt 10: solved="2144" — submitting...
    [CAPTCHA] Attempt 10: ✗ MISMATCH (server: Could not validate your provided Security Key / CAPTCHA. Please check and try again.) — reloading
    [CAPTCHA] Attempt 11: solver returned "(empty)" (invalid length=0) — reloading
    [CAPTCHA] Attempt 12: solved="3401" — submitting...
    [CAPTCHA] Attempt 12: ✗ MISMATCH (server: Could not validate your provided Security Key / CAPTCHA. Please check and try again.) — reloading
    [CAPTCHA] Attempt 13: solved="4441" — submitting...
    [CAPTCHA] Attempt 13: ✗ MISMATCH (server: Could not validate your provided Security Key / CAPTCHA. Please check and try again.) — reloading
    [CAPTCHA] Attempt 14: solved="1415" — submitting...
    [CAPTCHA] Attempt 14: captcha OK but no result for this EIIN/year
NO RESULT
[1462/1646] JSC 2011 EIIN=134644 ...     [CAPTCHA] Attempt 1: solved="9988" — submitting...
    [CAPTCHA] Attempt 1: ✗ MISMATCH (server: Could not validate your provided Security Key / CAPTCHA. Please check and try again.) — reloading
    [CAPTCHA] Attempt 2: solved="7961" — submitting...
    [CAPTCHA] Attempt 2: captcha OK but no result for this EIIN/year
NO RESULT
[1463/1646] JSC 2012 EIIN=134644 ...     [CAPTCHA] Attempt 1: solved="5208" — submitting...
    [CAPTCHA] Attempt 1: ✗ MISMATCH (server: Could not validate your provided Security Key / CAPTCHA. Please check and try again.) — reloading
    [CAPTCHA] Attempt 2: solved="3264" — submitting...
    [CAPTCHA] Attempt 2: ✗ MISMATCH (server: Could not validate your provided Security Key / CAPTCHA. Please check and try again.) — reloading
    [CAPTCHA] Attempt 3: solved="7934" — submitting...
    [CAPTCHA] Attempt 3: captcha OK but no result for this EIIN/year
NO RESULT
[1464/1646] JSC 2013 EIIN=134644 ...     [CAPTCHA] Attempt 1: solved="1408" — submitting...
    [CAPTCHA] Attempt 1: captcha OK but no result for this EIIN/year
NO RESULT
[1465/1646] JSC 2014 EIIN=134644 ...     [CAPTCHA] Attempt 1: solved="9160" — submitting...
    [CAPTCHA] Attempt 1: ✗ MISMATCH (server: Could not validate your provided Security Key / CAPTCHA. Please check and try again.) — reloading
    [CAPTCHA] Attempt 2: solved="8255" — submitting...
    [CAPTCHA] Attempt 2: captcha OK but no result for this EIIN/year
NO RESULT
[1466/1646] JSC 2015 EIIN=134644 ...     [CAPTCHA] Attempt 1: solved="3046" — submitting...
    [CAPTCHA] Attempt 1: ✗ MISMATCH (server: Could not validate your provided Security Key / CAPTCHA. Please check and try again.) — reloading
    [CAPTCHA] Attempt 2: solved="6955" — submitting...
    [CAPTCHA] Attempt 2: captcha OK but no result for this EIIN/year
NO RESULT
[1467/1646] JSC 2016 EIIN=134644 ...     [CAPTCHA] Attempt 1: solver returned "(empty)" (invalid length=0) — reloading
    [CAPTCHA] Attempt 2: solved="9515" — submitting...
    [CAPTCHA] Attempt 2: captcha OK but no result for this EIIN/year
NO RESULT
[1468/1646] JSC 2017 EIIN=134644 ...     [CAPTCHA] Attempt 1: solver returned "(empty)" (invalid length=0) — reloading
    [CAPTCHA] Attempt 2: solved="2438" — submitting...
    [CAPTCHA] Attempt 2: ✗ MISMATCH (server: Could not validate your provided Security Key / CAPTCHA. Please check and try again.) — reloading
    [CAPTCHA] Attempt 3: solved="3054" — submitting...
    [CAPTCHA] Attempt 3: ✗ MISMATCH (server: Could not validate your provided Security Key / CAPTCHA. Please check and try again.) — reloading
    [CAPTCHA] Attempt 4: solved="8554" — submitting...
    [CAPTCHA] Attempt 4: ✗ MISMATCH (server: Could not validate your provided Security Key / CAPTCHA. Please check and try again.) — reloading
    [CAPTCHA] Attempt 5: solved="4978" — submitting...
    [CAPTCHA] Attempt 5: ✗ MISMATCH (server: Could not validate your provided Security Key / CAPTCHA. Please check and try again.) — reloading
    [CAPTCHA] Attempt 6: solved="8670" — submitting...
    [CAPTCHA] Attempt 6: ✗ MISMATCH (server: Could not validate your provided Security Key / CAPTCHA. Please check and try again.) — reloading
    [CAPTCHA] Attempt 7: solved="8171" — submitting...
    [CAPTCHA] Attempt 7: captcha OK but no result for this EIIN/year
NO RESULT
[1469/1646] JSC 2018 EIIN=134644 ...     [CAPTCHA] Attempt 1: solved="7498" — submitting...
    [CAPTCHA] Attempt 1: ✗ MISMATCH (server: Could not validate your provided Security Key / CAPTCHA. Please check and try again.) — reloading
    [CAPTCHA] Attempt 2: solved="4664" — submitting...
    [CAPTCHA] Attempt 2: ✗ MISMATCH (server: Could not validate your provided Security Key / CAPTCHA. Please check and try again.) — reloading
    [CAPTCHA] Attempt 3: solved="8652" — submitting...
    [CAPTCHA] Attempt 3: ✗ MISMATCH (server: Could not validate your provided Security Key / CAPTCHA. Please check and try again.) — reloading
    [CAPTCHA] Attempt 4: solved="7529" — submitting...
    [CAPTCHA] Attempt 4: captcha OK but no result for this EIIN/year
NO RESULT
[1470/1646] JSC 2019 EIIN=134644 ...     [CAPTCHA] Attempt 1: solved="9534" — submitting...
    [CAPTCHA] Attempt 1: ✗ MISMATCH (server: Could not validate your provided Security Key / CAPTCHA. Please check and try again.) — reloading
    [CAPTCHA] Attempt 2: solved="9260" — submitting...
    [CAPTCHA] Attempt 2: captcha OK but no result for this EIIN/year
NO RESULT
[1471/1646] JSC 2011 EIIN=134002 ...     [CAPTCHA] Attempt 1: solved="1209" — submitting...
    [CAPTCHA] Attempt 1: ✗ MISMATCH (server: Could not validate your provided Security Key / CAPTCHA. Please check and try again.) — reloading
    [CAPTCHA] Attempt 2: solved="6484" — submitting...
    [CAPTCHA] Attempt 2: ✗ MISMATCH (server: Could not validate your provided Security Key / CAPTCHA. Please check and try again.) — reloading
    [CAPTCHA] Attempt 3: solved="3520" — submitting...
    [CAPTCHA] Attempt 3: ✗ MISMATCH (server: Could not validate your provided Security Key / CAPTCHA. Please check and try again.) — reloading
    [CAPTCHA] Attempt 4: solved="0453" — submitting...
    [CAPTCHA] Attempt 4: ✗ MISMATCH (server: Could not validate your provided Security Key / CAPTCHA. Please check and try again.) — reloading
    [CAPTCHA] Attempt 5: solved="5029" — submitting...
    [CAPTCHA] Attempt 5: captcha OK but no result for this EIIN/year
NO RESULT
[1472/1646] JSC 2012 EIIN=134002 ...     [CAPTCHA] Attempt 1: solved="3645" — submitting...
    [CAPTCHA] Attempt 1: ✗ MISMATCH (server: Could not validate your provided Security Key / CAPTCHA. Please check and try again.) — reloading
    [CAPTCHA] Attempt 2: solved="7449" — submitting...
    [CAPTCHA] Attempt 2: ✗ MISMATCH (server: Could not validate your provided Security Key / CAPTCHA. Please check and try again.) — reloading
    [CAPTCHA] Attempt 3: solved="0821" — submitting...
    [CAPTCHA] Attempt 3: ✗ MISMATCH (server: Could not validate your provided Security Key / CAPTCHA. Please check and try again.) — reloading
    [CAPTCHA] Attempt 4: solved="4704" — submitting...
    [CAPTCHA] Attempt 4: ✗ MISMATCH (server: Could not validate your provided Security Key / CAPTCHA. Please check and try again.) — reloading
    [CAPTCHA] Attempt 5: solved="4141" — submitting...
    [CAPTCHA] Attempt 5: ✗ MISMATCH (server: Could not validate your provided Security Key / CAPTCHA. Please check and try again.) — reloading
    [CAPTCHA] Attempt 6: solver returned "(empty)" (invalid length=0) — reloading
    [CAPTCHA] Attempt 7: solved="4322" — submitting...
    [CAPTCHA] Attempt 7: ✗ MISMATCH (server: Could not validate your provided Security Key / CAPTCHA. Please check and try again.) — reloading
    [CAPTCHA] Attempt 8: solved="6004" — submitting...
    [CAPTCHA] Attempt 8: ✗ MISMATCH (server: Could not validate your provided Security Key / CAPTCHA. Please check and try again.) — reloading
    [CAPTCHA] Attempt 9: solved="7739" — submitting...
    [CAPTCHA] Attempt 9: captcha OK but no result for this EIIN/year
NO RESULT
[1473/1646] JSC 2013 EIIN=134002 ...     [CAPTCHA] Attempt 1: solved="9245" — submitting...
    [CAPTCHA] Attempt 1: ✗ MISMATCH (server: Could not validate your provided Security Key / CAPTCHA. Please check and try again.) — reloading
    [CAPTCHA] Attempt 2: solver returned "(empty)" (invalid length=0) — reloading
    [CAPTCHA] Attempt 3: solved="9717" — submitting...
    [CAPTCHA] Attempt 3: ✗ MISMATCH (server: Could not validate your provided Security Key / CAPTCHA. Please check and try again.) — reloading
    [CAPTCHA] Attempt 4: solved="2722" — submitting...
    [CAPTCHA] Attempt 4: ✗ MISMATCH (server: Could not validate your provided Security Key / CAPTCHA. Please check and try again.) — reloading
    [CAPTCHA] Attempt 5: solved="3911" — submitting...
    [CAPTCHA] Attempt 5: ✗ MISMATCH (server: Could not validate your provided Security Key / CAPTCHA. Please check and try again.) — reloading
    [CAPTCHA] Attempt 6: solved="1743" — submitting...
    [CAPTCHA] Attempt 6: captcha OK but no result for this EIIN/year
NO RESULT
[1474/1646] JSC 2014 EIIN=134002 ...     [CAPTCHA] Attempt 1: solved="5590" — submitting...
    [CAPTCHA] Attempt 1: captcha OK but no result for this EIIN/year
NO RESULT
[1475/1646] JSC 2015 EIIN=134002 ...     [CAPTCHA] Attempt 1: solver returned "11" (invalid length=2) — reloading
    [CAPTCHA] Attempt 2: solved="2286" — submitting...
    [CAPTCHA] Attempt 2: ✗ MISMATCH (server: Could not validate your provided Security Key / CAPTCHA. Please check and try again.) — reloading
    [CAPTCHA] Attempt 3: solved="6528" — submitting...
    [CAPTCHA] Attempt 3: ✗ MISMATCH (server: Could not validate your provided Security Key / CAPTCHA. Please check and try again.) — reloading
    [CAPTCHA] Attempt 4: solved="1626" — submitting...
    [CAPTCHA] Attempt 4: captcha OK but no result for this EIIN/year
NO RESULT
[1476/1646] JSC 2016 EIIN=134002 ...     [CAPTCHA] Attempt 1: solver returned "(empty)" (invalid length=0) — reloading
    [CAPTCHA] Attempt 2: solver returned "(empty)" (invalid length=0) — reloading
    [CAPTCHA] Attempt 3: solved="2444" — submitting...
    [CAPTCHA] Attempt 3: ✗ MISMATCH (server: Could not validate your provided Security Key / CAPTCHA. Please check and try again.) — reloading
    [CAPTCHA] Attempt 4: solved="2951" — submitting...
    [CAPTCHA] Attempt 4: captcha OK but no result for this EIIN/year
NO RESULT
[1477/1646] JSC 2017 EIIN=134002 ...     [CAPTCHA] Attempt 1: solved="1396" — submitting...
    [CAPTCHA] Attempt 1: captcha OK but no result for this EIIN/year
NO RESULT
[1478/1646] JSC 2018 EIIN=134002 ... ERR  page.fill: Timeout 30000ms exceeded.
Call log:
[2m  - waiting for locator('#eii
[1479/1646] JSC 2019 EIIN=134002 ...     [CAPTCHA] Attempt 1: solved="8082" — submitting...
    [CAPTCHA] Attempt 1: captcha OK but no result for this EIIN/year
NO RESULT
[1480/1646] JSC 2011 EIIN=130900 ...     [CAPTCHA] Attempt 1: solver returned "(empty)" (invalid length=0) — reloading
    [CAPTCHA] Attempt 2: solved="4431" — submitting...
    [CAPTCHA] Attempt 2: ✗ MISMATCH (server: Could not validate your provided Security Key / CAPTCHA. Please check and try again.) — reloading
    [CAPTCHA] Attempt 3: solver returned "(empty)" (invalid length=0) — reloading
    [CAPTCHA] Attempt 4: solved="1445" — submitting...
    [CAPTCHA] Attempt 4: ✗ MISMATCH (server: Could not validate your provided Security Key / CAPTCHA. Please check and try again.) — reloading
    [CAPTCHA] Attempt 5: solved="4231" — submitting...
    [CAPTCHA] Attempt 5: captcha OK but no result for this EIIN/year
NO RESULT
[1481/1646] JSC 2012 EIIN=130900 ...     [CAPTCHA] Attempt 1: solved="3538" — submitting...
    [CAPTCHA] Attempt 1: ✗ MISMATCH (server: Could not validate your provided Security Key / CAPTCHA. Please check and try again.) — reloading
    [CAPTCHA] Attempt 2: solved="8047" — submitting...
    [CAPTCHA] Attempt 2: ✗ MISMATCH (server: Could not validate your provided Security Key / CAPTCHA. Please check and try again.) — reloading
    [CAPTCHA] Attempt 3: solved="4658" — submitting...
    [CAPTCHA] Attempt 3: ✗ MISMATCH (server: Could not validate your provided Security Key / CAPTCHA. Please check and try again.) — reloading
    [CAPTCHA] Attempt 4: solver returned "(empty)" (invalid length=0) — reloading
    [CAPTCHA] Attempt 5: solved="1309" — submitting...
    [CAPTCHA] Attempt 5: captcha OK but no result for this EIIN/year
NO RESULT
[1482/1646] JSC 2013 EIIN=130900 ...     [CAPTCHA] Attempt 1: solved="0315" — submitting...
    [CAPTCHA] Attempt 1: ✗ MISMATCH (server: Could not validate your provided Security Key / CAPTCHA. Please check and try again.) — reloading
    [CAPTCHA] Attempt 2: solved="9414" — submitting...
    [CAPTCHA] Attempt 2: ✗ MISMATCH (server: Could not validate your provided Security Key / CAPTCHA. Please check and try again.) — reloading
    [CAPTCHA] Attempt 3: solver returned "(empty)" (invalid length=0) — reloading
    [CAPTCHA] Attempt 4: solved="1885" — submitting...
    [CAPTCHA] Attempt 4: ✗ MISMATCH (server: Could not validate your provided Security Key / CAPTCHA. Please check and try again.) — reloading
    [CAPTCHA] Attempt 5: solved="5905" — submitting...
    [CAPTCHA] Attempt 5: captcha OK but no result for this EIIN/year
NO RESULT
[1483/1646] JSC 2014 EIIN=130900 ...     [CAPTCHA] Attempt 1: solver returned "680" (invalid length=3) — reloading
    [CAPTCHA] Attempt 2: solved="8201" — submitting...
    [CAPTCHA] Attempt 2: captcha OK but no result for this EIIN/year
NO RESULT
[1484/1646] JSC 2015 EIIN=130900 ...     [CAPTCHA] Attempt 1: solved="3142" — submitting...
    [CAPTCHA] Attempt 1: captcha OK but no result for this EIIN/year
NO RESULT
[1485/1646] JSC 2016 EIIN=130900 ...     [CAPTCHA] Attempt 1: solved="4507" — submitting...
    [CAPTCHA] Attempt 1: captcha OK but no result for this EIIN/year
NO RESULT
[1486/1646] JSC 2017 EIIN=130900 ...     [CAPTCHA] Attempt 1: solved="2792" — submitting...
    [CAPTCHA] Attempt 1: ✗ MISMATCH (server: Could not validate your provided Security Key / CAPTCHA. Please check and try again.) — reloading
    [CAPTCHA] Attempt 2: solved="6200" — submitting...
    [CAPTCHA] Attempt 2: captcha OK but no result for this EIIN/year
NO RESULT
[1487/1646] JSC 2018 EIIN=130900 ...     [CAPTCHA] Attempt 1: solved="6438" — submitting...
    [CAPTCHA] Attempt 1: captcha OK but no result for this EIIN/year
NO RESULT
[1488/1646] JSC 2019 EIIN=130900 ...     [CAPTCHA] Attempt 1: solved="5673" — submitting...
    [CAPTCHA] Attempt 1: ✗ MISMATCH (server: Could not validate your provided Security Key / CAPTCHA. Please check and try again.) — reloading
    [CAPTCHA] Attempt 2: solver returned "(empty)" (invalid length=0) — reloading
    [CAPTCHA] Attempt 3: solver returned "(empty)" (invalid length=0) — reloading
    [CAPTCHA] Attempt 4: solved="4077" — submitting...
    [CAPTCHA] Attempt 4: captcha OK but no result for this EIIN/year
NO RESULT
[1489/1646] JSC 2011 EIIN=139020 ...     [CAPTCHA] Attempt 1: solver returned "(empty)" (invalid length=0) — reloading
    [CAPTCHA] Attempt 2: solved="1692" — submitting...
    [CAPTCHA] Attempt 2: ✗ MISMATCH (server: Could not validate your provided Security Key / CAPTCHA. Please check and try again.) — reloading
    [CAPTCHA] Attempt 3: solved="4546" — submitting...
    [CAPTCHA] Attempt 3: ✗ MISMATCH (server: Could not validate your provided Security Key / CAPTCHA. Please check and try again.) — reloading
    [CAPTCHA] Attempt 4: solved="1507" — submitting...
    [CAPTCHA] Attempt 4: ✗ MISMATCH (server: Could not validate your provided Security Key / CAPTCHA. Please check and try again.) — reloading
    [CAPTCHA] Attempt 5: solved="0003" — submitting...
    [CAPTCHA] Attempt 5: ✗ MISMATCH (server: Could not validate your provided Security Key / CAPTCHA. Please check and try again.) — reloading
    [CAPTCHA] Attempt 6: solver returned "(empty)" (invalid length=0) — reloading
    [CAPTCHA] Attempt 7: solver returned "(empty)" (invalid length=0) — reloading
    [CAPTCHA] Attempt 8: solver returned "(empty)" (invalid length=0) — reloading
    [CAPTCHA] Attempt 9: solved="6036" — submitting...
    [CAPTCHA] Attempt 9: captcha OK but no result for this EIIN/year
NO RESULT
[1490/1646] JSC 2012 EIIN=139020 ...     [CAPTCHA] Attempt 1: solved="1626" — submitting...
    [CAPTCHA] Attempt 1: ✗ MISMATCH (server: Could not validate your provided Security Key / CAPTCHA. Please check and try again.) — reloading
    [CAPTCHA] Attempt 2: solved="3971" — submitting...
    [CAPTCHA] Attempt 2: captcha OK but no result for this EIIN/year
NO RESULT
[1491/1646] JSC 2013 EIIN=139020 ...     [CAPTCHA] Attempt 1: solved="1415" — submitting...
    [CAPTCHA] Attempt 1: ✗ MISMATCH (server: Could not validate your provided Security Key / CAPTCHA. Please check and try again.) — reloading
    [CAPTCHA] Attempt 2: solved="8173" — submitting...
    [CAPTCHA] Attempt 2: captcha OK but no result for this EIIN/year
NO RESULT
[1492/1646] JSC 2014 EIIN=139020 ...     [CAPTCHA] Attempt 1: solved="4813" — submitting...
    [CAPTCHA] Attempt 1: ✗ MISMATCH (server: Could not validate your provided Security Key / CAPTCHA. Please check and try again.) — reloading
    [CAPTCHA] Attempt 2: solved="7547" — submitting...
    [CAPTCHA] Attempt 2: captcha OK but no result for this EIIN/year
NO RESULT
[1493/1646] JSC 2015 EIIN=139020 ...     [CAPTCHA] Attempt 1: solved="4940" — submitting...
    [CAPTCHA] Attempt 1: ✗ MISMATCH (server: Could not validate your provided Security Key / CAPTCHA. Please check and try again.) — reloading
    [CAPTCHA] Attempt 2: solved="8613" — submitting...
    [CAPTCHA] Attempt 2: captcha OK but no result for this EIIN/year
NO RESULT
[1494/1646] JSC 2016 EIIN=139020 ...     [CAPTCHA] Attempt 1: solved="5947" — submitting...
    [CAPTCHA] Attempt 1: captcha OK but no result for this EIIN/year
NO RESULT
[1495/1646] JSC 2017 EIIN=139020 ...     [CAPTCHA] Attempt 1: solved="1014" — submitting...
    [CAPTCHA] Attempt 1: captcha OK but no result for this EIIN/year
NO RESULT
[1496/1646] JSC 2018 EIIN=139020 ...     [CAPTCHA] Attempt 1: solved="8390" — submitting...
    [CAPTCHA] Attempt 1: captcha OK but no result for this EIIN/year
NO RESULT
[1497/1646] JSC 2019 EIIN=139020 ...     [CAPTCHA] Attempt 1: solver returned "(empty)" (invalid length=0) — reloading
    [CAPTCHA] Attempt 2: solved="2801" — submitting...
    [CAPTCHA] Attempt 2: captcha OK but no result for this EIIN/year
NO RESULT
[1498/1646] JSC 2011 EIIN=130913 ...     [CAPTCHA] Attempt 1: solved="1146" — submitting...
    [CAPTCHA] Attempt 1: ✗ MISMATCH (server: Could not validate your provided Security Key / CAPTCHA. Please check and try again.) — reloading
    [CAPTCHA] Attempt 2: solved="6144" — submitting...
    [CAPTCHA] Attempt 2: ✗ MISMATCH (server: Could not validate your provided Security Key / CAPTCHA. Please check and try again.) — reloading
    [CAPTCHA] Attempt 3: solved="2304" — submitting...
    [CAPTCHA] Attempt 3: ✗ MISMATCH (server: Could not validate your provided Security Key / CAPTCHA. Please check and try again.) — reloading
    [CAPTCHA] Attempt 4: solved="1811" — submitting...
    [CAPTCHA] Attempt 4: ✗ MISMATCH (server: Could not validate your provided Security Key / CAPTCHA. Please check and try again.) — reloading
    [CAPTCHA] Attempt 5: solved="9830" — submitting...
    [CAPTCHA] Attempt 5: ✗ MISMATCH (server: Could not validate your provided Security Key / CAPTCHA. Please check and try again.) — reloading
    [CAPTCHA] Attempt 6: solved="1718" — submitting...
    [CAPTCHA] Attempt 6: captcha OK but no result for this EIIN/year
NO RESULT
[1499/1646] JSC 2012 EIIN=130913 ...     [CAPTCHA] Attempt 1: solved="1363" — submitting...
    [CAPTCHA] Attempt 1: ✗ MISMATCH (server: Could not validate your provided Security Key / CAPTCHA. Please check and try again.) — reloading
    [CAPTCHA] Attempt 2: solved="8526" — submitting...
    [CAPTCHA] Attempt 2: captcha OK but no result for this EIIN/year
NO RESULT
[1500/1646] JSC 2013 EIIN=130913 ...     [CAPTCHA] Attempt 1: solver returned "(empty)" (invalid length=0) — reloading
    [CAPTCHA] Attempt 2: solved="8411" — submitting...
    [CAPTCHA] Attempt 2: captcha OK but no result for this EIIN/year
NO RESULT

─── 1500/1646 done | OK:0 FAIL:8 | ETA ≈ 60.5 min ───

[1501/1646] JSC 2014 EIIN=130913 ...     [CAPTCHA] Attempt 1: solver returned "(empty)" (invalid length=0) — reloading
    [CAPTCHA] Attempt 2: solved="4263" — submitting...
    [CAPTCHA] Attempt 2: ✗ MISMATCH (server: Could not validate your provided Security Key / CAPTCHA. Please check and try again.) — reloading
    [CAPTCHA] Attempt 3: solved="8940" — submitting...
    [CAPTCHA] Attempt 3: ✗ MISMATCH (server: Could not validate your provided Security Key / CAPTCHA. Please check and try again.) — reloading
    [CAPTCHA] Attempt 4: solver returned "(empty)" (invalid length=0) — reloading
    [CAPTCHA] Attempt 5: solved="3209" — submitting...
    [CAPTCHA] Attempt 5: captcha OK but no result for this EIIN/year
NO RESULT
[1502/1646] JSC 2015 EIIN=130913 ...     [CAPTCHA] Attempt 1: solver returned "(empty)" (invalid length=0) — reloading
    [CAPTCHA] Attempt 2: solved="7385" — submitting...
    [CAPTCHA] Attempt 2: ✗ MISMATCH (server: Could not validate your provided Security Key / CAPTCHA. Please check and try again.) — reloading
    [CAPTCHA] Attempt 3: solved="3157" — submitting...
    [CAPTCHA] Attempt 3: captcha OK but no result for this EIIN/year
NO RESULT
[1503/1646] JSC 2016 EIIN=130913 ...     [CAPTCHA] Attempt 1: solver returned "(empty)" (invalid length=0) — reloading
    [CAPTCHA] Attempt 2: solved="5201" — submitting...
    [CAPTCHA] Attempt 2: captcha OK but no result for this EIIN/year
NO RESULT
[1504/1646] JSC 2017 EIIN=130913 ...     [CAPTCHA] Attempt 1: solved="6810" — submitting...
    [CAPTCHA] Attempt 1: ✗ MISMATCH (server: Could not validate your provided Security Key / CAPTCHA. Please check and try again.) — reloading
    [CAPTCHA] Attempt 2: solved="7824" — submitting...
    [CAPTCHA] Attempt 2: ✗ MISMATCH (server: Could not validate your provided Security Key / CAPTCHA. Please check and try again.) — reloading
    [CAPTCHA] Attempt 3: solver returned "(empty)" (invalid length=0) — reloading
    [CAPTCHA] Attempt 4: solved="4644" — submitting...
    [CAPTCHA] Attempt 4: ✗ MISMATCH (server: Could not validate your provided Security Key / CAPTCHA. Please check and try again.) — reloading
    [CAPTCHA] Attempt 5: solved="8108" — submitting...
    [CAPTCHA] Attempt 5: captcha OK but no result for this EIIN/year
NO RESULT
[1505/1646] JSC 2018 EIIN=130913 ...     [CAPTCHA] Attempt 1: solved="7114" — submitting...
    [CAPTCHA] Attempt 1: ✗ MISMATCH (server: Could not validate your provided Security Key / CAPTCHA. Please check and try again.) — reloading
    [CAPTCHA] Attempt 2: solved="1321" — submitting...
    [CAPTCHA] Attempt 2: ✗ MISMATCH (server: Could not validate your provided Security Key / CAPTCHA. Please check and try again.) — reloading
    [CAPTCHA] Attempt 3: solved="2965" — submitting...
    [CAPTCHA] Attempt 3: ✗ MISMATCH (server: Could not validate your provided Security Key / CAPTCHA. Please check and try again.) — reloading
    [CAPTCHA] Attempt 4: solved="5714" — submitting...
    [CAPTCHA] Attempt 4: ✗ MISMATCH (server: Could not validate your provided Security Key / CAPTCHA. Please check and try again.) — reloading
    [CAPTCHA] Attempt 5: solved="1792" — submitting...
    [CAPTCHA] Attempt 5: ✗ MISMATCH (server: Could not validate your provided Security Key / CAPTCHA. Please check and try again.) — reloading
    [CAPTCHA] Attempt 6: solved="9782" — submitting...
    [CAPTCHA] Attempt 6: captcha OK but no result for this EIIN/year
NO RESULT
[1506/1646] JSC 2019 EIIN=130913 ...     [CAPTCHA] Attempt 1: solver returned "(empty)" (invalid length=0) — reloading
    [CAPTCHA] Attempt 2: solved="8280" — submitting...
    [CAPTCHA] Attempt 2: captcha OK but no result for this EIIN/year
NO RESULT
[1507/1646] JSC 2011 EIIN=135449 ...     [CAPTCHA] Attempt 1: solved="7534" — submitting...
    [CAPTCHA] Attempt 1: captcha OK but no result for this EIIN/year
NO RESULT
[1508/1646] JSC 2012 EIIN=135449 ...     [CAPTCHA] Attempt 1: solved="1404" — submitting...
    [CAPTCHA] Attempt 1: ✗ MISMATCH (server: Could not validate your provided Security Key / CAPTCHA. Please check and try again.) — reloading
    [CAPTCHA] Attempt 2: solver returned "(empty)" (invalid length=0) — reloading
    [CAPTCHA] Attempt 3: solved="7011" — submitting...
    [CAPTCHA] Attempt 3: ✗ MISMATCH (server: Could not validate your provided Security Key / CAPTCHA. Please check and try again.) — reloading
    [CAPTCHA] Attempt 4: solver returned "(empty)" (invalid length=0) — reloading
    [CAPTCHA] Attempt 5: solved="6274" — submitting...
    [CAPTCHA] Attempt 5: ✗ MISMATCH (server: Could not validate your provided Security Key / CAPTCHA. Please check and try again.) — reloading
    [CAPTCHA] Attempt 6: solved="4507" — submitting...
    [CAPTCHA] Attempt 6: captcha OK but no result for this EIIN/year
NO RESULT
[1509/1646] JSC 2013 EIIN=135449 ...     [CAPTCHA] Attempt 1: solved="3563" — submitting...
    [CAPTCHA] Attempt 1: ✗ MISMATCH (server: Could not validate your provided Security Key / CAPTCHA. Please check and try again.) — reloading
    [CAPTCHA] Attempt 2: solved="9205" — submitting...
    [CAPTCHA] Attempt 2: ✗ MISMATCH (server: Could not validate your provided Security Key / CAPTCHA. Please check and try again.) — reloading
    [CAPTCHA] Attempt 3: solved="1685" — submitting...
    [CAPTCHA] Attempt 3: captcha OK but no result for this EIIN/year
NO RESULT
[1510/1646] JSC 2014 EIIN=135449 ...     [CAPTCHA] Attempt 1: solved="2058" — submitting...
    [CAPTCHA] Attempt 1: ✗ MISMATCH (server: Could not validate your provided Security Key / CAPTCHA. Please check and try again.) — reloading
    [CAPTCHA] Attempt 2: solved="4524" — submitting...
    [CAPTCHA] Attempt 2: ✗ MISMATCH (server: Could not validate your provided Security Key / CAPTCHA. Please check and try again.) — reloading
    [CAPTCHA] Attempt 3: solver returned "(empty)" (invalid length=0) — reloading
    [CAPTCHA] Attempt 4: solved="6542" — submitting...
    [CAPTCHA] Attempt 4: captcha OK but no result for this EIIN/year
NO RESULT
[1511/1646] JSC 2015 EIIN=135449 ...     [CAPTCHA] Attempt 1: solved="4764" — submitting...
    [CAPTCHA] Attempt 1: ✗ MISMATCH (server: Could not validate your provided Security Key / CAPTCHA. Please check and try again.) — reloading
    [CAPTCHA] Attempt 2: solved="1640" — submitting...
    [CAPTCHA] Attempt 2: ✗ MISMATCH (server: Could not validate your provided Security Key / CAPTCHA. Please check and try again.) — reloading
    [CAPTCHA] Attempt 3: solved="8988" — submitting...
    [CAPTCHA] Attempt 3: captcha OK but no result for this EIIN/year
NO RESULT
[1512/1646] JSC 2016 EIIN=135449 ...     [CAPTCHA] Attempt 1: solved="1500" — submitting...
    [CAPTCHA] Attempt 1: ✗ MISMATCH (server: Could not validate your provided Security Key / CAPTCHA. Please check and try again.) — reloading
    [CAPTCHA] Attempt 2: solved="4163" — submitting...
    [CAPTCHA] Attempt 2: ✗ MISMATCH (server: Could not validate your provided Security Key / CAPTCHA. Please check and try again.) — reloading
    [CAPTCHA] Attempt 3: solver returned "(empty)" (invalid length=0) — reloading
    [CAPTCHA] Attempt 4: solved="4704" — submitting...
    [CAPTCHA] Attempt 4: ✗ MISMATCH (server: Could not validate your provided Security Key / CAPTCHA. Please check and try again.) — reloading
    [CAPTCHA] Attempt 5: solver returned "(empty)" (invalid length=0) — reloading
    [CAPTCHA] Attempt 6: solver returned "(empty)" (invalid length=0) — reloading
    [CAPTCHA] Attempt 7: solver returned "(empty)" (invalid length=0) — reloading
    [CAPTCHA] Attempt 8: solver returned "(empty)" (invalid length=0) — reloading
    [CAPTCHA] Attempt 9: solver returned "(empty)" (invalid length=0) — reloading
    [CAPTCHA] Attempt 10: solved="8889" — submitting...
    [CAPTCHA] Attempt 10: captcha OK but no result for this EIIN/year
NO RESULT
[1513/1646] JSC 2017 EIIN=135449 ...     [CAPTCHA] Attempt 1: solved="3726" — submitting...
    [CAPTCHA] Attempt 1: captcha OK but no result for this EIIN/year
NO RESULT
[1514/1646] JSC 2018 EIIN=135449 ...     [CAPTCHA] Attempt 1: solver returned "(empty)" (invalid length=0) — reloading
    [CAPTCHA] Attempt 2: solved="5695" — submitting...
    [CAPTCHA] Attempt 2: captcha OK but no result for this EIIN/year
NO RESULT
[1515/1646] JSC 2019 EIIN=135449 ...     [CAPTCHA] Attempt 1: solved="4175" — submitting...
    [CAPTCHA] Attempt 1: captcha OK but no result for this EIIN/year
NO RESULT
[1516/1646] JSC 2011 EIIN=138743 ...     [CAPTCHA] Attempt 1: solved="1574" — submitting...
    [CAPTCHA] Attempt 1: ✗ MISMATCH (server: Could not validate your provided Security Key / CAPTCHA. Please check and try again.) — reloading
    [CAPTCHA] Attempt 2: solver returned "(empty)" (invalid length=0) — reloading
    [CAPTCHA] Attempt 3: solved="7488" — submitting...
    [CAPTCHA] Attempt 3: captcha OK but no result for this EIIN/year
NO RESULT
[1517/1646] JSC 2012 EIIN=138743 ...     [CAPTCHA] Attempt 1: solved="1898" — submitting...
    [CAPTCHA] Attempt 1: captcha OK but no result for this EIIN/year
NO RESULT
[1518/1646] JSC 2013 EIIN=138743 ...     [CAPTCHA] Attempt 1: solver returned "(empty)" (invalid length=0) — reloading
    [CAPTCHA] Attempt 2: solved="4141" — submitting...
    [CAPTCHA] Attempt 2: ✗ MISMATCH (server: Could not validate your provided Security Key / CAPTCHA. Please check and try again.) — reloading
    [CAPTCHA] Attempt 3: solved="2124" — submitting...
    [CAPTCHA] Attempt 3: captcha OK but no result for this EIIN/year
NO RESULT
[1519/1646] JSC 2014 EIIN=138743 ...     [CAPTCHA] Attempt 1: solved="9183" — submitting...
    [CAPTCHA] Attempt 1: ✗ MISMATCH (server: Could not validate your provided Security Key / CAPTCHA. Please check and try again.) — reloading
    [CAPTCHA] Attempt 2: solved="8392" — submitting...
    [CAPTCHA] Attempt 2: captcha OK but no result for this EIIN/year
NO RESULT
[1520/1646] JSC 2015 EIIN=138743 ...     [CAPTCHA] Attempt 1: solved="2255" — submitting...
    [CAPTCHA] Attempt 1: ✗ MISMATCH (server: Could not validate your provided Security Key / CAPTCHA. Please check and try again.) — reloading
    [CAPTCHA] Attempt 2: solved="4163" — submitting...
    [CAPTCHA] Attempt 2: ✗ MISMATCH (server: Could not validate your provided Security Key / CAPTCHA. Please check and try again.) — reloading
    [CAPTCHA] Attempt 3: solver returned "(empty)" (invalid length=0) — reloading
    [CAPTCHA] Attempt 4: solver returned "(empty)" (invalid length=0) — reloading
    [CAPTCHA] Attempt 5: solved="5841" — submitting...
    [CAPTCHA] Attempt 5: ✗ MISMATCH (server: Could not validate your provided Security Key / CAPTCHA. Please check and try again.) — reloading
    [CAPTCHA] Attempt 6: solver returned "(empty)" (invalid length=0) — reloading
    [CAPTCHA] Attempt 7: solved="6076" — submitting...
    [CAPTCHA] Attempt 7: captcha OK but no result for this EIIN/year
NO RESULT
[1521/1646] JSC 2016 EIIN=138743 ...     [CAPTCHA] Attempt 1: solver returned "(empty)" (invalid length=0) — reloading
    [CAPTCHA] Attempt 2: solver returned "(empty)" (invalid length=0) — reloading
    [CAPTCHA] Attempt 3: solved="6014" — submitting...
    [CAPTCHA] Attempt 3: captcha OK but no result for this EIIN/year
NO RESULT
[1522/1646] JSC 2017 EIIN=138743 ...     [CAPTCHA] Attempt 1: solved="3251" — submitting...
    [CAPTCHA] Attempt 1: ✗ MISMATCH (server: Could not validate your provided Security Key / CAPTCHA. Please check and try again.) — reloading
    [CAPTCHA] Attempt 2: solved="0154" — submitting...
    [CAPTCHA] Attempt 2: ✗ MISMATCH (server: Could not validate your provided Security Key / CAPTCHA. Please check and try again.) — reloading
    [CAPTCHA] Attempt 3: solver returned "(empty)" (invalid length=0) — reloading
    [CAPTCHA] Attempt 4: solved="1594" — submitting...
    [CAPTCHA] Attempt 4: ✗ MISMATCH (server: Could not validate your provided Security Key / CAPTCHA. Please check and try again.) — reloading
    [CAPTCHA] Attempt 5: solved="5980" — submitting...
    [CAPTCHA] Attempt 5: ✗ MISMATCH (server: Could not validate your provided Security Key / CAPTCHA. Please check and try again.) — reloading
    [CAPTCHA] Attempt 6: solver returned "(empty)" (invalid length=0) — reloading
    [CAPTCHA] Attempt 7: solved="1052" — submitting...
    [CAPTCHA] Attempt 7: ✗ MISMATCH (server: Could not validate your provided Security Key / CAPTCHA. Please check and try again.) — reloading
    [CAPTCHA] Attempt 8: solver returned "(empty)" (invalid length=0) — reloading
    [CAPTCHA] Attempt 9: solved="4191" — submitting...
    [CAPTCHA] Attempt 9: ✗ MISMATCH (server: Could not validate your provided Security Key / CAPTCHA. Please check and try again.) — reloading
    [CAPTCHA] Attempt 10: solved="5525" — submitting...
    [CAPTCHA] Attempt 10: captcha OK but no result for this EIIN/year
NO RESULT
[1523/1646] JSC 2018 EIIN=138743 ...     [CAPTCHA] Attempt 1: solver returned "(empty)" (invalid length=0) — reloading
    [CAPTCHA] Attempt 2: solved="9210" — submitting...
    [CAPTCHA] Attempt 2: ✗ MISMATCH (server: Could not validate your provided Security Key / CAPTCHA. Please check and try again.) — reloading
    [CAPTCHA] Attempt 3: solved="6348" — submitting...
    [CAPTCHA] Attempt 3: ✗ MISMATCH (server: Could not validate your provided Security Key / CAPTCHA. Please check and try again.) — reloading
    [CAPTCHA] Attempt 4: solved="1792" — submitting...
    [CAPTCHA] Attempt 4: ✗ MISMATCH (server: Could not validate your provided Security Key / CAPTCHA. Please check and try again.) — reloading
    [CAPTCHA] Attempt 5: solved="8796" — submitting...
    [CAPTCHA] Attempt 5: captcha OK but no result for this EIIN/year
NO RESULT
[1524/1646] JSC 2011 EIIN=134462 ...     [CAPTCHA] Attempt 1: solved="1256" — submitting...
    [CAPTCHA] Attempt 1: captcha OK but no result for this EIIN/year
NO RESULT
[1525/1646] JSC 2012 EIIN=134462 ...     [CAPTCHA] Attempt 1: solver returned "(empty)" (invalid length=0) — reloading
    [CAPTCHA] Attempt 2: solved="2894" — submitting...
    [CAPTCHA] Attempt 2: captcha OK but no result for this EIIN/year
NO RESULT
[1526/1646] JSC 2013 EIIN=134462 ...     [CAPTCHA] Attempt 1: solver returned "(empty)" (invalid length=0) — reloading
    [CAPTCHA] Attempt 2: solved="9915" — submitting...
    [CAPTCHA] Attempt 2: captcha OK but no result for this EIIN/year
NO RESULT
[1527/1646] JSC 2014 EIIN=134462 ...     [CAPTCHA] Attempt 1: solved="2552" — submitting...
    [CAPTCHA] Attempt 1: captcha OK but no result for this EIIN/year
NO RESULT
[1528/1646] JSC 2015 EIIN=134462 ...     [CAPTCHA] Attempt 1: solved="4184" — submitting...
    [CAPTCHA] Attempt 1: ✗ MISMATCH (server: Could not validate your provided Security Key / CAPTCHA. Please check and try again.) — reloading
    [CAPTCHA] Attempt 2: solved="1140" — submitting...
    [CAPTCHA] Attempt 2: captcha OK but no result for this EIIN/year
NO RESULT
[1529/1646] JSC 2016 EIIN=134462 ...     [CAPTCHA] Attempt 1: solved="6181" — submitting...
    [CAPTCHA] Attempt 1: ✗ MISMATCH (server: Could not validate your provided Security Key / CAPTCHA. Please check and try again.) — reloading
    [CAPTCHA] Attempt 2: solved="8017" — submitting...
    [CAPTCHA] Attempt 2: ✗ MISMATCH (server: Could not validate your provided Security Key / CAPTCHA. Please check and try again.) — reloading
    [CAPTCHA] Attempt 3: solved="1755" — submitting...
    [CAPTCHA] Attempt 3: captcha OK but no result for this EIIN/year
NO RESULT
[1530/1646] JSC 2011 EIIN=130912 ...     [CAPTCHA] Attempt 1: solver returned "(empty)" (invalid length=0) — reloading
    [CAPTCHA] Attempt 2: solver returned "(empty)" (invalid length=0) — reloading
    [CAPTCHA] Attempt 3: solved="8620" — submitting...
    [CAPTCHA] Attempt 3: captcha OK but no result for this EIIN/year
NO RESULT
[1531/1646] JSC 2012 EIIN=130912 ...     [CAPTCHA] Attempt 1: solved="3136" — submitting...
    [CAPTCHA] Attempt 1: ✗ MISMATCH (server: Could not validate your provided Security Key / CAPTCHA. Please check and try again.) — reloading
    [CAPTCHA] Attempt 2: solved="6145" — submitting...
    [CAPTCHA] Attempt 2: ✗ MISMATCH (server: Could not validate your provided Security Key / CAPTCHA. Please check and try again.) — reloading
    [CAPTCHA] Attempt 3: solved="9250" — submitting...
    [CAPTCHA] Attempt 3: captcha OK but no result for this EIIN/year
NO RESULT
[1532/1646] JSC 2011 EIIN=138964 ...     [CAPTCHA] Attempt 1: solver returned "(empty)" (invalid length=0) — reloading
    [CAPTCHA] Attempt 2: solved="3146" — submitting...
    [CAPTCHA] Attempt 2: ✗ MISMATCH (server: Could not validate your provided Security Key / CAPTCHA. Please check and try again.) — reloading
    [CAPTCHA] Attempt 3: solver returned "(empty)" (invalid length=0) — reloading
    [CAPTCHA] Attempt 4: solver returned "(empty)" (invalid length=0) — reloading
    [CAPTCHA] Attempt 5: solved="7100" — submitting...
    [CAPTCHA] Attempt 5: captcha OK but no result for this EIIN/year
NO RESULT
[1533/1646] JSC 2012 EIIN=138964 ...     [CAPTCHA] Attempt 1: solver returned "(empty)" (invalid length=0) — reloading
    [CAPTCHA] Attempt 2: solved="4601" — submitting...
    [CAPTCHA] Attempt 2: ✗ MISMATCH (server: Could not validate your provided Security Key / CAPTCHA. Please check and try again.) — reloading
    [CAPTCHA] Attempt 3: solved="9746" — submitting...
    [CAPTCHA] Attempt 3: ✗ MISMATCH (server: Could not validate your provided Security Key / CAPTCHA. Please check and try again.) — reloading
    [CAPTCHA] Attempt 4: solved="4102" — submitting...
    [CAPTCHA] Attempt 4: captcha OK but no result for this EIIN/year
NO RESULT
[1534/1646] JSC 2013 EIIN=138964 ...     [CAPTCHA] Attempt 1: solved="1755" — submitting...
    [CAPTCHA] Attempt 1: captcha OK but no result for this EIIN/year
NO RESULT
[1535/1646] JSC 2014 EIIN=138964 ...     [CAPTCHA] Attempt 1: solved="2321" — submitting...
    [CAPTCHA] Attempt 1: ✗ MISMATCH (server: Could not validate your provided Security Key / CAPTCHA. Please check and try again.) — reloading
    [CAPTCHA] Attempt 2: solved="6568" — submitting...
    [CAPTCHA] Attempt 2: captcha OK but no result for this EIIN/year
NO RESULT
[1536/1646] JSC 2015 EIIN=138964 ...     [CAPTCHA] Attempt 1: solver returned "(empty)" (invalid length=0) — reloading
    [CAPTCHA] Attempt 2: solved="0363" — submitting...
    [CAPTCHA] Attempt 2: ✗ MISMATCH (server: Could not validate your provided Security Key / CAPTCHA. Please check and try again.) — reloading
    [CAPTCHA] Attempt 3: solver returned "(empty)" (invalid length=0) — reloading
    [CAPTCHA] Attempt 4: solved="4102" — submitting...
    [CAPTCHA] Attempt 4: captcha OK but no result for this EIIN/year
NO RESULT
[1537/1646] JSC 2016 EIIN=138964 ...     [CAPTCHA] Attempt 1: solver returned "(empty)" (invalid length=0) — reloading
    [CAPTCHA] Attempt 2: solver returned "(empty)" (invalid length=0) — reloading
    [CAPTCHA] Attempt 3: solved="3477" — submitting...
    [CAPTCHA] Attempt 3: ✗ MISMATCH (server: Could not validate your provided Security Key / CAPTCHA. Please check and try again.) — reloading
    [CAPTCHA] Attempt 4: solved="6368" — submitting...
    [CAPTCHA] Attempt 4: captcha OK but no result for this EIIN/year
NO RESULT
[1538/1646] JSC 2017 EIIN=138964 ...     [CAPTCHA] Attempt 1: solved="2414" — submitting...
    [CAPTCHA] Attempt 1: captcha OK but no result for this EIIN/year
NO RESULT
[1539/1646] JSC 2018 EIIN=138964 ...     [CAPTCHA] Attempt 1: solver returned "(empty)" (invalid length=0) — reloading
    [CAPTCHA] Attempt 2: solved="1912" — submitting...
    [CAPTCHA] Attempt 2: captcha OK but no result for this EIIN/year
NO RESULT
[1540/1646] JSC 2019 EIIN=138964 ...     [CAPTCHA] Attempt 1: solver returned "(empty)" (invalid length=0) — reloading
    [CAPTCHA] Attempt 2: solver returned "(empty)" (invalid length=0) — reloading
    [CAPTCHA] Attempt 3: solved="6338" — submitting...
    [CAPTCHA] Attempt 3: ✗ MISMATCH (server: Could not validate your provided Security Key / CAPTCHA. Please check and try again.) — reloading
    [CAPTCHA] Attempt 4: solved="2678" — submitting...
    [CAPTCHA] Attempt 4: captcha OK but no result for this EIIN/year
NO RESULT
[1541/1646] JSC 2011 EIIN=137788 ...     [CAPTCHA] Attempt 1: solved="9452" — submitting...
    [CAPTCHA] Attempt 1: captcha OK but no result for this EIIN/year
NO RESULT
[1542/1646] JSC 2012 EIIN=137788 ...     [CAPTCHA] Attempt 1: solved="9129" — submitting...
    [CAPTCHA] Attempt 1: captcha OK but no result for this EIIN/year
NO RESULT
[1543/1646] JSC 2013 EIIN=137788 ...     [CAPTCHA] Attempt 1: solver returned "(empty)" (invalid length=0) — reloading
    [CAPTCHA] Attempt 2: solver returned "(empty)" (invalid length=0) — reloading
    [CAPTCHA] Attempt 3: solver returned "(empty)" (invalid length=0) — reloading
    [CAPTCHA] Attempt 4: solved="3942" — submitting...
    [CAPTCHA] Attempt 4: ✗ MISMATCH (server: Could not validate your provided Security Key / CAPTCHA. Please check and try again.) — reloading
    [CAPTCHA] Attempt 5: solver returned "(empty)" (invalid length=0) — reloading
    [CAPTCHA] Attempt 6: solver returned "(empty)" (invalid length=0) — reloading
    [CAPTCHA] Attempt 7: solver returned "456" (invalid length=3) — reloading
    [CAPTCHA] Attempt 8: solved="7511" — submitting...
    [CAPTCHA] Attempt 8: ✗ MISMATCH (server: Could not validate your provided Security Key / CAPTCHA. Please check and try again.) — reloading
    [CAPTCHA] Attempt 9: solved="2906" — submitting...
    [CAPTCHA] Attempt 9: captcha OK but no result for this EIIN/year
NO RESULT
[1544/1646] JSC 2014 EIIN=137788 ...     [CAPTCHA] Attempt 1: solver returned "(empty)" (invalid length=0) — reloading
    [CAPTCHA] Attempt 2: solved="6096" — submitting...
    [CAPTCHA] Attempt 2: captcha OK but no result for this EIIN/year
NO RESULT
[1545/1646] JSC 2015 EIIN=137788 ...     [CAPTCHA] Attempt 1: solver returned "(empty)" (invalid length=0) — reloading
    [CAPTCHA] Attempt 2: solved="6945" — submitting...
    [CAPTCHA] Attempt 2: ✗ MISMATCH (server: Could not validate your provided Security Key / CAPTCHA. Please check and try again.) — reloading
    [CAPTCHA] Attempt 3: solved="5643" — submitting...
    [CAPTCHA] Attempt 3: ✗ MISMATCH (server: Could not validate your provided Security Key / CAPTCHA. Please check and try again.) — reloading
    [CAPTCHA] Attempt 4: solved="9544" — submitting...
    [CAPTCHA] Attempt 4: ✗ MISMATCH (server: Could not validate your provided Security Key / CAPTCHA. Please check and try again.) — reloading
    [CAPTCHA] Attempt 5: solved="2272" — submitting...
    [CAPTCHA] Attempt 5: ✗ MISMATCH (server: Could not validate your provided Security Key / CAPTCHA. Please check and try again.) — reloading
    [CAPTCHA] Attempt 6: solved="5615" — submitting...
    [CAPTCHA] Attempt 6: captcha OK but no result for this EIIN/year
NO RESULT
[1546/1646] JSC 2011 EIIN=134714 ...     [CAPTCHA] Attempt 1: solved="3161" — submitting...
    [CAPTCHA] Attempt 1: ✗ MISMATCH (server: Could not validate your provided Security Key / CAPTCHA. Please check and try again.) — reloading
    [CAPTCHA] Attempt 2: solved="1430" — submitting...
    [CAPTCHA] Attempt 2: ✗ MISMATCH (server: Could not validate your provided Security Key / CAPTCHA. Please check and try again.) — reloading
    [CAPTCHA] Attempt 3: solved="2258" — submitting...
    [CAPTCHA] Attempt 3: ✗ MISMATCH (server: Could not validate your provided Security Key / CAPTCHA. Please check and try again.) — reloading
    [CAPTCHA] Attempt 4: solver returned "(empty)" (invalid length=0) — reloading
    [CAPTCHA] Attempt 5: solved="6594" — submitting...
    [CAPTCHA] Attempt 5: captcha OK but no result for this EIIN/year
NO RESULT
[1547/1646] JSC 2012 EIIN=134714 ...     [CAPTCHA] Attempt 1: solver returned "4" (invalid length=1) — reloading
    [CAPTCHA] Attempt 2: solved="7444" — submitting...
    [CAPTCHA] Attempt 2: ✗ MISMATCH (server: Could not validate your provided Security Key / CAPTCHA. Please check and try again.) — reloading
    [CAPTCHA] Attempt 3: solved="1536" — submitting...
    [CAPTCHA] Attempt 3: ✗ MISMATCH (server: Could not validate your provided Security Key / CAPTCHA. Please check and try again.) — reloading
    [CAPTCHA] Attempt 4: solver returned "258" (invalid length=3) — reloading
    [CAPTCHA] Attempt 5: solved="5819" — submitting...
    [CAPTCHA] Attempt 5: captcha OK but no result for this EIIN/year
NO RESULT
[1548/1646] JSC 2013 EIIN=134714 ...     [CAPTCHA] Attempt 1: solved="2489" — submitting...
    [CAPTCHA] Attempt 1: ✗ MISMATCH (server: Could not validate your provided Security Key / CAPTCHA. Please check and try again.) — reloading
    [CAPTCHA] Attempt 2: solved="3179" — submitting...
    [CAPTCHA] Attempt 2: captcha OK but no result for this EIIN/year
NO RESULT
[1549/1646] JSC 2014 EIIN=134714 ...     [CAPTCHA] Attempt 1: solved="7099" — submitting...
    [CAPTCHA] Attempt 1: ✗ MISMATCH (server: Could not validate your provided Security Key / CAPTCHA. Please check and try again.) — reloading
    [CAPTCHA] Attempt 2: solved="1561" — submitting...
    [CAPTCHA] Attempt 2: ✗ MISMATCH (server: Could not validate your provided Security Key / CAPTCHA. Please check and try again.) — reloading
    [CAPTCHA] Attempt 3: solved="0005" — submitting...
    [CAPTCHA] Attempt 3: ✗ MISMATCH (server: Could not validate your provided Security Key / CAPTCHA. Please check and try again.) — reloading
    [CAPTCHA] Attempt 4: solved="4774" — submitting...
    [CAPTCHA] Attempt 4: captcha OK but no result for this EIIN/year
NO RESULT
[1550/1646] JSC 2015 EIIN=134714 ...     [CAPTCHA] Attempt 1: solver returned "(empty)" (invalid length=0) — reloading
    [CAPTCHA] Attempt 2: solver returned "(empty)" (invalid length=0) — reloading
    [CAPTCHA] Attempt 3: solved="1995" — submitting...
    [CAPTCHA] Attempt 3: captcha OK but no result for this EIIN/year
NO RESULT
[1551/1646] JSC 2016 EIIN=134714 ...     [CAPTCHA] Attempt 1: solver returned "43" (invalid length=2) — reloading
    [CAPTCHA] Attempt 2: solved="3081" — submitting...
    [CAPTCHA] Attempt 2: ✗ MISMATCH (server: Could not validate your provided Security Key / CAPTCHA. Please check and try again.) — reloading
    [CAPTCHA] Attempt 3: solver returned "(empty)" (invalid length=0) — reloading
    [CAPTCHA] Attempt 4: solved="1861" — submitting...
    [CAPTCHA] Attempt 4: captcha OK but no result for this EIIN/year
NO RESULT
[1552/1646] JSC 2017 EIIN=134714 ...     [CAPTCHA] Attempt 1: solved="7578" — submitting...
    [CAPTCHA] Attempt 1: captcha OK but no result for this EIIN/year
NO RESULT
[1553/1646] JSC 2018 EIIN=134714 ...     [CAPTCHA] Attempt 1: solver returned "(empty)" (invalid length=0) — reloading
    [CAPTCHA] Attempt 2: solved="1017" — submitting...
    [CAPTCHA] Attempt 2: captcha OK but no result for this EIIN/year
NO RESULT
[1554/1646] JSC 2019 EIIN=134714 ...     [CAPTCHA] Attempt 1: solved="6070" — submitting...
    [CAPTCHA] Attempt 1: ✗ MISMATCH (server: Could not validate your provided Security Key / CAPTCHA. Please check and try again.) — reloading
    [CAPTCHA] Attempt 2: solver returned "(empty)" (invalid length=0) — reloading
    [CAPTCHA] Attempt 3: solved="7128" — submitting...
    [CAPTCHA] Attempt 3: ✗ MISMATCH (server: Could not validate your provided Security Key / CAPTCHA. Please check and try again.) — reloading
    [CAPTCHA] Attempt 4: solved="8980" — submitting...
    [CAPTCHA] Attempt 4: captcha OK but no result for this EIIN/year
NO RESULT
[1555/1646] JSC 2011 EIIN=132087 ...     [CAPTCHA] Attempt 1: solver returned "(empty)" (invalid length=0) — reloading
    [CAPTCHA] Attempt 2: solved="2339" — submitting...
    [CAPTCHA] Attempt 2: captcha OK but no result for this EIIN/year
NO RESULT
[1556/1646] JSC 2012 EIIN=132087 ...     [CAPTCHA] Attempt 1: solved="7873" — submitting...
    [CAPTCHA] Attempt 1: captcha OK but no result for this EIIN/year
NO RESULT
[1557/1646] JSC 2013 EIIN=132087 ...     [CAPTCHA] Attempt 1: solver returned "(empty)" (invalid length=0) — reloading
    [CAPTCHA] Attempt 2: solved="2676" — submitting...
    [CAPTCHA] Attempt 2: captcha OK but no result for this EIIN/year
NO RESULT
[1558/1646] JSC 2014 EIIN=132087 ...     [CAPTCHA] Attempt 1: solved="2034" — submitting...
    [CAPTCHA] Attempt 1: ✗ MISMATCH (server: Could not validate your provided Security Key / CAPTCHA. Please check and try again.) — reloading
    [CAPTCHA] Attempt 2: solver returned "381" (invalid length=3) — reloading
    [CAPTCHA] Attempt 3: solved="8355" — submitting...
    [CAPTCHA] Attempt 3: captcha OK but no result for this EIIN/year
NO RESULT
[1559/1646] JSC 2015 EIIN=132087 ...     [CAPTCHA] Attempt 1: solved="0154" — submitting...
    [CAPTCHA] Attempt 1: ✗ MISMATCH (server: Could not validate your provided Security Key / CAPTCHA. Please check and try again.) — reloading
    [CAPTCHA] Attempt 2: solver returned "(empty)" (invalid length=0) — reloading
    [CAPTCHA] Attempt 3: solved="7001" — submitting...
    [CAPTCHA] Attempt 3: ✗ MISMATCH (server: Could not validate your provided Security Key / CAPTCHA. Please check and try again.) — reloading
    [CAPTCHA] Attempt 4: solver returned "(empty)" (invalid length=0) — reloading
    [CAPTCHA] Attempt 5: solved="2038" — submitting...
    [CAPTCHA] Attempt 5: ✗ MISMATCH (server: Could not validate your provided Security Key / CAPTCHA. Please check and try again.) — reloading
    [CAPTCHA] Attempt 6: solver returned "(empty)" (invalid length=0) — reloading
    [CAPTCHA] Attempt 7: solved="3305" — submitting...
    [CAPTCHA] Attempt 7: captcha OK but no result for this EIIN/year
NO RESULT
[1560/1646] JSC 2016 EIIN=132087 ...     [CAPTCHA] Attempt 1: solved="8287" — submitting...
    [CAPTCHA] Attempt 1: ✗ MISMATCH (server: Could not validate your provided Security Key / CAPTCHA. Please check and try again.) — reloading
    [CAPTCHA] Attempt 2: solver returned "(empty)" (invalid length=0) — reloading
    [CAPTCHA] Attempt 3: solved="6975" — submitting...
    [CAPTCHA] Attempt 3: captcha OK but no result for this EIIN/year
NO RESULT
[1561/1646] JSC 2017 EIIN=132087 ...     [CAPTCHA] Attempt 1: solved="4373" — submitting...
    [CAPTCHA] Attempt 1: captcha OK but no result for this EIIN/year
NO RESULT
[1562/1646] JSC 2018 EIIN=132087 ...     [CAPTCHA] Attempt 1: solved="9497" — submitting...
    [CAPTCHA] Attempt 1: captcha OK but no result for this EIIN/year
NO RESULT
[1563/1646] JSC 2019 EIIN=132087 ...     [CAPTCHA] Attempt 1: solved="1770" — submitting...
    [CAPTCHA] Attempt 1: captcha OK but no result for this EIIN/year
NO RESULT
[1564/1646] JSC 2011 EIIN=137676 ...     [CAPTCHA] Attempt 1: solved="2191" — submitting...
    [CAPTCHA] Attempt 1: captcha OK but no result for this EIIN/year
NO RESULT
[1565/1646] JSC 2012 EIIN=137676 ...     [CAPTCHA] Attempt 1: solver returned "(empty)" (invalid length=0) — reloading
    [CAPTCHA] Attempt 2: solver returned "(empty)" (invalid length=0) — reloading
    [CAPTCHA] Attempt 3: solver returned "(empty)" (invalid length=0) — reloading
    [CAPTCHA] Attempt 4: solved="1005" — submitting...
    [CAPTCHA] Attempt 4: ✗ MISMATCH (server: Could not validate your provided Security Key / CAPTCHA. Please check and try again.) — reloading
    [CAPTCHA] Attempt 5: solved="6084" — submitting...
    [CAPTCHA] Attempt 5: ✗ MISMATCH (server: Could not validate your provided Security Key / CAPTCHA. Please check and try again.) — reloading
    [CAPTCHA] Attempt 6: solved="3880" — submitting...
    [CAPTCHA] Attempt 6: ✗ MISMATCH (server: Could not validate your provided Security Key / CAPTCHA. Please check and try again.) — reloading
    [CAPTCHA] Attempt 7: solved="1261" — submitting...
    [CAPTCHA] Attempt 7: ✗ MISMATCH (server: Could not validate your provided Security Key / CAPTCHA. Please check and try again.) — reloading
    [CAPTCHA] Attempt 8: solved="2188" — submitting...
    [CAPTCHA] Attempt 8: ✗ MISMATCH (server: Could not validate your provided Security Key / CAPTCHA. Please check and try again.) — reloading
    [CAPTCHA] Attempt 9: solved="6537" — submitting...
    [CAPTCHA] Attempt 9: captcha OK but no result for this EIIN/year
NO RESULT
[1566/1646] JSC 2013 EIIN=137676 ...     [CAPTCHA] Attempt 1: solved="2505" — submitting...
    [CAPTCHA] Attempt 1: ✗ MISMATCH (server: Could not validate your provided Security Key / CAPTCHA. Please check and try again.) — reloading
    [CAPTCHA] Attempt 2: solver returned "(empty)" (invalid length=0) — reloading
    [CAPTCHA] Attempt 3: solved="5744" — submitting...
    [CAPTCHA] Attempt 3: ✗ MISMATCH (server: Could not validate your provided Security Key / CAPTCHA. Please check and try again.) — reloading
    [CAPTCHA] Attempt 4: solver returned "(empty)" (invalid length=0) — reloading
    [CAPTCHA] Attempt 5: solved="4334" — submitting...
    [CAPTCHA] Attempt 5: ✗ MISMATCH (server: Could not validate your provided Security Key / CAPTCHA. Please check and try again.) — reloading
    [CAPTCHA] Attempt 6: solved="7759" — submitting...
    [CAPTCHA] Attempt 6: ✗ MISMATCH (server: Could not validate your provided Security Key / CAPTCHA. Please check and try again.) — reloading
    [CAPTCHA] Attempt 7: solved="4130" — submitting...
    [CAPTCHA] Attempt 7: ✗ MISMATCH (server: Could not validate your provided Security Key / CAPTCHA. Please check and try again.) — reloading
    [CAPTCHA] Attempt 8: solved="3104" — submitting...
    [CAPTCHA] Attempt 8: ✗ MISMATCH (server: Could not validate your provided Security Key / CAPTCHA. Please check and try again.) — reloading
    [CAPTCHA] Attempt 9: solved="4918" — submitting...
    [CAPTCHA] Attempt 9: captcha OK but no result for this EIIN/year
NO RESULT
[1567/1646] JSC 2014 EIIN=137676 ...     [CAPTCHA] Attempt 1: solved="1400" — submitting...
    [CAPTCHA] Attempt 1: ✗ MISMATCH (server: Could not validate your provided Security Key / CAPTCHA. Please check and try again.) — reloading
    [CAPTCHA] Attempt 2: solver returned "(empty)" (invalid length=0) — reloading
    [CAPTCHA] Attempt 3: solver returned "(empty)" (invalid length=0) — reloading
    [CAPTCHA] Attempt 4: solver returned "(empty)" (invalid length=0) — reloading
    [CAPTCHA] Attempt 5: solver returned "3" (invalid length=1) — reloading
    [CAPTCHA] Attempt 6: solver returned "(empty)" (invalid length=0) — reloading
    [CAPTCHA] Attempt 7: solved="7259" — submitting...
    [CAPTCHA] Attempt 7: ✗ MISMATCH (server: Could not validate your provided Security Key / CAPTCHA. Please check and try again.) — reloading
    [CAPTCHA] Attempt 8: solver returned "48" (invalid length=2) — reloading
    [CAPTCHA] Attempt 9: solved="1633" — submitting...
    [CAPTCHA] Attempt 9: ✗ MISMATCH (server: Could not validate your provided Security Key / CAPTCHA. Please check and try again.) — reloading
    [CAPTCHA] Attempt 10: solved="6188" — submitting...
    [CAPTCHA] Attempt 10: ✗ MISMATCH (server: Could not validate your provided Security Key / CAPTCHA. Please check and try again.) — reloading
    [CAPTCHA] Attempt 11: solved="3840" — submitting...
    [CAPTCHA] Attempt 11: ✗ MISMATCH (server: Could not validate your provided Security Key / CAPTCHA. Please check and try again.) — reloading
    [CAPTCHA] Attempt 12: solver returned "(empty)" (invalid length=0) — reloading
    [CAPTCHA] Attempt 13: solved="1853" — submitting...
    [CAPTCHA] Attempt 13: ✗ MISMATCH (server: Could not validate your provided Security Key / CAPTCHA. Please check and try again.) — reloading
    [CAPTCHA] Attempt 14: solved="4394" — submitting...
    [CAPTCHA] Attempt 14: ✗ MISMATCH (server: Could not validate your provided Security Key / CAPTCHA. Please check and try again.) — reloading
    [CAPTCHA] Attempt 15: solver returned "(empty)" (invalid length=0) — reloading
    [CAPTCHA] Attempt 16: solved="3176" — submitting...
    [CAPTCHA] Attempt 16: captcha OK but no result for this EIIN/year
NO RESULT
[1568/1646] JSC 2015 EIIN=137676 ...     [CAPTCHA] Attempt 1: solved="5547" — submitting...
    [CAPTCHA] Attempt 1: ✗ MISMATCH (server: Could not validate your provided Security Key / CAPTCHA. Please check and try again.) — reloading
    [CAPTCHA] Attempt 2: solved="1013" — submitting...
    [CAPTCHA] Attempt 2: ✗ MISMATCH (server: Could not validate your provided Security Key / CAPTCHA. Please check and try again.) — reloading
    [CAPTCHA] Attempt 3: solved="4438" — submitting...
    [CAPTCHA] Attempt 3: ✗ MISMATCH (server: Could not validate your provided Security Key / CAPTCHA. Please check and try again.) — reloading
    [CAPTCHA] Attempt 4: solver returned "(empty)" (invalid length=0) — reloading
    [CAPTCHA] Attempt 5: solved="6622" — submitting...
    [CAPTCHA] Attempt 5: ✗ MISMATCH (server: Could not validate your provided Security Key / CAPTCHA. Please check and try again.) — reloading
    [CAPTCHA] Attempt 6: solved="1533" — submitting...
    [CAPTCHA] Attempt 6: ✗ MISMATCH (server: Could not validate your provided Security Key / CAPTCHA. Please check and try again.) — reloading
    [CAPTCHA] Attempt 7: solved="5022" — submitting...
    [CAPTCHA] Attempt 7: captcha OK but no result for this EIIN/year
NO RESULT
[1569/1646] JSC 2016 EIIN=137676 ...     [CAPTCHA] Attempt 1: solved="9313" — submitting...
    [CAPTCHA] Attempt 1: captcha OK but no result for this EIIN/year
NO RESULT
[1570/1646] JSC 2017 EIIN=137676 ...     [CAPTCHA] Attempt 1: solver returned "(empty)" (invalid length=0) — reloading
    [CAPTCHA] Attempt 2: solved="7102" — submitting...
    [CAPTCHA] Attempt 2: ✗ MISMATCH (server: Could not validate your provided Security Key / CAPTCHA. Please check and try again.) — reloading
    [CAPTCHA] Attempt 3: solved="9328" — submitting...
    [CAPTCHA] Attempt 3: ✗ MISMATCH (server: Could not validate your provided Security Key / CAPTCHA. Please check and try again.) — reloading
    [CAPTCHA] Attempt 4: solved="1413" — submitting...
    [CAPTCHA] Attempt 4: ✗ MISMATCH (server: Could not validate your provided Security Key / CAPTCHA. Please check and try again.) — reloading
    [CAPTCHA] Attempt 5: solved="5132" — submitting...
    [CAPTCHA] Attempt 5: ✗ MISMATCH (server: Could not validate your provided Security Key / CAPTCHA. Please check and try again.) — reloading
    [CAPTCHA] Attempt 6: solved="2344" — submitting...
    [CAPTCHA] Attempt 6: ✗ MISMATCH (server: Could not validate your provided Security Key / CAPTCHA. Please check and try again.) — reloading
    [CAPTCHA] Attempt 7: solver returned "(empty)" (invalid length=0) — reloading
    [CAPTCHA] Attempt 8: solved="7090" — submitting...
    [CAPTCHA] Attempt 8: captcha OK but no result for this EIIN/year
NO RESULT
[1571/1646] JSC 2018 EIIN=137676 ...     [CAPTCHA] Attempt 1: solved="4684" — submitting...
    [CAPTCHA] Attempt 1: ✗ MISMATCH (server: Could not validate your provided Security Key / CAPTCHA. Please check and try again.) — reloading
    [CAPTCHA] Attempt 2: solved="1814" — submitting...
    [CAPTCHA] Attempt 2: captcha OK but no result for this EIIN/year
NO RESULT
[1572/1646] JSC 2011 EIIN=136318 ...     [CAPTCHA] Attempt 1: solved="7290" — submitting...
    [CAPTCHA] Attempt 1: ✗ MISMATCH (server: Could not validate your provided Security Key / CAPTCHA. Please check and try again.) — reloading
    [CAPTCHA] Attempt 2: solved="9670" — submitting...
    [CAPTCHA] Attempt 2: ✗ MISMATCH (server: Could not validate your provided Security Key / CAPTCHA. Please check and try again.) — reloading
    [CAPTCHA] Attempt 3: solved="8939" — submitting...
    [CAPTCHA] Attempt 3: captcha OK but no result for this EIIN/year
NO RESULT
[1573/1646] JSC 2012 EIIN=136318 ...     [CAPTCHA] Attempt 1: solved="5018" — submitting...
    [CAPTCHA] Attempt 1: ✗ MISMATCH (server: Could not validate your provided Security Key / CAPTCHA. Please check and try again.) — reloading
    [CAPTCHA] Attempt 2: solver returned "(empty)" (invalid length=0) — reloading
    [CAPTCHA] Attempt 3: solved="1773" — submitting...
    [CAPTCHA] Attempt 3: ✗ MISMATCH (server: Could not validate your provided Security Key / CAPTCHA. Please check and try again.) — reloading
    [CAPTCHA] Attempt 4: solved="2050" — submitting...
    [CAPTCHA] Attempt 4: captcha OK but no result for this EIIN/year
NO RESULT
[1574/1646] JSC 2013 EIIN=136318 ...     [CAPTCHA] Attempt 1: solved="1640" — submitting...
    [CAPTCHA] Attempt 1: ✗ MISMATCH (server: Could not validate your provided Security Key / CAPTCHA. Please check and try again.) — reloading
    [CAPTCHA] Attempt 2: solved="3989" — submitting...
    [CAPTCHA] Attempt 2: captcha OK but no result for this EIIN/year
NO RESULT
[1575/1646] JSC 2014 EIIN=136318 ...     [CAPTCHA] Attempt 1: solved="8351" — submitting...
    [CAPTCHA] Attempt 1: captcha OK but no result for this EIIN/year
NO RESULT
[1576/1646] JSC 2011 EIIN=134587 ...     [CAPTCHA] Attempt 1: solved="8263" — submitting...
    [CAPTCHA] Attempt 1: captcha OK but no result for this EIIN/year
NO RESULT
[1577/1646] JSC 2012 EIIN=134587 ...     [CAPTCHA] Attempt 1: solver returned "024" (invalid length=3) — reloading
    [CAPTCHA] Attempt 2: solved="1646" — submitting...
    [CAPTCHA] Attempt 2: captcha OK but no result for this EIIN/year
NO RESULT
[1578/1646] JSC 2013 EIIN=134587 ...     [CAPTCHA] Attempt 1: solved="1871" — submitting...
    [CAPTCHA] Attempt 1: ✗ MISMATCH (server: Could not validate your provided Security Key / CAPTCHA. Please check and try again.) — reloading
    [CAPTCHA] Attempt 2: solved="8595" — submitting...
    [CAPTCHA] Attempt 2: ✗ MISMATCH (server: Could not validate your provided Security Key / CAPTCHA. Please check and try again.) — reloading
    [CAPTCHA] Attempt 3: solved="6289" — submitting...
    [CAPTCHA] Attempt 3: ✗ MISMATCH (server: Could not validate your provided Security Key / CAPTCHA. Please check and try again.) — reloading
    [CAPTCHA] Attempt 4: solved="9542" — submitting...
    [CAPTCHA] Attempt 4: captcha OK but no result for this EIIN/year
NO RESULT
[1579/1646] JSC 2014 EIIN=134587 ...     [CAPTCHA] Attempt 1: solver returned "(empty)" (invalid length=0) — reloading
    [CAPTCHA] Attempt 2: solved="3053" — submitting...
    [CAPTCHA] Attempt 2: captcha OK but no result for this EIIN/year
NO RESULT
[1580/1646] JSC 2015 EIIN=134587 ...     [CAPTCHA] Attempt 1: solved="5473" — submitting...
    [CAPTCHA] Attempt 1: ✗ MISMATCH (server: Could not validate your provided Security Key / CAPTCHA. Please check and try again.) — reloading
    [CAPTCHA] Attempt 2: solved="5749" — submitting...
    [CAPTCHA] Attempt 2: ✗ MISMATCH (server: Could not validate your provided Security Key / CAPTCHA. Please check and try again.) — reloading
    [CAPTCHA] Attempt 3: solved="9915" — submitting...
    [CAPTCHA] Attempt 3: captcha OK but no result for this EIIN/year
NO RESULT
[1581/1646] JSC 2016 EIIN=134587 ...     [CAPTCHA] Attempt 1: solved="3256" — submitting...
    [CAPTCHA] Attempt 1: captcha OK but no result for this EIIN/year
NO RESULT
[1582/1646] JSC 2017 EIIN=134587 ...     [CAPTCHA] Attempt 1: solved="1377" — submitting...
    [CAPTCHA] Attempt 1: ✗ MISMATCH (server: Could not validate your provided Security Key / CAPTCHA. Please check and try again.) — reloading
    [CAPTCHA] Attempt 2: solved="2647" — submitting...
    [CAPTCHA] Attempt 2: captcha OK but no result for this EIIN/year
NO RESULT
[1583/1646] JSC 2018 EIIN=134587 ...     [CAPTCHA] Attempt 1: solved="7323" — submitting...
    [CAPTCHA] Attempt 1: ✗ MISMATCH (server: Could not validate your provided Security Key / CAPTCHA. Please check and try again.) — reloading
    [CAPTCHA] Attempt 2: solved="9182" — submitting...
    [CAPTCHA] Attempt 2: ✗ MISMATCH (server: Could not validate your provided Security Key / CAPTCHA. Please check and try again.) — reloading
    [CAPTCHA] Attempt 3: solved="5108" — submitting...
    [CAPTCHA] Attempt 3: captcha OK but no result for this EIIN/year
NO RESULT
[1584/1646] JSC 2019 EIIN=134587 ...     [CAPTCHA] Attempt 1: solved="6830" — submitting...
    [CAPTCHA] Attempt 1: ✗ MISMATCH (server: Could not validate your provided Security Key / CAPTCHA. Please check and try again.) — reloading
    [CAPTCHA] Attempt 2: solver returned "(empty)" (invalid length=0) — reloading
    [CAPTCHA] Attempt 3: solved="3416" — submitting...
    [CAPTCHA] Attempt 3: captcha OK but no result for this EIIN/year
NO RESULT
[1585/1646] JSC 2011 EIIN=133944 ...     [CAPTCHA] Attempt 1: solved="6620" — submitting...
    [CAPTCHA] Attempt 1: ✗ MISMATCH (server: Could not validate your provided Security Key / CAPTCHA. Please check and try again.) — reloading
    [CAPTCHA] Attempt 2: solved="7474" — submitting...
    [CAPTCHA] Attempt 2: captcha OK but no result for this EIIN/year
NO RESULT
[1586/1646] JSC 2012 EIIN=133944 ...     [CAPTCHA] Attempt 1: solved="6232" — submitting...
    [CAPTCHA] Attempt 1: ✗ MISMATCH (server: Could not validate your provided Security Key / CAPTCHA. Please check and try again.) — reloading
    [CAPTCHA] Attempt 2: solver returned "(empty)" (invalid length=0) — reloading
    [CAPTCHA] Attempt 3: solved="1281" — submitting...
    [CAPTCHA] Attempt 3: ✗ MISMATCH (server: Could not validate your provided Security Key / CAPTCHA. Please check and try again.) — reloading
    [CAPTCHA] Attempt 4: solver returned "(empty)" (invalid length=0) — reloading
    [CAPTCHA] Attempt 5: solver returned "(empty)" (invalid length=0) — reloading
    [CAPTCHA] Attempt 6: solver returned "(empty)" (invalid length=0) — reloading
    [CAPTCHA] Attempt 7: solver returned "(empty)" (invalid length=0) — reloading
    [CAPTCHA] Attempt 8: solved="1432" — submitting...
    [CAPTCHA] Attempt 8: captcha OK but no result for this EIIN/year
NO RESULT
[1587/1646] JSC 2013 EIIN=133944 ...     [CAPTCHA] Attempt 1: solved="8461" — submitting...
    [CAPTCHA] Attempt 1: ✗ MISMATCH (server: Could not validate your provided Security Key / CAPTCHA. Please check and try again.) — reloading
    [CAPTCHA] Attempt 2: solved="5038" — submitting...
    [CAPTCHA] Attempt 2: ✗ MISMATCH (server: Could not validate your provided Security Key / CAPTCHA. Please check and try again.) — reloading
    [CAPTCHA] Attempt 3: solved="1149" — submitting...
    [CAPTCHA] Attempt 3: captcha OK but no result for this EIIN/year
NO RESULT
[1588/1646] JSC 2014 EIIN=133944 ...     [CAPTCHA] Attempt 1: solved="2442" — submitting...
    [CAPTCHA] Attempt 1: captcha OK but no result for this EIIN/year
NO RESULT
[1589/1646] JSC 2015 EIIN=133944 ...     [CAPTCHA] Attempt 1: solved="8031" — submitting...
    [CAPTCHA] Attempt 1: captcha OK but no result for this EIIN/year
NO RESULT
[1590/1646] JSC 2011 EIIN=135230 ...     [CAPTCHA] Attempt 1: solved="3069" — submitting...
    [CAPTCHA] Attempt 1: ✗ MISMATCH (server: Could not validate your provided Security Key / CAPTCHA. Please check and try again.) — reloading
    [CAPTCHA] Attempt 2: solver returned "(empty)" (invalid length=0) — reloading
    [CAPTCHA] Attempt 3: solved="7448" — submitting...
    [CAPTCHA] Attempt 3: ✗ MISMATCH (server: Could not validate your provided Security Key / CAPTCHA. Please check and try again.) — reloading
    [CAPTCHA] Attempt 4: solved="6531" — submitting...
    [CAPTCHA] Attempt 4: ✗ MISMATCH (server: Could not validate your provided Security Key / CAPTCHA. Please check and try again.) — reloading
    [CAPTCHA] Attempt 5: solver returned "(empty)" (invalid length=0) — reloading
    [CAPTCHA] Attempt 6: solved="9200" — submitting...
    [CAPTCHA] Attempt 6: captcha OK but no result for this EIIN/year
NO RESULT
[1591/1646] JSC 2012 EIIN=135230 ...     [CAPTCHA] Attempt 1: solved="6246" — submitting...
    [CAPTCHA] Attempt 1: captcha OK but no result for this EIIN/year
NO RESULT
[1592/1646] JSC 2011 EIIN=136112 ...     [CAPTCHA] Attempt 1: solved="5035" — submitting...
    [CAPTCHA] Attempt 1: ✗ MISMATCH (server: Could not validate your provided Security Key / CAPTCHA. Please check and try again.) — reloading
    [CAPTCHA] Attempt 2: solver returned "(empty)" (invalid length=0) — reloading
    [CAPTCHA] Attempt 3: solver returned "(empty)" (invalid length=0) — reloading
    [CAPTCHA] Attempt 4: solver returned "(empty)" (invalid length=0) — reloading
    [CAPTCHA] Attempt 5: solved="2380" — submitting...
    [CAPTCHA] Attempt 5: captcha OK but no result for this EIIN/year
NO RESULT
[1593/1646] JSC 2012 EIIN=136112 ...     [CAPTCHA] Attempt 1: solver returned "(empty)" (invalid length=0) — reloading
    [CAPTCHA] Attempt 2: solved="8448" — submitting...
    [CAPTCHA] Attempt 2: ✗ MISMATCH (server: Could not validate your provided Security Key / CAPTCHA. Please check and try again.) — reloading
    [CAPTCHA] Attempt 3: solved="6232" — submitting...
    [CAPTCHA] Attempt 3: ✗ MISMATCH (server: Could not validate your provided Security Key / CAPTCHA. Please check and try again.) — reloading
    [CAPTCHA] Attempt 4: solved="6338" — submitting...
    [CAPTCHA] Attempt 4: ✗ MISMATCH (server: Could not validate your provided Security Key / CAPTCHA. Please check and try again.) — reloading
    [CAPTCHA] Attempt 5: solver returned "(empty)" (invalid length=0) — reloading
    [CAPTCHA] Attempt 6: solved="8414" — submitting...
    [CAPTCHA] Attempt 6: captcha OK but no result for this EIIN/year
NO RESULT
[1594/1646] JSC 2013 EIIN=136112 ...     [CAPTCHA] Attempt 1: solved="2954" — submitting...
    [CAPTCHA] Attempt 1: captcha OK but no result for this EIIN/year
NO RESULT
[1595/1646] JSC 2014 EIIN=136112 ...     [CAPTCHA] Attempt 1: solved="7456" — submitting...
    [CAPTCHA] Attempt 1: ✗ MISMATCH (server: Could not validate your provided Security Key / CAPTCHA. Please check and try again.) — reloading
    [CAPTCHA] Attempt 2: solved="3671" — submitting...
    [CAPTCHA] Attempt 2: captcha OK but no result for this EIIN/year
NO RESULT
[1596/1646] JSC 2015 EIIN=136112 ...     [CAPTCHA] Attempt 1: solver returned "(empty)" (invalid length=0) — reloading
    [CAPTCHA] Attempt 2: solved="3050" — submitting...
    [CAPTCHA] Attempt 2: ✗ MISMATCH (server: Could not validate your provided Security Key / CAPTCHA. Please check and try again.) — reloading
    [CAPTCHA] Attempt 3: solver returned "(empty)" (invalid length=0) — reloading
    [CAPTCHA] Attempt 4: solved="6043" — submitting...
    [CAPTCHA] Attempt 4: captcha OK but no result for this EIIN/year
NO RESULT
[1597/1646] JSC 2016 EIIN=136112 ...     [CAPTCHA] Attempt 1: solved="3400" — submitting...
    [CAPTCHA] Attempt 1: ✗ MISMATCH (server: Could not validate your provided Security Key / CAPTCHA. Please check and try again.) — reloading
    [CAPTCHA] Attempt 2: solver returned "(empty)" (invalid length=0) — reloading
    [CAPTCHA] Attempt 3: solved="9334" — submitting...
    [CAPTCHA] Attempt 3: ✗ MISMATCH (server: Could not validate your provided Security Key / CAPTCHA. Please check and try again.) — reloading
    [CAPTCHA] Attempt 4: solved="2535" — submitting...
    [CAPTCHA] Attempt 4: ✗ MISMATCH (server: Could not validate your provided Security Key / CAPTCHA. Please check and try again.) — reloading
    [CAPTCHA] Attempt 5: solved="1561" — submitting...
    [CAPTCHA] Attempt 5: ✗ MISMATCH (server: Could not validate your provided Security Key / CAPTCHA. Please check and try again.) — reloading
    [CAPTCHA] Attempt 6: solved="5822" — submitting...
    [CAPTCHA] Attempt 6: captcha OK but no result for this EIIN/year
NO RESULT
[1598/1646] JSC 2017 EIIN=136112 ...     [CAPTCHA] Attempt 1: solved="1840" — submitting...
    [CAPTCHA] Attempt 1: ✗ MISMATCH (server: Could not validate your provided Security Key / CAPTCHA. Please check and try again.) — reloading
    [CAPTCHA] Attempt 2: solved="6905" — submitting...
    [CAPTCHA] Attempt 2: ✗ MISMATCH (server: Could not validate your provided Security Key / CAPTCHA. Please check and try again.) — reloading
    [CAPTCHA] Attempt 3: solved="7085" — submitting...
    [CAPTCHA] Attempt 3: captcha OK but no result for this EIIN/year
NO RESULT
[1599/1646] JSC 2018 EIIN=136112 ...     [CAPTCHA] Attempt 1: solved="2057" — submitting...
    [CAPTCHA] Attempt 1: captcha OK but no result for this EIIN/year
NO RESULT
[1600/1646] JSC 2019 EIIN=136112 ...     [CAPTCHA] Attempt 1: solved="6904" — submitting...
    [CAPTCHA] Attempt 1: captcha OK but no result for this EIIN/year
NO RESULT

─── 1600/1646 done | OK:0 FAIL:8 | ETA ≈ 18.7 min ───

[1601/1646] JSC 2011 EIIN=136253 ...     [CAPTCHA] Attempt 1: solved="4898" — submitting...
    [CAPTCHA] Attempt 1: ✗ MISMATCH (server: Could not validate your provided Security Key / CAPTCHA. Please check and try again.) — reloading
    [CAPTCHA] Attempt 2: solved="4487" — submitting...
    [CAPTCHA] Attempt 2: ✗ MISMATCH (server: Could not validate your provided Security Key / CAPTCHA. Please check and try again.) — reloading
    [CAPTCHA] Attempt 3: solved="9004" — submitting...
    [CAPTCHA] Attempt 3: captcha OK but no result for this EIIN/year
NO RESULT
[1602/1646] JSC 2012 EIIN=136253 ...     [CAPTCHA] Attempt 1: solved="9459" — submitting...
    [CAPTCHA] Attempt 1: captcha OK but no result for this EIIN/year
NO RESULT
[1603/1646] JSC 2013 EIIN=136253 ...     [CAPTCHA] Attempt 1: solved="2807" — submitting...
    [CAPTCHA] Attempt 1: captcha OK but no result for this EIIN/year
NO RESULT
[1604/1646] JSC 2011 EIIN=138709 ...     [CAPTCHA] Attempt 1: solved="3838" — submitting...
    [CAPTCHA] Attempt 1: captcha OK but no result for this EIIN/year
NO RESULT
[1605/1646] JSC 2012 EIIN=138709 ...     [CAPTCHA] Attempt 1: solved="1878" — submitting...
    [CAPTCHA] Attempt 1: captcha OK but no result for this EIIN/year
NO RESULT
[1606/1646] JSC 2013 EIIN=138709 ...     [CAPTCHA] Attempt 1: solved="7111" — submitting...
    [CAPTCHA] Attempt 1: ✗ MISMATCH (server: Could not validate your provided Security Key / CAPTCHA. Please check and try again.) — reloading
    [CAPTCHA] Attempt 2: solver returned "(empty)" (invalid length=0) — reloading
    [CAPTCHA] Attempt 3: solver returned "(empty)" (invalid length=0) — reloading
    [CAPTCHA] Attempt 4: solved="8881" — submitting...
    [CAPTCHA] Attempt 4: ✗ MISMATCH (server: Could not validate your provided Security Key / CAPTCHA. Please check and try again.) — reloading
    [CAPTCHA] Attempt 5: solver returned "(empty)" (invalid length=0) — reloading
    [CAPTCHA] Attempt 6: solver returned "(empty)" (invalid length=0) — reloading
    [CAPTCHA] Attempt 7: solved="2613" — submitting...
    [CAPTCHA] Attempt 7: ✗ MISMATCH (server: Could not validate your provided Security Key / CAPTCHA. Please check and try again.) — reloading
    [CAPTCHA] Attempt 8: solved="9328" — submitting...
    [CAPTCHA] Attempt 8: ✗ MISMATCH (server: Could not validate your provided Security Key / CAPTCHA. Please check and try again.) — reloading
    [CAPTCHA] Attempt 9: solver returned "(empty)" (invalid length=0) — reloading
    [CAPTCHA] Attempt 10: solver returned "(empty)" (invalid length=0) — reloading
    [CAPTCHA] Attempt 11: solved="7344" — submitting...
    [CAPTCHA] Attempt 11: ✗ MISMATCH (server: Could not validate your provided Security Key / CAPTCHA. Please check and try again.) — reloading
    [CAPTCHA] Attempt 12: solved="4503" — submitting...
    [CAPTCHA] Attempt 12: ✗ MISMATCH (server: Could not validate your provided Security Key / CAPTCHA. Please check and try again.) — reloading
    [CAPTCHA] Attempt 13: solved="2468" — submitting...
    [CAPTCHA] Attempt 13: ✗ MISMATCH (server: Could not validate your provided Security Key / CAPTCHA. Please check and try again.) — reloading
    [CAPTCHA] Attempt 14: solved="7873" — submitting...
    [CAPTCHA] Attempt 14: captcha OK but no result for this EIIN/year
NO RESULT
[1607/1646] JSC 2014 EIIN=138709 ...     [CAPTCHA] Attempt 1: solver returned "(empty)" (invalid length=0) — reloading
    [CAPTCHA] Attempt 2: solved="2538" — submitting...
    [CAPTCHA] Attempt 2: ✗ MISMATCH (server: Could not validate your provided Security Key / CAPTCHA. Please check and try again.) — reloading
    [CAPTCHA] Attempt 3: solver returned "(empty)" (invalid length=0) — reloading
    [CAPTCHA] Attempt 4: solver returned "(empty)" (invalid length=0) — reloading
    [CAPTCHA] Attempt 5: solver returned "(empty)" (invalid length=0) — reloading
    [CAPTCHA] Attempt 6: solved="4141" — submitting...
    [CAPTCHA] Attempt 6: ✗ MISMATCH (server: Could not validate your provided Security Key / CAPTCHA. Please check and try again.) — reloading
    [CAPTCHA] Attempt 7: solved="7663" — submitting...
    [CAPTCHA] Attempt 7: ✗ MISMATCH (server: Could not validate your provided Security Key / CAPTCHA. Please check and try again.) — reloading
    [CAPTCHA] Attempt 8: solved="3400" — submitting...
    [CAPTCHA] Attempt 8: ✗ MISMATCH (server: Could not validate your provided Security Key / CAPTCHA. Please check and try again.) — reloading
    [CAPTCHA] Attempt 9: solved="6099" — submitting...
    [CAPTCHA] Attempt 9: ✗ MISMATCH (server: Could not validate your provided Security Key / CAPTCHA. Please check and try again.) — reloading
    [CAPTCHA] Attempt 10: solved="3605" — submitting...
    [CAPTCHA] Attempt 10: captcha OK but no result for this EIIN/year
NO RESULT
[1608/1646] JSC 2015 EIIN=138709 ...     [CAPTCHA] Attempt 1: solved="5011" — submitting...
    [CAPTCHA] Attempt 1: ✗ MISMATCH (server: Could not validate your provided Security Key / CAPTCHA. Please check and try again.) — reloading
    [CAPTCHA] Attempt 2: solved="4573" — submitting...
    [CAPTCHA] Attempt 2: ✗ MISMATCH (server: Could not validate your provided Security Key / CAPTCHA. Please check and try again.) — reloading
    [CAPTCHA] Attempt 3: solved="8648" — submitting...
    [CAPTCHA] Attempt 3: ✗ MISMATCH (server: Could not validate your provided Security Key / CAPTCHA. Please check and try again.) — reloading
    [CAPTCHA] Attempt 4: solver returned "(empty)" (invalid length=0) — reloading
    [CAPTCHA] Attempt 5: solved="7779" — submitting...
    [CAPTCHA] Attempt 5: ✗ MISMATCH (server: Could not validate your provided Security Key / CAPTCHA. Please check and try again.) — reloading
    [CAPTCHA] Attempt 6: solved="8121" — submitting...
    [CAPTCHA] Attempt 6: ✗ MISMATCH (server: Could not validate your provided Security Key / CAPTCHA. Please check and try again.) — reloading
    [CAPTCHA] Attempt 7: solver returned "(empty)" (invalid length=0) — reloading
    [CAPTCHA] Attempt 8: solved="6460" — submitting...
    [CAPTCHA] Attempt 8: captcha OK but no result for this EIIN/year
NO RESULT
[1609/1646] JSC 2016 EIIN=138709 ...     [CAPTCHA] Attempt 1: solved="4454" — submitting...
    [CAPTCHA] Attempt 1: ✗ MISMATCH (server: Could not validate your provided Security Key / CAPTCHA. Please check and try again.) — reloading
    [CAPTCHA] Attempt 2: solver returned "(empty)" (invalid length=0) — reloading
    [CAPTCHA] Attempt 3: solved="5824" — submitting...
    [CAPTCHA] Attempt 3: ✗ MISMATCH (server: Could not validate your provided Security Key / CAPTCHA. Please check and try again.) — reloading
    [CAPTCHA] Attempt 4: solved="1264" — submitting...
    [CAPTCHA] Attempt 4: ✗ MISMATCH (server: Could not validate your provided Security Key / CAPTCHA. Please check and try again.) — reloading
    [CAPTCHA] Attempt 5: solver returned "(empty)" (invalid length=0) — reloading
    [CAPTCHA] Attempt 6: solved="1448" — submitting...
    [CAPTCHA] Attempt 6: ✗ MISMATCH (server: Could not validate your provided Security Key / CAPTCHA. Please check and try again.) — reloading
    [CAPTCHA] Attempt 7: solved="2278" — submitting...
    [CAPTCHA] Attempt 7: ✗ MISMATCH (server: Could not validate your provided Security Key / CAPTCHA. Please check and try again.) — reloading
    [CAPTCHA] Attempt 8: solver returned "77" (invalid length=2) — reloading
    [CAPTCHA] Attempt 9: solved="7086" — submitting...
    [CAPTCHA] Attempt 9: ✗ MISMATCH (server: Could not validate your provided Security Key / CAPTCHA. Please check and try again.) — reloading
    [CAPTCHA] Attempt 10: solved="7002" — submitting...
    [CAPTCHA] Attempt 10: captcha OK but no result for this EIIN/year
NO RESULT
[1610/1646] JSC 2017 EIIN=138709 ...     [CAPTCHA] Attempt 1: solved="6539" — submitting...
    [CAPTCHA] Attempt 1: captcha OK but no result for this EIIN/year
NO RESULT
[1611/1646] JSC 2018 EIIN=138709 ...     [CAPTCHA] Attempt 1: solver returned "(empty)" (invalid length=0) — reloading
    [CAPTCHA] Attempt 2: solved="4448" — submitting...
    [CAPTCHA] Attempt 2: ✗ MISMATCH (server: Could not validate your provided Security Key / CAPTCHA. Please check and try again.) — reloading
    [CAPTCHA] Attempt 3: solver returned "(empty)" (invalid length=0) — reloading
    [CAPTCHA] Attempt 4: solver returned "(empty)" (invalid length=0) — reloading
    [CAPTCHA] Attempt 5: solved="4610" — submitting...
    [CAPTCHA] Attempt 5: ✗ MISMATCH (server: Could not validate your provided Security Key / CAPTCHA. Please check and try again.) — reloading
    [CAPTCHA] Attempt 6: solver returned "(empty)" (invalid length=0) — reloading
    [CAPTCHA] Attempt 7: solver returned "(empty)" (invalid length=0) — reloading
    [CAPTCHA] Attempt 8: solver returned "(empty)" (invalid length=0) — reloading
    [CAPTCHA] Attempt 9: solver returned "(empty)" (invalid length=0) — reloading
    [CAPTCHA] Attempt 10: solved="4179" — submitting...
    [CAPTCHA] Attempt 10: captcha OK but no result for this EIIN/year
NO RESULT
[1612/1646] JSC 2011 EIIN=134526 ...     [CAPTCHA] Attempt 1: solver returned "(empty)" (invalid length=0) — reloading
    [CAPTCHA] Attempt 2: solved="4141" — submitting...
    [CAPTCHA] Attempt 2: ✗ MISMATCH (server: Could not validate your provided Security Key / CAPTCHA. Please check and try again.) — reloading
    [CAPTCHA] Attempt 3: solved="4954" — submitting...
    [CAPTCHA] Attempt 3: ✗ MISMATCH (server: Could not validate your provided Security Key / CAPTCHA. Please check and try again.) — reloading
    [CAPTCHA] Attempt 4: solved="4993" — submitting...
    [CAPTCHA] Attempt 4: captcha OK but no result for this EIIN/year
NO RESULT
[1613/1646] JSC 2012 EIIN=134526 ...     [CAPTCHA] Attempt 1: solved="2914" — submitting...
    [CAPTCHA] Attempt 1: captcha OK but no result for this EIIN/year
NO RESULT
[1614/1646] JSC 2013 EIIN=134526 ...     [CAPTCHA] Attempt 1: solver returned "(empty)" (invalid length=0) — reloading
    [CAPTCHA] Attempt 2: solver returned "(empty)" (invalid length=0) — reloading
    [CAPTCHA] Attempt 3: solved="9240" — submitting...
    [CAPTCHA] Attempt 3: ✗ MISMATCH (server: Could not validate your provided Security Key / CAPTCHA. Please check and try again.) — reloading
    [CAPTCHA] Attempt 4: solved="6315" — submitting...
    [CAPTCHA] Attempt 4: ✗ MISMATCH (server: Could not validate your provided Security Key / CAPTCHA. Please check and try again.) — reloading
    [CAPTCHA] Attempt 5: solved="6870" — submitting...
    [CAPTCHA] Attempt 5: captcha OK but no result for this EIIN/year
NO RESULT
[1615/1646] JSC 2014 EIIN=134526 ...     [CAPTCHA] Attempt 1: solver returned "(empty)" (invalid length=0) — reloading
    [CAPTCHA] Attempt 2: solver returned "(empty)" (invalid length=0) — reloading
    [CAPTCHA] Attempt 3: solved="1013" — submitting...
    [CAPTCHA] Attempt 3: ✗ MISMATCH (server: Could not validate your provided Security Key / CAPTCHA. Please check and try again.) — reloading
    [CAPTCHA] Attempt 4: solver returned "(empty)" (invalid length=0) — reloading
    [CAPTCHA] Attempt 5: solver returned "(empty)" (invalid length=0) — reloading
    [CAPTCHA] Attempt 6: solved="8260" — submitting...
    [CAPTCHA] Attempt 6: captcha OK but no result for this EIIN/year
NO RESULT
[1616/1646] JSC 2011 EIIN=136256 ...     [CAPTCHA] Attempt 1: solver returned "(empty)" (invalid length=0) — reloading
    [CAPTCHA] Attempt 2: solved="0062" — submitting...
    [CAPTCHA] Attempt 2: ✗ MISMATCH (server: Could not validate your provided Security Key / CAPTCHA. Please check and try again.) — reloading
    [CAPTCHA] Attempt 3: solved="0235" — submitting...
    [CAPTCHA] Attempt 3: ✗ MISMATCH (server: Could not validate your provided Security Key / CAPTCHA. Please check and try again.) — reloading
    [CAPTCHA] Attempt 4: solver returned "(empty)" (invalid length=0) — reloading
    [CAPTCHA] Attempt 5: solved="8547" — submitting...
    [CAPTCHA] Attempt 5: captcha OK but no result for this EIIN/year
NO RESULT
[1617/1646] JSC 2012 EIIN=136256 ...     [CAPTCHA] Attempt 1: solver returned "(empty)" (invalid length=0) — reloading
    [CAPTCHA] Attempt 2: solved="1238" — submitting...
    [CAPTCHA] Attempt 2: ✗ MISMATCH (server: Could not validate your provided Security Key / CAPTCHA. Please check and try again.) — reloading
    [CAPTCHA] Attempt 3: solved="7207" — submitting...
    [CAPTCHA] Attempt 3: captcha OK but no result for this EIIN/year
NO RESULT
[1618/1646] JSC 2013 EIIN=136256 ...     [CAPTCHA] Attempt 1: solver returned "(empty)" (invalid length=0) — reloading
    [CAPTCHA] Attempt 2: solver returned "(empty)" (invalid length=0) — reloading
    [CAPTCHA] Attempt 3: solved="9016" — submitting...
    [CAPTCHA] Attempt 3: ✗ MISMATCH (server: Could not validate your provided Security Key / CAPTCHA. Please check and try again.) — reloading
    [CAPTCHA] Attempt 4: solved="0231" — submitting...
    [CAPTCHA] Attempt 4: ✗ MISMATCH (server: Could not validate your provided Security Key / CAPTCHA. Please check and try again.) — reloading
    [CAPTCHA] Attempt 5: solved="6674" — submitting...
    [CAPTCHA] Attempt 5: ✗ MISMATCH (server: Could not validate your provided Security Key / CAPTCHA. Please check and try again.) — reloading
    [CAPTCHA] Attempt 6: solved="2465" — submitting...
    [CAPTCHA] Attempt 6: ✗ MISMATCH (server: Could not validate your provided Security Key / CAPTCHA. Please check and try again.) — reloading
    [CAPTCHA] Attempt 7: solver returned "(empty)" (invalid length=0) — reloading
    [CAPTCHA] Attempt 8: solver returned "703" (invalid length=3) — reloading
    [CAPTCHA] Attempt 9: solved="1154" — submitting...
    [CAPTCHA] Attempt 9: ✗ MISMATCH (server: Could not validate your provided Security Key / CAPTCHA. Please check and try again.) — reloading
    [CAPTCHA] Attempt 10: solved="1197" — submitting...
    [CAPTCHA] Attempt 10: ✗ MISMATCH (server: Could not validate your provided Security Key / CAPTCHA. Please check and try again.) — reloading
    [CAPTCHA] Attempt 11: solved="6483" — submitting...
    [CAPTCHA] Attempt 11: ✗ MISMATCH (server: Could not validate your provided Security Key / CAPTCHA. Please check and try again.) — reloading
    [CAPTCHA] Attempt 12: solved="3157" — submitting...
    [CAPTCHA] Attempt 12: captcha OK but no result for this EIIN/year
NO RESULT
[1619/1646] JSC 2014 EIIN=136256 ...     [CAPTCHA] Attempt 1: solved="3931" — submitting...
    [CAPTCHA] Attempt 1: captcha OK but no result for this EIIN/year
NO RESULT
[1620/1646] JSC 2015 EIIN=136256 ...     [CAPTCHA] Attempt 1: solved="3134" — submitting...
    [CAPTCHA] Attempt 1: ✗ MISMATCH (server: Could not validate your provided Security Key / CAPTCHA. Please check and try again.) — reloading
    [CAPTCHA] Attempt 2: solver returned "(empty)" (invalid length=0) — reloading
    [CAPTCHA] Attempt 3: solved="8578" — submitting...
    [CAPTCHA] Attempt 3: ✗ MISMATCH (server: Could not validate your provided Security Key / CAPTCHA. Please check and try again.) — reloading
    [CAPTCHA] Attempt 4: solved="2814" — submitting...
    [CAPTCHA] Attempt 4: ✗ MISMATCH (server: Could not validate your provided Security Key / CAPTCHA. Please check and try again.) — reloading
    [CAPTCHA] Attempt 5: solver returned "(empty)" (invalid length=0) — reloading
    [CAPTCHA] Attempt 6: solved="8124" — submitting...
    [CAPTCHA] Attempt 6: ✗ MISMATCH (server: Could not validate your provided Security Key / CAPTCHA. Please check and try again.) — reloading
    [CAPTCHA] Attempt 7: solved="1474" — submitting...
    [CAPTCHA] Attempt 7: captcha OK but no result for this EIIN/year
NO RESULT
[1621/1646] JSC 2016 EIIN=136256 ...     [CAPTCHA] Attempt 1: solved="9945" — submitting...
    [CAPTCHA] Attempt 1: ✗ MISMATCH (server: Could not validate your provided Security Key / CAPTCHA. Please check and try again.) — reloading
    [CAPTCHA] Attempt 2: solved="6368" — submitting...
    [CAPTCHA] Attempt 2: captcha OK but no result for this EIIN/year
NO RESULT
[1622/1646] JSC 2017 EIIN=136256 ...     [CAPTCHA] Attempt 1: solved="7029" — submitting...
    [CAPTCHA] Attempt 1: captcha OK but no result for this EIIN/year
NO RESULT
[1623/1646] JSC 2018 EIIN=136256 ...     [CAPTCHA] Attempt 1: solved="6719" — submitting...
    [CAPTCHA] Attempt 1: captcha OK but no result for this EIIN/year
NO RESULT
[1624/1646] JSC 2011 EIIN=138424 ...     [CAPTCHA] Attempt 1: solved="8713" — submitting...
    [CAPTCHA] Attempt 1: captcha OK but no result for this EIIN/year
NO RESULT
[1625/1646] JSC 2012 EIIN=138424 ...     [CAPTCHA] Attempt 1: solved="5981" — submitting...
    [CAPTCHA] Attempt 1: captcha OK but no result for this EIIN/year
NO RESULT
[1626/1646] JSC 2013 EIIN=138424 ...     [CAPTCHA] Attempt 1: solved="1675" — submitting...
    [CAPTCHA] Attempt 1: ✗ MISMATCH (server: Could not validate your provided Security Key / CAPTCHA. Please check and try again.) — reloading
    [CAPTCHA] Attempt 2: solved="8092" — submitting...
    [CAPTCHA] Attempt 2: captcha OK but no result for this EIIN/year
NO RESULT
[1627/1646] JSC 2014 EIIN=138424 ...     [CAPTCHA] Attempt 1: solved="5203" — submitting...
    [CAPTCHA] Attempt 1: ✗ MISMATCH (server: Could not validate your provided Security Key / CAPTCHA. Please check and try again.) — reloading
    [CAPTCHA] Attempt 2: solved="5433" — submitting...
    [CAPTCHA] Attempt 2: captcha OK but no result for this EIIN/year
NO RESULT
[1628/1646] JSC 2015 EIIN=138424 ...     [CAPTCHA] Attempt 1: solved="2363" — submitting...
    [CAPTCHA] Attempt 1: ✗ MISMATCH (server: Could not validate your provided Security Key / CAPTCHA. Please check and try again.) — reloading
    [CAPTCHA] Attempt 2: solved="2709" — submitting...
    [CAPTCHA] Attempt 2: captcha OK but no result for this EIIN/year
NO RESULT
[1629/1646] JSC 2016 EIIN=138424 ...     [CAPTCHA] Attempt 1: solved="2071" — submitting...
    [CAPTCHA] Attempt 1: ✗ MISMATCH (server: Could not validate your provided Security Key / CAPTCHA. Please check and try again.) — reloading
    [CAPTCHA] Attempt 2: solved="2808" — submitting...
    [CAPTCHA] Attempt 2: captcha OK but no result for this EIIN/year
NO RESULT
[1630/1646] JSC 2017 EIIN=138424 ...     [CAPTCHA] Attempt 1: solver returned "(empty)" (invalid length=0) — reloading
    [CAPTCHA] Attempt 2: solved="1216" — submitting...
    [CAPTCHA] Attempt 2: captcha OK but no result for this EIIN/year
NO RESULT
[1631/1646] JSC 2011 EIIN=108553 ...     [CAPTCHA] Attempt 1: solver returned "(empty)" (invalid length=0) — reloading
    [CAPTCHA] Attempt 2: solver returned "(empty)" (invalid length=0) — reloading
    [CAPTCHA] Attempt 3: solved="1390" — submitting...
    [CAPTCHA] Attempt 3: ✗ MISMATCH (server: Could not validate your provided Security Key / CAPTCHA. Please check and try again.) — reloading
    [CAPTCHA] Attempt 4: solved="4585" — submitting...
    [CAPTCHA] Attempt 4: ✗ MISMATCH (server: Could not validate your provided Security Key / CAPTCHA. Please check and try again.) — reloading
    [CAPTCHA] Attempt 5: solved="9448" — submitting...
    [CAPTCHA] Attempt 5: captcha OK but no result for this EIIN/year
NO RESULT
[1632/1646] JSC 2011 EIIN=134221 ...     [CAPTCHA] Attempt 1: solved="1062" — submitting...
    [CAPTCHA] Attempt 1: ✗ MISMATCH (server: Could not validate your provided Security Key / CAPTCHA. Please check and try again.) — reloading
    [CAPTCHA] Attempt 2: solved="1591" — submitting...
    [CAPTCHA] Attempt 2: ✗ MISMATCH (server: Could not validate your provided Security Key / CAPTCHA. Please check and try again.) — reloading
    [CAPTCHA] Attempt 3: solved="1017" — submitting...
    [CAPTCHA] Attempt 3: captcha OK but no result for this EIIN/year
NO RESULT
[1633/1646] JSC 2012 EIIN=134221 ...     [CAPTCHA] Attempt 1: solved="1483" — submitting...
    [CAPTCHA] Attempt 1: ✗ MISMATCH (server: Could not validate your provided Security Key / CAPTCHA. Please check and try again.) — reloading
    [CAPTCHA] Attempt 2: solved="3603" — submitting...
    [CAPTCHA] Attempt 2: captcha OK but no result for this EIIN/year
NO RESULT
[1634/1646] JSC 2013 EIIN=134221 ...     [CAPTCHA] Attempt 1: solved="2418" — submitting...
    [CAPTCHA] Attempt 1: ✗ MISMATCH (server: Could not validate your provided Security Key / CAPTCHA. Please check and try again.) — reloading
    [CAPTCHA] Attempt 2: solved="3071" — submitting...
    [CAPTCHA] Attempt 2: captcha OK but no result for this EIIN/year
NO RESULT
[1635/1646] JSC 2017 EIIN=134221 ...     [CAPTCHA] Attempt 1: solver returned "(empty)" (invalid length=0) — reloading
    [CAPTCHA] Attempt 2: solved="2561" — submitting...
    [CAPTCHA] Attempt 2: ✗ MISMATCH (server: Could not validate your provided Security Key / CAPTCHA. Please check and try again.) — reloading
    [CAPTCHA] Attempt 3: solver returned "(empty)" (invalid length=0) — reloading
    [CAPTCHA] Attempt 4: solved="3253" — submitting...
    [CAPTCHA] Attempt 4: captcha OK but no result for this EIIN/year
NO RESULT
[1636/1646] JSC 2011 EIIN=134006 ...     [CAPTCHA] Attempt 1: solver returned "(empty)" (invalid length=0) — reloading
    [CAPTCHA] Attempt 2: solved="8701" — submitting...
    [CAPTCHA] Attempt 2: captcha OK but no result for this EIIN/year
NO RESULT
[1637/1646] JSC 2012 EIIN=134006 ...     [CAPTCHA] Attempt 1: solved="2941" — submitting...
    [CAPTCHA] Attempt 1: ✗ MISMATCH (server: Could not validate your provided Security Key / CAPTCHA. Please check and try again.) — reloading
    [CAPTCHA] Attempt 2: solver returned "(empty)" (invalid length=0) — reloading
    [CAPTCHA] Attempt 3: solved="4204" — submitting...
    [CAPTCHA] Attempt 3: ✗ MISMATCH (server: Could not validate your provided Security Key / CAPTCHA. Please check and try again.) — reloading
    [CAPTCHA] Attempt 4: solver returned "(empty)" (invalid length=0) — reloading
    [CAPTCHA] Attempt 5: solved="7746" — submitting...
    [CAPTCHA] Attempt 5: captcha OK but no result for this EIIN/year
NO RESULT
[1638/1646] JSC 2013 EIIN=134006 ...     [CAPTCHA] Attempt 1: solved="4214" — submitting...
    [CAPTCHA] Attempt 1: ✗ MISMATCH (server: Could not validate your provided Security Key / CAPTCHA. Please check and try again.) — reloading
    [CAPTCHA] Attempt 2: solved="5686" — submitting...
    [CAPTCHA] Attempt 2: ✗ MISMATCH (server: Could not validate your provided Security Key / CAPTCHA. Please check and try again.) — reloading
    [CAPTCHA] Attempt 3: solved="3298" — submitting...
    [CAPTCHA] Attempt 3: captcha OK but no result for this EIIN/year
NO RESULT
[1639/1646] JSC 2014 EIIN=134006 ...     [CAPTCHA] Attempt 1: solved="3631" — submitting...
    [CAPTCHA] Attempt 1: ✗ MISMATCH (server: Could not validate your provided Security Key / CAPTCHA. Please check and try again.) — reloading
    [CAPTCHA] Attempt 2: solved="4910" — submitting...
    [CAPTCHA] Attempt 2: captcha OK but no result for this EIIN/year
NO RESULT
[1640/1646] JSC 2015 EIIN=134006 ...     [CAPTCHA] Attempt 1: solver returned "(empty)" (invalid length=0) — reloading
    [CAPTCHA] Attempt 2: solver returned "(empty)" (invalid length=0) — reloading
    [CAPTCHA] Attempt 3: solved="4046" — submitting...
    [CAPTCHA] Attempt 3: ✗ MISMATCH (server: Could not validate your provided Security Key / CAPTCHA. Please check and try again.) — reloading
    [CAPTCHA] Attempt 4: solved="3681" — submitting...
    [CAPTCHA] Attempt 4: captcha OK but no result for this EIIN/year
NO RESULT
[1641/1646] JSC 2016 EIIN=134006 ...     [CAPTCHA] Attempt 1: solved="3152" — submitting...
    [CAPTCHA] Attempt 1: ✗ MISMATCH (server: Could not validate your provided Security Key / CAPTCHA. Please check and try again.) — reloading
    [CAPTCHA] Attempt 2: solved="7632" — submitting...
    [CAPTCHA] Attempt 2: captcha OK but no result for this EIIN/year
NO RESULT
[1642/1646] JSC 2017 EIIN=134006 ...     [CAPTCHA] Attempt 1: solved="3641" — submitting...
    [CAPTCHA] Attempt 1: ✗ MISMATCH (server: Could not validate your provided Security Key / CAPTCHA. Please check and try again.) — reloading
    [CAPTCHA] Attempt 2: solved="1902" — submitting...
    [CAPTCHA] Attempt 2: captcha OK but no result for this EIIN/year
NO RESULT
[1643/1646] JSC 2018 EIIN=134006 ...     [CAPTCHA] Attempt 1: solver returned "(empty)" (invalid length=0) — reloading
    [CAPTCHA] Attempt 2: solved="4060" — submitting...
    [CAPTCHA] Attempt 2: captcha OK but no result for this EIIN/year
NO RESULT
[1644/1646] JSC 2019 EIIN=134006 ...     [CAPTCHA] Attempt 1: solver returned "(empty)" (invalid length=0) — reloading
    [CAPTCHA] Attempt 2: solved="8425" — submitting...
    [CAPTCHA] Attempt 2: captcha OK but no result for this EIIN/year
NO RESULT
[1645/1646] JSC 2018 EIIN=131524 ...     [CAPTCHA] Attempt 1: solver returned "(empty)" (invalid length=0) — reloading
    [CAPTCHA] Attempt 2: solved="5763" — submitting...
    [CAPTCHA] Attempt 2: ✗ MISMATCH (server: Could not validate your provided Security Key / CAPTCHA. Please check and try again.) — reloading
    [CAPTCHA] Attempt 3: solved="6298" — submitting...
    [CAPTCHA] Attempt 3: ✗ MISMATCH (server: Could not validate your provided Security Key / CAPTCHA. Please check and try again.) — reloading
    [CAPTCHA] Attempt 4: solved="7357" — submitting...
    [CAPTCHA] Attempt 4: ✗ MISMATCH (server: Could not validate your provided Security Key / CAPTCHA. Please check and try again.) — reloading
    [CAPTCHA] Attempt 5: solved="8590" — submitting...
    [CAPTCHA] Attempt 5: captcha OK but no result for this EIIN/year
NO RESULT
[1646/1646] JSC 2019 EIIN=131524 ...     [CAPTCHA] Attempt 1: solved="8816" — submitting...
    [CAPTCHA] Attempt 1: ✗ MISMATCH (server: Could not validate your provided Security Key / CAPTCHA. Please check and try again.) — reloading
    [CAPTCHA] Attempt 2: solved="8438" — submitting...
    [CAPTCHA] Attempt 2: captcha OK but no result for this EIIN/year
NO RESULT

============================================================
DONE  |  1646 scraped  |  OK: 0  |  FAIL: 8  |  666.5 min
Output JSON: D:\personal\jsc-ssc-eiin\excel\scraped_json\results_recheck_both.json
Output Excel: D:\personal\jsc-ssc-eiin\excel\ssc_jsc_results_scraped.xlsx
